group,b,c,M,N,a,d,batch_size,triton_ms,bmm_ms,cuda_ms,cuda_error
group1,2,2,512,512,1,256,2,0.099438,0.132548,,
group1,2,2,512,512,1,256,4,0.099888,0.132183,,
group1,2,2,512,512,1,256,8,0.100647,0.133230,,
group1,2,2,512,512,1,256,16,0.100333,0.133284,,
group1,2,2,512,512,1,256,32,0.100140,0.132832,,
group1,2,2,512,512,1,256,64,0.099544,0.133264,,
group1,2,2,512,512,1,256,128,0.099989,0.133334,,
group1,2,2,512,512,1,256,256,0.100093,0.133322,,
group1,2,2,512,512,1,256,512,0.100512,0.133455,,
group1,2,2,512,512,1,256,1024,0.100527,0.133467,,
group1,2,2,512,512,1,256,2048,0.100413,0.133583,,
group1,2,2,512,512,1,256,4096,0.101172,0.133894,,
group1,2,2,512,512,2,128,2,0.099939,0.128537,,
group1,2,2,512,512,2,128,4,0.099849,0.129287,,
group1,2,2,512,512,2,128,8,0.100504,0.129473,,
group1,2,2,512,512,2,128,16,0.100019,0.129359,,
group1,2,2,512,512,2,128,32,0.099951,0.129431,,
group1,2,2,512,512,2,128,64,0.099953,0.129789,,
group1,2,2,512,512,2,128,128,0.100304,0.128903,,
group1,2,2,512,512,2,128,256,0.100190,0.129181,,
group1,2,2,512,512,2,128,512,0.100776,0.129209,,
group1,2,2,512,512,2,128,1024,0.100682,0.128905,,
group1,2,2,512,512,2,128,2048,0.100982,0.128850,,
group1,2,2,512,512,2,128,4096,0.101210,0.129572,,
group1,2,2,512,512,4,64,2,0.099887,0.128302,,
group1,2,2,512,512,4,64,4,0.100028,0.129296,,
group1,2,2,512,512,4,64,8,0.100233,0.129371,,
group1,2,2,512,512,4,64,16,0.100185,0.129045,,
group1,2,2,512,512,4,64,32,0.100431,0.129013,,
group1,2,2,512,512,4,64,64,0.100135,0.128945,,
group1,2,2,512,512,4,64,128,0.100321,0.128691,,
group1,2,2,512,512,4,64,256,0.100261,0.129155,,
group1,2,2,512,512,4,64,512,0.100156,0.129155,,
group1,2,2,512,512,4,64,1024,0.100856,0.128971,,
group1,2,2,512,512,4,64,2048,0.100796,0.128945,,
group1,2,2,512,512,4,64,4096,0.101380,0.130047,,
group1,2,2,512,512,8,32,2,0.099822,0.128446,,
group1,2,2,512,512,8,32,4,0.100049,0.129243,,
group1,2,2,512,512,8,32,8,0.100293,0.128871,,
group1,2,2,512,512,8,32,16,0.100070,0.129581,,
group1,2,2,512,512,8,32,32,0.100024,0.129595,,
group1,2,2,512,512,8,32,64,0.100007,0.129388,,
group1,2,2,512,512,8,32,128,0.100505,0.129451,,
group1,2,2,512,512,8,32,256,0.100068,0.129041,,
group1,2,2,512,512,8,32,512,0.101233,0.129901,,
group1,2,2,512,512,8,32,1024,0.100799,0.128787,,
group1,2,2,512,512,8,32,2048,0.101276,0.129046,,
group1,2,2,512,512,8,32,4096,0.101367,0.129806,,
group1,2,2,512,512,16,16,2,0.099781,0.128605,,
group1,2,2,512,512,16,16,4,0.099662,0.129034,,
group1,2,2,512,512,16,16,8,0.099828,0.128682,,
group1,2,2,512,512,16,16,16,0.099946,0.129388,,
group1,2,2,512,512,16,16,32,0.099937,0.128829,,
group1,2,2,512,512,16,16,64,0.099805,0.129432,,
group1,2,2,512,512,16,16,128,0.099891,0.128694,,
group1,2,2,512,512,16,16,256,0.099909,0.128741,,
group1,2,2,512,512,16,16,512,0.100387,0.128887,,
group1,2,2,512,512,16,16,1024,0.100603,0.128645,,
group1,2,2,512,512,16,16,2048,0.100648,0.129126,,
group1,2,2,512,512,16,16,4096,0.101265,0.130249,,
group1,2,2,512,512,32,8,2,0.099773,0.128532,,
group1,2,2,512,512,32,8,4,0.099570,0.128377,,
group1,2,2,512,512,32,8,8,0.100136,0.129010,,
group1,2,2,512,512,32,8,16,0.100353,0.128387,,
group1,2,2,512,512,32,8,32,0.099812,0.128858,,
group1,2,2,512,512,32,8,64,0.100095,0.128275,,
group1,2,2,512,512,32,8,128,0.100203,0.128457,,
group1,2,2,512,512,32,8,256,0.099866,0.128621,,
group1,2,2,512,512,32,8,512,0.101078,0.129274,,
group1,2,2,512,512,32,8,1024,0.101042,0.128921,,
group1,2,2,512,512,32,8,2048,0.101076,0.128663,,
group1,2,2,512,512,32,8,4096,0.101233,0.129914,,
group1,2,2,512,512,64,4,2,0.099923,0.128652,,
group1,2,2,512,512,64,4,4,0.100470,0.128510,,
group1,2,2,512,512,64,4,8,0.100194,0.128774,,
group1,2,2,512,512,64,4,16,0.100230,0.128712,,
group1,2,2,512,512,64,4,32,0.099964,0.128981,,
group1,2,2,512,512,64,4,64,0.100441,0.128518,,
group1,2,2,512,512,64,4,128,0.100054,0.128548,,
group1,2,2,512,512,64,4,256,0.100173,0.129087,,
group1,2,2,512,512,64,4,512,0.100879,0.128755,,
group1,2,2,512,512,64,4,1024,0.100581,0.129096,,
group1,2,2,512,512,64,4,2048,0.101200,0.128866,,
group1,2,2,512,512,64,4,4096,0.101511,0.129771,,
group1,2,2,512,512,128,2,2,0.099686,0.128680,,
group1,2,2,512,512,128,2,4,0.099820,0.128979,,
group1,2,2,512,512,128,2,8,0.100033,0.128833,,
group1,2,2,512,512,128,2,16,0.100413,0.128884,,
group1,2,2,512,512,128,2,32,0.100098,0.129051,,
group1,2,2,512,512,128,2,64,0.100381,0.128523,,
group1,2,2,512,512,128,2,128,0.100649,0.129146,,
group1,2,2,512,512,128,2,256,0.100984,0.129107,,
group1,2,2,512,512,128,2,512,0.101298,0.128872,,
group1,2,2,512,512,128,2,1024,0.101390,0.129337,,
group1,2,2,512,512,128,2,2048,0.101528,0.128849,,
group1,2,2,512,512,128,2,4096,0.101592,0.129987,,
group1,2,2,512,512,256,1,2,0.100443,0.086651,,
group1,2,2,512,512,256,1,4,0.100639,0.086552,,
group1,2,2,512,512,256,1,8,0.100740,0.086943,,
group1,2,2,512,512,256,1,16,0.100186,0.086689,,
group1,2,2,512,512,256,1,32,0.100843,0.086870,,
group1,2,2,512,512,256,1,64,0.100515,0.086702,,
group1,2,2,512,512,256,1,128,0.100512,0.086539,,
group1,2,2,512,512,256,1,256,0.100517,0.086474,,
group1,2,2,512,512,256,1,512,0.100969,0.086695,,
group1,2,2,512,512,256,1,1024,0.101581,0.086654,,
group1,2,2,512,512,256,1,2048,0.101808,0.086872,,
group1,2,2,512,512,256,1,4096,0.101505,0.087245,,
group1,2,2,1024,1024,1,512,2,0.100260,0.133150,,
group1,2,2,1024,1024,1,512,4,0.100243,0.133907,,
group1,2,2,1024,1024,1,512,8,0.100462,0.133681,,
group1,2,2,1024,1024,1,512,16,0.100979,0.133574,,
group1,2,2,1024,1024,1,512,32,0.101199,0.133438,,
group1,2,2,1024,1024,1,512,64,0.101327,0.133875,,
group1,2,2,1024,1024,1,512,128,0.100902,0.133848,,
group1,2,2,1024,1024,1,512,256,0.101180,0.132958,,
group1,2,2,1024,1024,1,512,512,0.101304,0.133615,,
group1,2,2,1024,1024,1,512,1024,0.101818,0.133858,,
group1,2,2,1024,1024,1,512,2048,0.102083,0.134817,,
group1,2,2,1024,1024,1,512,4096,0.158799,0.193296,,
group1,2,2,1024,1024,2,256,2,0.100628,0.129704,,
group1,2,2,1024,1024,2,256,4,0.101412,0.128930,,
group1,2,2,1024,1024,2,256,8,0.100980,0.129472,,
group1,2,2,1024,1024,2,256,16,0.100671,0.130070,,
group1,2,2,1024,1024,2,256,32,0.101314,0.129958,,
group1,2,2,1024,1024,2,256,64,0.100905,0.130062,,
group1,2,2,1024,1024,2,256,128,0.101486,0.130198,,
group1,2,2,1024,1024,2,256,256,0.101504,0.129961,,
group1,2,2,1024,1024,2,256,512,0.101619,0.130252,,
group1,2,2,1024,1024,2,256,1024,0.101650,0.129858,,
group1,2,2,1024,1024,2,256,2048,0.101698,0.130943,,
group1,2,2,1024,1024,2,256,4096,0.158722,0.192040,,
group1,2,2,1024,1024,4,128,2,0.100174,0.129642,,
group1,2,2,1024,1024,4,128,4,0.100081,0.130118,,
group1,2,2,1024,1024,4,128,8,0.100538,0.129091,,
group1,2,2,1024,1024,4,128,16,0.100976,0.129445,,
group1,2,2,1024,1024,4,128,32,0.100918,0.129660,,
group1,2,2,1024,1024,4,128,64,0.101126,0.130243,,
group1,2,2,1024,1024,4,128,128,0.101431,0.129940,,
group1,2,2,1024,1024,4,128,256,0.101191,0.129681,,
group1,2,2,1024,1024,4,128,512,0.101378,0.130266,,
group1,2,2,1024,1024,4,128,1024,0.101940,0.129374,,
group1,2,2,1024,1024,4,128,2048,0.102416,0.130414,,
group1,2,2,1024,1024,4,128,4096,0.158726,0.192163,,
group1,2,2,1024,1024,8,64,2,0.100572,0.129534,,
group1,2,2,1024,1024,8,64,4,0.100749,0.130072,,
group1,2,2,1024,1024,8,64,8,0.100967,0.129819,,
group1,2,2,1024,1024,8,64,16,0.101225,0.130328,,
group1,2,2,1024,1024,8,64,32,0.101138,0.129813,,
group1,2,2,1024,1024,8,64,64,0.100868,0.129866,,
group1,2,2,1024,1024,8,64,128,0.101012,0.129742,,
group1,2,2,1024,1024,8,64,256,0.101384,0.129901,,
group1,2,2,1024,1024,8,64,512,0.101619,0.130197,,
group1,2,2,1024,1024,8,64,1024,0.101975,0.129941,,
group1,2,2,1024,1024,8,64,2048,0.102296,0.130435,,
group1,2,2,1024,1024,8,64,4096,0.158732,0.193269,,
group1,2,2,1024,1024,16,32,2,0.100896,0.129360,,
group1,2,2,1024,1024,16,32,4,0.100932,0.130112,,
group1,2,2,1024,1024,16,32,8,0.101339,0.130277,,
group1,2,2,1024,1024,16,32,16,0.101455,0.130374,,
group1,2,2,1024,1024,16,32,32,0.101403,0.130023,,
group1,2,2,1024,1024,16,32,64,0.101714,0.129637,,
group1,2,2,1024,1024,16,32,128,0.101036,0.129638,,
group1,2,2,1024,1024,16,32,256,0.101761,0.129870,,
group1,2,2,1024,1024,16,32,512,0.102028,0.130047,,
group1,2,2,1024,1024,16,32,1024,0.102305,0.130051,,
group1,2,2,1024,1024,16,32,2048,0.102714,0.130632,,
group1,2,2,1024,1024,16,32,4096,0.158727,0.193074,,
group1,2,2,1024,1024,32,16,2,0.100696,0.129334,,
group1,2,2,1024,1024,32,16,4,0.100800,0.129585,,
group1,2,2,1024,1024,32,16,8,0.101337,0.130274,,
group1,2,2,1024,1024,32,16,16,0.101022,0.130081,,
group1,2,2,1024,1024,32,16,32,0.101377,0.129246,,
group1,2,2,1024,1024,32,16,64,0.101406,0.129492,,
group1,2,2,1024,1024,32,16,128,0.100818,0.129396,,
group1,2,2,1024,1024,32,16,256,0.100815,0.129553,,
group1,2,2,1024,1024,32,16,512,0.101191,0.129440,,
group1,2,2,1024,1024,32,16,1024,0.101537,0.129770,,
group1,2,2,1024,1024,32,16,2048,0.102436,0.130076,,
group1,2,2,1024,1024,32,16,4096,0.158709,0.193478,,
group1,2,2,1024,1024,64,8,2,0.100119,0.129106,,
group1,2,2,1024,1024,64,8,4,0.100570,0.129621,,
group1,2,2,1024,1024,64,8,8,0.100541,0.129740,,
group1,2,2,1024,1024,64,8,16,0.100818,0.129729,,
group1,2,2,1024,1024,64,8,32,0.101022,0.129381,,
group1,2,2,1024,1024,64,8,64,0.101351,0.129450,,
group1,2,2,1024,1024,64,8,128,0.100999,0.129280,,
group1,2,2,1024,1024,64,8,256,0.101183,0.129209,,
group1,2,2,1024,1024,64,8,512,0.101272,0.129272,,
group1,2,2,1024,1024,64,8,1024,0.101915,0.129915,,
group1,2,2,1024,1024,64,8,2048,0.102099,0.130885,,
group1,2,2,1024,1024,64,8,4096,0.158520,0.193459,,
group1,2,2,1024,1024,128,4,2,0.100329,0.129604,,
group1,2,2,1024,1024,128,4,4,0.100476,0.129413,,
group1,2,2,1024,1024,128,4,8,0.101421,0.129543,,
group1,2,2,1024,1024,128,4,16,0.101070,0.129497,,
group1,2,2,1024,1024,128,4,32,0.101155,0.129059,,
group1,2,2,1024,1024,128,4,64,0.101121,0.129433,,
group1,2,2,1024,1024,128,4,128,0.100643,0.129347,,
group1,2,2,1024,1024,128,4,256,0.101015,0.128898,,
group1,2,2,1024,1024,128,4,512,0.101645,0.129727,,
group1,2,2,1024,1024,128,4,1024,0.101586,0.130337,,
group1,2,2,1024,1024,128,4,2048,0.102563,0.130309,,
group1,2,2,1024,1024,128,4,4096,0.158491,0.193436,,
group1,2,2,1024,1024,256,2,2,0.100684,0.128958,,
group1,2,2,1024,1024,256,2,4,0.100971,0.129823,,
group1,2,2,1024,1024,256,2,8,0.101104,0.130018,,
group1,2,2,1024,1024,256,2,16,0.101351,0.129910,,
group1,2,2,1024,1024,256,2,32,0.101276,0.130710,,
group1,2,2,1024,1024,256,2,64,0.101678,0.130394,,
group1,2,2,1024,1024,256,2,128,0.101286,0.130195,,
group1,2,2,1024,1024,256,2,256,0.101655,0.130253,,
group1,2,2,1024,1024,256,2,512,0.102281,0.129762,,
group1,2,2,1024,1024,256,2,1024,0.102642,0.130197,,
group1,2,2,1024,1024,256,2,2048,0.102964,0.131295,,
group1,2,2,1024,1024,256,2,4096,0.158685,0.193437,,
group1,2,2,1024,1024,512,1,2,0.101402,0.087339,,
group1,2,2,1024,1024,512,1,4,0.101479,0.086959,,
group1,2,2,1024,1024,512,1,8,0.101579,0.087008,,
group1,2,2,1024,1024,512,1,16,0.101119,0.086779,,
group1,2,2,1024,1024,512,1,32,0.101535,0.087388,,
group1,2,2,1024,1024,512,1,64,0.100953,0.087491,,
group1,2,2,1024,1024,512,1,128,0.101608,0.087212,,
group1,2,2,1024,1024,512,1,256,0.101358,0.087301,,
group1,2,2,1024,1024,512,1,512,0.101594,0.086981,,
group1,2,2,1024,1024,512,1,1024,0.101969,0.086960,,
group1,2,2,1024,1024,512,1,2048,0.102624,0.087502,,
group1,2,2,1024,1024,512,1,4096,0.156905,0.152712,,
group1,2,2,2048,2048,1,1024,2,0.100273,0.133338,,
group1,2,2,2048,2048,1,1024,4,0.101086,0.133981,,
group1,2,2,2048,2048,1,1024,8,0.101157,0.133562,,
group1,2,2,2048,2048,1,1024,16,0.101473,0.133774,,
group1,2,2,2048,2048,1,1024,32,0.101181,0.133747,,
group1,2,2,2048,2048,1,1024,64,0.101384,0.134419,,
group1,2,2,2048,2048,1,1024,128,0.101121,0.133724,,
group1,2,2,2048,2048,1,1024,256,0.100949,0.133684,,
group1,2,2,2048,2048,1,1024,512,0.101968,0.134470,,
group1,2,2,2048,2048,1,1024,1024,0.102373,0.135122,,
group1,2,2,2048,2048,1,1024,2048,0.159351,0.193664,,
group1,2,2,2048,2048,1,1024,4096,0.310082,0.383778,,
group1,2,2,2048,2048,2,512,2,0.100795,0.129304,,
group1,2,2,2048,2048,2,512,4,0.100637,0.129785,,
group1,2,2,2048,2048,2,512,8,0.101146,0.129396,,
group1,2,2,2048,2048,2,512,16,0.101308,0.129559,,
group1,2,2,2048,2048,2,512,32,0.101467,0.129634,,
group1,2,2,2048,2048,2,512,64,0.101535,0.129641,,
group1,2,2,2048,2048,2,512,128,0.100987,0.129538,,
group1,2,2,2048,2048,2,512,256,0.101186,0.129896,,
group1,2,2,2048,2048,2,512,512,0.102338,0.130201,,
group1,2,2,2048,2048,2,512,1024,0.102351,0.130993,,
group1,2,2,2048,2048,2,512,2048,0.159271,0.193503,,
group1,2,2,2048,2048,2,512,4096,0.310058,0.383639,,
group1,2,2,2048,2048,4,256,2,0.100378,0.129118,,
group1,2,2,2048,2048,4,256,4,0.100981,0.129465,,
group1,2,2,2048,2048,4,256,8,0.101051,0.130241,,
group1,2,2,2048,2048,4,256,16,0.101544,0.130150,,
group1,2,2,2048,2048,4,256,32,0.101325,0.129889,,
group1,2,2,2048,2048,4,256,64,0.101437,0.130577,,
group1,2,2,2048,2048,4,256,128,0.101738,0.129922,,
group1,2,2,2048,2048,4,256,256,0.101124,0.129667,,
group1,2,2,2048,2048,4,256,512,0.102255,0.130117,,
group1,2,2,2048,2048,4,256,1024,0.102448,0.131105,,
group1,2,2,2048,2048,4,256,2048,0.159265,0.191984,,
group1,2,2,2048,2048,4,256,4096,0.310077,0.376662,,
group1,2,2,2048,2048,8,128,2,0.100722,0.129771,,
group1,2,2,2048,2048,8,128,4,0.100548,0.130267,,
group1,2,2,2048,2048,8,128,8,0.100474,0.130058,,
group1,2,2,2048,2048,8,128,16,0.100671,0.130153,,
group1,2,2,2048,2048,8,128,32,0.100638,0.129746,,
group1,2,2,2048,2048,8,128,64,0.101290,0.130541,,
group1,2,2,2048,2048,8,128,128,0.100283,0.129712,,
group1,2,2,2048,2048,8,128,256,0.101393,0.130098,,
group1,2,2,2048,2048,8,128,512,0.101507,0.130208,,
group1,2,2,2048,2048,8,128,1024,0.101997,0.131128,,
group1,2,2,2048,2048,8,128,2048,0.159246,0.191947,,
group1,2,2,2048,2048,8,128,4096,0.310072,0.375986,,
group1,2,2,2048,2048,16,64,2,0.100293,0.129510,,
group1,2,2,2048,2048,16,64,4,0.100806,0.130437,,
group1,2,2,2048,2048,16,64,8,0.100693,0.129820,,
group1,2,2,2048,2048,16,64,16,0.101034,0.130513,,
group1,2,2,2048,2048,16,64,32,0.100982,0.129910,,
group1,2,2,2048,2048,16,64,64,0.100974,0.130646,,
group1,2,2,2048,2048,16,64,128,0.101267,0.130316,,
group1,2,2,2048,2048,16,64,256,0.100814,0.129330,,
group1,2,2,2048,2048,16,64,512,0.101995,0.129751,,
group1,2,2,2048,2048,16,64,1024,0.102753,0.130814,,
group1,2,2,2048,2048,16,64,2048,0.159231,0.193115,,
group1,2,2,2048,2048,16,64,4096,0.310121,0.382889,,
group1,2,2,2048,2048,32,32,2,0.100616,0.129328,,
group1,2,2,2048,2048,32,32,4,0.101291,0.129835,,
group1,2,2,2048,2048,32,32,8,0.101506,0.129703,,
group1,2,2,2048,2048,32,32,16,0.101297,0.129586,,
group1,2,2,2048,2048,32,32,32,0.100521,0.130018,,
group1,2,2,2048,2048,32,32,64,0.100996,0.129966,,
group1,2,2,2048,2048,32,32,128,0.100887,0.129721,,
group1,2,2,2048,2048,32,32,256,0.101006,0.129318,,
group1,2,2,2048,2048,32,32,512,0.101625,0.129730,,
group1,2,2,2048,2048,32,32,1024,0.102296,0.130612,,
group1,2,2,2048,2048,32,32,2048,0.159266,0.193095,,
group1,2,2,2048,2048,32,32,4096,0.310070,0.382794,,
group1,2,2,2048,2048,64,16,2,0.100105,0.130092,,
group1,2,2,2048,2048,64,16,4,0.100176,0.129492,,
group1,2,2,2048,2048,64,16,8,0.100591,0.129450,,
group1,2,2,2048,2048,64,16,16,0.100905,0.129355,,
group1,2,2,2048,2048,64,16,32,0.100916,0.130052,,
group1,2,2,2048,2048,64,16,64,0.100897,0.129561,,
group1,2,2,2048,2048,64,16,128,0.101230,0.129730,,
group1,2,2,2048,2048,64,16,256,0.101344,0.129933,,
group1,2,2,2048,2048,64,16,512,0.101779,0.130530,,
group1,2,2,2048,2048,64,16,1024,0.102109,0.130890,,
group1,2,2,2048,2048,64,16,2048,0.159246,0.193409,,
group1,2,2,2048,2048,64,16,4096,0.310048,0.383934,,
group1,2,2,2048,2048,128,8,2,0.100380,0.129050,,
group1,2,2,2048,2048,128,8,4,0.100450,0.129896,,
group1,2,2,2048,2048,128,8,8,0.100584,0.129724,,
group1,2,2,2048,2048,128,8,16,0.100896,0.129772,,
group1,2,2,2048,2048,128,8,32,0.101157,0.129768,,
group1,2,2,2048,2048,128,8,64,0.101081,0.130116,,
group1,2,2,2048,2048,128,8,128,0.101915,0.130058,,
group1,2,2,2048,2048,128,8,256,0.101051,0.129595,,
group1,2,2,2048,2048,128,8,512,0.102202,0.129602,,
group1,2,2,2048,2048,128,8,1024,0.102637,0.130247,,
group1,2,2,2048,2048,128,8,2048,0.159230,0.193409,,
group1,2,2,2048,2048,128,8,4096,0.310075,0.384090,,
group1,2,2,2048,2048,256,4,2,0.101550,0.129226,,
group1,2,2,2048,2048,256,4,4,0.101054,0.129681,,
group1,2,2,2048,2048,256,4,8,0.101514,0.129837,,
group1,2,2,2048,2048,256,4,16,0.101552,0.129817,,
group1,2,2,2048,2048,256,4,32,0.101431,0.129872,,
group1,2,2,2048,2048,256,4,64,0.101678,0.130226,,
group1,2,2,2048,2048,256,4,128,0.101539,0.129516,,
group1,2,2,2048,2048,256,4,256,0.101277,0.129820,,
group1,2,2,2048,2048,256,4,512,0.102449,0.129819,,
group1,2,2,2048,2048,256,4,1024,0.102325,0.130625,,
group1,2,2,2048,2048,256,4,2048,0.159265,0.193416,,
group1,2,2,2048,2048,256,4,4096,0.310054,0.384103,,
group1,2,2,2048,2048,512,2,2,0.100890,0.129710,,
group1,2,2,2048,2048,512,2,4,0.100805,0.129495,,
group1,2,2,2048,2048,512,2,8,0.101377,0.129561,,
group1,2,2,2048,2048,512,2,16,0.101488,0.129496,,
group1,2,2,2048,2048,512,2,32,0.101684,0.130104,,
group1,2,2,2048,2048,512,2,64,0.101346,0.129997,,
group1,2,2,2048,2048,512,2,128,0.100875,0.129899,,
group1,2,2,2048,2048,512,2,256,0.101381,0.129466,,
group1,2,2,2048,2048,512,2,512,0.101956,0.129532,,
group1,2,2,2048,2048,512,2,1024,0.102644,0.131037,,
group1,2,2,2048,2048,512,2,2048,0.159218,0.193525,,
group1,2,2,2048,2048,512,2,4096,0.310138,0.384096,,
group1,2,2,2048,2048,1024,1,2,0.101048,0.086802,,
group1,2,2,2048,2048,1024,1,4,0.101374,0.086669,,
group1,2,2,2048,2048,1024,1,8,0.101263,0.087137,,
group1,2,2,2048,2048,1024,1,16,0.100687,0.086731,,
group1,2,2,2048,2048,1024,1,32,0.101017,0.086824,,
group1,2,2,2048,2048,1024,1,64,0.101015,0.086927,,
group1,2,2,2048,2048,1024,1,128,0.101309,0.086958,,
group1,2,2,2048,2048,1024,1,256,0.101421,0.087300,,
group1,2,2,2048,2048,1024,1,512,0.101750,0.087012,,
group1,2,2,2048,2048,1024,1,1024,0.102604,0.087448,,
group1,2,2,2048,2048,1024,1,2048,0.157472,0.152507,,
group1,2,2,2048,2048,1024,1,4096,0.306625,0.303643,,
group1,2,2,4096,4096,1,2048,2,0.100718,0.134010,,
group1,2,2,4096,4096,1,2048,4,0.099896,0.134270,,
group1,2,2,4096,4096,1,2048,8,0.100821,0.134673,,
group1,2,2,4096,4096,1,2048,16,0.101008,0.134106,,
group1,2,2,4096,4096,1,2048,32,0.101234,0.134130,,
group1,2,2,4096,4096,1,2048,64,0.101183,0.134365,,
group1,2,2,4096,4096,1,2048,128,0.100844,0.134370,,
group1,2,2,4096,4096,1,2048,256,0.101573,0.134252,,
group1,2,2,4096,4096,1,2048,512,0.101973,0.135494,,
group1,2,2,4096,4096,1,2048,1024,0.158977,0.194433,,
group1,2,2,4096,4096,1,2048,2048,0.308326,0.383800,,
group1,2,2,4096,4096,1,2048,4096,0.610660,0.756555,,
group1,2,2,4096,4096,2,1024,2,0.100728,0.129697,,
group1,2,2,4096,4096,2,1024,4,0.101406,0.129796,,
group1,2,2,4096,4096,2,1024,8,0.101094,0.129301,,
group1,2,2,4096,4096,2,1024,16,0.101186,0.129337,,
group1,2,2,4096,4096,2,1024,32,0.101516,0.130168,,
group1,2,2,4096,4096,2,1024,64,0.100802,0.129767,,
group1,2,2,4096,4096,2,1024,128,0.100576,0.129809,,
group1,2,2,4096,4096,2,1024,256,0.101046,0.130131,,
group1,2,2,4096,4096,2,1024,512,0.102014,0.130913,,
group1,2,2,4096,4096,2,1024,1024,0.158934,0.194440,,
group1,2,2,4096,4096,2,1024,2048,0.308357,0.383763,,
group1,2,2,4096,4096,2,1024,4096,0.610628,0.756451,,
group1,2,2,4096,4096,4,512,2,0.100481,0.129538,,
group1,2,2,4096,4096,4,512,4,0.100495,0.130105,,
group1,2,2,4096,4096,4,512,8,0.100939,0.130380,,
group1,2,2,4096,4096,4,512,16,0.101071,0.130517,,
group1,2,2,4096,4096,4,512,32,0.101148,0.129899,,
group1,2,2,4096,4096,4,512,64,0.101352,0.130402,,
group1,2,2,4096,4096,4,512,128,0.100875,0.130189,,
group1,2,2,4096,4096,4,512,256,0.101177,0.129711,,
group1,2,2,4096,4096,4,512,512,0.102117,0.130945,,
group1,2,2,4096,4096,4,512,1024,0.158941,0.194369,,
group1,2,2,4096,4096,4,512,2048,0.308345,0.383646,,
group1,2,2,4096,4096,4,512,4096,0.610534,0.756350,,
group1,2,2,4096,4096,8,256,2,0.100397,0.129359,,
group1,2,2,4096,4096,8,256,4,0.100942,0.129491,,
group1,2,2,4096,4096,8,256,8,0.101043,0.129231,,
group1,2,2,4096,4096,8,256,16,0.101117,0.130453,,
group1,2,2,4096,4096,8,256,32,0.100865,0.130315,,
group1,2,2,4096,4096,8,256,64,0.100752,0.129858,,
group1,2,2,4096,4096,8,256,128,0.100675,0.129653,,
group1,2,2,4096,4096,8,256,256,0.101256,0.129999,,
group1,2,2,4096,4096,8,256,512,0.102143,0.131034,,
group1,2,2,4096,4096,8,256,1024,0.158889,0.192695,,
group1,2,2,4096,4096,8,256,2048,0.308330,0.376389,,
group1,2,2,4096,4096,8,256,4096,0.610463,0.741685,,
group1,2,2,4096,4096,16,128,2,0.100082,0.129940,,
group1,2,2,4096,4096,16,128,4,0.100370,0.130011,,
group1,2,2,4096,4096,16,128,8,0.100745,0.129433,,
group1,2,2,4096,4096,16,128,16,0.100972,0.129446,,
group1,2,2,4096,4096,16,128,32,0.100984,0.129946,,
group1,2,2,4096,4096,16,128,64,0.100915,0.129329,,
group1,2,2,4096,4096,16,128,128,0.100680,0.130064,,
group1,2,2,4096,4096,16,128,256,0.101134,0.129636,,
group1,2,2,4096,4096,16,128,512,0.101855,0.130663,,
group1,2,2,4096,4096,16,128,1024,0.158898,0.192546,,
group1,2,2,4096,4096,16,128,2048,0.308346,0.375838,,
group1,2,2,4096,4096,16,128,4096,0.610598,0.739611,,
group1,2,2,4096,4096,32,64,2,0.099795,0.129596,,
group1,2,2,4096,4096,32,64,4,0.099606,0.129250,,
group1,2,2,4096,4096,32,64,8,0.099956,0.130115,,
group1,2,2,4096,4096,32,64,16,0.100609,0.129620,,
group1,2,2,4096,4096,32,64,32,0.100846,0.129730,,
group1,2,2,4096,4096,32,64,64,0.100656,0.129370,,
group1,2,2,4096,4096,32,64,128,0.100721,0.129596,,
group1,2,2,4096,4096,32,64,256,0.100931,0.129115,,
group1,2,2,4096,4096,32,64,512,0.102070,0.130850,,
group1,2,2,4096,4096,32,64,1024,0.158893,0.193726,,
group1,2,2,4096,4096,32,64,2048,0.308339,0.382823,,
group1,2,2,4096,4096,32,64,4096,0.610533,0.755260,,
group1,2,2,4096,4096,64,32,2,0.100806,0.128880,,
group1,2,2,4096,4096,64,32,4,0.100769,0.129737,,
group1,2,2,4096,4096,64,32,8,0.100899,0.130065,,
group1,2,2,4096,4096,64,32,16,0.100951,0.129991,,
group1,2,2,4096,4096,64,32,32,0.101180,0.130085,,
group1,2,2,4096,4096,64,32,64,0.100811,0.129436,,
group1,2,2,4096,4096,64,32,128,0.101157,0.130280,,
group1,2,2,4096,4096,64,32,256,0.100894,0.129697,,
group1,2,2,4096,4096,64,32,512,0.101942,0.130509,,
group1,2,2,4096,4096,64,32,1024,0.158922,0.193937,,
group1,2,2,4096,4096,64,32,2048,0.308326,0.382777,,
group1,2,2,4096,4096,64,32,4096,0.610541,0.755250,,
group1,2,2,4096,4096,128,16,2,0.100594,0.129477,,
group1,2,2,4096,4096,128,16,4,0.101137,0.129764,,
group1,2,2,4096,4096,128,16,8,0.100897,0.129410,,
group1,2,2,4096,4096,128,16,16,0.100694,0.130430,,
group1,2,2,4096,4096,128,16,32,0.100732,0.130238,,
group1,2,2,4096,4096,128,16,64,0.100784,0.129811,,
group1,2,2,4096,4096,128,16,128,0.100300,0.129970,,
group1,2,2,4096,4096,128,16,256,0.101042,0.129726,,
group1,2,2,4096,4096,128,16,512,0.101817,0.130776,,
group1,2,2,4096,4096,128,16,1024,0.158829,0.194044,,
group1,2,2,4096,4096,128,16,2048,0.308316,0.383998,,
group1,2,2,4096,4096,128,16,4096,0.610620,0.757330,,
group1,2,2,4096,4096,256,8,2,0.100625,0.130173,,
group1,2,2,4096,4096,256,8,4,0.100616,0.130311,,
group1,2,2,4096,4096,256,8,8,0.101180,0.129781,,
group1,2,2,4096,4096,256,8,16,0.101477,0.129839,,
group1,2,2,4096,4096,256,8,32,0.101750,0.130324,,
group1,2,2,4096,4096,256,8,64,0.101158,0.130515,,
group1,2,2,4096,4096,256,8,128,0.101672,0.130099,,
group1,2,2,4096,4096,256,8,256,0.101428,0.129873,,
group1,2,2,4096,4096,256,8,512,0.102809,0.131007,,
group1,2,2,4096,4096,256,8,1024,0.158890,0.194077,,
group1,2,2,4096,4096,256,8,2048,0.308301,0.383986,,
group1,2,2,4096,4096,256,8,4096,0.610454,0.757280,,
group1,2,2,4096,4096,512,4,2,0.101141,0.129526,,
group1,2,2,4096,4096,512,4,4,0.101487,0.130398,,
group1,2,2,4096,4096,512,4,8,0.101597,0.130517,,
group1,2,2,4096,4096,512,4,16,0.101565,0.129938,,
group1,2,2,4096,4096,512,4,32,0.101407,0.130453,,
group1,2,2,4096,4096,512,4,64,0.101421,0.129730,,
group1,2,2,4096,4096,512,4,128,0.101446,0.130131,,
group1,2,2,4096,4096,512,4,256,0.101637,0.130020,,
group1,2,2,4096,4096,512,4,512,0.101763,0.131162,,
group1,2,2,4096,4096,512,4,1024,0.158866,0.194053,,
group1,2,2,4096,4096,512,4,2048,0.308311,0.383975,,
group1,2,2,4096,4096,512,4,4096,0.610477,0.757371,,
group1,2,2,4096,4096,1024,2,2,0.100736,0.129518,,
group1,2,2,4096,4096,1024,2,4,0.101048,0.130277,,
group1,2,2,4096,4096,1024,2,8,0.100946,0.129661,,
group1,2,2,4096,4096,1024,2,16,0.101111,0.130253,,
group1,2,2,4096,4096,1024,2,32,0.101402,0.130230,,
group1,2,2,4096,4096,1024,2,64,0.101683,0.130419,,
group1,2,2,4096,4096,1024,2,128,0.101664,0.129529,,
group1,2,2,4096,4096,1024,2,256,0.101437,0.129867,,
group1,2,2,4096,4096,1024,2,512,0.102772,0.131078,,
group1,2,2,4096,4096,1024,2,1024,0.158895,0.194056,,
group1,2,2,4096,4096,1024,2,2048,0.308340,0.384058,,
group1,2,2,4096,4096,1024,2,4096,0.610517,0.757379,,
group1,2,2,4096,4096,2048,1,2,0.100804,0.087324,,
group1,2,2,4096,4096,2048,1,4,0.101339,0.087813,,
group1,2,2,4096,4096,2048,1,8,0.101802,0.087752,,
group1,2,2,4096,4096,2048,1,16,0.100936,0.087512,,
group1,2,2,4096,4096,2048,1,32,0.101338,0.087317,,
group1,2,2,4096,4096,2048,1,64,0.101301,0.087541,,
group1,2,2,4096,4096,2048,1,128,0.101556,0.087545,,
group1,2,2,4096,4096,2048,1,256,0.101315,0.087062,,
group1,2,2,4096,4096,2048,1,512,0.102434,0.087822,,
group1,2,2,4096,4096,2048,1,1024,0.157183,0.153083,,
group1,2,2,4096,4096,2048,1,2048,0.304880,0.303580,,
group1,2,2,4096,4096,2048,1,4096,0.604586,0.603038,,
group1,2,4,512,1024,1,256,2,0.100543,0.134147,,
group1,2,4,512,1024,1,256,4,0.100783,0.133937,,
group1,2,4,512,1024,1,256,8,0.100805,0.134192,,
group1,2,4,512,1024,1,256,16,0.100546,0.133969,,
group1,2,4,512,1024,1,256,32,0.101221,0.134280,,
group1,2,4,512,1024,1,256,64,0.101094,0.133667,,
group1,2,4,512,1024,1,256,128,0.101020,0.133964,,
group1,2,4,512,1024,1,256,256,0.101316,0.133948,,
group1,2,4,512,1024,1,256,512,0.101681,0.134215,,
group1,2,4,512,1024,1,256,1024,0.101716,0.134509,,
group1,2,4,512,1024,1,256,2048,0.101767,0.134351,,
group1,2,4,512,1024,1,256,4096,0.106436,0.133709,,
group1,2,4,512,1024,2,128,2,0.100233,0.128894,,
group1,2,4,512,1024,2,128,4,0.100600,0.129606,,
group1,2,4,512,1024,2,128,8,0.100734,0.129791,,
group1,2,4,512,1024,2,128,16,0.101182,0.129112,,
group1,2,4,512,1024,2,128,32,0.100974,0.128958,,
group1,2,4,512,1024,2,128,64,0.100910,0.129081,,
group1,2,4,512,1024,2,128,128,0.101116,0.129250,,
group1,2,4,512,1024,2,128,256,0.100782,0.129835,,
group1,2,4,512,1024,2,128,512,0.101954,0.129280,,
group1,2,4,512,1024,2,128,1024,0.101352,0.129817,,
group1,2,4,512,1024,2,128,2048,0.100941,0.129726,,
group1,2,4,512,1024,2,128,4096,0.106382,0.129299,,
group1,2,4,512,1024,4,64,2,0.100390,0.128730,,
group1,2,4,512,1024,4,64,4,0.100383,0.129826,,
group1,2,4,512,1024,4,64,8,0.100159,0.129680,,
group1,2,4,512,1024,4,64,16,0.100497,0.129713,,
group1,2,4,512,1024,4,64,32,0.101254,0.129797,,
group1,2,4,512,1024,4,64,64,0.101353,0.130186,,
group1,2,4,512,1024,4,64,128,0.101498,0.129098,,
group1,2,4,512,1024,4,64,256,0.101395,0.129952,,
group1,2,4,512,1024,4,64,512,0.101584,0.129908,,
group1,2,4,512,1024,4,64,1024,0.101865,0.130044,,
group1,2,4,512,1024,4,64,2048,0.102353,0.130002,,
group1,2,4,512,1024,4,64,4096,0.106404,0.130080,,
group1,2,4,512,1024,8,32,2,0.100506,0.129550,,
group1,2,4,512,1024,8,32,4,0.100435,0.129834,,
group1,2,4,512,1024,8,32,8,0.101549,0.129316,,
group1,2,4,512,1024,8,32,16,0.101309,0.129390,,
group1,2,4,512,1024,8,32,32,0.100994,0.129269,,
group1,2,4,512,1024,8,32,64,0.101492,0.129915,,
group1,2,4,512,1024,8,32,128,0.101224,0.129622,,
group1,2,4,512,1024,8,32,256,0.100672,0.129463,,
group1,2,4,512,1024,8,32,512,0.101270,0.129105,,
group1,2,4,512,1024,8,32,1024,0.101758,0.130362,,
group1,2,4,512,1024,8,32,2048,0.101596,0.130187,,
group1,2,4,512,1024,8,32,4096,0.106425,0.130193,,
group1,2,4,512,1024,16,16,2,0.100847,0.129300,,
group1,2,4,512,1024,16,16,4,0.101044,0.129315,,
group1,2,4,512,1024,16,16,8,0.100844,0.129616,,
group1,2,4,512,1024,16,16,16,0.101064,0.129856,,
group1,2,4,512,1024,16,16,32,0.100824,0.129763,,
group1,2,4,512,1024,16,16,64,0.101452,0.129945,,
group1,2,4,512,1024,16,16,128,0.101517,0.130102,,
group1,2,4,512,1024,16,16,256,0.101173,0.130206,,
group1,2,4,512,1024,16,16,512,0.102013,0.129773,,
group1,2,4,512,1024,16,16,1024,0.101933,0.130134,,
group1,2,4,512,1024,16,16,2048,0.102255,0.129687,,
group1,2,4,512,1024,16,16,4096,0.106402,0.130153,,
group1,2,4,512,1024,32,8,2,0.100883,0.129333,,
group1,2,4,512,1024,32,8,4,0.100582,0.130087,,
group1,2,4,512,1024,32,8,8,0.101623,0.129733,,
group1,2,4,512,1024,32,8,16,0.101694,0.129803,,
group1,2,4,512,1024,32,8,32,0.101529,0.128973,,
group1,2,4,512,1024,32,8,64,0.101516,0.129730,,
group1,2,4,512,1024,32,8,128,0.101576,0.129758,,
group1,2,4,512,1024,32,8,256,0.100911,0.129448,,
group1,2,4,512,1024,32,8,512,0.101497,0.129002,,
group1,2,4,512,1024,32,8,1024,0.101690,0.129910,,
group1,2,4,512,1024,32,8,2048,0.101690,0.130067,,
group1,2,4,512,1024,32,8,4096,0.106410,0.129440,,
group1,2,4,512,1024,64,4,2,0.100728,0.128838,,
group1,2,4,512,1024,64,4,4,0.100985,0.129098,,
group1,2,4,512,1024,64,4,8,0.100344,0.129563,,
group1,2,4,512,1024,64,4,16,0.101190,0.130138,,
group1,2,4,512,1024,64,4,32,0.101130,0.129684,,
group1,2,4,512,1024,64,4,64,0.101665,0.130073,,
group1,2,4,512,1024,64,4,128,0.101641,0.129232,,
group1,2,4,512,1024,64,4,256,0.101100,0.129813,,
group1,2,4,512,1024,64,4,512,0.101792,0.129476,,
group1,2,4,512,1024,64,4,1024,0.101683,0.129432,,
group1,2,4,512,1024,64,4,2048,0.101951,0.129597,,
group1,2,4,512,1024,64,4,4096,0.106463,0.129613,,
group1,2,4,512,1024,128,2,2,0.100542,0.128974,,
group1,2,4,512,1024,128,2,4,0.100466,0.129506,,
group1,2,4,512,1024,128,2,8,0.101387,0.128880,,
group1,2,4,512,1024,128,2,16,0.101242,0.129277,,
group1,2,4,512,1024,128,2,32,0.100991,0.129076,,
group1,2,4,512,1024,128,2,64,0.100908,0.129430,,
group1,2,4,512,1024,128,2,128,0.101158,0.129291,,
group1,2,4,512,1024,128,2,256,0.100518,0.129302,,
group1,2,4,512,1024,128,2,512,0.101088,0.129236,,
group1,2,4,512,1024,128,2,1024,0.101664,0.130432,,
group1,2,4,512,1024,128,2,2048,0.101465,0.130110,,
group1,2,4,512,1024,128,2,4096,0.106462,0.130031,,
group1,2,4,512,1024,256,1,2,0.100949,0.087020,,
group1,2,4,512,1024,256,1,4,0.100344,0.086546,,
group1,2,4,512,1024,256,1,8,0.100754,0.086787,,
group1,2,4,512,1024,256,1,16,0.101295,0.086677,,
group1,2,4,512,1024,256,1,32,0.100909,0.087060,,
group1,2,4,512,1024,256,1,64,0.101033,0.086571,,
group1,2,4,512,1024,256,1,128,0.100926,0.086744,,
group1,2,4,512,1024,256,1,256,0.100972,0.086871,,
group1,2,4,512,1024,256,1,512,0.101347,0.086690,,
group1,2,4,512,1024,256,1,1024,0.101936,0.087057,,
group1,2,4,512,1024,256,1,2048,0.102060,0.087136,,
group1,2,4,512,1024,256,1,4096,0.105868,0.086762,,
group1,2,4,1024,2048,1,512,2,0.100725,0.133940,,
group1,2,4,1024,2048,1,512,4,0.100374,0.134583,,
group1,2,4,1024,2048,1,512,8,0.100647,0.134046,,
group1,2,4,1024,2048,1,512,16,0.100639,0.134146,,
group1,2,4,1024,2048,1,512,32,0.100769,0.134293,,
group1,2,4,1024,2048,1,512,64,0.100701,0.134183,,
group1,2,4,1024,2048,1,512,128,0.100811,0.134383,,
group1,2,4,1024,2048,1,512,256,0.101334,0.134504,,
group1,2,4,1024,2048,1,512,512,0.101801,0.135082,,
group1,2,4,1024,2048,1,512,1024,0.101645,0.134818,,
group1,2,4,1024,2048,1,512,2048,0.107013,0.134678,,
group1,2,4,1024,2048,1,512,4096,0.205693,0.226497,,
group1,2,4,1024,2048,2,256,2,0.100910,0.129622,,
group1,2,4,1024,2048,2,256,4,0.100884,0.130178,,
group1,2,4,1024,2048,2,256,8,0.100812,0.130057,,
group1,2,4,1024,2048,2,256,16,0.101169,0.130268,,
group1,2,4,1024,2048,2,256,32,0.100933,0.130079,,
group1,2,4,1024,2048,2,256,64,0.100589,0.129828,,
group1,2,4,1024,2048,2,256,128,0.100771,0.129025,,
group1,2,4,1024,2048,2,256,256,0.101381,0.130322,,
group1,2,4,1024,2048,2,256,512,0.101535,0.130231,,
group1,2,4,1024,2048,2,256,1024,0.101668,0.129977,,
group1,2,4,1024,2048,2,256,2048,0.106973,0.129449,,
group1,2,4,1024,2048,2,256,4096,0.205608,0.223150,,
group1,2,4,1024,2048,4,128,2,0.100594,0.129706,,
group1,2,4,1024,2048,4,128,4,0.100511,0.130178,,
group1,2,4,1024,2048,4,128,8,0.101034,0.130189,,
group1,2,4,1024,2048,4,128,16,0.100715,0.130229,,
group1,2,4,1024,2048,4,128,32,0.101248,0.129922,,
group1,2,4,1024,2048,4,128,64,0.101545,0.130491,,
group1,2,4,1024,2048,4,128,128,0.100863,0.129854,,
group1,2,4,1024,2048,4,128,256,0.101426,0.130371,,
group1,2,4,1024,2048,4,128,512,0.102311,0.130101,,
group1,2,4,1024,2048,4,128,1024,0.102058,0.130307,,
group1,2,4,1024,2048,4,128,2048,0.107006,0.130007,,
group1,2,4,1024,2048,4,128,4096,0.205584,0.222300,,
group1,2,4,1024,2048,8,64,2,0.101034,0.129908,,
group1,2,4,1024,2048,8,64,4,0.100984,0.129870,,
group1,2,4,1024,2048,8,64,8,0.101500,0.129682,,
group1,2,4,1024,2048,8,64,16,0.101504,0.129715,,
group1,2,4,1024,2048,8,64,32,0.101648,0.129910,,
group1,2,4,1024,2048,8,64,64,0.101290,0.129711,,
group1,2,4,1024,2048,8,64,128,0.100600,0.129612,,
group1,2,4,1024,2048,8,64,256,0.101687,0.129376,,
group1,2,4,1024,2048,8,64,512,0.101932,0.129879,,
group1,2,4,1024,2048,8,64,1024,0.101569,0.130645,,
group1,2,4,1024,2048,8,64,2048,0.107064,0.130137,,
group1,2,4,1024,2048,8,64,4096,0.205583,0.224526,,
group1,2,4,1024,2048,16,32,2,0.101182,0.129937,,
group1,2,4,1024,2048,16,32,4,0.100670,0.130053,,
group1,2,4,1024,2048,16,32,8,0.100662,0.129628,,
group1,2,4,1024,2048,16,32,16,0.101236,0.129611,,
group1,2,4,1024,2048,16,32,32,0.100733,0.130012,,
group1,2,4,1024,2048,16,32,64,0.101127,0.130079,,
group1,2,4,1024,2048,16,32,128,0.101417,0.130251,,
group1,2,4,1024,2048,16,32,256,0.101416,0.130573,,
group1,2,4,1024,2048,16,32,512,0.101817,0.130356,,
group1,2,4,1024,2048,16,32,1024,0.102214,0.130772,,
group1,2,4,1024,2048,16,32,2048,0.107089,0.130366,,
group1,2,4,1024,2048,16,32,4096,0.205614,0.224326,,
group1,2,4,1024,2048,32,16,2,0.100999,0.129466,,
group1,2,4,1024,2048,32,16,4,0.101291,0.129957,,
group1,2,4,1024,2048,32,16,8,0.101417,0.129762,,
group1,2,4,1024,2048,32,16,16,0.101010,0.130069,,
group1,2,4,1024,2048,32,16,32,0.101487,0.130307,,
group1,2,4,1024,2048,32,16,64,0.100685,0.129625,,
group1,2,4,1024,2048,32,16,128,0.101476,0.129999,,
group1,2,4,1024,2048,32,16,256,0.101188,0.129539,,
group1,2,4,1024,2048,32,16,512,0.101733,0.130419,,
group1,2,4,1024,2048,32,16,1024,0.101716,0.130601,,
group1,2,4,1024,2048,32,16,2048,0.107061,0.130178,,
group1,2,4,1024,2048,32,16,4096,0.205605,0.224902,,
group1,2,4,1024,2048,64,8,2,0.100739,0.129815,,
group1,2,4,1024,2048,64,8,4,0.100729,0.130072,,
group1,2,4,1024,2048,64,8,8,0.100303,0.129786,,
group1,2,4,1024,2048,64,8,16,0.100523,0.130161,,
group1,2,4,1024,2048,64,8,32,0.101228,0.130543,,
group1,2,4,1024,2048,64,8,64,0.100587,0.129999,,
group1,2,4,1024,2048,64,8,128,0.101269,0.130550,,
group1,2,4,1024,2048,64,8,256,0.101084,0.130568,,
group1,2,4,1024,2048,64,8,512,0.101995,0.130501,,
group1,2,4,1024,2048,64,8,1024,0.102201,0.130600,,
group1,2,4,1024,2048,64,8,2048,0.107015,0.130222,,
group1,2,4,1024,2048,64,8,4096,0.205629,0.225854,,
group1,2,4,1024,2048,128,4,2,0.100515,0.129754,,
group1,2,4,1024,2048,128,4,4,0.100287,0.130271,,
group1,2,4,1024,2048,128,4,8,0.101665,0.130123,,
group1,2,4,1024,2048,128,4,16,0.101798,0.130387,,
group1,2,4,1024,2048,128,4,32,0.101382,0.130265,,
group1,2,4,1024,2048,128,4,64,0.101376,0.130379,,
group1,2,4,1024,2048,128,4,128,0.101840,0.130950,,
group1,2,4,1024,2048,128,4,256,0.101180,0.130444,,
group1,2,4,1024,2048,128,4,512,0.102141,0.131192,,
group1,2,4,1024,2048,128,4,1024,0.102302,0.130418,,
group1,2,4,1024,2048,128,4,2048,0.107037,0.130855,,
group1,2,4,1024,2048,128,4,4096,0.205598,0.225887,,
group1,2,4,1024,2048,256,2,2,0.100982,0.129623,,
group1,2,4,1024,2048,256,2,4,0.100860,0.130936,,
group1,2,4,1024,2048,256,2,8,0.100680,0.130797,,
group1,2,4,1024,2048,256,2,16,0.101199,0.130843,,
group1,2,4,1024,2048,256,2,32,0.102191,0.130795,,
group1,2,4,1024,2048,256,2,64,0.101674,0.130824,,
group1,2,4,1024,2048,256,2,128,0.101990,0.130729,,
group1,2,4,1024,2048,256,2,256,0.101554,0.130724,,
group1,2,4,1024,2048,256,2,512,0.102184,0.130721,,
group1,2,4,1024,2048,256,2,1024,0.102032,0.130739,,
group1,2,4,1024,2048,256,2,2048,0.107038,0.130583,,
group1,2,4,1024,2048,256,2,4096,0.205698,0.225771,,
group1,2,4,1024,2048,512,1,2,0.100868,0.087160,,
group1,2,4,1024,2048,512,1,4,0.101639,0.087073,,
group1,2,4,1024,2048,512,1,8,0.101981,0.087329,,
group1,2,4,1024,2048,512,1,16,0.101462,0.087150,,
group1,2,4,1024,2048,512,1,32,0.100859,0.087271,,
group1,2,4,1024,2048,512,1,64,0.100931,0.087181,,
group1,2,4,1024,2048,512,1,128,0.101229,0.086355,,
group1,2,4,1024,2048,512,1,256,0.101467,0.087015,,
group1,2,4,1024,2048,512,1,512,0.102131,0.087334,,
group1,2,4,1024,2048,512,1,1024,0.102035,0.087023,,
group1,2,4,1024,2048,512,1,2048,0.106240,0.087076,,
group1,2,4,1024,2048,512,1,4096,0.203922,0.163771,,
group1,2,4,2048,4096,1,1024,2,0.101023,0.133508,,
group1,2,4,2048,4096,1,1024,4,0.100545,0.134011,,
group1,2,4,2048,4096,1,1024,8,0.101148,0.134556,,
group1,2,4,2048,4096,1,1024,16,0.101100,0.134444,,
group1,2,4,2048,4096,1,1024,32,0.101222,0.134875,,
group1,2,4,2048,4096,1,1024,64,0.101370,0.134947,,
group1,2,4,2048,4096,1,1024,128,0.101266,0.134698,,
group1,2,4,2048,4096,1,1024,256,0.101194,0.135007,,
group1,2,4,2048,4096,1,1024,512,0.101376,0.134485,,
group1,2,4,2048,4096,1,1024,1024,0.108185,0.134724,,
group1,2,4,2048,4096,1,1024,2048,0.204301,0.227424,,
group1,2,4,2048,4096,1,1024,4096,0.404290,0.443552,,
group1,2,4,2048,4096,2,512,2,0.101105,0.129698,,
group1,2,4,2048,4096,2,512,4,0.100959,0.129959,,
group1,2,4,2048,4096,2,512,8,0.100803,0.129849,,
group1,2,4,2048,4096,2,512,16,0.101707,0.130474,,
group1,2,4,2048,4096,2,512,32,0.101035,0.129924,,
group1,2,4,2048,4096,2,512,64,0.101304,0.130194,,
group1,2,4,2048,4096,2,512,128,0.101340,0.129412,,
group1,2,4,2048,4096,2,512,256,0.101687,0.130191,,
group1,2,4,2048,4096,2,512,512,0.101942,0.130545,,
group1,2,4,2048,4096,2,512,1024,0.108214,0.130205,,
group1,2,4,2048,4096,2,512,2048,0.204026,0.227387,,
group1,2,4,2048,4096,2,512,4096,0.403920,0.442946,,
group1,2,4,2048,4096,4,256,2,0.100976,0.129591,,
group1,2,4,2048,4096,4,256,4,0.100718,0.130436,,
group1,2,4,2048,4096,4,256,8,0.101380,0.129584,,
group1,2,4,2048,4096,4,256,16,0.102430,0.130086,,
group1,2,4,2048,4096,4,256,32,0.102073,0.130193,,
group1,2,4,2048,4096,4,256,64,0.101200,0.130622,,
group1,2,4,2048,4096,4,256,128,0.101281,0.130058,,
group1,2,4,2048,4096,4,256,256,0.101836,0.130642,,
group1,2,4,2048,4096,4,256,512,0.102203,0.130588,,
group1,2,4,2048,4096,4,256,1024,0.108215,0.130588,,
group1,2,4,2048,4096,4,256,2048,0.203981,0.223569,,
group1,2,4,2048,4096,4,256,4096,0.403924,0.433697,,
group1,2,4,2048,4096,8,128,2,0.100962,0.129156,,
group1,2,4,2048,4096,8,128,4,0.101462,0.129169,,
group1,2,4,2048,4096,8,128,8,0.101254,0.129708,,
group1,2,4,2048,4096,8,128,16,0.101129,0.130804,,
group1,2,4,2048,4096,8,128,32,0.101305,0.129366,,
group1,2,4,2048,4096,8,128,64,0.101304,0.129623,,
group1,2,4,2048,4096,8,128,128,0.101582,0.130063,,
group1,2,4,2048,4096,8,128,256,0.101737,0.130206,,
group1,2,4,2048,4096,8,128,512,0.102392,0.130706,,
group1,2,4,2048,4096,8,128,1024,0.108222,0.130885,,
group1,2,4,2048,4096,8,128,2048,0.203942,0.222555,,
group1,2,4,2048,4096,8,128,4096,0.403904,0.431205,,
group1,2,4,2048,4096,16,64,2,0.101390,0.129422,,
group1,2,4,2048,4096,16,64,4,0.100906,0.129866,,
group1,2,4,2048,4096,16,64,8,0.101529,0.129991,,
group1,2,4,2048,4096,16,64,16,0.101407,0.129743,,
group1,2,4,2048,4096,16,64,32,0.101326,0.129709,,
group1,2,4,2048,4096,16,64,64,0.101211,0.130327,,
group1,2,4,2048,4096,16,64,128,0.101635,0.130660,,
group1,2,4,2048,4096,16,64,256,0.101453,0.129699,,
group1,2,4,2048,4096,16,64,512,0.101989,0.130251,,
group1,2,4,2048,4096,16,64,1024,0.108249,0.129948,,
group1,2,4,2048,4096,16,64,2048,0.204008,0.225131,,
group1,2,4,2048,4096,16,64,4096,0.404139,0.438633,,
group1,2,4,2048,4096,32,32,2,0.100619,0.129319,,
group1,2,4,2048,4096,32,32,4,0.100653,0.130180,,
group1,2,4,2048,4096,32,32,8,0.101423,0.129893,,
group1,2,4,2048,4096,32,32,16,0.101597,0.129751,,
group1,2,4,2048,4096,32,32,32,0.101548,0.130601,,
group1,2,4,2048,4096,32,32,64,0.100949,0.130667,,
group1,2,4,2048,4096,32,32,128,0.101369,0.130765,,
group1,2,4,2048,4096,32,32,256,0.101507,0.130172,,
group1,2,4,2048,4096,32,32,512,0.101990,0.130457,,
group1,2,4,2048,4096,32,32,1024,0.108256,0.131207,,
group1,2,4,2048,4096,32,32,2048,0.204111,0.225150,,
group1,2,4,2048,4096,32,32,4096,0.404150,0.439141,,
group1,2,4,2048,4096,64,16,2,0.100883,0.129478,,
group1,2,4,2048,4096,64,16,4,0.100695,0.129931,,
group1,2,4,2048,4096,64,16,8,0.101066,0.129894,,
group1,2,4,2048,4096,64,16,16,0.100608,0.130058,,
group1,2,4,2048,4096,64,16,32,0.101189,0.129883,,
group1,2,4,2048,4096,64,16,64,0.101135,0.130640,,
group1,2,4,2048,4096,64,16,128,0.101066,0.130775,,
group1,2,4,2048,4096,64,16,256,0.101408,0.130368,,
group1,2,4,2048,4096,64,16,512,0.101799,0.130759,,
group1,2,4,2048,4096,64,16,1024,0.108275,0.130277,,
group1,2,4,2048,4096,64,16,2048,0.204101,0.225440,,
group1,2,4,2048,4096,64,16,4096,0.404172,0.440386,,
group1,2,4,2048,4096,128,8,2,0.100485,0.129880,,
group1,2,4,2048,4096,128,8,4,0.100492,0.129696,,
group1,2,4,2048,4096,128,8,8,0.101334,0.129913,,
group1,2,4,2048,4096,128,8,16,0.100986,0.129655,,
group1,2,4,2048,4096,128,8,32,0.101438,0.130188,,
group1,2,4,2048,4096,128,8,64,0.101335,0.130641,,
group1,2,4,2048,4096,128,8,128,0.100775,0.130449,,
group1,2,4,2048,4096,128,8,256,0.100790,0.130097,,
group1,2,4,2048,4096,128,8,512,0.101822,0.130565,,
group1,2,4,2048,4096,128,8,1024,0.108249,0.130327,,
group1,2,4,2048,4096,128,8,2048,0.204086,0.226441,,
group1,2,4,2048,4096,128,8,4096,0.404164,0.441513,,
group1,2,4,2048,4096,256,4,2,0.100800,0.129317,,
group1,2,4,2048,4096,256,4,4,0.100924,0.129805,,
group1,2,4,2048,4096,256,4,8,0.101409,0.129996,,
group1,2,4,2048,4096,256,4,16,0.101005,0.130184,,
group1,2,4,2048,4096,256,4,32,0.101116,0.129979,,
group1,2,4,2048,4096,256,4,64,0.100959,0.130453,,
group1,2,4,2048,4096,256,4,128,0.100816,0.130004,,
group1,2,4,2048,4096,256,4,256,0.101113,0.130025,,
group1,2,4,2048,4096,256,4,512,0.101368,0.130341,,
group1,2,4,2048,4096,256,4,1024,0.108251,0.130316,,
group1,2,4,2048,4096,256,4,2048,0.204088,0.226459,,
group1,2,4,2048,4096,256,4,4096,0.404164,0.441448,,
group1,2,4,2048,4096,512,2,2,0.101634,0.129363,,
group1,2,4,2048,4096,512,2,4,0.100805,0.130403,,
group1,2,4,2048,4096,512,2,8,0.101721,0.129865,,
group1,2,4,2048,4096,512,2,16,0.101410,0.129090,,
group1,2,4,2048,4096,512,2,32,0.101829,0.129701,,
group1,2,4,2048,4096,512,2,64,0.101517,0.131130,,
group1,2,4,2048,4096,512,2,128,0.100983,0.130831,,
group1,2,4,2048,4096,512,2,256,0.101611,0.129430,,
group1,2,4,2048,4096,512,2,512,0.101594,0.130281,,
group1,2,4,2048,4096,512,2,1024,0.108281,0.129931,,
group1,2,4,2048,4096,512,2,2048,0.204162,0.226364,,
group1,2,4,2048,4096,512,2,4096,0.404244,0.441564,,
group1,2,4,2048,4096,1024,1,2,0.100492,0.086567,,
group1,2,4,2048,4096,1024,1,4,0.100868,0.087614,,
group1,2,4,2048,4096,1024,1,8,0.100763,0.086570,,
group1,2,4,2048,4096,1024,1,16,0.101077,0.087128,,
group1,2,4,2048,4096,1024,1,32,0.101095,0.087428,,
group1,2,4,2048,4096,1024,1,64,0.100815,0.087674,,
group1,2,4,2048,4096,1024,1,128,0.101132,0.087419,,
group1,2,4,2048,4096,1024,1,256,0.101179,0.087661,,
group1,2,4,2048,4096,1024,1,512,0.101939,0.087524,,
group1,2,4,2048,4096,1024,1,1024,0.107447,0.087565,,
group1,2,4,2048,4096,1024,1,2048,0.202310,0.163667,,
group1,2,4,2048,4096,1024,1,4096,0.400313,0.324442,,
group1,2,8,512,2048,1,256,2,0.100415,0.133749,,
group1,2,8,512,2048,1,256,4,0.101053,0.133801,,
group1,2,8,512,2048,1,256,8,0.100591,0.134094,,
group1,2,8,512,2048,1,256,16,0.100848,0.134593,,
group1,2,8,512,2048,1,256,32,0.100798,0.133949,,
group1,2,8,512,2048,1,256,64,0.100496,0.134317,,
group1,2,8,512,2048,1,256,128,0.100638,0.133657,,
group1,2,8,512,2048,1,256,256,0.100846,0.134281,,
group1,2,8,512,2048,1,256,512,0.102198,0.134550,,
group1,2,8,512,2048,1,256,1024,0.101968,0.134772,,
group1,2,8,512,2048,1,256,2048,0.102007,0.134091,,
group1,2,8,512,2048,1,256,4096,0.151289,0.145103,,
group1,2,8,512,2048,2,128,2,0.101102,0.128605,,
group1,2,8,512,2048,2,128,4,0.101201,0.129397,,
group1,2,8,512,2048,2,128,8,0.100961,0.129420,,
group1,2,8,512,2048,2,128,16,0.100943,0.129768,,
group1,2,8,512,2048,2,128,32,0.101014,0.129681,,
group1,2,8,512,2048,2,128,64,0.100924,0.129951,,
group1,2,8,512,2048,2,128,128,0.100949,0.130196,,
group1,2,8,512,2048,2,128,256,0.101465,0.130327,,
group1,2,8,512,2048,2,128,512,0.102124,0.130678,,
group1,2,8,512,2048,2,128,1024,0.101613,0.130294,,
group1,2,8,512,2048,2,128,2048,0.101936,0.129967,,
group1,2,8,512,2048,2,128,4096,0.151630,0.144608,,
group1,2,8,512,2048,4,64,2,0.100315,0.129388,,
group1,2,8,512,2048,4,64,4,0.100685,0.129341,,
group1,2,8,512,2048,4,64,8,0.100754,0.129763,,
group1,2,8,512,2048,4,64,16,0.100875,0.130284,,
group1,2,8,512,2048,4,64,32,0.101028,0.129356,,
group1,2,8,512,2048,4,64,64,0.101172,0.129830,,
group1,2,8,512,2048,4,64,128,0.101116,0.129934,,
group1,2,8,512,2048,4,64,256,0.101264,0.130427,,
group1,2,8,512,2048,4,64,512,0.101924,0.130560,,
group1,2,8,512,2048,4,64,1024,0.101874,0.130107,,
group1,2,8,512,2048,4,64,2048,0.102474,0.130268,,
group1,2,8,512,2048,4,64,4096,0.151705,0.144494,,
group1,2,8,512,2048,8,32,2,0.100764,0.129513,,
group1,2,8,512,2048,8,32,4,0.101303,0.129541,,
group1,2,8,512,2048,8,32,8,0.100856,0.129268,,
group1,2,8,512,2048,8,32,16,0.101020,0.129870,,
group1,2,8,512,2048,8,32,32,0.101127,0.130072,,
group1,2,8,512,2048,8,32,64,0.101184,0.130147,,
group1,2,8,512,2048,8,32,128,0.101289,0.130040,,
group1,2,8,512,2048,8,32,256,0.101287,0.130151,,
group1,2,8,512,2048,8,32,512,0.102221,0.130251,,
group1,2,8,512,2048,8,32,1024,0.101246,0.130490,,
group1,2,8,512,2048,8,32,2048,0.101699,0.130107,,
group1,2,8,512,2048,8,32,4096,0.151763,0.143727,,
group1,2,8,512,2048,16,16,2,0.082960,0.100229,,
group1,2,8,512,2048,16,16,4,0.083376,0.100578,,
group1,2,8,512,2048,16,16,8,0.083488,0.100600,,
group1,2,8,512,2048,16,16,16,0.084051,0.101061,,
group1,2,8,512,2048,16,16,32,0.083756,0.101167,,
group1,2,8,512,2048,16,16,64,0.083241,0.101486,,
group1,2,8,512,2048,16,16,128,0.083717,0.101437,,
group1,2,8,512,2048,16,16,256,0.083602,0.101086,,
group1,2,8,512,2048,16,16,512,0.084671,0.101242,,
group1,2,8,512,2048,16,16,1024,0.084826,0.101882,,
group1,2,8,512,2048,16,16,2048,0.084598,0.101354,,
group1,2,8,512,2048,16,16,4096,0.151532,0.146117,,
group1,2,8,512,2048,32,8,2,0.083090,0.100653,,
group1,2,8,512,2048,32,8,4,0.083516,0.100828,,
group1,2,8,512,2048,32,8,8,0.083269,0.101316,,
group1,2,8,512,2048,32,8,16,0.083813,0.101306,,
group1,2,8,512,2048,32,8,32,0.083408,0.101501,,
group1,2,8,512,2048,32,8,64,0.083703,0.101296,,
group1,2,8,512,2048,32,8,128,0.083585,0.101487,,
group1,2,8,512,2048,32,8,256,0.083578,0.100448,,
group1,2,8,512,2048,32,8,512,0.084048,0.101283,,
group1,2,8,512,2048,32,8,1024,0.084572,0.101349,,
group1,2,8,512,2048,32,8,2048,0.084735,0.101241,,
group1,2,8,512,2048,32,8,4096,0.151662,0.146435,,
group1,2,8,512,2048,64,4,2,0.083674,0.100826,,
group1,2,8,512,2048,64,4,4,0.084228,0.100930,,
group1,2,8,512,2048,64,4,8,0.083741,0.100994,,
group1,2,8,512,2048,64,4,16,0.083726,0.101148,,
group1,2,8,512,2048,64,4,32,0.083320,0.100808,,
group1,2,8,512,2048,64,4,64,0.083663,0.100538,,
group1,2,8,512,2048,64,4,128,0.083517,0.100569,,
group1,2,8,512,2048,64,4,256,0.083696,0.100771,,
group1,2,8,512,2048,64,4,512,0.084759,0.101315,,
group1,2,8,512,2048,64,4,1024,0.085072,0.101235,,
group1,2,8,512,2048,64,4,2048,0.084790,0.101337,,
group1,2,8,512,2048,64,4,4096,0.151725,0.147312,,
group1,2,8,512,2048,128,2,2,0.083735,0.100746,,
group1,2,8,512,2048,128,2,4,0.083878,0.100734,,
group1,2,8,512,2048,128,2,8,0.084011,0.101337,,
group1,2,8,512,2048,128,2,16,0.084060,0.100557,,
group1,2,8,512,2048,128,2,32,0.083793,0.101771,,
group1,2,8,512,2048,128,2,64,0.083935,0.101019,,
group1,2,8,512,2048,128,2,128,0.084215,0.101545,,
group1,2,8,512,2048,128,2,256,0.084519,0.101182,,
group1,2,8,512,2048,128,2,512,0.084874,0.101364,,
group1,2,8,512,2048,128,2,1024,0.084637,0.102124,,
group1,2,8,512,2048,128,2,2048,0.084810,0.101722,,
group1,2,8,512,2048,128,2,4096,0.151725,0.147345,,
group1,2,8,512,2048,256,1,2,0.083328,0.063614,,
group1,2,8,512,2048,256,1,4,0.082590,0.063383,,
group1,2,8,512,2048,256,1,8,0.083410,0.063679,,
group1,2,8,512,2048,256,1,16,0.082750,0.063906,,
group1,2,8,512,2048,256,1,32,0.083754,0.063842,,
group1,2,8,512,2048,256,1,64,0.083545,0.063421,,
group1,2,8,512,2048,256,1,128,0.083748,0.063840,,
group1,2,8,512,2048,256,1,256,0.083642,0.063827,,
group1,2,8,512,2048,256,1,512,0.084808,0.064223,,
group1,2,8,512,2048,256,1,1024,0.084560,0.063890,,
group1,2,8,512,2048,256,1,2048,0.084464,0.063734,,
group1,2,8,512,2048,256,1,4096,0.151403,0.094458,,
group1,2,8,1024,4096,1,512,2,0.083590,0.104657,,
group1,2,8,1024,4096,1,512,4,0.084271,0.104741,,
group1,2,8,1024,4096,1,512,8,0.084085,0.104837,,
group1,2,8,1024,4096,1,512,16,0.084278,0.105302,,
group1,2,8,1024,4096,1,512,32,0.083674,0.105247,,
group1,2,8,1024,4096,1,512,64,0.084331,0.105465,,
group1,2,8,1024,4096,1,512,128,0.083920,0.105062,,
group1,2,8,1024,4096,1,512,256,0.084351,0.105589,,
group1,2,8,1024,4096,1,512,512,0.084866,0.105908,,
group1,2,8,1024,4096,1,512,1024,0.085157,0.105682,,
group1,2,8,1024,4096,1,512,2048,0.151366,0.146687,,
group1,2,8,1024,4096,1,512,4096,0.297062,0.281542,,
group1,2,8,1024,4096,2,256,2,0.083700,0.101433,,
group1,2,8,1024,4096,2,256,4,0.084343,0.101269,,
group1,2,8,1024,4096,2,256,8,0.084324,0.101641,,
group1,2,8,1024,4096,2,256,16,0.083888,0.101843,,
group1,2,8,1024,4096,2,256,32,0.083913,0.101433,,
group1,2,8,1024,4096,2,256,64,0.084625,0.102004,,
group1,2,8,1024,4096,2,256,128,0.084362,0.101713,,
group1,2,8,1024,4096,2,256,256,0.084963,0.102166,,
group1,2,8,1024,4096,2,256,512,0.085198,0.102216,,
group1,2,8,1024,4096,2,256,1024,0.085291,0.102411,,
group1,2,8,1024,4096,2,256,2048,0.151360,0.145115,,
group1,2,8,1024,4096,2,256,4096,0.296895,0.277215,,
group1,2,8,1024,4096,4,128,2,0.083813,0.101126,,
group1,2,8,1024,4096,4,128,4,0.084260,0.101911,,
group1,2,8,1024,4096,4,128,8,0.084696,0.101242,,
group1,2,8,1024,4096,4,128,16,0.084247,0.101500,,
group1,2,8,1024,4096,4,128,32,0.084497,0.101924,,
group1,2,8,1024,4096,4,128,64,0.084359,0.101886,,
group1,2,8,1024,4096,4,128,128,0.084128,0.100977,,
group1,2,8,1024,4096,4,128,256,0.084659,0.101343,,
group1,2,8,1024,4096,4,128,512,0.084936,0.101708,,
group1,2,8,1024,4096,4,128,1024,0.084929,0.102207,,
group1,2,8,1024,4096,4,128,2048,0.151423,0.144528,,
group1,2,8,1024,4096,4,128,4096,0.296957,0.275503,,
group1,2,8,1024,4096,8,64,2,0.083756,0.100842,,
group1,2,8,1024,4096,8,64,4,0.084134,0.101705,,
group1,2,8,1024,4096,8,64,8,0.083753,0.101396,,
group1,2,8,1024,4096,8,64,16,0.084070,0.101936,,
group1,2,8,1024,4096,8,64,32,0.084150,0.102133,,
group1,2,8,1024,4096,8,64,64,0.083958,0.101947,,
group1,2,8,1024,4096,8,64,128,0.083811,0.101398,,
group1,2,8,1024,4096,8,64,256,0.084068,0.101428,,
group1,2,8,1024,4096,8,64,512,0.084994,0.101751,,
group1,2,8,1024,4096,8,64,1024,0.085102,0.101732,,
group1,2,8,1024,4096,8,64,2048,0.151480,0.144678,,
group1,2,8,1024,4096,8,64,4096,0.296951,0.277081,,
group1,2,8,1024,4096,16,32,2,0.083727,0.100810,,
group1,2,8,1024,4096,16,32,4,0.084064,0.101343,,
group1,2,8,1024,4096,16,32,8,0.083918,0.101661,,
group1,2,8,1024,4096,16,32,16,0.084730,0.101907,,
group1,2,8,1024,4096,16,32,32,0.083836,0.101371,,
group1,2,8,1024,4096,16,32,64,0.084179,0.101552,,
group1,2,8,1024,4096,16,32,128,0.083586,0.101564,,
group1,2,8,1024,4096,16,32,256,0.084540,0.101211,,
group1,2,8,1024,4096,16,32,512,0.085006,0.101938,,
group1,2,8,1024,4096,16,32,1024,0.085143,0.101839,,
group1,2,8,1024,4096,16,32,2048,0.151447,0.144026,,
group1,2,8,1024,4096,16,32,4096,0.296915,0.276673,,
group1,2,8,1024,4096,32,16,2,0.083886,0.101260,,
group1,2,8,1024,4096,32,16,4,0.084298,0.101419,,
group1,2,8,1024,4096,32,16,8,0.083540,0.101473,,
group1,2,8,1024,4096,32,16,16,0.084115,0.101236,,
group1,2,8,1024,4096,32,16,32,0.084362,0.101307,,
group1,2,8,1024,4096,32,16,64,0.083981,0.101398,,
group1,2,8,1024,4096,32,16,128,0.083501,0.100759,,
group1,2,8,1024,4096,32,16,256,0.084391,0.100944,,
group1,2,8,1024,4096,32,16,512,0.084850,0.101944,,
group1,2,8,1024,4096,32,16,1024,0.085081,0.101577,,
group1,2,8,1024,4096,32,16,2048,0.151468,0.146654,,
group1,2,8,1024,4096,32,16,4096,0.297022,0.281888,,
group1,2,8,1024,4096,64,8,2,0.084036,0.100526,,
group1,2,8,1024,4096,64,8,4,0.084223,0.101324,,
group1,2,8,1024,4096,64,8,8,0.085002,0.101416,,
group1,2,8,1024,4096,64,8,16,0.085035,0.101366,,
group1,2,8,1024,4096,64,8,32,0.085159,0.102052,,
group1,2,8,1024,4096,64,8,64,0.085342,0.101536,,
group1,2,8,1024,4096,64,8,128,0.085440,0.101639,,
group1,2,8,1024,4096,64,8,256,0.085562,0.101872,,
group1,2,8,1024,4096,64,8,512,0.086037,0.102534,,
group1,2,8,1024,4096,64,8,1024,0.085864,0.102299,,
group1,2,8,1024,4096,64,8,2048,0.151456,0.146901,,
group1,2,8,1024,4096,64,8,4096,0.297207,0.282802,,
group1,2,8,1024,4096,128,4,2,0.084331,0.101310,,
group1,2,8,1024,4096,128,4,4,0.084885,0.101738,,
group1,2,8,1024,4096,128,4,8,0.084610,0.101426,,
group1,2,8,1024,4096,128,4,16,0.084828,0.101906,,
group1,2,8,1024,4096,128,4,32,0.084784,0.101715,,
group1,2,8,1024,4096,128,4,64,0.085115,0.101859,,
group1,2,8,1024,4096,128,4,128,0.084828,0.101253,,
group1,2,8,1024,4096,128,4,256,0.085217,0.101349,,
group1,2,8,1024,4096,128,4,512,0.085468,0.102089,,
group1,2,8,1024,4096,128,4,1024,0.085672,0.102576,,
group1,2,8,1024,4096,128,4,2048,0.151549,0.147774,,
group1,2,8,1024,4096,128,4,4096,0.296945,0.283881,,
group1,2,8,1024,4096,256,2,2,0.084512,0.101459,,
group1,2,8,1024,4096,256,2,4,0.084873,0.102113,,
group1,2,8,1024,4096,256,2,8,0.084737,0.101852,,
group1,2,8,1024,4096,256,2,16,0.085001,0.101664,,
group1,2,8,1024,4096,256,2,32,0.084602,0.102250,,
group1,2,8,1024,4096,256,2,64,0.084702,0.101996,,
group1,2,8,1024,4096,256,2,128,0.084783,0.101611,,
group1,2,8,1024,4096,256,2,256,0.085571,0.101593,,
group1,2,8,1024,4096,256,2,512,0.085770,0.102226,,
group1,2,8,1024,4096,256,2,1024,0.085837,0.102451,,
group1,2,8,1024,4096,256,2,2048,0.151479,0.147961,,
group1,2,8,1024,4096,256,2,4096,0.297168,0.283885,,
group1,2,8,1024,4096,512,1,2,0.084073,0.063994,,
group1,2,8,1024,4096,512,1,4,0.084211,0.063676,,
group1,2,8,1024,4096,512,1,8,0.084862,0.064079,,
group1,2,8,1024,4096,512,1,16,0.084442,0.063787,,
group1,2,8,1024,4096,512,1,32,0.084634,0.064146,,
group1,2,8,1024,4096,512,1,64,0.084529,0.064128,,
group1,2,8,1024,4096,512,1,128,0.084671,0.063623,,
group1,2,8,1024,4096,512,1,256,0.085025,0.064045,,
group1,2,8,1024,4096,512,1,512,0.085450,0.064163,,
group1,2,8,1024,4096,512,1,1024,0.085297,0.063653,,
group1,2,8,1024,4096,512,1,2048,0.150923,0.094343,,
group1,2,8,1024,4096,512,1,4096,0.296735,0.186632,,
group1,2,16,512,4096,1,256,2,0.083356,0.104175,,
group1,2,16,512,4096,1,256,4,0.083608,0.104829,,
group1,2,16,512,4096,1,256,8,0.083924,0.104725,,
group1,2,16,512,4096,1,256,16,0.084903,0.104744,,
group1,2,16,512,4096,1,256,32,0.084534,0.104833,,
group1,2,16,512,4096,1,256,64,0.084146,0.104759,,
group1,2,16,512,4096,1,256,128,0.083792,0.104241,,
group1,2,16,512,4096,1,256,256,0.084571,0.105040,,
group1,2,16,512,4096,1,256,512,0.085172,0.104848,,
group1,2,16,512,4096,1,256,1024,0.085542,0.105472,,
group1,2,16,512,4096,1,256,2048,0.126560,0.106035,,
group1,2,16,512,4096,1,256,4096,0.250580,0.175683,,
group1,2,16,512,4096,2,128,2,0.083754,0.100709,,
group1,2,16,512,4096,2,128,4,0.084260,0.101583,,
group1,2,16,512,4096,2,128,8,0.083975,0.101282,,
group1,2,16,512,4096,2,128,16,0.084757,0.101101,,
group1,2,16,512,4096,2,128,32,0.084498,0.102007,,
group1,2,16,512,4096,2,128,64,0.084453,0.101204,,
group1,2,16,512,4096,2,128,128,0.084048,0.101506,,
group1,2,16,512,4096,2,128,256,0.084562,0.101592,,
group1,2,16,512,4096,2,128,512,0.085162,0.101808,,
group1,2,16,512,4096,2,128,1024,0.085458,0.101736,,
group1,2,16,512,4096,2,128,2048,0.126808,0.102318,,
group1,2,16,512,4096,2,128,4096,0.250605,0.175354,,
group1,2,16,512,4096,4,64,2,0.083777,0.101058,,
group1,2,16,512,4096,4,64,4,0.084189,0.101274,,
group1,2,16,512,4096,4,64,8,0.083856,0.101378,,
group1,2,16,512,4096,4,64,16,0.083994,0.101391,,
group1,2,16,512,4096,4,64,32,0.083678,0.101118,,
group1,2,16,512,4096,4,64,64,0.084061,0.101133,,
group1,2,16,512,4096,4,64,128,0.083807,0.100981,,
group1,2,16,512,4096,4,64,256,0.084212,0.101418,,
group1,2,16,512,4096,4,64,512,0.085390,0.101801,,
group1,2,16,512,4096,4,64,1024,0.086259,0.101915,,
group1,2,16,512,4096,4,64,2048,0.126855,0.101935,,
group1,2,16,512,4096,4,64,4096,0.250677,0.176768,,
group1,2,16,512,4096,8,32,2,0.083575,0.100957,,
group1,2,16,512,4096,8,32,4,0.084285,0.101722,,
group1,2,16,512,4096,8,32,8,0.084056,0.101607,,
group1,2,16,512,4096,8,32,16,0.084598,0.101112,,
group1,2,16,512,4096,8,32,32,0.084179,0.101267,,
group1,2,16,512,4096,8,32,64,0.084404,0.101165,,
group1,2,16,512,4096,8,32,128,0.084309,0.101213,,
group1,2,16,512,4096,8,32,256,0.084812,0.101539,,
group1,2,16,512,4096,8,32,512,0.085809,0.102002,,
group1,2,16,512,4096,8,32,1024,0.085936,0.102034,,
group1,2,16,512,4096,8,32,2048,0.126835,0.102341,,
group1,2,16,512,4096,8,32,4096,0.250660,0.166649,,
group1,2,16,512,4096,16,16,2,0.083956,0.100824,,
group1,2,16,512,4096,16,16,4,0.084498,0.101152,,
group1,2,16,512,4096,16,16,8,0.084444,0.101134,,
group1,2,16,512,4096,16,16,16,0.084684,0.101467,,
group1,2,16,512,4096,16,16,32,0.083999,0.101448,,
group1,2,16,512,4096,16,16,64,0.083971,0.100921,,
group1,2,16,512,4096,16,16,128,0.084318,0.101584,,
group1,2,16,512,4096,16,16,256,0.084624,0.101198,,
group1,2,16,512,4096,16,16,512,0.084866,0.101193,,
group1,2,16,512,4096,16,16,1024,0.085547,0.101504,,
group1,2,16,512,4096,16,16,2048,0.126844,0.102065,,
group1,2,16,512,4096,16,16,4096,0.250611,0.167249,,
group1,2,16,512,4096,32,8,2,0.084456,0.101181,,
group1,2,16,512,4096,32,8,4,0.084628,0.101366,,
group1,2,16,512,4096,32,8,8,0.084279,0.101133,,
group1,2,16,512,4096,32,8,16,0.084985,0.100798,,
group1,2,16,512,4096,32,8,32,0.084917,0.101506,,
group1,2,16,512,4096,32,8,64,0.084565,0.101641,,
group1,2,16,512,4096,32,8,128,0.084654,0.101786,,
group1,2,16,512,4096,32,8,256,0.084592,0.101297,,
group1,2,16,512,4096,32,8,512,0.085467,0.101234,,
group1,2,16,512,4096,32,8,1024,0.085950,0.101955,,
group1,2,16,512,4096,32,8,2048,0.126848,0.102367,,
group1,2,16,512,4096,32,8,4096,0.250524,0.181564,,
group1,2,16,512,4096,64,4,2,0.083868,0.101092,,
group1,2,16,512,4096,64,4,4,0.084765,0.101043,,
group1,2,16,512,4096,64,4,8,0.084381,0.101553,,
group1,2,16,512,4096,64,4,16,0.084510,0.101852,,
group1,2,16,512,4096,64,4,32,0.084066,0.101670,,
group1,2,16,512,4096,64,4,64,0.084472,0.101285,,
group1,2,16,512,4096,64,4,128,0.084276,0.101846,,
group1,2,16,512,4096,64,4,256,0.085252,0.101653,,
group1,2,16,512,4096,64,4,512,0.085382,0.102110,,
group1,2,16,512,4096,64,4,1024,0.085785,0.102576,,
group1,2,16,512,4096,64,4,2048,0.126908,0.101903,,
group1,2,16,512,4096,64,4,4096,0.250571,0.182311,,
group1,2,16,512,4096,128,2,2,0.084269,0.101060,,
group1,2,16,512,4096,128,2,4,0.084466,0.101490,,
group1,2,16,512,4096,128,2,8,0.084186,0.101375,,
group1,2,16,512,4096,128,2,16,0.084844,0.101438,,
group1,2,16,512,4096,128,2,32,0.084480,0.101724,,
group1,2,16,512,4096,128,2,64,0.084742,0.101831,,
group1,2,16,512,4096,128,2,128,0.084552,0.101383,,
group1,2,16,512,4096,128,2,256,0.084793,0.102293,,
group1,2,16,512,4096,128,2,512,0.086129,0.102078,,
group1,2,16,512,4096,128,2,1024,0.085757,0.102711,,
group1,2,16,512,4096,128,2,2048,0.126907,0.102090,,
group1,2,16,512,4096,128,2,4096,0.250505,0.183499,,
group1,2,16,512,4096,256,1,2,0.084346,0.063744,,
group1,2,16,512,4096,256,1,4,0.083952,0.063687,,
group1,2,16,512,4096,256,1,8,0.084514,0.064153,,
group1,2,16,512,4096,256,1,16,0.084208,0.064231,,
group1,2,16,512,4096,256,1,32,0.084659,0.064080,,
group1,2,16,512,4096,256,1,64,0.084977,0.064236,,
group1,2,16,512,4096,256,1,128,0.084728,0.064637,,
group1,2,16,512,4096,256,1,256,0.085258,0.064008,,
group1,2,16,512,4096,256,1,512,0.085726,0.064668,,
group1,2,16,512,4096,256,1,1024,0.086325,0.064411,,
group1,2,16,512,4096,256,1,2048,0.126396,0.064176,,
group1,2,16,512,4096,256,1,4096,0.249976,0.095873,,
group1,4,2,1024,512,1,256,2,0.084136,0.104643,,
group1,4,2,1024,512,1,256,4,0.084622,0.105268,,
group1,4,2,1024,512,1,256,8,0.084469,0.105001,,
group1,4,2,1024,512,1,256,16,0.085338,0.105159,,
group1,4,2,1024,512,1,256,32,0.084943,0.105164,,
group1,4,2,1024,512,1,256,64,0.084800,0.105224,,
group1,4,2,1024,512,1,256,128,0.084625,0.105462,,
group1,4,2,1024,512,1,256,256,0.084669,0.105490,,
group1,4,2,1024,512,1,256,512,0.085191,0.104904,,
group1,4,2,1024,512,1,256,1024,0.085140,0.106173,,
group1,4,2,1024,512,1,256,2048,0.085835,0.105798,,
group1,4,2,1024,512,1,256,4096,0.109432,0.107480,,
group1,4,2,1024,512,2,128,2,0.084432,0.101136,,
group1,4,2,1024,512,2,128,4,0.084350,0.101281,,
group1,4,2,1024,512,2,128,8,0.084390,0.102001,,
group1,4,2,1024,512,2,128,16,0.084746,0.101714,,
group1,4,2,1024,512,2,128,32,0.084194,0.101811,,
group1,4,2,1024,512,2,128,64,0.084290,0.102189,,
group1,4,2,1024,512,2,128,128,0.084206,0.101386,,
group1,4,2,1024,512,2,128,256,0.084317,0.101803,,
group1,4,2,1024,512,2,128,512,0.085397,0.101903,,
group1,4,2,1024,512,2,128,1024,0.085166,0.102210,,
group1,4,2,1024,512,2,128,2048,0.085555,0.102314,,
group1,4,2,1024,512,2,128,4096,0.109457,0.106742,,
group1,4,2,1024,512,4,64,2,0.084180,0.101360,,
group1,4,2,1024,512,4,64,4,0.083933,0.101230,,
group1,4,2,1024,512,4,64,8,0.084068,0.101099,,
group1,4,2,1024,512,4,64,16,0.084498,0.101281,,
group1,4,2,1024,512,4,64,32,0.084029,0.100829,,
group1,4,2,1024,512,4,64,64,0.084113,0.101237,,
group1,4,2,1024,512,4,64,128,0.084234,0.101072,,
group1,4,2,1024,512,4,64,256,0.084427,0.101617,,
group1,4,2,1024,512,4,64,512,0.085307,0.101022,,
group1,4,2,1024,512,4,64,1024,0.085007,0.101607,,
group1,4,2,1024,512,4,64,2048,0.085590,0.101899,,
group1,4,2,1024,512,4,64,4096,0.109438,0.107026,,
group1,4,2,1024,512,8,32,2,0.084138,0.100773,,
group1,4,2,1024,512,8,32,4,0.084228,0.101262,,
group1,4,2,1024,512,8,32,8,0.084268,0.101627,,
group1,4,2,1024,512,8,32,16,0.084355,0.101552,,
group1,4,2,1024,512,8,32,32,0.083895,0.100865,,
group1,4,2,1024,512,8,32,64,0.084478,0.101547,,
group1,4,2,1024,512,8,32,128,0.084255,0.100998,,
group1,4,2,1024,512,8,32,256,0.084741,0.101555,,
group1,4,2,1024,512,8,32,512,0.085144,0.100934,,
group1,4,2,1024,512,8,32,1024,0.085335,0.101846,,
group1,4,2,1024,512,8,32,2048,0.085699,0.101558,,
group1,4,2,1024,512,8,32,4096,0.109442,0.107733,,
group1,4,2,1024,512,16,16,2,0.084248,0.100908,,
group1,4,2,1024,512,16,16,4,0.084017,0.101015,,
group1,4,2,1024,512,16,16,8,0.084248,0.101234,,
group1,4,2,1024,512,16,16,16,0.085052,0.101326,,
group1,4,2,1024,512,16,16,32,0.083998,0.101200,,
group1,4,2,1024,512,16,16,64,0.084166,0.101268,,
group1,4,2,1024,512,16,16,128,0.084060,0.101094,,
group1,4,2,1024,512,16,16,256,0.084437,0.101396,,
group1,4,2,1024,512,16,16,512,0.085296,0.101088,,
group1,4,2,1024,512,16,16,1024,0.085169,0.101743,,
group1,4,2,1024,512,16,16,2048,0.085886,0.101766,,
group1,4,2,1024,512,16,16,4096,0.109391,0.107908,,
group1,4,2,1024,512,32,8,2,0.083830,0.100846,,
group1,4,2,1024,512,32,8,4,0.084191,0.101272,,
group1,4,2,1024,512,32,8,8,0.084136,0.101658,,
group1,4,2,1024,512,32,8,16,0.084060,0.101060,,
group1,4,2,1024,512,32,8,32,0.083980,0.101173,,
group1,4,2,1024,512,32,8,64,0.084040,0.101080,,
group1,4,2,1024,512,32,8,128,0.084391,0.100927,,
group1,4,2,1024,512,32,8,256,0.083852,0.101508,,
group1,4,2,1024,512,32,8,512,0.085124,0.101033,,
group1,4,2,1024,512,32,8,1024,0.084627,0.101947,,
group1,4,2,1024,512,32,8,2048,0.085958,0.101646,,
group1,4,2,1024,512,32,8,4096,0.109449,0.107937,,
group1,4,2,1024,512,64,4,2,0.084629,0.100782,,
group1,4,2,1024,512,64,4,4,0.083771,0.100408,,
group1,4,2,1024,512,64,4,8,0.084168,0.101141,,
group1,4,2,1024,512,64,4,16,0.084249,0.101261,,
group1,4,2,1024,512,64,4,32,0.084216,0.101499,,
group1,4,2,1024,512,64,4,64,0.083938,0.101194,,
group1,4,2,1024,512,64,4,128,0.084368,0.101282,,
group1,4,2,1024,512,64,4,256,0.084657,0.101382,,
group1,4,2,1024,512,64,4,512,0.085365,0.101143,,
group1,4,2,1024,512,64,4,1024,0.085356,0.101507,,
group1,4,2,1024,512,64,4,2048,0.086519,0.102197,,
group1,4,2,1024,512,64,4,4096,0.109434,0.107899,,
group1,4,2,1024,512,128,2,2,0.084449,0.100795,,
group1,4,2,1024,512,128,2,4,0.084166,0.101572,,
group1,4,2,1024,512,128,2,8,0.084386,0.101632,,
group1,4,2,1024,512,128,2,16,0.084482,0.101302,,
group1,4,2,1024,512,128,2,32,0.084002,0.101617,,
group1,4,2,1024,512,128,2,64,0.084328,0.101112,,
group1,4,2,1024,512,128,2,128,0.084369,0.101121,,
group1,4,2,1024,512,128,2,256,0.084222,0.101165,,
group1,4,2,1024,512,128,2,512,0.085306,0.101126,,
group1,4,2,1024,512,128,2,1024,0.085171,0.101986,,
group1,4,2,1024,512,128,2,2048,0.085870,0.101802,,
group1,4,2,1024,512,128,2,4096,0.109392,0.107908,,
group1,4,2,1024,512,256,1,2,0.084785,0.063370,,
group1,4,2,1024,512,256,1,4,0.084334,0.063934,,
group1,4,2,1024,512,256,1,8,0.084137,0.064281,,
group1,4,2,1024,512,256,1,16,0.084750,0.063980,,
group1,4,2,1024,512,256,1,32,0.083553,0.063712,,
group1,4,2,1024,512,256,1,64,0.084480,0.063792,,
group1,4,2,1024,512,256,1,128,0.084214,0.063875,,
group1,4,2,1024,512,256,1,256,0.084389,0.063589,,
group1,4,2,1024,512,256,1,512,0.083808,0.063874,,
group1,4,2,1024,512,256,1,1024,0.085622,0.063612,,
group1,4,2,1024,512,256,1,2048,0.085274,0.063440,,
group1,4,2,1024,512,256,1,4096,0.108435,0.078402,,
group1,4,2,2048,1024,1,512,2,0.084892,0.104204,,
group1,4,2,2048,1024,1,512,4,0.084413,0.104971,,
group1,4,2,2048,1024,1,512,8,0.084725,0.105250,,
group1,4,2,2048,1024,1,512,16,0.084461,0.105051,,
group1,4,2,2048,1024,1,512,32,0.085033,0.105075,,
group1,4,2,2048,1024,1,512,64,0.084433,0.104573,,
group1,4,2,2048,1024,1,512,128,0.084555,0.105077,,
group1,4,2,2048,1024,1,512,256,0.085519,0.105379,,
group1,4,2,2048,1024,1,512,512,0.085266,0.105601,,
group1,4,2,2048,1024,1,512,1024,0.085952,0.106036,,
group1,4,2,2048,1024,1,512,2048,0.107282,0.108671,,
group1,4,2,2048,1024,1,512,4096,0.204761,0.213426,,
group1,4,2,2048,1024,2,256,2,0.084091,0.101511,,
group1,4,2,2048,1024,2,256,4,0.084110,0.101219,,
group1,4,2,2048,1024,2,256,8,0.084386,0.101267,,
group1,4,2,2048,1024,2,256,16,0.084399,0.101208,,
group1,4,2,2048,1024,2,256,32,0.084694,0.101458,,
group1,4,2,2048,1024,2,256,64,0.084312,0.101117,,
group1,4,2,2048,1024,2,256,128,0.085014,0.100724,,
group1,4,2,2048,1024,2,256,256,0.085123,0.101141,,
group1,4,2,2048,1024,2,256,512,0.085470,0.101878,,
group1,4,2,2048,1024,2,256,1024,0.085732,0.102460,,
group1,4,2,2048,1024,2,256,2048,0.107356,0.107309,,
group1,4,2,2048,1024,2,256,4096,0.204745,0.208299,,
group1,4,2,2048,1024,4,128,2,0.084507,0.101304,,
group1,4,2,2048,1024,4,128,4,0.084284,0.101517,,
group1,4,2,2048,1024,4,128,8,0.084422,0.101342,,
group1,4,2,2048,1024,4,128,16,0.084709,0.101124,,
group1,4,2,2048,1024,4,128,32,0.084328,0.101928,,
group1,4,2,2048,1024,4,128,64,0.083936,0.101430,,
group1,4,2,2048,1024,4,128,128,0.084672,0.101092,,
group1,4,2,2048,1024,4,128,256,0.085419,0.101388,,
group1,4,2,2048,1024,4,128,512,0.085388,0.102005,,
group1,4,2,2048,1024,4,128,1024,0.086069,0.102086,,
group1,4,2,2048,1024,4,128,2048,0.107312,0.106686,,
group1,4,2,2048,1024,4,128,4096,0.204690,0.206575,,
group1,4,2,2048,1024,8,64,2,0.084763,0.101010,,
group1,4,2,2048,1024,8,64,4,0.084668,0.101490,,
group1,4,2,2048,1024,8,64,8,0.084236,0.101350,,
group1,4,2,2048,1024,8,64,16,0.084681,0.101177,,
group1,4,2,2048,1024,8,64,32,0.084182,0.101446,,
group1,4,2,2048,1024,8,64,64,0.083998,0.101237,,
group1,4,2,2048,1024,8,64,128,0.084829,0.101023,,
group1,4,2,2048,1024,8,64,256,0.085774,0.101438,,
group1,4,2,2048,1024,8,64,512,0.085122,0.102002,,
group1,4,2,2048,1024,8,64,1024,0.085768,0.102268,,
group1,4,2,2048,1024,8,64,2048,0.107258,0.106847,,
group1,4,2,2048,1024,8,64,4096,0.204567,0.207146,,
group1,4,2,2048,1024,16,32,2,0.083910,0.101133,,
group1,4,2,2048,1024,16,32,4,0.083940,0.101080,,
group1,4,2,2048,1024,16,32,8,0.084311,0.101393,,
group1,4,2,2048,1024,16,32,16,0.084515,0.101389,,
group1,4,2,2048,1024,16,32,32,0.084108,0.101630,,
group1,4,2,2048,1024,16,32,64,0.084162,0.101488,,
group1,4,2,2048,1024,16,32,128,0.084634,0.101666,,
group1,4,2,2048,1024,16,32,256,0.084945,0.101687,,
group1,4,2,2048,1024,16,32,512,0.085039,0.102400,,
group1,4,2,2048,1024,16,32,1024,0.085008,0.102059,,
group1,4,2,2048,1024,16,32,2048,0.107313,0.107625,,
group1,4,2,2048,1024,16,32,4096,0.204760,0.212036,,
group1,4,2,2048,1024,32,16,2,0.084549,0.101421,,
group1,4,2,2048,1024,32,16,4,0.084013,0.102012,,
group1,4,2,2048,1024,32,16,8,0.084474,0.101503,,
group1,4,2,2048,1024,32,16,16,0.084283,0.101744,,
group1,4,2,2048,1024,32,16,32,0.083833,0.101517,,
group1,4,2,2048,1024,32,16,64,0.084078,0.101774,,
group1,4,2,2048,1024,32,16,128,0.084854,0.101192,,
group1,4,2,2048,1024,32,16,256,0.085117,0.101846,,
group1,4,2,2048,1024,32,16,512,0.085639,0.102239,,
group1,4,2,2048,1024,32,16,1024,0.085704,0.102247,,
group1,4,2,2048,1024,32,16,2048,0.107381,0.107751,,
group1,4,2,2048,1024,32,16,4096,0.204662,0.212911,,
group1,4,2,2048,1024,64,8,2,0.084087,0.101455,,
group1,4,2,2048,1024,64,8,4,0.083632,0.101369,,
group1,4,2,2048,1024,64,8,8,0.083976,0.101425,,
group1,4,2,2048,1024,64,8,16,0.084031,0.101047,,
group1,4,2,2048,1024,64,8,32,0.084175,0.101464,,
group1,4,2,2048,1024,64,8,64,0.084063,0.101357,,
group1,4,2,2048,1024,64,8,128,0.084637,0.101387,,
group1,4,2,2048,1024,64,8,256,0.085039,0.101331,,
group1,4,2,2048,1024,64,8,512,0.085015,0.101942,,
group1,4,2,2048,1024,64,8,1024,0.085495,0.102153,,
group1,4,2,2048,1024,64,8,2048,0.107371,0.107830,,
group1,4,2,2048,1024,64,8,4096,0.204793,0.213338,,
group1,4,2,2048,1024,128,4,2,0.084276,0.101343,,
group1,4,2,2048,1024,128,4,4,0.084344,0.101421,,
group1,4,2,2048,1024,128,4,8,0.084389,0.101551,,
group1,4,2,2048,1024,128,4,16,0.084453,0.101352,,
group1,4,2,2048,1024,128,4,32,0.084138,0.101770,,
group1,4,2,2048,1024,128,4,64,0.084086,0.101493,,
group1,4,2,2048,1024,128,4,128,0.084493,0.101352,,
group1,4,2,2048,1024,128,4,256,0.085469,0.101944,,
group1,4,2,2048,1024,128,4,512,0.085272,0.102383,,
group1,4,2,2048,1024,128,4,1024,0.085379,0.102402,,
group1,4,2,2048,1024,128,4,2048,0.107360,0.107869,,
group1,4,2,2048,1024,128,4,4096,0.204652,0.213360,,
group1,4,2,2048,1024,256,2,2,0.084472,0.101601,,
group1,4,2,2048,1024,256,2,4,0.083930,0.101228,,
group1,4,2,2048,1024,256,2,8,0.084077,0.101270,,
group1,4,2,2048,1024,256,2,16,0.084172,0.101567,,
group1,4,2,2048,1024,256,2,32,0.084468,0.102090,,
group1,4,2,2048,1024,256,2,64,0.084121,0.101495,,
group1,4,2,2048,1024,256,2,128,0.084485,0.101520,,
group1,4,2,2048,1024,256,2,256,0.085420,0.102130,,
group1,4,2,2048,1024,256,2,512,0.085422,0.102466,,
group1,4,2,2048,1024,256,2,1024,0.085580,0.102391,,
group1,4,2,2048,1024,256,2,2048,0.107290,0.107791,,
group1,4,2,2048,1024,256,2,4096,0.204693,0.213349,,
group1,4,2,2048,1024,512,1,2,0.084431,0.063920,,
group1,4,2,2048,1024,512,1,4,0.084174,0.064325,,
group1,4,2,2048,1024,512,1,8,0.084409,0.064184,,
group1,4,2,2048,1024,512,1,16,0.084278,0.064062,,
group1,4,2,2048,1024,512,1,32,0.083909,0.064124,,
group1,4,2,2048,1024,512,1,64,0.084371,0.064251,,
group1,4,2,2048,1024,512,1,128,0.084503,0.064036,,
group1,4,2,2048,1024,512,1,256,0.085374,0.064118,,
group1,4,2,2048,1024,512,1,512,0.085344,0.063943,,
group1,4,2,2048,1024,512,1,1024,0.085458,0.063754,,
group1,4,2,2048,1024,512,1,2048,0.106431,0.078308,,
group1,4,2,2048,1024,512,1,4096,0.203080,0.152397,,
group1,4,2,4096,2048,1,1024,2,0.083832,0.105064,,
group1,4,2,4096,2048,1,1024,4,0.084180,0.105368,,
group1,4,2,4096,2048,1,1024,8,0.084624,0.105590,,
group1,4,2,4096,2048,1,1024,16,0.084657,0.105119,,
group1,4,2,4096,2048,1,1024,32,0.083812,0.105078,,
group1,4,2,4096,2048,1,1024,64,0.084727,0.105160,,
group1,4,2,4096,2048,1,1024,128,0.084686,0.105611,,
group1,4,2,4096,2048,1,1024,256,0.084932,0.105775,,
group1,4,2,4096,2048,1,1024,512,0.085738,0.105741,,
group1,4,2,4096,2048,1,1024,1024,0.107010,0.108801,,
group1,4,2,4096,2048,1,1024,2048,0.205030,0.213613,,
group1,4,2,4096,2048,1,1024,4096,0.403922,0.420866,,
group1,4,2,4096,2048,2,512,2,0.084382,0.101221,,
group1,4,2,4096,2048,2,512,4,0.084393,0.101866,,
group1,4,2,4096,2048,2,512,8,0.083793,0.101758,,
group1,4,2,4096,2048,2,512,16,0.084736,0.101880,,
group1,4,2,4096,2048,2,512,32,0.084024,0.102292,,
group1,4,2,4096,2048,2,512,64,0.083973,0.102328,,
group1,4,2,4096,2048,2,512,128,0.084150,0.101377,,
group1,4,2,4096,2048,2,512,256,0.085318,0.102430,,
group1,4,2,4096,2048,2,512,512,0.085734,0.102268,,
group1,4,2,4096,2048,2,512,1024,0.106979,0.108632,,
group1,4,2,4096,2048,2,512,2048,0.205180,0.213462,,
group1,4,2,4096,2048,2,512,4096,0.403445,0.420454,,
group1,4,2,4096,2048,4,256,2,0.083716,0.101639,,
group1,4,2,4096,2048,4,256,4,0.084132,0.101377,,
group1,4,2,4096,2048,4,256,8,0.083779,0.101508,,
group1,4,2,4096,2048,4,256,16,0.084310,0.101848,,
group1,4,2,4096,2048,4,256,32,0.084066,0.101659,,
group1,4,2,4096,2048,4,256,64,0.084536,0.101323,,
group1,4,2,4096,2048,4,256,128,0.083694,0.101634,,
group1,4,2,4096,2048,4,256,256,0.084126,0.102344,,
group1,4,2,4096,2048,4,256,512,0.085789,0.102143,,
group1,4,2,4096,2048,4,256,1024,0.106705,0.107386,,
group1,4,2,4096,2048,4,256,2048,0.205298,0.208180,,
group1,4,2,4096,2048,4,256,4096,0.403932,0.407473,,
group1,4,2,4096,2048,8,128,2,0.083984,0.101335,,
group1,4,2,4096,2048,8,128,4,0.083919,0.101726,,
group1,4,2,4096,2048,8,128,8,0.084790,0.101392,,
group1,4,2,4096,2048,8,128,16,0.084515,0.101560,,
group1,4,2,4096,2048,8,128,32,0.084619,0.101166,,
group1,4,2,4096,2048,8,128,64,0.084040,0.101937,,
group1,4,2,4096,2048,8,128,128,0.084247,0.101486,,
group1,4,2,4096,2048,8,128,256,0.084211,0.102209,,
group1,4,2,4096,2048,8,128,512,0.085663,0.102330,,
group1,4,2,4096,2048,8,128,1024,0.107017,0.106653,,
group1,4,2,4096,2048,8,128,2048,0.205242,0.206414,,
group1,4,2,4096,2048,8,128,4096,0.403861,0.402504,,
group1,4,2,4096,2048,16,64,2,0.084514,0.100686,,
group1,4,2,4096,2048,16,64,4,0.084970,0.101494,,
group1,4,2,4096,2048,16,64,8,0.083848,0.101754,,
group1,4,2,4096,2048,16,64,16,0.084166,0.101686,,
group1,4,2,4096,2048,16,64,32,0.083803,0.102305,,
group1,4,2,4096,2048,16,64,64,0.084155,0.101864,,
group1,4,2,4096,2048,16,64,128,0.084460,0.101113,,
group1,4,2,4096,2048,16,64,256,0.085571,0.102156,,
group1,4,2,4096,2048,16,64,512,0.085880,0.102349,,
group1,4,2,4096,2048,16,64,1024,0.107017,0.106938,,
group1,4,2,4096,2048,16,64,2048,0.205116,0.207140,,
group1,4,2,4096,2048,16,64,4096,0.403897,0.404567,,
group1,4,2,4096,2048,32,32,2,0.084263,0.101137,,
group1,4,2,4096,2048,32,32,4,0.084668,0.101374,,
group1,4,2,4096,2048,32,32,8,0.084298,0.101448,,
group1,4,2,4096,2048,32,32,16,0.084513,0.101840,,
group1,4,2,4096,2048,32,32,32,0.084456,0.101413,,
group1,4,2,4096,2048,32,32,64,0.084684,0.101342,,
group1,4,2,4096,2048,32,32,128,0.083923,0.101665,,
group1,4,2,4096,2048,32,32,256,0.084937,0.102202,,
group1,4,2,4096,2048,32,32,512,0.086003,0.102660,,
group1,4,2,4096,2048,32,32,1024,0.107015,0.107755,,
group1,4,2,4096,2048,32,32,2048,0.205203,0.212108,,
group1,4,2,4096,2048,32,32,4096,0.403841,0.419085,,
group1,4,2,4096,2048,64,16,2,0.084202,0.101262,,
group1,4,2,4096,2048,64,16,4,0.084562,0.101486,,
group1,4,2,4096,2048,64,16,8,0.084754,0.101118,,
group1,4,2,4096,2048,64,16,16,0.084886,0.101805,,
group1,4,2,4096,2048,64,16,32,0.084310,0.101521,,
group1,4,2,4096,2048,64,16,64,0.084669,0.101909,,
group1,4,2,4096,2048,64,16,128,0.084623,0.101459,,
group1,4,2,4096,2048,64,16,256,0.084615,0.101788,,
group1,4,2,4096,2048,64,16,512,0.085900,0.101964,,
group1,4,2,4096,2048,64,16,1024,0.106696,0.107879,,
group1,4,2,4096,2048,64,16,2048,0.205026,0.212908,,
group1,4,2,4096,2048,64,16,4096,0.403862,0.420453,,
group1,4,2,4096,2048,128,8,2,0.084365,0.101351,,
group1,4,2,4096,2048,128,8,4,0.084886,0.101624,,
group1,4,2,4096,2048,128,8,8,0.084093,0.101611,,
group1,4,2,4096,2048,128,8,16,0.085442,0.101170,,
group1,4,2,4096,2048,128,8,32,0.084132,0.102039,,
group1,4,2,4096,2048,128,8,64,0.084538,0.102515,,
group1,4,2,4096,2048,128,8,128,0.084432,0.101369,,
group1,4,2,4096,2048,128,8,256,0.085173,0.102215,,
group1,4,2,4096,2048,128,8,512,0.086342,0.102732,,
group1,4,2,4096,2048,128,8,1024,0.106907,0.108091,,
group1,4,2,4096,2048,128,8,2048,0.205250,0.213335,,
group1,4,2,4096,2048,128,8,4096,0.403882,0.421943,,
group1,4,2,4096,2048,256,4,2,0.084320,0.101565,,
group1,4,2,4096,2048,256,4,4,0.084078,0.102017,,
group1,4,2,4096,2048,256,4,8,0.084276,0.101593,,
group1,4,2,4096,2048,256,4,16,0.084919,0.102058,,
group1,4,2,4096,2048,256,4,32,0.084351,0.101953,,
group1,4,2,4096,2048,256,4,64,0.084497,0.101758,,
group1,4,2,4096,2048,256,4,128,0.084007,0.101626,,
group1,4,2,4096,2048,256,4,256,0.084521,0.102382,,
group1,4,2,4096,2048,256,4,512,0.085802,0.102475,,
group1,4,2,4096,2048,256,4,1024,0.106851,0.108013,,
group1,4,2,4096,2048,256,4,2048,0.205000,0.213415,,
group1,4,2,4096,2048,256,4,4096,0.403922,0.421776,,
group1,4,2,4096,2048,512,2,2,0.084165,0.101438,,
group1,4,2,4096,2048,512,2,4,0.084202,0.102118,,
group1,4,2,4096,2048,512,2,8,0.084452,0.101306,,
group1,4,2,4096,2048,512,2,16,0.085455,0.102208,,
group1,4,2,4096,2048,512,2,32,0.084728,0.101946,,
group1,4,2,4096,2048,512,2,64,0.084445,0.102216,,
group1,4,2,4096,2048,512,2,128,0.084687,0.101860,,
group1,4,2,4096,2048,512,2,256,0.084872,0.102334,,
group1,4,2,4096,2048,512,2,512,0.085928,0.102795,,
group1,4,2,4096,2048,512,2,1024,0.106988,0.107925,,
group1,4,2,4096,2048,512,2,2048,0.205293,0.213484,,
group1,4,2,4096,2048,512,2,4096,0.403816,0.421868,,
group1,4,2,4096,2048,1024,1,2,0.084166,0.064001,,
group1,4,2,4096,2048,1024,1,4,0.084670,0.064006,,
group1,4,2,4096,2048,1024,1,8,0.084743,0.064049,,
group1,4,2,4096,2048,1024,1,16,0.084550,0.064091,,
group1,4,2,4096,2048,1024,1,32,0.084052,0.064023,,
group1,4,2,4096,2048,1024,1,64,0.083968,0.064202,,
group1,4,2,4096,2048,1024,1,128,0.084145,0.064537,,
group1,4,2,4096,2048,1024,1,256,0.085028,0.064147,,
group1,4,2,4096,2048,1024,1,512,0.085809,0.063931,,
group1,4,2,4096,2048,1024,1,1024,0.106128,0.078306,,
group1,4,2,4096,2048,1024,1,2048,0.203624,0.152414,,
group1,4,2,4096,2048,1024,1,4096,0.400477,0.303489,,
group1,4,4,512,512,1,128,2,0.083490,0.104533,,
group1,4,4,512,512,1,128,4,0.083467,0.104629,,
group1,4,4,512,512,1,128,8,0.083381,0.105126,,
group1,4,4,512,512,1,128,16,0.083883,0.104488,,
group1,4,4,512,512,1,128,32,0.083801,0.105018,,
group1,4,4,512,512,1,128,64,0.084170,0.105039,,
group1,4,4,512,512,1,128,128,0.083885,0.105202,,
group1,4,4,512,512,1,128,256,0.084345,0.104562,,
group1,4,4,512,512,1,128,512,0.084304,0.104788,,
group1,4,4,512,512,1,128,1024,0.083956,0.104346,,
group1,4,4,512,512,1,128,2048,0.085227,0.105231,,
group1,4,4,512,512,1,128,4096,0.085545,0.105808,,
group1,4,4,512,512,2,64,2,0.083292,0.100883,,
group1,4,4,512,512,2,64,4,0.083618,0.100869,,
group1,4,4,512,512,2,64,8,0.083838,0.101428,,
group1,4,4,512,512,2,64,16,0.083381,0.101220,,
group1,4,4,512,512,2,64,32,0.083809,0.100851,,
group1,4,4,512,512,2,64,64,0.083962,0.101347,,
group1,4,4,512,512,2,64,128,0.083852,0.100875,,
group1,4,4,512,512,2,64,256,0.084121,0.101083,,
group1,4,4,512,512,2,64,512,0.084196,0.100854,,
group1,4,4,512,512,2,64,1024,0.084852,0.101406,,
group1,4,4,512,512,2,64,2048,0.085209,0.101819,,
group1,4,4,512,512,2,64,4096,0.085978,0.102257,,
group1,4,4,512,512,4,32,2,0.083463,0.100993,,
group1,4,4,512,512,4,32,4,0.083761,0.101024,,
group1,4,4,512,512,4,32,8,0.083853,0.101202,,
group1,4,4,512,512,4,32,16,0.084100,0.101569,,
group1,4,4,512,512,4,32,32,0.084056,0.101395,,
group1,4,4,512,512,4,32,64,0.084298,0.101073,,
group1,4,4,512,512,4,32,128,0.084498,0.101256,,
group1,4,4,512,512,4,32,256,0.084054,0.101520,,
group1,4,4,512,512,4,32,512,0.085163,0.101439,,
group1,4,4,512,512,4,32,1024,0.084576,0.101310,,
group1,4,4,512,512,4,32,2048,0.085088,0.101785,,
group1,4,4,512,512,4,32,4096,0.085681,0.102080,,
group1,4,4,512,512,8,16,2,0.083621,0.100770,,
group1,4,4,512,512,8,16,4,0.083801,0.100995,,
group1,4,4,512,512,8,16,8,0.083839,0.100946,,
group1,4,4,512,512,8,16,16,0.084286,0.101469,,
group1,4,4,512,512,8,16,32,0.083635,0.101172,,
group1,4,4,512,512,8,16,64,0.083644,0.100914,,
group1,4,4,512,512,8,16,128,0.084159,0.101498,,
group1,4,4,512,512,8,16,256,0.083957,0.101521,,
group1,4,4,512,512,8,16,512,0.084574,0.101222,,
group1,4,4,512,512,8,16,1024,0.084232,0.101251,,
group1,4,4,512,512,8,16,2048,0.085345,0.101352,,
group1,4,4,512,512,8,16,4096,0.085297,0.102048,,
group1,4,4,512,512,16,8,2,0.083594,0.100837,,
group1,4,4,512,512,16,8,4,0.083504,0.100919,,
group1,4,4,512,512,16,8,8,0.083969,0.101007,,
group1,4,4,512,512,16,8,16,0.084015,0.101522,,
group1,4,4,512,512,16,8,32,0.084151,0.101358,,
group1,4,4,512,512,16,8,64,0.083863,0.101126,,
group1,4,4,512,512,16,8,128,0.084267,0.100978,,
group1,4,4,512,512,16,8,256,0.084413,0.101665,,
group1,4,4,512,512,16,8,512,0.085010,0.101378,,
group1,4,4,512,512,16,8,1024,0.084517,0.101447,,
group1,4,4,512,512,16,8,2048,0.085348,0.101235,,
group1,4,4,512,512,16,8,4096,0.086056,0.101935,,
group1,4,4,512,512,32,4,2,0.083534,0.101012,,
group1,4,4,512,512,32,4,4,0.083432,0.101011,,
group1,4,4,512,512,32,4,8,0.084134,0.101091,,
group1,4,4,512,512,32,4,16,0.083578,0.101425,,
group1,4,4,512,512,32,4,32,0.083361,0.101357,,
group1,4,4,512,512,32,4,64,0.083446,0.100989,,
group1,4,4,512,512,32,4,128,0.084150,0.100963,,
group1,4,4,512,512,32,4,256,0.083678,0.101127,,
group1,4,4,512,512,32,4,512,0.084673,0.101082,,
group1,4,4,512,512,32,4,1024,0.084320,0.101225,,
group1,4,4,512,512,32,4,2048,0.085134,0.101491,,
group1,4,4,512,512,32,4,4096,0.085183,0.101864,,
group1,4,4,512,512,64,2,2,0.083553,0.100700,,
group1,4,4,512,512,64,2,4,0.083546,0.101057,,
group1,4,4,512,512,64,2,8,0.083686,0.101228,,
group1,4,4,512,512,64,2,16,0.083631,0.101473,,
group1,4,4,512,512,64,2,32,0.083921,0.101519,,
group1,4,4,512,512,64,2,64,0.084032,0.101043,,
group1,4,4,512,512,64,2,128,0.083975,0.101228,,
group1,4,4,512,512,64,2,256,0.084431,0.101671,,
group1,4,4,512,512,64,2,512,0.084990,0.101240,,
group1,4,4,512,512,64,2,1024,0.084704,0.101409,,
group1,4,4,512,512,64,2,2048,0.085385,0.101754,,
group1,4,4,512,512,64,2,4096,0.085364,0.102182,,
group1,4,4,512,512,128,1,2,0.083677,0.063930,,
group1,4,4,512,512,128,1,4,0.084015,0.063828,,
group1,4,4,512,512,128,1,8,0.083691,0.063942,,
group1,4,4,512,512,128,1,16,0.084028,0.063677,,
group1,4,4,512,512,128,1,32,0.083822,0.064151,,
group1,4,4,512,512,128,1,64,0.083602,0.064171,,
group1,4,4,512,512,128,1,128,0.084261,0.063924,,
group1,4,4,512,512,128,1,256,0.084481,0.064167,,
group1,4,4,512,512,128,1,512,0.084469,0.064618,,
group1,4,4,512,512,128,1,1024,0.084551,0.063810,,
group1,4,4,512,512,128,1,2048,0.085007,0.064049,,
group1,4,4,512,512,128,1,4096,0.085885,0.064129,,
group1,4,4,1024,1024,1,256,2,0.083522,0.104381,,
group1,4,4,1024,1024,1,256,4,0.084204,0.104557,,
group1,4,4,1024,1024,1,256,8,0.083761,0.104776,,
group1,4,4,1024,1024,1,256,16,0.084433,0.105134,,
group1,4,4,1024,1024,1,256,32,0.084272,0.104634,,
group1,4,4,1024,1024,1,256,64,0.083930,0.105174,,
group1,4,4,1024,1024,1,256,128,0.083995,0.105105,,
group1,4,4,1024,1024,1,256,256,0.083917,0.104562,,
group1,4,4,1024,1024,1,256,512,0.084619,0.105077,,
group1,4,4,1024,1024,1,256,1024,0.085031,0.104970,,
group1,4,4,1024,1024,1,256,2048,0.085802,0.105652,,
group1,4,4,1024,1024,1,256,4096,0.128568,0.122780,,
group1,4,4,1024,1024,2,128,2,0.083948,0.101059,,
group1,4,4,1024,1024,2,128,4,0.083650,0.101074,,
group1,4,4,1024,1024,2,128,8,0.084254,0.101737,,
group1,4,4,1024,1024,2,128,16,0.084333,0.101263,,
group1,4,4,1024,1024,2,128,32,0.084110,0.100834,,
group1,4,4,1024,1024,2,128,64,0.084623,0.101274,,
group1,4,4,1024,1024,2,128,128,0.083850,0.101474,,
group1,4,4,1024,1024,2,128,256,0.084033,0.101119,,
group1,4,4,1024,1024,2,128,512,0.084849,0.101355,,
group1,4,4,1024,1024,2,128,1024,0.085302,0.101504,,
group1,4,4,1024,1024,2,128,2048,0.085942,0.102011,,
group1,4,4,1024,1024,2,128,4096,0.128655,0.122014,,
group1,4,4,1024,1024,4,64,2,0.083667,0.100410,,
group1,4,4,1024,1024,4,64,4,0.083640,0.101441,,
group1,4,4,1024,1024,4,64,8,0.083951,0.101511,,
group1,4,4,1024,1024,4,64,16,0.084086,0.101427,,
group1,4,4,1024,1024,4,64,32,0.083865,0.101444,,
group1,4,4,1024,1024,4,64,64,0.083757,0.101780,,
group1,4,4,1024,1024,4,64,128,0.084296,0.101203,,
group1,4,4,1024,1024,4,64,256,0.083805,0.101010,,
group1,4,4,1024,1024,4,64,512,0.084670,0.101135,,
group1,4,4,1024,1024,4,64,1024,0.085170,0.101730,,
group1,4,4,1024,1024,4,64,2048,0.085590,0.102126,,
group1,4,4,1024,1024,4,64,4096,0.128544,0.122460,,
group1,4,4,1024,1024,8,32,2,0.083539,0.101276,,
group1,4,4,1024,1024,8,32,4,0.083525,0.100500,,
group1,4,4,1024,1024,8,32,8,0.083614,0.101373,,
group1,4,4,1024,1024,8,32,16,0.084211,0.100881,,
group1,4,4,1024,1024,8,32,32,0.084092,0.101065,,
group1,4,4,1024,1024,8,32,64,0.084359,0.101390,,
group1,4,4,1024,1024,8,32,128,0.084158,0.101387,,
group1,4,4,1024,1024,8,32,256,0.084337,0.100944,,
group1,4,4,1024,1024,8,32,512,0.085013,0.101551,,
group1,4,4,1024,1024,8,32,1024,0.085519,0.101590,,
group1,4,4,1024,1024,8,32,2048,0.085835,0.101921,,
group1,4,4,1024,1024,8,32,4096,0.128683,0.123450,,
group1,4,4,1024,1024,16,16,2,0.083106,0.100439,,
group1,4,4,1024,1024,16,16,4,0.083334,0.100979,,
group1,4,4,1024,1024,16,16,8,0.083839,0.101285,,
group1,4,4,1024,1024,16,16,16,0.084526,0.100950,,
group1,4,4,1024,1024,16,16,32,0.084181,0.101013,,
group1,4,4,1024,1024,16,16,64,0.083805,0.100818,,
group1,4,4,1024,1024,16,16,128,0.083920,0.100563,,
group1,4,4,1024,1024,16,16,256,0.083930,0.100841,,
group1,4,4,1024,1024,16,16,512,0.084836,0.100394,,
group1,4,4,1024,1024,16,16,1024,0.085391,0.101366,,
group1,4,4,1024,1024,16,16,2048,0.085943,0.101618,,
group1,4,4,1024,1024,16,16,4096,0.128714,0.123876,,
group1,4,4,1024,1024,32,8,2,0.084227,0.100718,,
group1,4,4,1024,1024,32,8,4,0.083562,0.100939,,
group1,4,4,1024,1024,32,8,8,0.084504,0.101156,,
group1,4,4,1024,1024,32,8,16,0.084070,0.101015,,
group1,4,4,1024,1024,32,8,32,0.084297,0.101502,,
group1,4,4,1024,1024,32,8,64,0.084671,0.101576,,
group1,4,4,1024,1024,32,8,128,0.084420,0.100713,,
group1,4,4,1024,1024,32,8,256,0.084258,0.101532,,
group1,4,4,1024,1024,32,8,512,0.084735,0.101140,,
group1,4,4,1024,1024,32,8,1024,0.085159,0.101677,,
group1,4,4,1024,1024,32,8,2048,0.085578,0.102037,,
group1,4,4,1024,1024,32,8,4096,0.128789,0.124043,,
group1,4,4,1024,1024,64,4,2,0.083842,0.100786,,
group1,4,4,1024,1024,64,4,4,0.083894,0.100982,,
group1,4,4,1024,1024,64,4,8,0.084019,0.101283,,
group1,4,4,1024,1024,64,4,16,0.084356,0.100808,,
group1,4,4,1024,1024,64,4,32,0.084372,0.101244,,
group1,4,4,1024,1024,64,4,64,0.084481,0.101348,,
group1,4,4,1024,1024,64,4,128,0.084081,0.100908,,
group1,4,4,1024,1024,64,4,256,0.084778,0.101293,,
group1,4,4,1024,1024,64,4,512,0.084779,0.100816,,
group1,4,4,1024,1024,64,4,1024,0.085759,0.101598,,
group1,4,4,1024,1024,64,4,2048,0.085696,0.102184,,
group1,4,4,1024,1024,64,4,4096,0.128697,0.124036,,
group1,4,4,1024,1024,128,2,2,0.084129,0.101126,,
group1,4,4,1024,1024,128,2,4,0.084080,0.101184,,
group1,4,4,1024,1024,128,2,8,0.084147,0.101277,,
group1,4,4,1024,1024,128,2,16,0.084151,0.101721,,
group1,4,4,1024,1024,128,2,32,0.084261,0.101503,,
group1,4,4,1024,1024,128,2,64,0.084210,0.101660,,
group1,4,4,1024,1024,128,2,128,0.084078,0.101133,,
group1,4,4,1024,1024,128,2,256,0.083787,0.101661,,
group1,4,4,1024,1024,128,2,512,0.084470,0.101339,,
group1,4,4,1024,1024,128,2,1024,0.085142,0.101865,,
group1,4,4,1024,1024,128,2,2048,0.085993,0.101944,,
group1,4,4,1024,1024,128,2,4096,0.128745,0.124034,,
group1,4,4,1024,1024,256,1,2,0.083677,0.063350,,
group1,4,4,1024,1024,256,1,4,0.083808,0.063146,,
group1,4,4,1024,1024,256,1,8,0.083387,0.063682,,
group1,4,4,1024,1024,256,1,16,0.084021,0.063741,,
group1,4,4,1024,1024,256,1,32,0.083827,0.063781,,
group1,4,4,1024,1024,256,1,64,0.083813,0.063836,,
group1,4,4,1024,1024,256,1,128,0.084304,0.063974,,
group1,4,4,1024,1024,256,1,256,0.084326,0.063871,,
group1,4,4,1024,1024,256,1,512,0.085168,0.064052,,
group1,4,4,1024,1024,256,1,1024,0.085252,0.063788,,
group1,4,4,1024,1024,256,1,2048,0.085776,0.063934,,
group1,4,4,1024,1024,256,1,4096,0.127832,0.083009,,
group1,4,4,2048,2048,1,512,2,0.083965,0.104652,,
group1,4,4,2048,2048,1,512,4,0.084321,0.104836,,
group1,4,4,2048,2048,1,512,8,0.084388,0.105090,,
group1,4,4,2048,2048,1,512,16,0.084386,0.105408,,
group1,4,4,2048,2048,1,512,32,0.084526,0.105373,,
group1,4,4,2048,2048,1,512,64,0.084503,0.105130,,
group1,4,4,2048,2048,1,512,128,0.084046,0.105046,,
group1,4,4,2048,2048,1,512,256,0.084772,0.104669,,
group1,4,4,2048,2048,1,512,512,0.085759,0.105401,,
group1,4,4,2048,2048,1,512,1024,0.086328,0.105857,,
group1,4,4,2048,2048,1,512,2048,0.129379,0.124998,,
group1,4,4,2048,2048,1,512,4096,0.249842,0.245626,,
group1,4,4,2048,2048,2,256,2,0.083368,0.100786,,
group1,4,4,2048,2048,2,256,4,0.084211,0.100785,,
group1,4,4,2048,2048,2,256,8,0.084585,0.101413,,
group1,4,4,2048,2048,2,256,16,0.084012,0.100976,,
group1,4,4,2048,2048,2,256,32,0.084405,0.101322,,
group1,4,4,2048,2048,2,256,64,0.083863,0.101071,,
group1,4,4,2048,2048,2,256,128,0.084341,0.100774,,
group1,4,4,2048,2048,2,256,256,0.084722,0.101069,,
group1,4,4,2048,2048,2,256,512,0.085120,0.101494,,
group1,4,4,2048,2048,2,256,1024,0.086025,0.101943,,
group1,4,4,2048,2048,2,256,2048,0.129340,0.123350,,
group1,4,4,2048,2048,2,256,4096,0.249757,0.238114,,
group1,4,4,2048,2048,4,128,2,0.084088,0.101061,,
group1,4,4,2048,2048,4,128,4,0.084837,0.101282,,
group1,4,4,2048,2048,4,128,8,0.084366,0.100660,,
group1,4,4,2048,2048,4,128,16,0.084614,0.101381,,
group1,4,4,2048,2048,4,128,32,0.083978,0.101358,,
group1,4,4,2048,2048,4,128,64,0.084714,0.101634,,
group1,4,4,2048,2048,4,128,128,0.084151,0.101012,,
group1,4,4,2048,2048,4,128,256,0.085283,0.101548,,
group1,4,4,2048,2048,4,128,512,0.085531,0.101733,,
group1,4,4,2048,2048,4,128,1024,0.086385,0.102154,,
group1,4,4,2048,2048,4,128,2048,0.129279,0.122467,,
group1,4,4,2048,2048,4,128,4096,0.250034,0.235305,,
group1,4,4,2048,2048,8,64,2,0.083875,0.100745,,
group1,4,4,2048,2048,8,64,4,0.083933,0.101082,,
group1,4,4,2048,2048,8,64,8,0.084235,0.101300,,
group1,4,4,2048,2048,8,64,16,0.084663,0.101857,,
group1,4,4,2048,2048,8,64,32,0.084713,0.101384,,
group1,4,4,2048,2048,8,64,64,0.084612,0.101599,,
group1,4,4,2048,2048,8,64,128,0.084547,0.101725,,
group1,4,4,2048,2048,8,64,256,0.085421,0.101395,,
group1,4,4,2048,2048,8,64,512,0.085595,0.101647,,
group1,4,4,2048,2048,8,64,1024,0.085887,0.102475,,
group1,4,4,2048,2048,8,64,2048,0.129303,0.122846,,
group1,4,4,2048,2048,8,64,4096,0.249783,0.236172,,
group1,4,4,2048,2048,16,32,2,0.084244,0.101804,,
group1,4,4,2048,2048,16,32,4,0.084000,0.101762,,
group1,4,4,2048,2048,16,32,8,0.084056,0.101919,,
group1,4,4,2048,2048,16,32,16,0.084389,0.101802,,
group1,4,4,2048,2048,16,32,32,0.084549,0.102159,,
group1,4,4,2048,2048,16,32,64,0.084404,0.102290,,
group1,4,4,2048,2048,16,32,128,0.084351,0.101914,,
group1,4,4,2048,2048,16,32,256,0.085207,0.101717,,
group1,4,4,2048,2048,16,32,512,0.085723,0.102276,,
group1,4,4,2048,2048,16,32,1024,0.085840,0.102826,,
group1,4,4,2048,2048,16,32,2048,0.129164,0.123977,,
group1,4,4,2048,2048,16,32,4096,0.249947,0.243091,,
group1,4,4,2048,2048,32,16,2,0.082010,0.098797,,
group1,4,4,2048,2048,32,16,4,0.082237,0.098645,,
group1,4,4,2048,2048,32,16,8,0.082173,0.099351,,
group1,4,4,2048,2048,32,16,16,0.082935,0.099421,,
group1,4,4,2048,2048,32,16,32,0.082804,0.098600,,
group1,4,4,2048,2048,32,16,64,0.082288,0.099201,,
group1,4,4,2048,2048,32,16,128,0.082284,0.099287,,
group1,4,4,2048,2048,32,16,256,0.082639,0.098939,,
group1,4,4,2048,2048,32,16,512,0.083646,0.100077,,
group1,4,4,2048,2048,32,16,1024,0.084256,0.099811,,
group1,4,4,2048,2048,32,16,2048,0.127732,0.123714,,
group1,4,4,2048,2048,32,16,4096,0.248830,0.243883,,
group1,4,4,2048,2048,64,8,2,0.082633,0.099360,,
group1,4,4,2048,2048,64,8,4,0.082684,0.099044,,
group1,4,4,2048,2048,64,8,8,0.082506,0.098860,,
group1,4,4,2048,2048,64,8,16,0.082649,0.099045,,
group1,4,4,2048,2048,64,8,32,0.082988,0.099119,,
group1,4,4,2048,2048,64,8,64,0.083186,0.099248,,
group1,4,4,2048,2048,64,8,128,0.082710,0.099388,,
group1,4,4,2048,2048,64,8,256,0.082787,0.099788,,
group1,4,4,2048,2048,64,8,512,0.083734,0.099398,,
group1,4,4,2048,2048,64,8,1024,0.084173,0.100212,,
group1,4,4,2048,2048,64,8,2048,0.129300,0.124416,,
group1,4,4,2048,2048,64,8,4096,0.249295,0.245107,,
group1,4,4,2048,2048,128,4,2,0.082405,0.099059,,
group1,4,4,2048,2048,128,4,4,0.082448,0.099220,,
group1,4,4,2048,2048,128,4,8,0.083102,0.099269,,
group1,4,4,2048,2048,128,4,16,0.082815,0.099434,,
group1,4,4,2048,2048,128,4,32,0.082901,0.099001,,
group1,4,4,2048,2048,128,4,64,0.083195,0.099833,,
group1,4,4,2048,2048,128,4,128,0.082319,0.099519,,
group1,4,4,2048,2048,128,4,256,0.083012,0.099446,,
group1,4,4,2048,2048,128,4,512,0.082873,0.099545,,
group1,4,4,2048,2048,128,4,1024,0.083930,0.099840,,
group1,4,4,2048,2048,128,4,2048,0.129261,0.124428,,
group1,4,4,2048,2048,128,4,4096,0.249319,0.245155,,
group1,4,4,2048,2048,256,2,2,0.082193,0.098926,,
group1,4,4,2048,2048,256,2,4,0.082068,0.098966,,
group1,4,4,2048,2048,256,2,8,0.082141,0.098917,,
group1,4,4,2048,2048,256,2,16,0.082819,0.099657,,
group1,4,4,2048,2048,256,2,32,0.083090,0.099549,,
group1,4,4,2048,2048,256,2,64,0.083310,0.099552,,
group1,4,4,2048,2048,256,2,128,0.082874,0.099573,,
group1,4,4,2048,2048,256,2,256,0.083226,0.099383,,
group1,4,4,2048,2048,256,2,512,0.083735,0.099684,,
group1,4,4,2048,2048,256,2,1024,0.084513,0.100248,,
group1,4,4,2048,2048,256,2,2048,0.129266,0.124399,,
group1,4,4,2048,2048,256,2,4096,0.249342,0.245239,,
group1,4,4,2048,2048,512,1,2,0.083232,0.063479,,
group1,4,4,2048,2048,512,1,4,0.082818,0.063797,,
group1,4,4,2048,2048,512,1,8,0.082874,0.063741,,
group1,4,4,2048,2048,512,1,16,0.083170,0.063672,,
group1,4,4,2048,2048,512,1,32,0.083361,0.063671,,
group1,4,4,2048,2048,512,1,64,0.083033,0.063340,,
group1,4,4,2048,2048,512,1,128,0.083086,0.063804,,
group1,4,4,2048,2048,512,1,256,0.083402,0.063008,,
group1,4,4,2048,2048,512,1,512,0.083839,0.063600,,
group1,4,4,2048,2048,512,1,1024,0.084192,0.063364,,
group1,4,4,2048,2048,512,1,2048,0.128392,0.083468,,
group1,4,4,2048,2048,512,1,4096,0.247791,0.164741,,
group1,4,4,4096,4096,1,1024,2,0.082277,0.102128,,
group1,4,4,4096,4096,1,1024,4,0.083167,0.102639,,
group1,4,4,4096,4096,1,1024,8,0.083368,0.102362,,
group1,4,4,4096,4096,1,1024,16,0.082826,0.102291,,
group1,4,4,4096,4096,1,1024,32,0.083148,0.103080,,
group1,4,4,4096,4096,1,1024,64,0.083329,0.102707,,
group1,4,4,4096,4096,1,1024,128,0.082767,0.102232,,
group1,4,4,4096,4096,1,1024,256,0.082921,0.102306,,
group1,4,4,4096,4096,1,1024,512,0.084370,0.103485,,
group1,4,4,4096,4096,1,1024,1024,0.129222,0.125162,,
group1,4,4,4096,4096,1,1024,2048,0.247457,0.247218,,
group1,4,4,4096,4096,1,1024,4096,0.488989,0.480578,,
group1,4,4,4096,4096,2,512,2,0.082629,0.099141,,
group1,4,4,4096,4096,2,512,4,0.082423,0.099438,,
group1,4,4,4096,4096,2,512,8,0.082891,0.099101,,
group1,4,4,4096,4096,2,512,16,0.083639,0.099848,,
group1,4,4,4096,4096,2,512,32,0.083203,0.099811,,
group1,4,4,4096,4096,2,512,64,0.082825,0.099653,,
group1,4,4,4096,4096,2,512,128,0.082922,0.099532,,
group1,4,4,4096,4096,2,512,256,0.083132,0.099680,,
group1,4,4,4096,4096,2,512,512,0.084131,0.100167,,
group1,4,4,4096,4096,2,512,1024,0.129111,0.124984,,
group1,4,4,4096,4096,2,512,2048,0.247507,0.246973,,
group1,4,4,4096,4096,2,512,4096,0.488928,0.480289,,
group1,4,4,4096,4096,4,256,2,0.082513,0.098826,,
group1,4,4,4096,4096,4,256,4,0.082295,0.099518,,
group1,4,4,4096,4096,4,256,8,0.083038,0.099472,,
group1,4,4,4096,4096,4,256,16,0.082921,0.099581,,
group1,4,4,4096,4096,4,256,32,0.082967,0.099932,,
group1,4,4,4096,4096,4,256,64,0.083064,0.099916,,
group1,4,4,4096,4096,4,256,128,0.082908,0.100113,,
group1,4,4,4096,4096,4,256,256,0.083187,0.099409,,
group1,4,4,4096,4096,4,256,512,0.084001,0.100120,,
group1,4,4,4096,4096,4,256,1024,0.129079,0.123011,,
group1,4,4,4096,4096,4,256,2048,0.247512,0.239379,,
group1,4,4,4096,4096,4,256,4096,0.488961,0.464366,,
group1,4,4,4096,4096,8,128,2,0.082879,0.099629,,
group1,4,4,4096,4096,8,128,4,0.082801,0.099676,,
group1,4,4,4096,4096,8,128,8,0.082860,0.099958,,
group1,4,4,4096,4096,8,128,16,0.082896,0.099814,,
group1,4,4,4096,4096,8,128,32,0.082935,0.100215,,
group1,4,4,4096,4096,8,128,64,0.082852,0.100055,,
group1,4,4,4096,4096,8,128,128,0.083024,0.100340,,
group1,4,4,4096,4096,8,128,256,0.082960,0.099981,,
group1,4,4,4096,4096,8,128,512,0.084119,0.100332,,
group1,4,4,4096,4096,8,128,1024,0.129125,0.122119,,
group1,4,4,4096,4096,8,128,2048,0.247558,0.236334,,
group1,4,4,4096,4096,8,128,4096,0.488960,0.458472,,
group1,4,4,4096,4096,16,64,2,0.082479,0.098885,,
group1,4,4,4096,4096,16,64,4,0.082094,0.098861,,
group1,4,4,4096,4096,16,64,8,0.082701,0.099651,,
group1,4,4,4096,4096,16,64,16,0.083096,0.099388,,
group1,4,4,4096,4096,16,64,32,0.083184,0.100363,,
group1,4,4,4096,4096,16,64,64,0.082890,0.099206,,
group1,4,4,4096,4096,16,64,128,0.083005,0.099568,,
group1,4,4,4096,4096,16,64,256,0.083664,0.100005,,
group1,4,4,4096,4096,16,64,512,0.084420,0.100068,,
group1,4,4,4096,4096,16,64,1024,0.129123,0.122560,,
group1,4,4,4096,4096,16,64,2048,0.247597,0.237276,,
group1,4,4,4096,4096,16,64,4096,0.488981,0.460124,,
group1,4,4,4096,4096,32,32,2,0.082752,0.099510,,
group1,4,4,4096,4096,32,32,4,0.082600,0.099312,,
group1,4,4,4096,4096,32,32,8,0.082891,0.099570,,
group1,4,4,4096,4096,32,32,16,0.082504,0.099538,,
group1,4,4,4096,4096,32,32,32,0.082869,0.100062,,
group1,4,4,4096,4096,32,32,64,0.083142,0.099987,,
group1,4,4,4096,4096,32,32,128,0.082911,0.099809,,
group1,4,4,4096,4096,32,32,256,0.082824,0.099547,,
group1,4,4,4096,4096,32,32,512,0.084441,0.100324,,
group1,4,4,4096,4096,32,32,1024,0.129099,0.123689,,
group1,4,4,4096,4096,32,32,2048,0.247620,0.244039,,
group1,4,4,4096,4096,32,32,4096,0.488998,0.475705,,
group1,4,4,4096,4096,64,16,2,0.082911,0.099037,,
group1,4,4,4096,4096,64,16,4,0.082872,0.099350,,
group1,4,4,4096,4096,64,16,8,0.083666,0.099595,,
group1,4,4,4096,4096,64,16,16,0.083350,0.099796,,
group1,4,4,4096,4096,64,16,32,0.083494,0.100615,,
group1,4,4,4096,4096,64,16,64,0.083339,0.100320,,
group1,4,4,4096,4096,64,16,128,0.083537,0.100622,,
group1,4,4,4096,4096,64,16,256,0.083593,0.100593,,
group1,4,4,4096,4096,64,16,512,0.084836,0.100099,,
group1,4,4,4096,4096,64,16,1024,0.129169,0.123849,,
group1,4,4,4096,4096,64,16,2048,0.247591,0.244854,,
group1,4,4,4096,4096,64,16,4096,0.488968,0.477200,,
group1,4,4,4096,4096,128,8,2,0.083168,0.099947,,
group1,4,4,4096,4096,128,8,4,0.083471,0.099509,,
group1,4,4,4096,4096,128,8,8,0.083557,0.100348,,
group1,4,4,4096,4096,128,8,16,0.083341,0.100277,,
group1,4,4,4096,4096,128,8,32,0.083402,0.100277,,
group1,4,4,4096,4096,128,8,64,0.083571,0.100625,,
group1,4,4,4096,4096,128,8,128,0.083453,0.100467,,
group1,4,4,4096,4096,128,8,256,0.083818,0.100052,,
group1,4,4,4096,4096,128,8,512,0.085149,0.101048,,
group1,4,4,4096,4096,128,8,1024,0.129108,0.124281,,
group1,4,4,4096,4096,128,8,2048,0.247603,0.246156,,
group1,4,4,4096,4096,128,8,4096,0.488968,0.479358,,
group1,4,4,4096,4096,256,4,2,0.083452,0.100096,,
group1,4,4,4096,4096,256,4,4,0.083523,0.099905,,
group1,4,4,4096,4096,256,4,8,0.083695,0.100554,,
group1,4,4,4096,4096,256,4,16,0.083437,0.099968,,
group1,4,4,4096,4096,256,4,32,0.083937,0.100584,,
group1,4,4,4096,4096,256,4,64,0.084198,0.100173,,
group1,4,4,4096,4096,256,4,128,0.083290,0.100453,,
group1,4,4,4096,4096,256,4,256,0.084165,0.100106,,
group1,4,4,4096,4096,256,4,512,0.085241,0.101338,,
group1,4,4,4096,4096,256,4,1024,0.129080,0.124286,,
group1,4,4,4096,4096,256,4,2048,0.247606,0.246117,,
group1,4,4,4096,4096,256,4,4096,0.488989,0.479323,,
group1,4,4,4096,4096,512,2,2,0.083423,0.099788,,
group1,4,4,4096,4096,512,2,4,0.083080,0.100239,,
group1,4,4,4096,4096,512,2,8,0.083855,0.101199,,
group1,4,4,4096,4096,512,2,16,0.083578,0.100794,,
group1,4,4,4096,4096,512,2,32,0.083692,0.100621,,
group1,4,4,4096,4096,512,2,64,0.083810,0.099984,,
group1,4,4,4096,4096,512,2,128,0.083631,0.100111,,
group1,4,4,4096,4096,512,2,256,0.083696,0.099982,,
group1,4,4,4096,4096,512,2,512,0.085050,0.100864,,
group1,4,4,4096,4096,512,2,1024,0.129070,0.124265,,
group1,4,4,4096,4096,512,2,2048,0.247605,0.246136,,
group1,4,4,4096,4096,512,2,4096,0.489061,0.479348,,
group1,4,4,4096,4096,1024,1,2,0.083103,0.063208,,
group1,4,4,4096,4096,1024,1,4,0.083654,0.063292,,
group1,4,4,4096,4096,1024,1,8,0.083114,0.063455,,
group1,4,4,4096,4096,1024,1,16,0.083494,0.063906,,
group1,4,4,4096,4096,1024,1,32,0.083623,0.063842,,
group1,4,4,4096,4096,1024,1,64,0.083362,0.063506,,
group1,4,4,4096,4096,1024,1,128,0.083451,0.063720,,
group1,4,4,4096,4096,1024,1,256,0.083198,0.063753,,
group1,4,4,4096,4096,1024,1,512,0.084959,0.063991,,
group1,4,4,4096,4096,1024,1,1024,0.128298,0.083250,,
group1,4,4,4096,4096,1024,1,2048,0.246078,0.165600,,
group1,4,4,4096,4096,1024,1,4096,0.487200,0.325288,,
group1,4,8,512,1024,1,128,2,0.082433,0.101855,,
group1,4,8,512,1024,1,128,4,0.082296,0.102291,,
group1,4,8,512,1024,1,128,8,0.082917,0.102335,,
group1,4,8,512,1024,1,128,16,0.082670,0.101474,,
group1,4,8,512,1024,1,128,32,0.083272,0.102244,,
group1,4,8,512,1024,1,128,64,0.082870,0.102155,,
group1,4,8,512,1024,1,128,128,0.082741,0.101696,,
group1,4,8,512,1024,1,128,256,0.082716,0.102638,,
group1,4,8,512,1024,1,128,512,0.083586,0.102450,,
group1,4,8,512,1024,1,128,1024,0.083105,0.102078,,
group1,4,8,512,1024,1,128,2048,0.083860,0.103247,,
group1,4,8,512,1024,1,128,4096,0.091191,0.102850,,
group1,4,8,512,1024,2,64,2,0.082752,0.099080,,
group1,4,8,512,1024,2,64,4,0.083214,0.099452,,
group1,4,8,512,1024,2,64,8,0.083159,0.099633,,
group1,4,8,512,1024,2,64,16,0.082842,0.099956,,
group1,4,8,512,1024,2,64,32,0.083527,0.099929,,
group1,4,8,512,1024,2,64,64,0.083117,0.099095,,
group1,4,8,512,1024,2,64,128,0.082976,0.099253,,
group1,4,8,512,1024,2,64,256,0.083029,0.099791,,
group1,4,8,512,1024,2,64,512,0.083473,0.099538,,
group1,4,8,512,1024,2,64,1024,0.083885,0.099555,,
group1,4,8,512,1024,2,64,2048,0.084322,0.099748,,
group1,4,8,512,1024,2,64,4096,0.091092,0.099748,,
group1,4,8,512,1024,4,32,2,0.082723,0.098822,,
group1,4,8,512,1024,4,32,4,0.082542,0.099321,,
group1,4,8,512,1024,4,32,8,0.082656,0.099340,,
group1,4,8,512,1024,4,32,16,0.082308,0.099473,,
group1,4,8,512,1024,4,32,32,0.082967,0.099276,,
group1,4,8,512,1024,4,32,64,0.083001,0.099363,,
group1,4,8,512,1024,4,32,128,0.083347,0.099241,,
group1,4,8,512,1024,4,32,256,0.083243,0.100152,,
group1,4,8,512,1024,4,32,512,0.083732,0.099743,,
group1,4,8,512,1024,4,32,1024,0.083943,0.099190,,
group1,4,8,512,1024,4,32,2048,0.083499,0.100095,,
group1,4,8,512,1024,4,32,4096,0.091083,0.099768,,
group1,4,8,512,1024,8,16,2,0.082403,0.099314,,
group1,4,8,512,1024,8,16,4,0.082392,0.099362,,
group1,4,8,512,1024,8,16,8,0.083338,0.099073,,
group1,4,8,512,1024,8,16,16,0.081943,0.099127,,
group1,4,8,512,1024,8,16,32,0.082961,0.099281,,
group1,4,8,512,1024,8,16,64,0.083130,0.098900,,
group1,4,8,512,1024,8,16,128,0.083049,0.099495,,
group1,4,8,512,1024,8,16,256,0.082913,0.099429,,
group1,4,8,512,1024,8,16,512,0.083764,0.099437,,
group1,4,8,512,1024,8,16,1024,0.083610,0.099403,,
group1,4,8,512,1024,8,16,2048,0.083983,0.099609,,
group1,4,8,512,1024,8,16,4096,0.091116,0.099733,,
group1,4,8,512,1024,16,8,2,0.082645,0.098853,,
group1,4,8,512,1024,16,8,4,0.083125,0.099497,,
group1,4,8,512,1024,16,8,8,0.082601,0.099863,,
group1,4,8,512,1024,16,8,16,0.082686,0.099657,,
group1,4,8,512,1024,16,8,32,0.082960,0.100217,,
group1,4,8,512,1024,16,8,64,0.083256,0.099708,,
group1,4,8,512,1024,16,8,128,0.082934,0.099971,,
group1,4,8,512,1024,16,8,256,0.083174,0.099890,,
group1,4,8,512,1024,16,8,512,0.083451,0.100125,,
group1,4,8,512,1024,16,8,1024,0.083732,0.099379,,
group1,4,8,512,1024,16,8,2048,0.083823,0.100012,,
group1,4,8,512,1024,16,8,4096,0.091092,0.100248,,
group1,4,8,512,1024,32,4,2,0.082303,0.099305,,
group1,4,8,512,1024,32,4,4,0.083032,0.099418,,
group1,4,8,512,1024,32,4,8,0.082526,0.099626,,
group1,4,8,512,1024,32,4,16,0.083295,0.099727,,
group1,4,8,512,1024,32,4,32,0.083081,0.099310,,
group1,4,8,512,1024,32,4,64,0.083516,0.099260,,
group1,4,8,512,1024,32,4,128,0.083340,0.099343,,
group1,4,8,512,1024,32,4,256,0.083016,0.099336,,
group1,4,8,512,1024,32,4,512,0.084115,0.099492,,
group1,4,8,512,1024,32,4,1024,0.084035,0.099428,,
group1,4,8,512,1024,32,4,2048,0.084427,0.100325,,
group1,4,8,512,1024,32,4,4096,0.091109,0.100170,,
group1,4,8,512,1024,64,2,2,0.083169,0.099558,,
group1,4,8,512,1024,64,2,4,0.083307,0.099558,,
group1,4,8,512,1024,64,2,8,0.083085,0.099616,,
group1,4,8,512,1024,64,2,16,0.083552,0.099770,,
group1,4,8,512,1024,64,2,32,0.083644,0.100257,,
group1,4,8,512,1024,64,2,64,0.083458,0.099666,,
group1,4,8,512,1024,64,2,128,0.083333,0.100094,,
group1,4,8,512,1024,64,2,256,0.083975,0.100323,,
group1,4,8,512,1024,64,2,512,0.084157,0.099864,,
group1,4,8,512,1024,64,2,1024,0.084294,0.099347,,
group1,4,8,512,1024,64,2,2048,0.084812,0.099964,,
group1,4,8,512,1024,64,2,4096,0.091100,0.100009,,
group1,4,8,512,1024,128,1,2,0.083384,0.062940,,
group1,4,8,512,1024,128,1,4,0.083526,0.062871,,
group1,4,8,512,1024,128,1,8,0.083346,0.063235,,
group1,4,8,512,1024,128,1,16,0.083788,0.063391,,
group1,4,8,512,1024,128,1,32,0.082756,0.063155,,
group1,4,8,512,1024,128,1,64,0.083657,0.063573,,
group1,4,8,512,1024,128,1,128,0.083294,0.063156,,
group1,4,8,512,1024,128,1,256,0.083347,0.063175,,
group1,4,8,512,1024,128,1,512,0.083910,0.063166,,
group1,4,8,512,1024,128,1,1024,0.084633,0.063703,,
group1,4,8,512,1024,128,1,2048,0.084572,0.063423,,
group1,4,8,512,1024,128,1,4096,0.090790,0.063169,,
group1,4,8,1024,2048,1,256,2,0.082503,0.102084,,
group1,4,8,1024,2048,1,256,4,0.083206,0.102718,,
group1,4,8,1024,2048,1,256,8,0.083038,0.102735,,
group1,4,8,1024,2048,1,256,16,0.083123,0.102693,,
group1,4,8,1024,2048,1,256,32,0.082999,0.102673,,
group1,4,8,1024,2048,1,256,64,0.082606,0.102087,,
group1,4,8,1024,2048,1,256,128,0.082884,0.102544,,
group1,4,8,1024,2048,1,256,256,0.082281,0.101683,,
group1,4,8,1024,2048,1,256,512,0.083859,0.102366,,
group1,4,8,1024,2048,1,256,1024,0.083920,0.103403,,
group1,4,8,1024,2048,1,256,2048,0.091844,0.102680,,
group1,4,8,1024,2048,1,256,4096,0.175044,0.152880,,
group1,4,8,1024,2048,2,128,2,0.082801,0.098926,,
group1,4,8,1024,2048,2,128,4,0.082934,0.100015,,
group1,4,8,1024,2048,2,128,8,0.082994,0.099883,,
group1,4,8,1024,2048,2,128,16,0.083749,0.099279,,
group1,4,8,1024,2048,2,128,32,0.083837,0.099801,,
group1,4,8,1024,2048,2,128,64,0.083667,0.099726,,
group1,4,8,1024,2048,2,128,128,0.083871,0.100326,,
group1,4,8,1024,2048,2,128,256,0.083356,0.100172,,
group1,4,8,1024,2048,2,128,512,0.083541,0.099729,,
group1,4,8,1024,2048,2,128,1024,0.084174,0.100613,,
group1,4,8,1024,2048,2,128,2048,0.091875,0.100407,,
group1,4,8,1024,2048,2,128,4096,0.175130,0.151874,,
group1,4,8,1024,2048,4,64,2,0.082652,0.099290,,
group1,4,8,1024,2048,4,64,4,0.083121,0.099848,,
group1,4,8,1024,2048,4,64,8,0.082860,0.099269,,
group1,4,8,1024,2048,4,64,16,0.082775,0.099536,,
group1,4,8,1024,2048,4,64,32,0.083212,0.099748,,
group1,4,8,1024,2048,4,64,64,0.083484,0.099742,,
group1,4,8,1024,2048,4,64,128,0.083166,0.099944,,
group1,4,8,1024,2048,4,64,256,0.082755,0.099314,,
group1,4,8,1024,2048,4,64,512,0.083937,0.099737,,
group1,4,8,1024,2048,4,64,1024,0.084003,0.100077,,
group1,4,8,1024,2048,4,64,2048,0.091852,0.099699,,
group1,4,8,1024,2048,4,64,4096,0.175186,0.151570,,
group1,4,8,1024,2048,8,32,2,0.082635,0.099137,,
group1,4,8,1024,2048,8,32,4,0.083018,0.099873,,
group1,4,8,1024,2048,8,32,8,0.083016,0.099985,,
group1,4,8,1024,2048,8,32,16,0.083370,0.100122,,
group1,4,8,1024,2048,8,32,32,0.083025,0.099561,,
group1,4,8,1024,2048,8,32,64,0.083454,0.099010,,
group1,4,8,1024,2048,8,32,128,0.083680,0.099465,,
group1,4,8,1024,2048,8,32,256,0.084078,0.099598,,
group1,4,8,1024,2048,8,32,512,0.084202,0.099532,,
group1,4,8,1024,2048,8,32,1024,0.084539,0.100852,,
group1,4,8,1024,2048,8,32,2048,0.091835,0.099825,,
group1,4,8,1024,2048,8,32,4096,0.175213,0.153263,,
group1,4,8,1024,2048,16,16,2,0.083428,0.099101,,
group1,4,8,1024,2048,16,16,4,0.083199,0.099100,,
group1,4,8,1024,2048,16,16,8,0.083341,0.099007,,
group1,4,8,1024,2048,16,16,16,0.083340,0.099569,,
group1,4,8,1024,2048,16,16,32,0.083415,0.099467,,
group1,4,8,1024,2048,16,16,64,0.083544,0.099250,,
group1,4,8,1024,2048,16,16,128,0.083137,0.099281,,
group1,4,8,1024,2048,16,16,256,0.083615,0.100152,,
group1,4,8,1024,2048,16,16,512,0.084169,0.099805,,
group1,4,8,1024,2048,16,16,1024,0.083969,0.100252,,
group1,4,8,1024,2048,16,16,2048,0.091871,0.100270,,
group1,4,8,1024,2048,16,16,4096,0.175176,0.155653,,
group1,4,8,1024,2048,32,8,2,0.083694,0.099227,,
group1,4,8,1024,2048,32,8,4,0.083214,0.099170,,
group1,4,8,1024,2048,32,8,8,0.083750,0.099334,,
group1,4,8,1024,2048,32,8,16,0.083138,0.100250,,
group1,4,8,1024,2048,32,8,32,0.083359,0.099374,,
group1,4,8,1024,2048,32,8,64,0.083297,0.099063,,
group1,4,8,1024,2048,32,8,128,0.083371,0.099295,,
group1,4,8,1024,2048,32,8,256,0.083600,0.099096,,
group1,4,8,1024,2048,32,8,512,0.084158,0.099960,,
group1,4,8,1024,2048,32,8,1024,0.084485,0.100036,,
group1,4,8,1024,2048,32,8,2048,0.091876,0.099945,,
group1,4,8,1024,2048,32,8,4096,0.175192,0.156281,,
group1,4,8,1024,2048,64,4,2,0.083588,0.099212,,
group1,4,8,1024,2048,64,4,4,0.083289,0.099168,,
group1,4,8,1024,2048,64,4,8,0.083393,0.099130,,
group1,4,8,1024,2048,64,4,16,0.083923,0.099815,,
group1,4,8,1024,2048,64,4,32,0.083609,0.099492,,
group1,4,8,1024,2048,64,4,64,0.083411,0.099213,,
group1,4,8,1024,2048,64,4,128,0.083667,0.099555,,
group1,4,8,1024,2048,64,4,256,0.083665,0.099418,,
group1,4,8,1024,2048,64,4,512,0.084325,0.099362,,
group1,4,8,1024,2048,64,4,1024,0.084501,0.100494,,
group1,4,8,1024,2048,64,4,2048,0.091884,0.100423,,
group1,4,8,1024,2048,64,4,4096,0.175237,0.157236,,
group1,4,8,1024,2048,128,2,2,0.083643,0.099324,,
group1,4,8,1024,2048,128,2,4,0.083196,0.099561,,
group1,4,8,1024,2048,128,2,8,0.083281,0.098741,,
group1,4,8,1024,2048,128,2,16,0.083497,0.099463,,
group1,4,8,1024,2048,128,2,32,0.083335,0.099984,,
group1,4,8,1024,2048,128,2,64,0.083407,0.099256,,
group1,4,8,1024,2048,128,2,128,0.083319,0.099329,,
group1,4,8,1024,2048,128,2,256,0.083293,0.099743,,
group1,4,8,1024,2048,128,2,512,0.083632,0.099917,,
group1,4,8,1024,2048,128,2,1024,0.084247,0.100036,,
group1,4,8,1024,2048,128,2,2048,0.091862,0.100209,,
group1,4,8,1024,2048,128,2,4096,0.175255,0.157207,,
group1,4,8,1024,2048,256,1,2,0.082984,0.063341,,
group1,4,8,1024,2048,256,1,4,0.082971,0.063306,,
group1,4,8,1024,2048,256,1,8,0.083317,0.063637,,
group1,4,8,1024,2048,256,1,16,0.083239,0.063282,,
group1,4,8,1024,2048,256,1,32,0.083578,0.063655,,
group1,4,8,1024,2048,256,1,64,0.083263,0.063232,,
group1,4,8,1024,2048,256,1,128,0.083070,0.063355,,
group1,4,8,1024,2048,256,1,256,0.082839,0.063250,,
group1,4,8,1024,2048,256,1,512,0.083497,0.063382,,
group1,4,8,1024,2048,256,1,1024,0.084066,0.063366,,
group1,4,8,1024,2048,256,1,2048,0.091502,0.063131,,
group1,4,8,1024,2048,256,1,4096,0.174603,0.095241,,
group1,4,8,2048,4096,1,512,2,0.083092,0.102417,,
group1,4,8,2048,4096,1,512,4,0.083424,0.102885,,
group1,4,8,2048,4096,1,512,8,0.083380,0.102803,,
group1,4,8,2048,4096,1,512,16,0.084012,0.103371,,
group1,4,8,2048,4096,1,512,32,0.083617,0.103371,,
group1,4,8,2048,4096,1,512,64,0.083403,0.103054,,
group1,4,8,2048,4096,1,512,128,0.083700,0.103496,,
group1,4,8,2048,4096,1,512,256,0.084445,0.102722,,
group1,4,8,2048,4096,1,512,512,0.083874,0.104045,,
group1,4,8,2048,4096,1,512,1024,0.093315,0.103562,,
group1,4,8,2048,4096,1,512,2048,0.173505,0.155683,,
group1,4,8,2048,4096,1,512,4096,0.343287,0.301472,,
group1,4,8,2048,4096,2,256,2,0.083097,0.099597,,
group1,4,8,2048,4096,2,256,4,0.082778,0.099945,,
group1,4,8,2048,4096,2,256,8,0.083257,0.099683,,
group1,4,8,2048,4096,2,256,16,0.083551,0.099492,,
group1,4,8,2048,4096,2,256,32,0.083525,0.099820,,
group1,4,8,2048,4096,2,256,64,0.082770,0.099774,,
group1,4,8,2048,4096,2,256,128,0.083609,0.100035,,
group1,4,8,2048,4096,2,256,256,0.083783,0.100106,,
group1,4,8,2048,4096,2,256,512,0.083907,0.100644,,
group1,4,8,2048,4096,2,256,1024,0.093210,0.100509,,
group1,4,8,2048,4096,2,256,2048,0.173589,0.152642,,
group1,4,8,2048,4096,2,256,4096,0.343305,0.293387,,
group1,4,8,2048,4096,4,128,2,0.083165,0.099050,,
group1,4,8,2048,4096,4,128,4,0.083908,0.099906,,
group1,4,8,2048,4096,4,128,8,0.083316,0.099940,,
group1,4,8,2048,4096,4,128,16,0.083983,0.099478,,
group1,4,8,2048,4096,4,128,32,0.083533,0.100195,,
group1,4,8,2048,4096,4,128,64,0.083797,0.100268,,
group1,4,8,2048,4096,4,128,128,0.083155,0.099914,,
group1,4,8,2048,4096,4,128,256,0.083758,0.100135,,
group1,4,8,2048,4096,4,128,512,0.083877,0.100810,,
group1,4,8,2048,4096,4,128,1024,0.093261,0.100252,,
group1,4,8,2048,4096,4,128,2048,0.173631,0.151620,,
group1,4,8,2048,4096,4,128,4096,0.343434,0.290160,,
group1,4,8,2048,4096,8,64,2,0.083760,0.099797,,
group1,4,8,2048,4096,8,64,4,0.083389,0.099425,,
group1,4,8,2048,4096,8,64,8,0.083919,0.099309,,
group1,4,8,2048,4096,8,64,16,0.083679,0.099588,,
group1,4,8,2048,4096,8,64,32,0.083507,0.099659,,
group1,4,8,2048,4096,8,64,64,0.083751,0.100878,,
group1,4,8,2048,4096,8,64,128,0.083784,0.099608,,
group1,4,8,2048,4096,8,64,256,0.084052,0.099999,,
group1,4,8,2048,4096,8,64,512,0.084707,0.100953,,
group1,4,8,2048,4096,8,64,1024,0.093270,0.100294,,
group1,4,8,2048,4096,8,64,2048,0.173674,0.151321,,
group1,4,8,2048,4096,8,64,4096,0.343457,0.289574,,
group1,4,8,2048,4096,16,32,2,0.083194,0.099861,,
group1,4,8,2048,4096,16,32,4,0.083587,0.100326,,
group1,4,8,2048,4096,16,32,8,0.083741,0.100227,,
group1,4,8,2048,4096,16,32,16,0.083848,0.100666,,
group1,4,8,2048,4096,16,32,32,0.083448,0.099987,,
group1,4,8,2048,4096,16,32,64,0.083566,0.100087,,
group1,4,8,2048,4096,16,32,128,0.083823,0.099738,,
group1,4,8,2048,4096,16,32,256,0.084009,0.100158,,
group1,4,8,2048,4096,16,32,512,0.084356,0.100508,,
group1,4,8,2048,4096,16,32,1024,0.093221,0.100643,,
group1,4,8,2048,4096,16,32,2048,0.173669,0.153248,,
group1,4,8,2048,4096,16,32,4096,0.343383,0.295819,,
group1,4,8,2048,4096,32,16,2,0.082489,0.099495,,
group1,4,8,2048,4096,32,16,4,0.083038,0.100164,,
group1,4,8,2048,4096,32,16,8,0.083376,0.099942,,
group1,4,8,2048,4096,32,16,16,0.083214,0.100227,,
group1,4,8,2048,4096,32,16,32,0.082916,0.100214,,
group1,4,8,2048,4096,32,16,64,0.083454,0.100107,,
group1,4,8,2048,4096,32,16,128,0.084021,0.099181,,
group1,4,8,2048,4096,32,16,256,0.084010,0.100224,,
group1,4,8,2048,4096,32,16,512,0.084165,0.100949,,
group1,4,8,2048,4096,32,16,1024,0.093256,0.100795,,
group1,4,8,2048,4096,32,16,2048,0.173671,0.155905,,
group1,4,8,2048,4096,32,16,4096,0.343514,0.301290,,
group1,4,8,2048,4096,64,8,2,0.083160,0.099598,,
group1,4,8,2048,4096,64,8,4,0.083576,0.100558,,
group1,4,8,2048,4096,64,8,8,0.083707,0.100184,,
group1,4,8,2048,4096,64,8,16,0.083950,0.100257,,
group1,4,8,2048,4096,64,8,32,0.083731,0.100685,,
group1,4,8,2048,4096,64,8,64,0.083483,0.100124,,
group1,4,8,2048,4096,64,8,128,0.083995,0.099398,,
group1,4,8,2048,4096,64,8,256,0.083827,0.099922,,
group1,4,8,2048,4096,64,8,512,0.084440,0.100690,,
group1,4,8,2048,4096,64,8,1024,0.093255,0.100367,,
group1,4,8,2048,4096,64,8,2048,0.173663,0.156520,,
group1,4,8,2048,4096,64,8,4096,0.343431,0.302610,,
group1,4,8,2048,4096,128,4,2,0.083425,0.099412,,
group1,4,8,2048,4096,128,4,4,0.083392,0.099869,,
group1,4,8,2048,4096,128,4,8,0.083260,0.099817,,
group1,4,8,2048,4096,128,4,16,0.083335,0.099672,,
group1,4,8,2048,4096,128,4,32,0.083131,0.099808,,
group1,4,8,2048,4096,128,4,64,0.083201,0.099727,,
group1,4,8,2048,4096,128,4,128,0.083701,0.099503,,
group1,4,8,2048,4096,128,4,256,0.084048,0.099717,,
group1,4,8,2048,4096,128,4,512,0.084193,0.100992,,
group1,4,8,2048,4096,128,4,1024,0.093257,0.100308,,
group1,4,8,2048,4096,128,4,2048,0.173751,0.157400,,
group1,4,8,2048,4096,128,4,4096,0.343453,0.303768,,
group1,4,8,2048,4096,256,2,2,0.083668,0.099504,,
group1,4,8,2048,4096,256,2,4,0.083953,0.099888,,
group1,4,8,2048,4096,256,2,8,0.084063,0.099875,,
group1,4,8,2048,4096,256,2,16,0.084162,0.100261,,
group1,4,8,2048,4096,256,2,32,0.083699,0.099782,,
group1,4,8,2048,4096,256,2,64,0.084045,0.099937,,
group1,4,8,2048,4096,256,2,128,0.084496,0.099956,,
group1,4,8,2048,4096,256,2,256,0.084495,0.100098,,
group1,4,8,2048,4096,256,2,512,0.084797,0.100897,,
group1,4,8,2048,4096,256,2,1024,0.093273,0.100124,,
group1,4,8,2048,4096,256,2,2048,0.173741,0.157410,,
group1,4,8,2048,4096,256,2,4096,0.343561,0.303773,,
group1,4,8,2048,4096,512,1,2,0.083440,0.063681,,
group1,4,8,2048,4096,512,1,4,0.083869,0.063540,,
group1,4,8,2048,4096,512,1,8,0.084153,0.063033,,
group1,4,8,2048,4096,512,1,16,0.084224,0.063543,,
group1,4,8,2048,4096,512,1,32,0.083295,0.063269,,
group1,4,8,2048,4096,512,1,64,0.083454,0.063350,,
group1,4,8,2048,4096,512,1,128,0.083786,0.063127,,
group1,4,8,2048,4096,512,1,256,0.084580,0.063455,,
group1,4,8,2048,4096,512,1,512,0.084870,0.063337,,
group1,4,8,2048,4096,512,1,1024,0.092670,0.063240,,
group1,4,8,2048,4096,512,1,2048,0.173114,0.094768,,
group1,4,8,2048,4096,512,1,4096,0.342613,0.186909,,
group1,4,16,512,2048,1,128,2,0.083164,0.102032,,
group1,4,16,512,2048,1,128,4,0.083195,0.102511,,
group1,4,16,512,2048,1,128,8,0.083398,0.102760,,
group1,4,16,512,2048,1,128,16,0.084279,0.102340,,
group1,4,16,512,2048,1,128,32,0.083143,0.102292,,
group1,4,16,512,2048,1,128,64,0.083244,0.102723,,
group1,4,16,512,2048,1,128,128,0.083095,0.103134,,
group1,4,16,512,2048,1,128,256,0.083341,0.102062,,
group1,4,16,512,2048,1,128,512,0.084780,0.103094,,
group1,4,16,512,2048,1,128,1024,0.084690,0.102567,,
group1,4,16,512,2048,1,128,2048,0.085147,0.103130,,
group1,4,16,512,2048,1,128,4096,0.137635,0.103201,,
group1,4,16,512,2048,2,64,2,0.083281,0.099308,,
group1,4,16,512,2048,2,64,4,0.083526,0.099760,,
group1,4,16,512,2048,2,64,8,0.084328,0.099629,,
group1,4,16,512,2048,2,64,16,0.083730,0.099353,,
group1,4,16,512,2048,2,64,32,0.083860,0.100368,,
group1,4,16,512,2048,2,64,64,0.083484,0.100374,,
group1,4,16,512,2048,2,64,128,0.083673,0.100084,,
group1,4,16,512,2048,2,64,256,0.083483,0.100264,,
group1,4,16,512,2048,2,64,512,0.085060,0.100563,,
group1,4,16,512,2048,2,64,1024,0.084803,0.099670,,
group1,4,16,512,2048,2,64,2048,0.084423,0.100186,,
group1,4,16,512,2048,2,64,4096,0.137845,0.100202,,
group1,4,16,512,2048,4,32,2,0.083208,0.099295,,
group1,4,16,512,2048,4,32,4,0.083224,0.100192,,
group1,4,16,512,2048,4,32,8,0.083468,0.099215,,
group1,4,16,512,2048,4,32,16,0.083515,0.099892,,
group1,4,16,512,2048,4,32,32,0.083183,0.099734,,
group1,4,16,512,2048,4,32,64,0.083603,0.100146,,
group1,4,16,512,2048,4,32,128,0.083296,0.100340,,
group1,4,16,512,2048,4,32,256,0.083645,0.100548,,
group1,4,16,512,2048,4,32,512,0.084187,0.100213,,
group1,4,16,512,2048,4,32,1024,0.084227,0.099707,,
group1,4,16,512,2048,4,32,2048,0.084260,0.100179,,
group1,4,16,512,2048,4,32,4096,0.137893,0.099725,,
group1,4,16,512,2048,8,16,2,0.082802,0.099019,,
group1,4,16,512,2048,8,16,4,0.082764,0.099772,,
group1,4,16,512,2048,8,16,8,0.082787,0.099730,,
group1,4,16,512,2048,8,16,16,0.083262,0.099794,,
group1,4,16,512,2048,8,16,32,0.083310,0.099777,,
group1,4,16,512,2048,8,16,64,0.083771,0.099906,,
group1,4,16,512,2048,8,16,128,0.083652,0.100087,,
group1,4,16,512,2048,8,16,256,0.083191,0.099971,,
group1,4,16,512,2048,8,16,512,0.084521,0.100076,,
group1,4,16,512,2048,8,16,1024,0.084023,0.099649,,
group1,4,16,512,2048,8,16,2048,0.084856,0.100110,,
group1,4,16,512,2048,8,16,4096,0.137968,0.100032,,
group1,4,16,512,2048,16,8,2,0.083079,0.099838,,
group1,4,16,512,2048,16,8,4,0.083930,0.099887,,
group1,4,16,512,2048,16,8,8,0.083356,0.099702,,
group1,4,16,512,2048,16,8,16,0.084047,0.100153,,
group1,4,16,512,2048,16,8,32,0.083468,0.099716,,
group1,4,16,512,2048,16,8,64,0.083242,0.100233,,
group1,4,16,512,2048,16,8,128,0.083375,0.099803,,
group1,4,16,512,2048,16,8,256,0.082763,0.099927,,
group1,4,16,512,2048,16,8,512,0.084499,0.100770,,
group1,4,16,512,2048,16,8,1024,0.083875,0.099761,,
group1,4,16,512,2048,16,8,2048,0.084214,0.100122,,
group1,4,16,512,2048,16,8,4096,0.137868,0.100972,,
group1,4,16,512,2048,32,4,2,0.082846,0.099414,,
group1,4,16,512,2048,32,4,4,0.082555,0.099838,,
group1,4,16,512,2048,32,4,8,0.083703,0.099726,,
group1,4,16,512,2048,32,4,16,0.083731,0.099716,,
group1,4,16,512,2048,32,4,32,0.083518,0.100076,,
group1,4,16,512,2048,32,4,64,0.083700,0.099726,,
group1,4,16,512,2048,32,4,128,0.084035,0.099641,,
group1,4,16,512,2048,32,4,256,0.083905,0.099617,,
group1,4,16,512,2048,32,4,512,0.084656,0.099969,,
group1,4,16,512,2048,32,4,1024,0.084384,0.099752,,
group1,4,16,512,2048,32,4,2048,0.084713,0.099881,,
group1,4,16,512,2048,32,4,4096,0.137923,0.101361,,
group1,4,16,512,2048,64,2,2,0.083339,0.099126,,
group1,4,16,512,2048,64,2,4,0.083246,0.099789,,
group1,4,16,512,2048,64,2,8,0.083873,0.099630,,
group1,4,16,512,2048,64,2,16,0.083505,0.099508,,
group1,4,16,512,2048,64,2,32,0.083842,0.100022,,
group1,4,16,512,2048,64,2,64,0.083516,0.099697,,
group1,4,16,512,2048,64,2,128,0.083903,0.099148,,
group1,4,16,512,2048,64,2,256,0.083963,0.100122,,
group1,4,16,512,2048,64,2,512,0.084618,0.099755,,
group1,4,16,512,2048,64,2,1024,0.084198,0.099655,,
group1,4,16,512,2048,64,2,2048,0.084873,0.099832,,
group1,4,16,512,2048,64,2,4096,0.137916,0.102277,,
group1,4,16,512,2048,128,1,2,0.083326,0.063032,,
group1,4,16,512,2048,128,1,4,0.083245,0.063063,,
group1,4,16,512,2048,128,1,8,0.083386,0.062802,,
group1,4,16,512,2048,128,1,16,0.083622,0.063360,,
group1,4,16,512,2048,128,1,32,0.083160,0.063218,,
group1,4,16,512,2048,128,1,64,0.083571,0.063244,,
group1,4,16,512,2048,128,1,128,0.083480,0.062677,,
group1,4,16,512,2048,128,1,256,0.083160,0.063235,,
group1,4,16,512,2048,128,1,512,0.084362,0.063004,,
group1,4,16,512,2048,128,1,1024,0.084404,0.063440,,
group1,4,16,512,2048,128,1,2048,0.084910,0.063117,,
group1,4,16,512,2048,128,1,4096,0.137509,0.063003,,
group1,4,16,1024,4096,1,256,2,0.083156,0.102180,,
group1,4,16,1024,4096,1,256,4,0.082842,0.102849,,
group1,4,16,1024,4096,1,256,8,0.083666,0.103110,,
group1,4,16,1024,4096,1,256,16,0.083213,0.102546,,
group1,4,16,1024,4096,1,256,32,0.083590,0.103029,,
group1,4,16,1024,4096,1,256,64,0.083757,0.102998,,
group1,4,16,1024,4096,1,256,128,0.084058,0.102195,,
group1,4,16,1024,4096,1,256,256,0.084179,0.102979,,
group1,4,16,1024,4096,1,256,512,0.084546,0.103583,,
group1,4,16,1024,4096,1,256,1024,0.085072,0.103558,,
group1,4,16,1024,4096,1,256,2048,0.137684,0.102945,,
group1,4,16,1024,4096,1,256,4096,0.273772,0.182795,,
group1,4,16,1024,4096,2,128,2,0.083319,0.099251,,
group1,4,16,1024,4096,2,128,4,0.083378,0.099735,,
group1,4,16,1024,4096,2,128,8,0.083731,0.099495,,
group1,4,16,1024,4096,2,128,16,0.083712,0.100005,,
group1,4,16,1024,4096,2,128,32,0.084090,0.099894,,
group1,4,16,1024,4096,2,128,64,0.083865,0.099616,,
group1,4,16,1024,4096,2,128,128,0.083500,0.099750,,
group1,4,16,1024,4096,2,128,256,0.084153,0.099601,,
group1,4,16,1024,4096,2,128,512,0.084444,0.100120,,
group1,4,16,1024,4096,2,128,1024,0.085304,0.100051,,
group1,4,16,1024,4096,2,128,2048,0.137909,0.100229,,
group1,4,16,1024,4096,2,128,4096,0.273852,0.182194,,
group1,4,16,1024,4096,4,64,2,0.082954,0.099268,,
group1,4,16,1024,4096,4,64,4,0.082934,0.099218,,
group1,4,16,1024,4096,4,64,8,0.083800,0.099367,,
group1,4,16,1024,4096,4,64,16,0.084158,0.099460,,
group1,4,16,1024,4096,4,64,32,0.084244,0.100236,,
group1,4,16,1024,4096,4,64,64,0.083290,0.099540,,
group1,4,16,1024,4096,4,64,128,0.083795,0.099898,,
group1,4,16,1024,4096,4,64,256,0.084550,0.099705,,
group1,4,16,1024,4096,4,64,512,0.084684,0.099871,,
group1,4,16,1024,4096,4,64,1024,0.085180,0.100437,,
group1,4,16,1024,4096,4,64,2048,0.137920,0.100082,,
group1,4,16,1024,4096,4,64,4096,0.273919,0.182222,,
group1,4,16,1024,4096,8,32,2,0.083177,0.099514,,
group1,4,16,1024,4096,8,32,4,0.082932,0.099952,,
group1,4,16,1024,4096,8,32,8,0.084010,0.099785,,
group1,4,16,1024,4096,8,32,16,0.083303,0.099504,,
group1,4,16,1024,4096,8,32,32,0.084037,0.099992,,
group1,4,16,1024,4096,8,32,64,0.083465,0.099718,,
group1,4,16,1024,4096,8,32,128,0.083645,0.100138,,
group1,4,16,1024,4096,8,32,256,0.083581,0.100557,,
group1,4,16,1024,4096,8,32,512,0.084298,0.100310,,
group1,4,16,1024,4096,8,32,1024,0.084519,0.100831,,
group1,4,16,1024,4096,8,32,2048,0.137979,0.100611,,
group1,4,16,1024,4096,8,32,4096,0.273942,0.175510,,
group1,4,16,1024,4096,16,16,2,0.083404,0.099676,,
group1,4,16,1024,4096,16,16,4,0.083274,0.099982,,
group1,4,16,1024,4096,16,16,8,0.084072,0.100239,,
group1,4,16,1024,4096,16,16,16,0.084204,0.099816,,
group1,4,16,1024,4096,16,16,32,0.084173,0.099854,,
group1,4,16,1024,4096,16,16,64,0.082993,0.099659,,
group1,4,16,1024,4096,16,16,128,0.084130,0.099835,,
group1,4,16,1024,4096,16,16,256,0.084027,0.099718,,
group1,4,16,1024,4096,16,16,512,0.084214,0.100043,,
group1,4,16,1024,4096,16,16,1024,0.085390,0.100384,,
group1,4,16,1024,4096,16,16,2048,0.137983,0.100476,,
group1,4,16,1024,4096,16,16,4096,0.273910,0.175954,,
group1,4,16,1024,4096,32,8,2,0.083502,0.099837,,
group1,4,16,1024,4096,32,8,4,0.083149,0.100085,,
group1,4,16,1024,4096,32,8,8,0.084024,0.100188,,
group1,4,16,1024,4096,32,8,16,0.083583,0.099753,,
group1,4,16,1024,4096,32,8,32,0.083750,0.100478,,
group1,4,16,1024,4096,32,8,64,0.082797,0.099876,,
group1,4,16,1024,4096,32,8,128,0.082931,0.099881,,
group1,4,16,1024,4096,32,8,256,0.083696,0.099860,,
group1,4,16,1024,4096,32,8,512,0.084068,0.099773,,
group1,4,16,1024,4096,32,8,1024,0.084336,0.099878,,
group1,4,16,1024,4096,32,8,2048,0.138003,0.101514,,
group1,4,16,1024,4096,32,8,4096,0.273866,0.191159,,
group1,4,16,1024,4096,64,4,2,0.083477,0.099705,,
group1,4,16,1024,4096,64,4,4,0.083162,0.099744,,
group1,4,16,1024,4096,64,4,8,0.083612,0.099539,,
group1,4,16,1024,4096,64,4,16,0.083788,0.099931,,
group1,4,16,1024,4096,64,4,32,0.083887,0.099943,,
group1,4,16,1024,4096,64,4,64,0.083488,0.099617,,
group1,4,16,1024,4096,64,4,128,0.083661,0.100214,,
group1,4,16,1024,4096,64,4,256,0.084174,0.099672,,
group1,4,16,1024,4096,64,4,512,0.084558,0.100158,,
group1,4,16,1024,4096,64,4,1024,0.084853,0.100406,,
group1,4,16,1024,4096,64,4,2048,0.138033,0.101869,,
group1,4,16,1024,4096,64,4,4096,0.273834,0.191883,,
group1,4,16,1024,4096,128,2,2,0.082869,0.099484,,
group1,4,16,1024,4096,128,2,4,0.083143,0.100146,,
group1,4,16,1024,4096,128,2,8,0.083954,0.100392,,
group1,4,16,1024,4096,128,2,16,0.084026,0.100023,,
group1,4,16,1024,4096,128,2,32,0.083847,0.100232,,
group1,4,16,1024,4096,128,2,64,0.083359,0.099650,,
group1,4,16,1024,4096,128,2,128,0.083506,0.100047,,
group1,4,16,1024,4096,128,2,256,0.084106,0.099994,,
group1,4,16,1024,4096,128,2,512,0.084589,0.100369,,
group1,4,16,1024,4096,128,2,1024,0.084809,0.100078,,
group1,4,16,1024,4096,128,2,2048,0.138077,0.102792,,
group1,4,16,1024,4096,128,2,4096,0.273728,0.193060,,
group1,4,16,1024,4096,256,1,2,0.083496,0.063498,,
group1,4,16,1024,4096,256,1,4,0.083203,0.063467,,
group1,4,16,1024,4096,256,1,8,0.083618,0.063065,,
group1,4,16,1024,4096,256,1,16,0.083569,0.063349,,
group1,4,16,1024,4096,256,1,32,0.083304,0.063615,,
group1,4,16,1024,4096,256,1,64,0.083464,0.063327,,
group1,4,16,1024,4096,256,1,128,0.083519,0.062803,,
group1,4,16,1024,4096,256,1,256,0.084238,0.063248,,
group1,4,16,1024,4096,256,1,512,0.084507,0.063381,,
group1,4,16,1024,4096,256,1,1024,0.085044,0.063304,,
group1,4,16,1024,4096,256,1,2048,0.137658,0.063583,,
group1,4,16,1024,4096,256,1,4096,0.273456,0.096026,,
group1,4,32,512,4096,1,128,2,0.082927,0.102728,,
group1,4,32,512,4096,1,128,4,0.083166,0.102607,,
group1,4,32,512,4096,1,128,8,0.083515,0.102757,,
group1,4,32,512,4096,1,128,16,0.083234,0.102863,,
group1,4,32,512,4096,1,128,32,0.083253,0.103044,,
group1,4,32,512,4096,1,128,64,0.083491,0.103271,,
group1,4,32,512,4096,1,128,128,0.082577,0.102657,,
group1,4,32,512,4096,1,128,256,0.083212,0.103257,,
group1,4,32,512,4096,1,128,512,0.084402,0.103874,,
group1,4,32,512,4096,1,128,1024,0.084214,0.103860,,
group1,4,32,512,4096,1,128,2048,0.130533,0.103545,,
group1,4,32,512,4096,1,128,4096,0.257161,0.189811,,
group1,4,32,512,4096,2,64,2,0.082706,0.099687,,
group1,4,32,512,4096,2,64,4,0.082685,0.099682,,
group1,4,32,512,4096,2,64,8,0.083370,0.099792,,
group1,4,32,512,4096,2,64,16,0.082974,0.099715,,
group1,4,32,512,4096,2,64,32,0.083700,0.100011,,
group1,4,32,512,4096,2,64,64,0.083136,0.099452,,
group1,4,32,512,4096,2,64,128,0.083617,0.099858,,
group1,4,32,512,4096,2,64,256,0.083419,0.099968,,
group1,4,32,512,4096,2,64,512,0.084533,0.099962,,
group1,4,32,512,4096,2,64,1024,0.084526,0.100351,,
group1,4,32,512,4096,2,64,2048,0.130481,0.100840,,
group1,4,32,512,4096,2,64,4096,0.257242,0.189754,,
group1,4,32,512,4096,4,32,2,0.083182,0.099394,,
group1,4,32,512,4096,4,32,4,0.083807,0.099540,,
group1,4,32,512,4096,4,32,8,0.083824,0.099599,,
group1,4,32,512,4096,4,32,16,0.083604,0.099710,,
group1,4,32,512,4096,4,32,32,0.083826,0.099941,,
group1,4,32,512,4096,4,32,64,0.083356,0.100121,,
group1,4,32,512,4096,4,32,128,0.083460,0.099304,,
group1,4,32,512,4096,4,32,256,0.084055,0.099644,,
group1,4,32,512,4096,4,32,512,0.085105,0.100326,,
group1,4,32,512,4096,4,32,1024,0.085030,0.099682,,
group1,4,32,512,4096,4,32,2048,0.130395,0.100576,,
group1,4,32,512,4096,4,32,4096,0.257333,0.132486,,
group1,4,32,512,4096,8,16,2,0.083554,0.099016,,
group1,4,32,512,4096,8,16,4,0.083270,0.099740,,
group1,4,32,512,4096,8,16,8,0.083877,0.100147,,
group1,4,32,512,4096,8,16,16,0.084239,0.099736,,
group1,4,32,512,4096,8,16,32,0.083489,0.099978,,
group1,4,32,512,4096,8,16,64,0.083348,0.099690,,
group1,4,32,512,4096,8,16,128,0.083419,0.100038,,
group1,4,32,512,4096,8,16,256,0.083730,0.099766,,
group1,4,32,512,4096,8,16,512,0.084931,0.100039,,
group1,4,32,512,4096,8,16,1024,0.084799,0.099474,,
group1,4,32,512,4096,8,16,2048,0.130310,0.100741,,
group1,4,32,512,4096,8,16,4096,0.257207,0.121949,,
group1,4,32,512,4096,16,8,2,0.083126,0.098938,,
group1,4,32,512,4096,16,8,4,0.082816,0.099987,,
group1,4,32,512,4096,16,8,8,0.083907,0.099889,,
group1,4,32,512,4096,16,8,16,0.083007,0.099738,,
group1,4,32,512,4096,16,8,32,0.084175,0.099844,,
group1,4,32,512,4096,16,8,64,0.083486,0.099877,,
group1,4,32,512,4096,16,8,128,0.083539,0.099636,,
group1,4,32,512,4096,16,8,256,0.083857,0.099368,,
group1,4,32,512,4096,16,8,512,0.084492,0.100148,,
group1,4,32,512,4096,16,8,1024,0.084381,0.099796,,
group1,4,32,512,4096,16,8,2048,0.130332,0.100646,,
group1,4,32,512,4096,16,8,4096,0.257187,0.123274,,
group1,4,32,512,4096,32,4,2,0.082932,0.099118,,
group1,4,32,512,4096,32,4,4,0.083086,0.099913,,
group1,4,32,512,4096,32,4,8,0.083370,0.099525,,
group1,4,32,512,4096,32,4,16,0.083447,0.099628,,
group1,4,32,512,4096,32,4,32,0.083614,0.100370,,
group1,4,32,512,4096,32,4,64,0.083227,0.099821,,
group1,4,32,512,4096,32,4,128,0.083304,0.099488,,
group1,4,32,512,4096,32,4,256,0.083531,0.099846,,
group1,4,32,512,4096,32,4,512,0.084743,0.100726,,
group1,4,32,512,4096,32,4,1024,0.084808,0.099646,,
group1,4,32,512,4096,32,4,2048,0.130339,0.101040,,
group1,4,32,512,4096,32,4,4096,0.257221,0.137921,,
group1,4,32,512,4096,64,2,2,0.083017,0.099184,,
group1,4,32,512,4096,64,2,4,0.083100,0.100026,,
group1,4,32,512,4096,64,2,8,0.083340,0.100045,,
group1,4,32,512,4096,64,2,16,0.083339,0.099511,,
group1,4,32,512,4096,64,2,32,0.083886,0.100042,,
group1,4,32,512,4096,64,2,64,0.083503,0.099438,,
group1,4,32,512,4096,64,2,128,0.083483,0.099896,,
group1,4,32,512,4096,64,2,256,0.083869,0.099527,,
group1,4,32,512,4096,64,2,512,0.084801,0.100200,,
group1,4,32,512,4096,64,2,1024,0.084330,0.099583,,
group1,4,32,512,4096,64,2,2048,0.130304,0.100534,,
group1,4,32,512,4096,64,2,4096,0.257144,0.138825,,
group1,4,32,512,4096,128,1,2,0.083317,0.063176,,
group1,4,32,512,4096,128,1,4,0.083222,0.063517,,
group1,4,32,512,4096,128,1,8,0.082715,0.063262,,
group1,4,32,512,4096,128,1,16,0.082767,0.063013,,
group1,4,32,512,4096,128,1,32,0.082668,0.063262,,
group1,4,32,512,4096,128,1,64,0.083831,0.063103,,
group1,4,32,512,4096,128,1,128,0.083999,0.063125,,
group1,4,32,512,4096,128,1,256,0.083624,0.063734,,
group1,4,32,512,4096,128,1,512,0.084165,0.063634,,
group1,4,32,512,4096,128,1,1024,0.084508,0.063757,,
group1,4,32,512,4096,128,1,2048,0.130056,0.063370,,
group1,4,32,512,4096,128,1,4096,0.256295,0.063321,,
group1,8,2,2048,512,1,256,2,0.082691,0.102169,,
group1,8,2,2048,512,1,256,4,0.083618,0.102683,,
group1,8,2,2048,512,1,256,8,0.083372,0.102711,,
group1,8,2,2048,512,1,256,16,0.083430,0.102728,,
group1,8,2,2048,512,1,256,32,0.083580,0.102624,,
group1,8,2,2048,512,1,256,64,0.083948,0.102623,,
group1,8,2,2048,512,1,256,128,0.083419,0.103003,,
group1,8,2,2048,512,1,256,256,0.084071,0.102319,,
group1,8,2,2048,512,1,256,512,0.084151,0.102814,,
group1,8,2,2048,512,1,256,1024,0.084599,0.103576,,
group1,8,2,2048,512,1,256,2048,0.084328,0.103246,,
group1,8,2,2048,512,1,256,4096,0.154821,0.125783,,
group1,8,2,2048,512,2,128,2,0.083128,0.099558,,
group1,8,2,2048,512,2,128,4,0.083481,0.099703,,
group1,8,2,2048,512,2,128,8,0.083352,0.099701,,
group1,8,2,2048,512,2,128,16,0.083415,0.099801,,
group1,8,2,2048,512,2,128,32,0.083145,0.100093,,
group1,8,2,2048,512,2,128,64,0.083422,0.099339,,
group1,8,2,2048,512,2,128,128,0.083273,0.099482,,
group1,8,2,2048,512,2,128,256,0.083968,0.100362,,
group1,8,2,2048,512,2,128,512,0.084356,0.099766,,
group1,8,2,2048,512,2,128,1024,0.084648,0.100220,,
group1,8,2,2048,512,2,128,2048,0.084488,0.100715,,
group1,8,2,2048,512,2,128,4096,0.154872,0.123286,,
group1,8,2,2048,512,4,64,2,0.082918,0.099628,,
group1,8,2,2048,512,4,64,4,0.083271,0.099534,,
group1,8,2,2048,512,4,64,8,0.082907,0.099596,,
group1,8,2,2048,512,4,64,16,0.083267,0.099581,,
group1,8,2,2048,512,4,64,32,0.083386,0.099735,,
group1,8,2,2048,512,4,64,64,0.083264,0.099623,,
group1,8,2,2048,512,4,64,128,0.083795,0.099669,,
group1,8,2,2048,512,4,64,256,0.084040,0.099271,,
group1,8,2,2048,512,4,64,512,0.084222,0.099703,,
group1,8,2,2048,512,4,64,1024,0.084531,0.100465,,
group1,8,2,2048,512,4,64,2048,0.084251,0.099838,,
group1,8,2,2048,512,4,64,4096,0.154858,0.122906,,
group1,8,2,2048,512,8,32,2,0.082599,0.099160,,
group1,8,2,2048,512,8,32,4,0.082692,0.099708,,
group1,8,2,2048,512,8,32,8,0.083252,0.100523,,
group1,8,2,2048,512,8,32,16,0.083311,0.099693,,
group1,8,2,2048,512,8,32,32,0.083441,0.099825,,
group1,8,2,2048,512,8,32,64,0.083056,0.098894,,
group1,8,2,2048,512,8,32,128,0.083780,0.099934,,
group1,8,2,2048,512,8,32,256,0.083302,0.099940,,
group1,8,2,2048,512,8,32,512,0.084262,0.099557,,
group1,8,2,2048,512,8,32,1024,0.084606,0.100375,,
group1,8,2,2048,512,8,32,2048,0.084594,0.100469,,
group1,8,2,2048,512,8,32,4096,0.154858,0.123612,,
group1,8,2,2048,512,16,16,2,0.083621,0.099416,,
group1,8,2,2048,512,16,16,4,0.083111,0.100123,,
group1,8,2,2048,512,16,16,8,0.083033,0.099866,,
group1,8,2,2048,512,16,16,16,0.083503,0.099552,,
group1,8,2,2048,512,16,16,32,0.083478,0.099245,,
group1,8,2,2048,512,16,16,64,0.083353,0.099201,,
group1,8,2,2048,512,16,16,128,0.083125,0.099896,,
group1,8,2,2048,512,16,16,256,0.083941,0.099593,,
group1,8,2,2048,512,16,16,512,0.084107,0.099165,,
group1,8,2,2048,512,16,16,1024,0.084480,0.100209,,
group1,8,2,2048,512,16,16,2048,0.084714,0.100345,,
group1,8,2,2048,512,16,16,4096,0.154873,0.127827,,
group1,8,2,2048,512,32,8,2,0.083657,0.099742,,
group1,8,2,2048,512,32,8,4,0.083541,0.100156,,
group1,8,2,2048,512,32,8,8,0.083159,0.100027,,
group1,8,2,2048,512,32,8,16,0.083477,0.099896,,
group1,8,2,2048,512,32,8,32,0.083071,0.099691,,
group1,8,2,2048,512,32,8,64,0.083466,0.100398,,
group1,8,2,2048,512,32,8,128,0.083561,0.099991,,
group1,8,2,2048,512,32,8,256,0.084318,0.100149,,
group1,8,2,2048,512,32,8,512,0.084335,0.100494,,
group1,8,2,2048,512,32,8,1024,0.084718,0.101115,,
group1,8,2,2048,512,32,8,2048,0.084651,0.100528,,
group1,8,2,2048,512,32,8,4096,0.154898,0.128177,,
group1,8,2,2048,512,64,4,2,0.083021,0.099530,,
group1,8,2,2048,512,64,4,4,0.083761,0.099669,,
group1,8,2,2048,512,64,4,8,0.083568,0.099954,,
group1,8,2,2048,512,64,4,16,0.083997,0.099674,,
group1,8,2,2048,512,64,4,32,0.083386,0.100108,,
group1,8,2,2048,512,64,4,64,0.109981,0.099723,,
group1,8,2,2048,512,64,4,128,0.086234,0.102765,,
group1,8,2,2048,512,64,4,256,0.086545,0.103064,,
group1,8,2,2048,512,64,4,512,0.087129,0.102108,,
group1,8,2,2048,512,64,4,1024,0.087290,0.103824,,
group1,8,2,2048,512,64,4,2048,0.087361,0.103335,,
group1,8,2,2048,512,64,4,4096,0.154854,0.128632,,
group1,8,2,2048,512,128,2,2,0.085862,0.102112,,
group1,8,2,2048,512,128,2,4,0.085948,0.102486,,
group1,8,2,2048,512,128,2,8,0.086014,0.102306,,
group1,8,2,2048,512,128,2,16,0.086388,0.102704,,
group1,8,2,2048,512,128,2,32,0.086338,0.102861,,
group1,8,2,2048,512,128,2,64,0.086283,0.102311,,
group1,8,2,2048,512,128,2,128,0.086594,0.102762,,
group1,8,2,2048,512,128,2,256,0.088016,0.101991,,
group1,8,2,2048,512,128,2,512,0.087679,0.103395,,
group1,8,2,2048,512,128,2,1024,0.087926,0.103640,,
group1,8,2,2048,512,128,2,2048,0.087812,0.103396,,
group1,8,2,2048,512,128,2,4096,0.154883,0.128638,,
group1,8,2,2048,512,256,1,2,0.084938,0.063457,,
group1,8,2,2048,512,256,1,4,0.085300,0.063846,,
group1,8,2,2048,512,256,1,8,0.085079,0.063788,,
group1,8,2,2048,512,256,1,16,0.084848,0.063818,,
group1,8,2,2048,512,256,1,32,0.085321,0.064079,,
group1,8,2,2048,512,256,1,64,0.084894,0.064117,,
group1,8,2,2048,512,256,1,128,0.084852,0.063757,,
group1,8,2,2048,512,256,1,256,0.085196,0.064176,,
group1,8,2,2048,512,256,1,512,0.085514,0.064260,,
group1,8,2,2048,512,256,1,1024,0.085926,0.064337,,
group1,8,2,2048,512,256,1,2048,0.085943,0.064356,,
group1,8,2,2048,512,256,1,4096,0.152725,0.078580,,
group1,8,2,4096,1024,1,512,2,0.084742,0.105847,,
group1,8,2,4096,1024,1,512,4,0.085005,0.106161,,
group1,8,2,4096,1024,1,512,8,0.085384,0.106149,,
group1,8,2,4096,1024,1,512,16,0.085536,0.105970,,
group1,8,2,4096,1024,1,512,32,0.085422,0.105777,,
group1,8,2,4096,1024,1,512,64,0.085917,0.106634,,
group1,8,2,4096,1024,1,512,128,0.085472,0.106518,,
group1,8,2,4096,1024,1,512,256,0.086332,0.105796,,
group1,8,2,4096,1024,1,512,512,0.086885,0.107602,,
group1,8,2,4096,1024,1,512,1024,0.086825,0.106847,,
group1,8,2,4096,1024,1,512,2048,0.152403,0.131236,,
group1,8,2,4096,1024,1,512,4096,0.297054,0.255217,,
group1,8,2,4096,1024,2,256,2,0.085446,0.102187,,
group1,8,2,4096,1024,2,256,4,0.085806,0.102274,,
group1,8,2,4096,1024,2,256,8,0.085255,0.101772,,
group1,8,2,4096,1024,2,256,16,0.085577,0.102288,,
group1,8,2,4096,1024,2,256,32,0.085282,0.102249,,
group1,8,2,4096,1024,2,256,64,0.085279,0.103048,,
group1,8,2,4096,1024,2,256,128,0.086113,0.103058,,
group1,8,2,4096,1024,2,256,256,0.085758,0.102438,,
group1,8,2,4096,1024,2,256,512,0.086878,0.103712,,
group1,8,2,4096,1024,2,256,1024,0.086435,0.103269,,
group1,8,2,4096,1024,2,256,2048,0.152623,0.125604,,
group1,8,2,4096,1024,2,256,4096,0.297101,0.242072,,
group1,8,2,4096,1024,4,128,2,0.085386,0.102401,,
group1,8,2,4096,1024,4,128,4,0.084837,0.103230,,
group1,8,2,4096,1024,4,128,8,0.085299,0.102902,,
group1,8,2,4096,1024,4,128,16,0.085445,0.102145,,
group1,8,2,4096,1024,4,128,32,0.085857,0.102601,,
group1,8,2,4096,1024,4,128,64,0.086008,0.103031,,
group1,8,2,4096,1024,4,128,128,0.085857,0.102603,,
group1,8,2,4096,1024,4,128,256,0.086086,0.102468,,
group1,8,2,4096,1024,4,128,512,0.087129,0.104005,,
group1,8,2,4096,1024,4,128,1024,0.086864,0.103029,,
group1,8,2,4096,1024,4,128,2048,0.152650,0.123251,,
group1,8,2,4096,1024,4,128,4096,0.297084,0.236142,,
group1,8,2,4096,1024,8,64,2,0.085018,0.102313,,
group1,8,2,4096,1024,8,64,4,0.085133,0.102339,,
group1,8,2,4096,1024,8,64,8,0.085168,0.103013,,
group1,8,2,4096,1024,8,64,16,0.085812,0.102276,,
group1,8,2,4096,1024,8,64,32,0.085460,0.103060,,
group1,8,2,4096,1024,8,64,64,0.085850,0.103100,,
group1,8,2,4096,1024,8,64,128,0.085736,0.102708,,
group1,8,2,4096,1024,8,64,256,0.086098,0.102495,,
group1,8,2,4096,1024,8,64,512,0.086483,0.104182,,
group1,8,2,4096,1024,8,64,1024,0.086403,0.103471,,
group1,8,2,4096,1024,8,64,2048,0.152463,0.123066,,
group1,8,2,4096,1024,8,64,4096,0.297006,0.235786,,
group1,8,2,4096,1024,16,32,2,0.085814,0.102281,,
group1,8,2,4096,1024,16,32,4,0.085701,0.102616,,
group1,8,2,4096,1024,16,32,8,0.086189,0.102939,,
group1,8,2,4096,1024,16,32,16,0.086183,0.102712,,
group1,8,2,4096,1024,16,32,32,0.086191,0.102414,,
group1,8,2,4096,1024,16,32,64,0.086310,0.102066,,
group1,8,2,4096,1024,16,32,128,0.086345,0.102815,,
group1,8,2,4096,1024,16,32,256,0.085872,0.102753,,
group1,8,2,4096,1024,16,32,512,0.087426,0.103700,,
group1,8,2,4096,1024,16,32,1024,0.086557,0.103438,,
group1,8,2,4096,1024,16,32,2048,0.152586,0.123514,,
group1,8,2,4096,1024,16,32,4096,0.296999,0.237638,,
group1,8,2,4096,1024,32,16,2,0.085689,0.102498,,
group1,8,2,4096,1024,32,16,4,0.085960,0.102610,,
group1,8,2,4096,1024,32,16,8,0.086114,0.103122,,
group1,8,2,4096,1024,32,16,16,0.086194,0.102624,,
group1,8,2,4096,1024,32,16,32,0.086548,0.102562,,
group1,8,2,4096,1024,32,16,64,0.085805,0.102051,,
group1,8,2,4096,1024,32,16,128,0.087182,0.103263,,
group1,8,2,4096,1024,32,16,256,0.086244,0.102633,,
group1,8,2,4096,1024,32,16,512,0.087178,0.103960,,
group1,8,2,4096,1024,32,16,1024,0.086912,0.103716,,
group1,8,2,4096,1024,32,16,2048,0.152588,0.127909,,
group1,8,2,4096,1024,32,16,4096,0.297012,0.251969,,
group1,8,2,4096,1024,64,8,2,0.085638,0.102386,,
group1,8,2,4096,1024,64,8,4,0.085817,0.102586,,
group1,8,2,4096,1024,64,8,8,0.085752,0.102534,,
group1,8,2,4096,1024,64,8,16,0.085844,0.102659,,
group1,8,2,4096,1024,64,8,32,0.085863,0.102559,,
group1,8,2,4096,1024,64,8,64,0.086173,0.102944,,
group1,8,2,4096,1024,64,8,128,0.086402,0.102970,,
group1,8,2,4096,1024,64,8,256,0.086444,0.102946,,
group1,8,2,4096,1024,64,8,512,0.087569,0.103794,,
group1,8,2,4096,1024,64,8,1024,0.086944,0.103489,,
group1,8,2,4096,1024,64,8,2048,0.152656,0.128208,,
group1,8,2,4096,1024,64,8,4096,0.297078,0.252978,,
group1,8,2,4096,1024,128,4,2,0.086081,0.102978,,
group1,8,2,4096,1024,128,4,4,0.086026,0.102813,,
group1,8,2,4096,1024,128,4,8,0.086481,0.102658,,
group1,8,2,4096,1024,128,4,16,0.085772,0.102058,,
group1,8,2,4096,1024,128,4,32,0.086384,0.102599,,
group1,8,2,4096,1024,128,4,64,0.086210,0.103222,,
group1,8,2,4096,1024,128,4,128,0.086133,0.103071,,
group1,8,2,4096,1024,128,4,256,0.086821,0.103174,,
group1,8,2,4096,1024,128,4,512,0.087716,0.103743,,
group1,8,2,4096,1024,128,4,1024,0.087142,0.103695,,
group1,8,2,4096,1024,128,4,2048,0.152386,0.128621,,
group1,8,2,4096,1024,128,4,4096,0.297016,0.254283,,
group1,8,2,4096,1024,256,2,2,0.085463,0.102232,,
group1,8,2,4096,1024,256,2,4,0.085608,0.102643,,
group1,8,2,4096,1024,256,2,8,0.085989,0.102754,,
group1,8,2,4096,1024,256,2,16,0.086161,0.102718,,
group1,8,2,4096,1024,256,2,32,0.086109,0.102984,,
group1,8,2,4096,1024,256,2,64,0.086434,0.103459,,
group1,8,2,4096,1024,256,2,128,0.086212,0.103091,,
group1,8,2,4096,1024,256,2,256,0.086681,0.102493,,
group1,8,2,4096,1024,256,2,512,0.087155,0.104416,,
group1,8,2,4096,1024,256,2,1024,0.086996,0.104006,,
group1,8,2,4096,1024,256,2,2048,0.152354,0.128786,,
group1,8,2,4096,1024,256,2,4096,0.297066,0.254090,,
group1,8,2,4096,1024,512,1,2,0.086512,0.064202,,
group1,8,2,4096,1024,512,1,4,0.086370,0.064475,,
group1,8,2,4096,1024,512,1,8,0.086855,0.064381,,
group1,8,2,4096,1024,512,1,16,0.086479,0.064775,,
group1,8,2,4096,1024,512,1,32,0.086350,0.065097,,
group1,8,2,4096,1024,512,1,64,0.085964,0.065010,,
group1,8,2,4096,1024,512,1,128,0.086215,0.064403,,
group1,8,2,4096,1024,512,1,256,0.086643,0.064842,,
group1,8,2,4096,1024,512,1,512,0.087089,0.064995,,
group1,8,2,4096,1024,512,1,1024,0.087156,0.064989,,
group1,8,2,4096,1024,512,1,2048,0.151547,0.078382,,
group1,8,2,4096,1024,512,1,4096,0.295406,0.154804,,
group1,8,4,1024,512,1,128,2,0.085375,0.105966,,
group1,8,4,1024,512,1,128,4,0.086299,0.106685,,
group1,8,4,1024,512,1,128,8,0.085941,0.106606,,
group1,8,4,1024,512,1,128,16,0.085583,0.106549,,
group1,8,4,1024,512,1,128,32,0.085792,0.106800,,
group1,8,4,1024,512,1,128,64,0.085703,0.106313,,
group1,8,4,1024,512,1,128,128,0.085771,0.106249,,
group1,8,4,1024,512,1,128,256,0.086082,0.106937,,
group1,8,4,1024,512,1,128,512,0.086216,0.106344,,
group1,8,4,1024,512,1,128,1024,0.086701,0.106689,,
group1,8,4,1024,512,1,128,2048,0.086821,0.107181,,
group1,8,4,1024,512,1,128,4096,0.092198,0.107609,,
group1,8,4,1024,512,2,64,2,0.085981,0.102843,,
group1,8,4,1024,512,2,64,4,0.085331,0.102339,,
group1,8,4,1024,512,2,64,8,0.085908,0.102582,,
group1,8,4,1024,512,2,64,16,0.086281,0.103111,,
group1,8,4,1024,512,2,64,32,0.086060,0.102724,,
group1,8,4,1024,512,2,64,64,0.085465,0.102773,,
group1,8,4,1024,512,2,64,128,0.086220,0.102894,,
group1,8,4,1024,512,2,64,256,0.086019,0.102705,,
group1,8,4,1024,512,2,64,512,0.087003,0.102712,,
group1,8,4,1024,512,2,64,1024,0.086533,0.102440,,
group1,8,4,1024,512,2,64,2048,0.087348,0.103484,,
group1,8,4,1024,512,2,64,4096,0.092202,0.103722,,
group1,8,4,1024,512,4,32,2,0.086050,0.102867,,
group1,8,4,1024,512,4,32,4,0.086299,0.102501,,
group1,8,4,1024,512,4,32,8,0.086005,0.102308,,
group1,8,4,1024,512,4,32,16,0.085993,0.102572,,
group1,8,4,1024,512,4,32,32,0.085365,0.102170,,
group1,8,4,1024,512,4,32,64,0.086146,0.102550,,
group1,8,4,1024,512,4,32,128,0.085539,0.102423,,
group1,8,4,1024,512,4,32,256,0.085610,0.102447,,
group1,8,4,1024,512,4,32,512,0.086896,0.102835,,
group1,8,4,1024,512,4,32,1024,0.086988,0.102421,,
group1,8,4,1024,512,4,32,2048,0.087573,0.103452,,
group1,8,4,1024,512,4,32,4096,0.092196,0.103613,,
group1,8,4,1024,512,8,16,2,0.085535,0.102374,,
group1,8,4,1024,512,8,16,4,0.086266,0.102463,,
group1,8,4,1024,512,8,16,8,0.085480,0.102650,,
group1,8,4,1024,512,8,16,16,0.086091,0.102520,,
group1,8,4,1024,512,8,16,32,0.086286,0.102693,,
group1,8,4,1024,512,8,16,64,0.086619,0.102794,,
group1,8,4,1024,512,8,16,128,0.085695,0.101909,,
group1,8,4,1024,512,8,16,256,0.086311,0.102737,,
group1,8,4,1024,512,8,16,512,0.087075,0.102668,,
group1,8,4,1024,512,8,16,1024,0.086300,0.102330,,
group1,8,4,1024,512,8,16,2048,0.087158,0.102977,,
group1,8,4,1024,512,8,16,4096,0.092208,0.103606,,
group1,8,4,1024,512,16,8,2,0.086260,0.102401,,
group1,8,4,1024,512,16,8,4,0.086856,0.102482,,
group1,8,4,1024,512,16,8,8,0.086363,0.102136,,
group1,8,4,1024,512,16,8,16,0.086202,0.102693,,
group1,8,4,1024,512,16,8,32,0.085466,0.102841,,
group1,8,4,1024,512,16,8,64,0.086129,0.102752,,
group1,8,4,1024,512,16,8,128,0.085769,0.102620,,
group1,8,4,1024,512,16,8,256,0.085961,0.102599,,
group1,8,4,1024,512,16,8,512,0.086362,0.102187,,
group1,8,4,1024,512,16,8,1024,0.086674,0.102183,,
group1,8,4,1024,512,16,8,2048,0.087478,0.103298,,
group1,8,4,1024,512,16,8,4096,0.092205,0.106337,,
group1,8,4,1024,512,32,4,2,0.085555,0.102328,,
group1,8,4,1024,512,32,4,4,0.086355,0.101994,,
group1,8,4,1024,512,32,4,8,0.085414,0.102562,,
group1,8,4,1024,512,32,4,16,0.086103,0.102266,,
group1,8,4,1024,512,32,4,32,0.086459,0.102816,,
group1,8,4,1024,512,32,4,64,0.086730,0.102932,,
group1,8,4,1024,512,32,4,128,0.085865,0.102127,,
group1,8,4,1024,512,32,4,256,0.086024,0.103162,,
group1,8,4,1024,512,32,4,512,0.087079,0.102985,,
group1,8,4,1024,512,32,4,1024,0.086891,0.102514,,
group1,8,4,1024,512,32,4,2048,0.087294,0.103436,,
group1,8,4,1024,512,32,4,4096,0.092222,0.103386,,
group1,8,4,1024,512,64,2,2,0.085535,0.102621,,
group1,8,4,1024,512,64,2,4,0.086439,0.102601,,
group1,8,4,1024,512,64,2,8,0.085961,0.102406,,
group1,8,4,1024,512,64,2,16,0.086183,0.102501,,
group1,8,4,1024,512,64,2,32,0.085364,0.102658,,
group1,8,4,1024,512,64,2,64,0.085654,0.102798,,
group1,8,4,1024,512,64,2,128,0.085449,0.102419,,
group1,8,4,1024,512,64,2,256,0.085495,0.102574,,
group1,8,4,1024,512,64,2,512,0.085644,0.102419,,
group1,8,4,1024,512,64,2,1024,0.086434,0.102358,,
group1,8,4,1024,512,64,2,2048,0.087017,0.103019,,
group1,8,4,1024,512,64,2,4096,0.092226,0.103602,,
group1,8,4,1024,512,128,1,2,0.086044,0.064321,,
group1,8,4,1024,512,128,1,4,0.085784,0.064114,,
group1,8,4,1024,512,128,1,8,0.085321,0.063730,,
group1,8,4,1024,512,128,1,16,0.086066,0.064144,,
group1,8,4,1024,512,128,1,32,0.085981,0.064376,,
group1,8,4,1024,512,128,1,64,0.086110,0.064230,,
group1,8,4,1024,512,128,1,128,0.085467,0.064012,,
group1,8,4,1024,512,128,1,256,0.085950,0.064042,,
group1,8,4,1024,512,128,1,512,0.085833,0.064260,,
group1,8,4,1024,512,128,1,1024,0.086672,0.064503,,
group1,8,4,1024,512,128,1,2048,0.086981,0.064026,,
group1,8,4,1024,512,128,1,4096,0.091761,0.064512,,
group1,8,4,2048,1024,1,256,2,0.085185,0.105716,,
group1,8,4,2048,1024,1,256,4,0.085758,0.105996,,
group1,8,4,2048,1024,1,256,8,0.085197,0.105587,,
group1,8,4,2048,1024,1,256,16,0.086430,0.106096,,
group1,8,4,2048,1024,1,256,32,0.085890,0.105848,,
group1,8,4,2048,1024,1,256,64,0.085563,0.105460,,
group1,8,4,2048,1024,1,256,128,0.086479,0.105677,,
group1,8,4,2048,1024,1,256,256,0.086336,0.106247,,
group1,8,4,2048,1024,1,256,512,0.087426,0.108169,,
group1,8,4,2048,1024,1,256,1024,0.087763,0.106746,,
group1,8,4,2048,1024,1,256,2048,0.092341,0.107254,,
group1,8,4,2048,1024,1,256,4096,0.175447,0.140105,,
group1,8,4,2048,1024,2,128,2,0.085743,0.102336,,
group1,8,4,2048,1024,2,128,4,0.086421,0.102258,,
group1,8,4,2048,1024,2,128,8,0.085596,0.102170,,
group1,8,4,2048,1024,2,128,16,0.086251,0.102262,,
group1,8,4,2048,1024,2,128,32,0.085759,0.101963,,
group1,8,4,2048,1024,2,128,64,0.086173,0.102199,,
group1,8,4,2048,1024,2,128,128,0.086489,0.102497,,
group1,8,4,2048,1024,2,128,256,0.086487,0.102809,,
group1,8,4,2048,1024,2,128,512,0.086737,0.102794,,
group1,8,4,2048,1024,2,128,1024,0.087370,0.103157,,
group1,8,4,2048,1024,2,128,2048,0.092352,0.103831,,
group1,8,4,2048,1024,2,128,4096,0.175410,0.137287,,
group1,8,4,2048,1024,4,64,2,0.085197,0.102317,,
group1,8,4,2048,1024,4,64,4,0.086223,0.102115,,
group1,8,4,2048,1024,4,64,8,0.085716,0.102681,,
group1,8,4,2048,1024,4,64,16,0.086866,0.102861,,
group1,8,4,2048,1024,4,64,32,0.086075,0.102870,,
group1,8,4,2048,1024,4,64,64,0.086582,0.101981,,
group1,8,4,2048,1024,4,64,128,0.086475,0.102901,,
group1,8,4,2048,1024,4,64,256,0.086435,0.102815,,
group1,8,4,2048,1024,4,64,512,0.087419,0.102694,,
group1,8,4,2048,1024,4,64,1024,0.086868,0.103300,,
group1,8,4,2048,1024,4,64,2048,0.092309,0.103740,,
group1,8,4,2048,1024,4,64,4096,0.175402,0.136821,,
group1,8,4,2048,1024,8,32,2,0.086175,0.102248,,
group1,8,4,2048,1024,8,32,4,0.085707,0.102285,,
group1,8,4,2048,1024,8,32,8,0.085526,0.102909,,
group1,8,4,2048,1024,8,32,16,0.085690,0.102614,,
group1,8,4,2048,1024,8,32,32,0.085824,0.102595,,
group1,8,4,2048,1024,8,32,64,0.086013,0.102750,,
group1,8,4,2048,1024,8,32,128,0.086081,0.102722,,
group1,8,4,2048,1024,8,32,256,0.086368,0.102051,,
group1,8,4,2048,1024,8,32,512,0.086483,0.102341,,
group1,8,4,2048,1024,8,32,1024,0.087410,0.103314,,
group1,8,4,2048,1024,8,32,2048,0.092337,0.103439,,
group1,8,4,2048,1024,8,32,4096,0.175423,0.137709,,
group1,8,4,2048,1024,16,16,2,0.086184,0.102595,,
group1,8,4,2048,1024,16,16,4,0.085957,0.102104,,
group1,8,4,2048,1024,16,16,8,0.085888,0.102343,,
group1,8,4,2048,1024,16,16,16,0.086406,0.102622,,
group1,8,4,2048,1024,16,16,32,0.086293,0.101626,,
group1,8,4,2048,1024,16,16,64,0.085606,0.102643,,
group1,8,4,2048,1024,16,16,128,0.086135,0.102353,,
group1,8,4,2048,1024,16,16,256,0.086332,0.102652,,
group1,8,4,2048,1024,16,16,512,0.086965,0.102567,,
group1,8,4,2048,1024,16,16,1024,0.087574,0.103368,,
group1,8,4,2048,1024,16,16,2048,0.092329,0.103889,,
group1,8,4,2048,1024,16,16,4096,0.175442,0.142739,,
group1,8,4,2048,1024,32,8,2,0.086102,0.102374,,
group1,8,4,2048,1024,32,8,4,0.086269,0.102557,,
group1,8,4,2048,1024,32,8,8,0.086318,0.102468,,
group1,8,4,2048,1024,32,8,16,0.086423,0.102809,,
group1,8,4,2048,1024,32,8,32,0.085596,0.102484,,
group1,8,4,2048,1024,32,8,64,0.085832,0.103019,,
group1,8,4,2048,1024,32,8,128,0.086344,0.102795,,
group1,8,4,2048,1024,32,8,256,0.086348,0.102040,,
group1,8,4,2048,1024,32,8,512,0.086833,0.102641,,
group1,8,4,2048,1024,32,8,1024,0.087074,0.103192,,
group1,8,4,2048,1024,32,8,2048,0.092321,0.103839,,
group1,8,4,2048,1024,32,8,4096,0.175477,0.144010,,
group1,8,4,2048,1024,64,4,2,0.085701,0.102710,,
group1,8,4,2048,1024,64,4,4,0.086107,0.102467,,
group1,8,4,2048,1024,64,4,8,0.085737,0.102749,,
group1,8,4,2048,1024,64,4,16,0.085904,0.102417,,
group1,8,4,2048,1024,64,4,32,0.085445,0.102474,,
group1,8,4,2048,1024,64,4,64,0.085943,0.102425,,
group1,8,4,2048,1024,64,4,128,0.085625,0.102609,,
group1,8,4,2048,1024,64,4,256,0.086422,0.101820,,
group1,8,4,2048,1024,64,4,512,0.086602,0.102655,,
group1,8,4,2048,1024,64,4,1024,0.087243,0.103678,,
group1,8,4,2048,1024,64,4,2048,0.092343,0.103727,,
group1,8,4,2048,1024,64,4,4096,0.175518,0.144356,,
group1,8,4,2048,1024,128,2,2,0.086121,0.102531,,
group1,8,4,2048,1024,128,2,4,0.085379,0.102551,,
group1,8,4,2048,1024,128,2,8,0.085645,0.102487,,
group1,8,4,2048,1024,128,2,16,0.085832,0.102580,,
group1,8,4,2048,1024,128,2,32,0.086072,0.102372,,
group1,8,4,2048,1024,128,2,64,0.085449,0.102714,,
group1,8,4,2048,1024,128,2,128,0.086131,0.102741,,
group1,8,4,2048,1024,128,2,256,0.086979,0.102823,,
group1,8,4,2048,1024,128,2,512,0.086821,0.102991,,
group1,8,4,2048,1024,128,2,1024,0.087473,0.103434,,
group1,8,4,2048,1024,128,2,2048,0.092305,0.104039,,
group1,8,4,2048,1024,128,2,4096,0.175543,0.144240,,
group1,8,4,2048,1024,256,1,2,0.086249,0.064542,,
group1,8,4,2048,1024,256,1,4,0.085617,0.064729,,
group1,8,4,2048,1024,256,1,8,0.086086,0.064790,,
group1,8,4,2048,1024,256,1,16,0.086372,0.064722,,
group1,8,4,2048,1024,256,1,32,0.086165,0.064874,,
group1,8,4,2048,1024,256,1,64,0.085612,0.064797,,
group1,8,4,2048,1024,256,1,128,0.086185,0.064603,,
group1,8,4,2048,1024,256,1,256,0.086585,0.065091,,
group1,8,4,2048,1024,256,1,512,0.087502,0.064605,,
group1,8,4,2048,1024,256,1,1024,0.087589,0.064450,,
group1,8,4,2048,1024,256,1,2048,0.091894,0.064718,,
group1,8,4,2048,1024,256,1,4096,0.174675,0.083386,,
group1,8,4,4096,2048,1,512,2,0.085680,0.106367,,
group1,8,4,4096,2048,1,512,4,0.087041,0.106765,,
group1,8,4,4096,2048,1,512,8,0.085637,0.106702,,
group1,8,4,4096,2048,1,512,16,0.086320,0.106610,,
group1,8,4,4096,2048,1,512,32,0.086757,0.107299,,
group1,8,4,4096,2048,1,512,64,0.085954,0.106342,,
group1,8,4,4096,2048,1,512,128,0.086361,0.106500,,
group1,8,4,4096,2048,1,512,256,0.086476,0.106737,,
group1,8,4,4096,2048,1,512,512,0.087513,0.107575,,
group1,8,4,4096,2048,1,512,1024,0.090904,0.107727,,
group1,8,4,4096,2048,1,512,2048,0.174205,0.146466,,
group1,8,4,4096,2048,1,512,4096,0.341056,0.285869,,
group1,8,4,4096,2048,2,256,2,0.085263,0.103059,,
group1,8,4,4096,2048,2,256,4,0.086462,0.102608,,
group1,8,4,4096,2048,2,256,8,0.086121,0.103069,,
group1,8,4,4096,2048,2,256,16,0.086067,0.102992,,
group1,8,4,4096,2048,2,256,32,0.085911,0.102921,,
group1,8,4,4096,2048,2,256,64,0.085802,0.102767,,
group1,8,4,4096,2048,2,256,128,0.086354,0.103190,,
group1,8,4,4096,2048,2,256,256,0.085644,0.102927,,
group1,8,4,4096,2048,2,256,512,0.086764,0.103560,,
group1,8,4,4096,2048,2,256,1024,0.090898,0.104262,,
group1,8,4,4096,2048,2,256,2048,0.174315,0.140125,,
group1,8,4,4096,2048,2,256,4096,0.341278,0.271302,,
group1,8,4,4096,2048,4,128,2,0.085851,0.103370,,
group1,8,4,4096,2048,4,128,4,0.085532,0.103587,,
group1,8,4,4096,2048,4,128,8,0.085517,0.103215,,
group1,8,4,4096,2048,4,128,16,0.086252,0.103054,,
group1,8,4,4096,2048,4,128,32,0.086104,0.103338,,
group1,8,4,4096,2048,4,128,64,0.086212,0.103045,,
group1,8,4,4096,2048,4,128,128,0.085739,0.103074,,
group1,8,4,4096,2048,4,128,256,0.086897,0.102975,,
group1,8,4,4096,2048,4,128,512,0.087449,0.103951,,
group1,8,4,4096,2048,4,128,1024,0.090907,0.104200,,
group1,8,4,4096,2048,4,128,2048,0.174231,0.137286,,
group1,8,4,4096,2048,4,128,4096,0.341047,0.265013,,
group1,8,4,4096,2048,8,64,2,0.086307,0.103153,,
group1,8,4,4096,2048,8,64,4,0.085651,0.103363,,
group1,8,4,4096,2048,8,64,8,0.086032,0.102519,,
group1,8,4,4096,2048,8,64,16,0.086545,0.102998,,
group1,8,4,4096,2048,8,64,32,0.086438,0.103416,,
group1,8,4,4096,2048,8,64,64,0.086149,0.103061,,
group1,8,4,4096,2048,8,64,128,0.085790,0.102489,,
group1,8,4,4096,2048,8,64,256,0.086253,0.102569,,
group1,8,4,4096,2048,8,64,512,0.086841,0.103680,,
group1,8,4,4096,2048,8,64,1024,0.090879,0.104170,,
group1,8,4,4096,2048,8,64,2048,0.174409,0.136818,,
group1,8,4,4096,2048,8,64,4096,0.341553,0.264369,,
group1,8,4,4096,2048,16,32,2,0.086303,0.102737,,
group1,8,4,4096,2048,16,32,4,0.086083,0.103309,,
group1,8,4,4096,2048,16,32,8,0.085894,0.102413,,
group1,8,4,4096,2048,16,32,16,0.086042,0.103179,,
group1,8,4,4096,2048,16,32,32,0.085588,0.102967,,
group1,8,4,4096,2048,16,32,64,0.086075,0.102761,,
group1,8,4,4096,2048,16,32,128,0.086303,0.102550,,
group1,8,4,4096,2048,16,32,256,0.086055,0.102887,,
group1,8,4,4096,2048,16,32,512,0.087144,0.103634,,
group1,8,4,4096,2048,16,32,1024,0.090907,0.104237,,
group1,8,4,4096,2048,16,32,2048,0.174299,0.137664,,
group1,8,4,4096,2048,16,32,4096,0.341424,0.266483,,
group1,8,4,4096,2048,32,16,2,0.086286,0.103068,,
group1,8,4,4096,2048,32,16,4,0.085551,0.102675,,
group1,8,4,4096,2048,32,16,8,0.085950,0.102661,,
group1,8,4,4096,2048,32,16,16,0.086827,0.103675,,
group1,8,4,4096,2048,32,16,32,0.086371,0.102462,,
group1,8,4,4096,2048,32,16,64,0.085813,0.102923,,
group1,8,4,4096,2048,32,16,128,0.085664,0.102847,,
group1,8,4,4096,2048,32,16,256,0.086458,0.102982,,
group1,8,4,4096,2048,32,16,512,0.087545,0.103804,,
group1,8,4,4096,2048,32,16,1024,0.090867,0.104191,,
group1,8,4,4096,2048,32,16,2048,0.174355,0.142695,,
group1,8,4,4096,2048,32,16,4096,0.341357,0.281436,,
group1,8,4,4096,2048,64,8,2,0.085960,0.102751,,
group1,8,4,4096,2048,64,8,4,0.086482,0.103273,,
group1,8,4,4096,2048,64,8,8,0.086176,0.102804,,
group1,8,4,4096,2048,64,8,16,0.085888,0.103364,,
group1,8,4,4096,2048,64,8,32,0.085674,0.102857,,
group1,8,4,4096,2048,64,8,64,0.085481,0.102749,,
group1,8,4,4096,2048,64,8,128,0.086258,0.102402,,
group1,8,4,4096,2048,64,8,256,0.085757,0.102275,,
group1,8,4,4096,2048,64,8,512,0.086829,0.103433,,
group1,8,4,4096,2048,64,8,1024,0.090897,0.103971,,
group1,8,4,4096,2048,64,8,2048,0.174463,0.143774,,
group1,8,4,4096,2048,64,8,4096,0.341316,0.282744,,
group1,8,4,4096,2048,128,4,2,0.086158,0.103106,,
group1,8,4,4096,2048,128,4,4,0.085675,0.103092,,
group1,8,4,4096,2048,128,4,8,0.086029,0.102727,,
group1,8,4,4096,2048,128,4,16,0.086281,0.102934,,
group1,8,4,4096,2048,128,4,32,0.086261,0.102865,,
group1,8,4,4096,2048,128,4,64,0.086139,0.102808,,
group1,8,4,4096,2048,128,4,128,0.085496,0.102735,,
group1,8,4,4096,2048,128,4,256,0.086454,0.102787,,
group1,8,4,4096,2048,128,4,512,0.087015,0.103279,,
group1,8,4,4096,2048,128,4,1024,0.090906,0.104248,,
group1,8,4,4096,2048,128,4,2048,0.174296,0.144162,,
group1,8,4,4096,2048,128,4,4096,0.341446,0.283936,,
group1,8,4,4096,2048,256,2,2,0.086439,0.102849,,
group1,8,4,4096,2048,256,2,4,0.086558,0.103254,,
group1,8,4,4096,2048,256,2,8,0.086401,0.103200,,
group1,8,4,4096,2048,256,2,16,0.086329,0.102682,,
group1,8,4,4096,2048,256,2,32,0.087103,0.102532,,
group1,8,4,4096,2048,256,2,64,0.086176,0.102531,,
group1,8,4,4096,2048,256,2,128,0.086596,0.102622,,
group1,8,4,4096,2048,256,2,256,0.086162,0.102548,,
group1,8,4,4096,2048,256,2,512,0.087306,0.103890,,
group1,8,4,4096,2048,256,2,1024,0.090876,0.104498,,
group1,8,4,4096,2048,256,2,2048,0.174330,0.144380,,
group1,8,4,4096,2048,256,2,4096,0.341270,0.284209,,
group1,8,4,4096,2048,512,1,2,0.085548,0.064748,,
group1,8,4,4096,2048,512,1,4,0.086272,0.065289,,
group1,8,4,4096,2048,512,1,8,0.086293,0.064922,,
group1,8,4,4096,2048,512,1,16,0.086127,0.065013,,
group1,8,4,4096,2048,512,1,32,0.085753,0.065256,,
group1,8,4,4096,2048,512,1,64,0.086312,0.064942,,
group1,8,4,4096,2048,512,1,128,0.085725,0.065091,,
group1,8,4,4096,2048,512,1,256,0.087529,0.064980,,
group1,8,4,4096,2048,512,1,512,0.086910,0.064945,,
group1,8,4,4096,2048,512,1,1024,0.090439,0.065359,,
group1,8,4,4096,2048,512,1,2048,0.173430,0.083303,,
group1,8,4,4096,2048,512,1,4096,0.340315,0.166777,,
group1,8,8,512,512,1,64,2,0.085543,0.105515,,
group1,8,8,512,512,1,64,4,0.085588,0.106478,,
group1,8,8,512,512,1,64,8,0.085227,0.105480,,
group1,8,8,512,512,1,64,16,0.086099,0.105522,,
group1,8,8,512,512,1,64,32,0.086722,0.106234,,
group1,8,8,512,512,1,64,64,0.085820,0.106021,,
group1,8,8,512,512,1,64,128,0.086115,0.106257,,
group1,8,8,512,512,1,64,256,0.086009,0.106767,,
group1,8,8,512,512,1,64,512,0.086766,0.106320,,
group1,8,8,512,512,1,64,1024,0.085995,0.105681,,
group1,8,8,512,512,1,64,2048,0.086912,0.105908,,
group1,8,8,512,512,1,64,4096,0.087208,0.107147,,
group1,8,8,512,512,2,32,2,0.085107,0.102097,,
group1,8,8,512,512,2,32,4,0.085631,0.102229,,
group1,8,8,512,512,2,32,8,0.085615,0.102615,,
group1,8,8,512,512,2,32,16,0.085719,0.102613,,
group1,8,8,512,512,2,32,32,0.086154,0.102224,,
group1,8,8,512,512,2,32,64,0.085932,0.102648,,
group1,8,8,512,512,2,32,128,0.085722,0.102863,,
group1,8,8,512,512,2,32,256,0.085908,0.102559,,
group1,8,8,512,512,2,32,512,0.086824,0.103237,,
group1,8,8,512,512,2,32,1024,0.086363,0.102523,,
group1,8,8,512,512,2,32,2048,0.086459,0.102573,,
group1,8,8,512,512,2,32,4096,0.086990,0.103200,,
group1,8,8,512,512,4,16,2,0.085589,0.102655,,
group1,8,8,512,512,4,16,4,0.086086,0.102402,,
group1,8,8,512,512,4,16,8,0.085875,0.102845,,
group1,8,8,512,512,4,16,16,0.086041,0.103071,,
group1,8,8,512,512,4,16,32,0.086417,0.102157,,
group1,8,8,512,512,4,16,64,0.085809,0.102546,,
group1,8,8,512,512,4,16,128,0.085775,0.102167,,
group1,8,8,512,512,4,16,256,0.085677,0.102538,,
group1,8,8,512,512,4,16,512,0.085525,0.101816,,
group1,8,8,512,512,4,16,1024,0.085996,0.102333,,
group1,8,8,512,512,4,16,2048,0.086351,0.102518,,
group1,8,8,512,512,4,16,4096,0.086955,0.103046,,
group1,8,8,512,512,8,8,2,0.085038,0.101965,,
group1,8,8,512,512,8,8,4,0.085428,0.102260,,
group1,8,8,512,512,8,8,8,0.085774,0.102641,,
group1,8,8,512,512,8,8,16,0.085874,0.102887,,
group1,8,8,512,512,8,8,32,0.085923,0.102238,,
group1,8,8,512,512,8,8,64,0.085895,0.102558,,
group1,8,8,512,512,8,8,128,0.085701,0.102565,,
group1,8,8,512,512,8,8,256,0.085770,0.102563,,
group1,8,8,512,512,8,8,512,0.086444,0.101879,,
group1,8,8,512,512,8,8,1024,0.085693,0.102123,,
group1,8,8,512,512,8,8,2048,0.086255,0.102103,,
group1,8,8,512,512,8,8,4096,0.086934,0.103073,,
group1,8,8,512,512,16,4,2,0.085543,0.102122,,
group1,8,8,512,512,16,4,4,0.085656,0.102603,,
group1,8,8,512,512,16,4,8,0.085945,0.102519,,
group1,8,8,512,512,16,4,16,0.086362,0.102994,,
group1,8,8,512,512,16,4,32,0.085883,0.102522,,
group1,8,8,512,512,16,4,64,0.086089,0.102793,,
group1,8,8,512,512,16,4,128,0.086154,0.102793,,
group1,8,8,512,512,16,4,256,0.086543,0.102411,,
group1,8,8,512,512,16,4,512,0.086129,0.102600,,
group1,8,8,512,512,16,4,1024,0.086317,0.102285,,
group1,8,8,512,512,16,4,2048,0.086780,0.102251,,
group1,8,8,512,512,16,4,4096,0.086879,0.102998,,
group1,8,8,512,512,32,2,2,0.085496,0.102215,,
group1,8,8,512,512,32,2,4,0.085843,0.102652,,
group1,8,8,512,512,32,2,8,0.085828,0.102818,,
group1,8,8,512,512,32,2,16,0.085817,0.102602,,
group1,8,8,512,512,32,2,32,0.085964,0.102187,,
group1,8,8,512,512,32,2,64,0.085766,0.102583,,
group1,8,8,512,512,32,2,128,0.085867,0.102818,,
group1,8,8,512,512,32,2,256,0.086303,0.102284,,
group1,8,8,512,512,32,2,512,0.086701,0.102464,,
group1,8,8,512,512,32,2,1024,0.086658,0.102409,,
group1,8,8,512,512,32,2,2048,0.086847,0.102404,,
group1,8,8,512,512,32,2,4096,0.087324,0.103122,,
group1,8,8,512,512,64,1,2,0.085520,0.064124,,
group1,8,8,512,512,64,1,4,0.085354,0.064626,,
group1,8,8,512,512,64,1,8,0.085606,0.064831,,
group1,8,8,512,512,64,1,16,0.085238,0.064237,,
group1,8,8,512,512,64,1,32,0.085572,0.064289,,
group1,8,8,512,512,64,1,64,0.085876,0.064817,,
group1,8,8,512,512,64,1,128,0.085873,0.064401,,
group1,8,8,512,512,64,1,256,0.085489,0.064316,,
group1,8,8,512,512,64,1,512,0.085911,0.064820,,
group1,8,8,512,512,64,1,1024,0.086489,0.064481,,
group1,8,8,512,512,64,1,2048,0.085678,0.064485,,
group1,8,8,512,512,64,1,4096,0.086998,0.064645,,
group1,8,8,1024,1024,1,128,2,0.085573,0.106059,,
group1,8,8,1024,1024,1,128,4,0.086235,0.105965,,
group1,8,8,1024,1024,1,128,8,0.086028,0.106187,,
group1,8,8,1024,1024,1,128,16,0.086110,0.106461,,
group1,8,8,1024,1024,1,128,32,0.086386,0.106010,,
group1,8,8,1024,1024,1,128,64,0.085927,0.106407,,
group1,8,8,1024,1024,1,128,128,0.086622,0.105967,,
group1,8,8,1024,1024,1,128,256,0.086504,0.105771,,
group1,8,8,1024,1024,1,128,512,0.086842,0.105932,,
group1,8,8,1024,1024,1,128,1024,0.087541,0.105952,,
group1,8,8,1024,1024,1,128,2048,0.087497,0.106805,,
group1,8,8,1024,1024,1,128,4096,0.113980,0.107247,,
group1,8,8,1024,1024,2,64,2,0.085625,0.101900,,
group1,8,8,1024,1024,2,64,4,0.086321,0.102658,,
group1,8,8,1024,1024,2,64,8,0.085928,0.102313,,
group1,8,8,1024,1024,2,64,16,0.086611,0.102403,,
group1,8,8,1024,1024,2,64,32,0.086815,0.103039,,
group1,8,8,1024,1024,2,64,64,0.086317,0.102686,,
group1,8,8,1024,1024,2,64,128,0.086325,0.103059,,
group1,8,8,1024,1024,2,64,256,0.086829,0.103024,,
group1,8,8,1024,1024,2,64,512,0.086897,0.102919,,
group1,8,8,1024,1024,2,64,1024,0.087588,0.102178,,
group1,8,8,1024,1024,2,64,2048,0.087683,0.103113,,
group1,8,8,1024,1024,2,64,4096,0.114040,0.103447,,
group1,8,8,1024,1024,4,32,2,0.085428,0.102504,,
group1,8,8,1024,1024,4,32,4,0.086003,0.102890,,
group1,8,8,1024,1024,4,32,8,0.086207,0.103309,,
group1,8,8,1024,1024,4,32,16,0.086239,0.102966,,
group1,8,8,1024,1024,4,32,32,0.086033,0.102683,,
group1,8,8,1024,1024,4,32,64,0.085591,0.102646,,
group1,8,8,1024,1024,4,32,128,0.085855,0.102848,,
group1,8,8,1024,1024,4,32,256,0.086143,0.102919,,
group1,8,8,1024,1024,4,32,512,0.086786,0.102669,,
group1,8,8,1024,1024,4,32,1024,0.086778,0.102588,,
group1,8,8,1024,1024,4,32,2048,0.087132,0.103813,,
group1,8,8,1024,1024,4,32,4096,0.114025,0.103471,,
group1,8,8,1024,1024,8,16,2,0.085575,0.102120,,
group1,8,8,1024,1024,8,16,4,0.085893,0.102068,,
group1,8,8,1024,1024,8,16,8,0.086047,0.102473,,
group1,8,8,1024,1024,8,16,16,0.086072,0.102641,,
group1,8,8,1024,1024,8,16,32,0.086196,0.102426,,
group1,8,8,1024,1024,8,16,64,0.086115,0.103110,,
group1,8,8,1024,1024,8,16,128,0.086018,0.102188,,
group1,8,8,1024,1024,8,16,256,0.086228,0.102461,,
group1,8,8,1024,1024,8,16,512,0.086650,0.102528,,
group1,8,8,1024,1024,8,16,1024,0.087343,0.102564,,
group1,8,8,1024,1024,8,16,2048,0.087458,0.103547,,
group1,8,8,1024,1024,8,16,4096,0.114005,0.103500,,
group1,8,8,1024,1024,16,8,2,0.085430,0.102304,,
group1,8,8,1024,1024,16,8,4,0.085828,0.102094,,
group1,8,8,1024,1024,16,8,8,0.085782,0.102339,,
group1,8,8,1024,1024,16,8,16,0.085884,0.102847,,
group1,8,8,1024,1024,16,8,32,0.085575,0.101861,,
group1,8,8,1024,1024,16,8,64,0.086018,0.102672,,
group1,8,8,1024,1024,16,8,128,0.085787,0.102369,,
group1,8,8,1024,1024,16,8,256,0.086653,0.102384,,
group1,8,8,1024,1024,16,8,512,0.087344,0.104357,,
group1,8,8,1024,1024,16,8,1024,0.087308,0.102349,,
group1,8,8,1024,1024,16,8,2048,0.087824,0.102916,,
group1,8,8,1024,1024,16,8,4096,0.114053,0.103217,,
group1,8,8,1024,1024,32,4,2,0.086007,0.101831,,
group1,8,8,1024,1024,32,4,4,0.085950,0.101817,,
group1,8,8,1024,1024,32,4,8,0.085896,0.101795,,
group1,8,8,1024,1024,32,4,16,0.086263,0.102408,,
group1,8,8,1024,1024,32,4,32,0.086088,0.102232,,
group1,8,8,1024,1024,32,4,64,0.086418,0.102451,,
group1,8,8,1024,1024,32,4,128,0.086437,0.102811,,
group1,8,8,1024,1024,32,4,256,0.086668,0.102880,,
group1,8,8,1024,1024,32,4,512,0.087275,0.103017,,
group1,8,8,1024,1024,32,4,1024,0.086965,0.102441,,
group1,8,8,1024,1024,32,4,2048,0.087535,0.103285,,
group1,8,8,1024,1024,32,4,4096,0.114077,0.103228,,
group1,8,8,1024,1024,64,2,2,0.085963,0.102183,,
group1,8,8,1024,1024,64,2,4,0.086603,0.102140,,
group1,8,8,1024,1024,64,2,8,0.085972,0.102327,,
group1,8,8,1024,1024,64,2,16,0.086233,0.103129,,
group1,8,8,1024,1024,64,2,32,0.086309,0.102115,,
group1,8,8,1024,1024,64,2,64,0.086191,0.102809,,
group1,8,8,1024,1024,64,2,128,0.086465,0.102670,,
group1,8,8,1024,1024,64,2,256,0.086658,0.102971,,
group1,8,8,1024,1024,64,2,512,0.087128,0.102837,,
group1,8,8,1024,1024,64,2,1024,0.087104,0.102007,,
group1,8,8,1024,1024,64,2,2048,0.087154,0.103718,,
group1,8,8,1024,1024,64,2,4096,0.114076,0.103343,,
group1,8,8,1024,1024,128,1,2,0.085520,0.064272,,
group1,8,8,1024,1024,128,1,4,0.085579,0.064085,,
group1,8,8,1024,1024,128,1,8,0.085633,0.064345,,
group1,8,8,1024,1024,128,1,16,0.085610,0.064476,,
group1,8,8,1024,1024,128,1,32,0.085989,0.064543,,
group1,8,8,1024,1024,128,1,64,0.085597,0.064244,,
group1,8,8,1024,1024,128,1,128,0.085925,0.064450,,
group1,8,8,1024,1024,128,1,256,0.085493,0.064590,,
group1,8,8,1024,1024,128,1,512,0.086745,0.064168,,
group1,8,8,1024,1024,128,1,1024,0.086587,0.064566,,
group1,8,8,1024,1024,128,1,2048,0.087444,0.064829,,
group1,8,8,1024,1024,128,1,4096,0.113629,0.064724,,
group1,8,8,2048,2048,1,256,2,0.086192,0.105706,,
group1,8,8,2048,2048,1,256,4,0.086307,0.106272,,
group1,8,8,2048,2048,1,256,8,0.086153,0.106587,,
group1,8,8,2048,2048,1,256,16,0.085952,0.106249,,
group1,8,8,2048,2048,1,256,32,0.086407,0.106337,,
group1,8,8,2048,2048,1,256,64,0.085843,0.106068,,
group1,8,8,2048,2048,1,256,128,0.086309,0.105977,,
group1,8,8,2048,2048,1,256,256,0.085722,0.105191,,
group1,8,8,2048,2048,1,256,512,0.087161,0.105748,,
group1,8,8,2048,2048,1,256,1024,0.087441,0.106516,,
group1,8,8,2048,2048,1,256,2048,0.114605,0.106720,,
group1,8,8,2048,2048,1,256,4096,0.220750,0.144806,,
group1,8,8,2048,2048,2,128,2,0.085522,0.101690,,
group1,8,8,2048,2048,2,128,4,0.086236,0.102555,,
group1,8,8,2048,2048,2,128,8,0.085740,0.102147,,
group1,8,8,2048,2048,2,128,16,0.086290,0.101720,,
group1,8,8,2048,2048,2,128,32,0.086119,0.101863,,
group1,8,8,2048,2048,2,128,64,0.086331,0.101942,,
group1,8,8,2048,2048,2,128,128,0.086561,0.101883,,
group1,8,8,2048,2048,2,128,256,0.085827,0.101649,,
group1,8,8,2048,2048,2,128,512,0.087165,0.102165,,
group1,8,8,2048,2048,2,128,1024,0.087856,0.103430,,
group1,8,8,2048,2048,2,128,2048,0.114611,0.103288,,
group1,8,8,2048,2048,2,128,4096,0.220680,0.141421,,
group1,8,8,2048,2048,4,64,2,0.085912,0.101789,,
group1,8,8,2048,2048,4,64,4,0.085541,0.102437,,
group1,8,8,2048,2048,4,64,8,0.085871,0.102620,,
group1,8,8,2048,2048,4,64,16,0.085936,0.102114,,
group1,8,8,2048,2048,4,64,32,0.086137,0.102461,,
group1,8,8,2048,2048,4,64,64,0.085585,0.102349,,
group1,8,8,2048,2048,4,64,128,0.085880,0.102723,,
group1,8,8,2048,2048,4,64,256,0.086271,0.102396,,
group1,8,8,2048,2048,4,64,512,0.086363,0.102426,,
group1,8,8,2048,2048,4,64,1024,0.086552,0.103254,,
group1,8,8,2048,2048,4,64,2048,0.114660,0.103307,,
group1,8,8,2048,2048,4,64,4096,0.220771,0.140642,,
group1,8,8,2048,2048,8,32,2,0.085109,0.101889,,
group1,8,8,2048,2048,8,32,4,0.085836,0.102043,,
group1,8,8,2048,2048,8,32,8,0.085729,0.101955,,
group1,8,8,2048,2048,8,32,16,0.086025,0.102839,,
group1,8,8,2048,2048,8,32,32,0.085869,0.102577,,
group1,8,8,2048,2048,8,32,64,0.085739,0.102334,,
group1,8,8,2048,2048,8,32,128,0.085706,0.102230,,
group1,8,8,2048,2048,8,32,256,0.085801,0.102374,,
group1,8,8,2048,2048,8,32,512,0.086680,0.102436,,
group1,8,8,2048,2048,8,32,1024,0.087199,0.103380,,
group1,8,8,2048,2048,8,32,2048,0.114700,0.103197,,
group1,8,8,2048,2048,8,32,4096,0.220623,0.140948,,
group1,8,8,2048,2048,16,16,2,0.085034,0.102023,,
group1,8,8,2048,2048,16,16,4,0.085549,0.102931,,
group1,8,8,2048,2048,16,16,8,0.085753,0.102434,,
group1,8,8,2048,2048,16,16,16,0.086172,0.102059,,
group1,8,8,2048,2048,16,16,32,0.086039,0.102292,,
group1,8,8,2048,2048,16,16,64,0.085383,0.102846,,
group1,8,8,2048,2048,16,16,128,0.085302,0.102492,,
group1,8,8,2048,2048,16,16,256,0.086713,0.102415,,
group1,8,8,2048,2048,16,16,512,0.086704,0.102541,,
group1,8,8,2048,2048,16,16,1024,0.087143,0.103353,,
group1,8,8,2048,2048,16,16,2048,0.114816,0.103901,,
group1,8,8,2048,2048,16,16,4096,0.221049,0.150148,,
group1,8,8,2048,2048,32,8,2,0.085515,0.101646,,
group1,8,8,2048,2048,32,8,4,0.085596,0.102686,,
group1,8,8,2048,2048,32,8,8,0.085610,0.101420,,
group1,8,8,2048,2048,32,8,16,0.085870,0.102036,,
group1,8,8,2048,2048,32,8,32,0.086161,0.102297,,
group1,8,8,2048,2048,32,8,64,0.086176,0.102624,,
group1,8,8,2048,2048,32,8,128,0.086888,0.102745,,
group1,8,8,2048,2048,32,8,256,0.086867,0.102484,,
group1,8,8,2048,2048,32,8,512,0.087369,0.102143,,
group1,8,8,2048,2048,32,8,1024,0.087634,0.103502,,
group1,8,8,2048,2048,32,8,2048,0.114776,0.103363,,
group1,8,8,2048,2048,32,8,4096,0.220666,0.150956,,
group1,8,8,2048,2048,64,4,2,0.085500,0.101990,,
group1,8,8,2048,2048,64,4,4,0.085829,0.102671,,
group1,8,8,2048,2048,64,4,8,0.087141,0.102441,,
group1,8,8,2048,2048,64,4,16,0.085993,0.103198,,
group1,8,8,2048,2048,64,4,32,0.086288,0.102928,,
group1,8,8,2048,2048,64,4,64,0.086236,0.102650,,
group1,8,8,2048,2048,64,4,128,0.085940,0.102151,,
group1,8,8,2048,2048,64,4,256,0.085839,0.102555,,
group1,8,8,2048,2048,64,4,512,0.086720,0.102253,,
group1,8,8,2048,2048,64,4,1024,0.087300,0.103054,,
group1,8,8,2048,2048,64,4,2048,0.114694,0.103270,,
group1,8,8,2048,2048,64,4,4096,0.221050,0.152444,,
group1,8,8,2048,2048,128,2,2,0.085832,0.102168,,
group1,8,8,2048,2048,128,2,4,0.086359,0.103042,,
group1,8,8,2048,2048,128,2,8,0.086348,0.102451,,
group1,8,8,2048,2048,128,2,16,0.086199,0.102086,,
group1,8,8,2048,2048,128,2,32,0.085919,0.101941,,
group1,8,8,2048,2048,128,2,64,0.086226,0.102603,,
group1,8,8,2048,2048,128,2,128,0.085640,0.102281,,
group1,8,8,2048,2048,128,2,256,0.086561,0.102777,,
group1,8,8,2048,2048,128,2,512,0.087174,0.102313,,
group1,8,8,2048,2048,128,2,1024,0.087163,0.103455,,
group1,8,8,2048,2048,128,2,2048,0.114642,0.103416,,
group1,8,8,2048,2048,128,2,4096,0.221128,0.152554,,
group1,8,8,2048,2048,256,1,2,0.085432,0.064033,,
group1,8,8,2048,2048,256,1,4,0.085947,0.064176,,
group1,8,8,2048,2048,256,1,8,0.086326,0.064296,,
group1,8,8,2048,2048,256,1,16,0.086348,0.064323,,
group1,8,8,2048,2048,256,1,32,0.085896,0.064083,,
group1,8,8,2048,2048,256,1,64,0.086479,0.064444,,
group1,8,8,2048,2048,256,1,128,0.085989,0.064264,,
group1,8,8,2048,2048,256,1,256,0.086008,0.063803,,
group1,8,8,2048,2048,256,1,512,0.086354,0.064570,,
group1,8,8,2048,2048,256,1,1024,0.087607,0.064349,,
group1,8,8,2048,2048,256,1,2048,0.114256,0.064758,,
group1,8,8,2048,2048,256,1,4096,0.220930,0.071457,,
group1,8,8,4096,4096,1,512,2,0.085917,0.105860,,
group1,8,8,4096,4096,1,512,4,0.086084,0.105975,,
group1,8,8,4096,4096,1,512,8,0.086190,0.106644,,
group1,8,8,4096,4096,1,512,16,0.086560,0.106375,,
group1,8,8,4096,4096,1,512,32,0.086222,0.105962,,
group1,8,8,4096,4096,1,512,64,0.086334,0.106488,,
group1,8,8,4096,4096,1,512,128,0.085952,0.106013,,
group1,8,8,4096,4096,1,512,256,0.087141,0.106118,,
group1,8,8,4096,4096,1,512,512,0.087063,0.107280,,
group1,8,8,4096,4096,1,512,1024,0.115074,0.107957,,
group1,8,8,4096,4096,1,512,2048,0.222331,0.152534,,
group1,8,8,4096,4096,1,512,4096,0.434716,0.292193,,
group1,8,8,4096,4096,2,256,2,0.085547,0.102505,,
group1,8,8,4096,4096,2,256,4,0.086120,0.102629,,
group1,8,8,4096,4096,2,256,8,0.085841,0.102657,,
group1,8,8,4096,4096,2,256,16,0.086009,0.102468,,
group1,8,8,4096,4096,2,256,32,0.086241,0.102369,,
group1,8,8,4096,4096,2,256,64,0.085901,0.102452,,
group1,8,8,4096,4096,2,256,128,0.085673,0.101757,,
group1,8,8,4096,4096,2,256,256,0.086068,0.101912,,
group1,8,8,4096,4096,2,256,512,0.087272,0.103225,,
group1,8,8,4096,4096,2,256,1024,0.115120,0.103731,,
group1,8,8,4096,4096,2,256,2048,0.222600,0.144771,,
group1,8,8,4096,4096,2,256,4096,0.434733,0.276283,,
group1,8,8,4096,4096,4,128,2,0.085544,0.102105,,
group1,8,8,4096,4096,4,128,4,0.086151,0.102780,,
group1,8,8,4096,4096,4,128,8,0.086536,0.102664,,
group1,8,8,4096,4096,4,128,16,0.086343,0.102381,,
group1,8,8,4096,4096,4,128,32,0.085986,0.102496,,
group1,8,8,4096,4096,4,128,64,0.086511,0.102909,,
group1,8,8,4096,4096,4,128,128,0.086299,0.102553,,
group1,8,8,4096,4096,4,128,256,0.086706,0.102166,,
group1,8,8,4096,4096,4,128,512,0.087270,0.103752,,
group1,8,8,4096,4096,4,128,1024,0.115126,0.103821,,
group1,8,8,4096,4096,4,128,2048,0.222419,0.141455,,
group1,8,8,4096,4096,4,128,4096,0.434541,0.269121,,
group1,8,8,4096,4096,8,64,2,0.085564,0.102066,,
group1,8,8,4096,4096,8,64,4,0.086058,0.102732,,
group1,8,8,4096,4096,8,64,8,0.085649,0.102226,,
group1,8,8,4096,4096,8,64,16,0.086343,0.102397,,
group1,8,8,4096,4096,8,64,32,0.087013,0.102937,,
group1,8,8,4096,4096,8,64,64,0.086516,0.103117,,
group1,8,8,4096,4096,8,64,128,0.086667,0.102859,,
group1,8,8,4096,4096,8,64,256,0.086568,0.102609,,
group1,8,8,4096,4096,8,64,512,0.087125,0.103921,,
group1,8,8,4096,4096,8,64,1024,0.115309,0.104033,,
group1,8,8,4096,4096,8,64,2048,0.222652,0.140445,,
group1,8,8,4096,4096,8,64,4096,0.434752,0.267873,,
group1,8,8,4096,4096,16,32,2,0.085232,0.102683,,
group1,8,8,4096,4096,16,32,4,0.085373,0.102409,,
group1,8,8,4096,4096,16,32,8,0.085548,0.102545,,
group1,8,8,4096,4096,16,32,16,0.086211,0.102657,,
group1,8,8,4096,4096,16,32,32,0.086577,0.102874,,
group1,8,8,4096,4096,16,32,64,0.086449,0.102517,,
group1,8,8,4096,4096,16,32,128,0.086964,0.102794,,
group1,8,8,4096,4096,16,32,256,0.087000,0.102133,,
group1,8,8,4096,4096,16,32,512,0.087784,0.103771,,
group1,8,8,4096,4096,16,32,1024,0.115072,0.103592,,
group1,8,8,4096,4096,16,32,2048,0.222659,0.140737,,
group1,8,8,4096,4096,16,32,4096,0.434780,0.269207,,
group1,8,8,4096,4096,32,16,2,0.086061,0.102611,,
group1,8,8,4096,4096,32,16,4,0.086237,0.102886,,
group1,8,8,4096,4096,32,16,8,0.086019,0.102416,,
group1,8,8,4096,4096,32,16,16,0.085880,0.102330,,
group1,8,8,4096,4096,32,16,32,0.086249,0.102332,,
group1,8,8,4096,4096,32,16,64,0.086298,0.102586,,
group1,8,8,4096,4096,32,16,128,0.086088,0.102414,,
group1,8,8,4096,4096,32,16,256,0.086344,0.101787,,
group1,8,8,4096,4096,32,16,512,0.087214,0.103373,,
group1,8,8,4096,4096,32,16,1024,0.115361,0.103495,,
group1,8,8,4096,4096,32,16,2048,0.222647,0.150302,,
group1,8,8,4096,4096,32,16,4096,0.434592,0.289523,,
group1,8,8,4096,4096,64,8,2,0.085749,0.102572,,
group1,8,8,4096,4096,64,8,4,0.086270,0.102844,,
group1,8,8,4096,4096,64,8,8,0.086419,0.102829,,
group1,8,8,4096,4096,64,8,16,0.086263,0.102902,,
group1,8,8,4096,4096,64,8,32,0.086567,0.103155,,
group1,8,8,4096,4096,64,8,64,0.087195,0.103067,,
group1,8,8,4096,4096,64,8,128,0.086640,0.103169,,
group1,8,8,4096,4096,64,8,256,0.087119,0.102607,,
group1,8,8,4096,4096,64,8,512,0.087702,0.103425,,
group1,8,8,4096,4096,64,8,1024,0.115170,0.103756,,
group1,8,8,4096,4096,64,8,2048,0.222660,0.151232,,
group1,8,8,4096,4096,64,8,4096,0.434668,0.291068,,
group1,8,8,4096,4096,128,4,2,0.085941,0.102639,,
group1,8,8,4096,4096,128,4,4,0.086628,0.103192,,
group1,8,8,4096,4096,128,4,8,0.086414,0.102711,,
group1,8,8,4096,4096,128,4,16,0.086675,0.102749,,
group1,8,8,4096,4096,128,4,32,0.087328,0.103081,,
group1,8,8,4096,4096,128,4,64,0.086671,0.102978,,
group1,8,8,4096,4096,128,4,128,0.086620,0.102625,,
group1,8,8,4096,4096,128,4,256,0.086166,0.102412,,
group1,8,8,4096,4096,128,4,512,0.087113,0.103753,,
group1,8,8,4096,4096,128,4,1024,0.115405,0.103762,,
group1,8,8,4096,4096,128,4,2048,0.222804,0.152655,,
group1,8,8,4096,4096,128,4,4096,0.434642,0.293247,,
group1,8,8,4096,4096,256,2,2,0.085560,0.102904,,
group1,8,8,4096,4096,256,2,4,0.086018,0.102563,,
group1,8,8,4096,4096,256,2,8,0.086103,0.102335,,
group1,8,8,4096,4096,256,2,16,0.086119,0.102530,,
group1,8,8,4096,4096,256,2,32,0.086645,0.102526,,
group1,8,8,4096,4096,256,2,64,0.086516,0.102736,,
group1,8,8,4096,4096,256,2,128,0.086962,0.102687,,
group1,8,8,4096,4096,256,2,256,0.086704,0.102377,,
group1,8,8,4096,4096,256,2,512,0.087384,0.104131,,
group1,8,8,4096,4096,256,2,1024,0.115305,0.103555,,
group1,8,8,4096,4096,256,2,2048,0.222639,0.152638,,
group1,8,8,4096,4096,256,2,4096,0.434827,0.293168,,
group1,8,8,4096,4096,512,1,2,0.085955,0.064675,,
group1,8,8,4096,4096,512,1,4,0.086351,0.064564,,
group1,8,8,4096,4096,512,1,8,0.086241,0.064470,,
group1,8,8,4096,4096,512,1,16,0.087071,0.064402,,
group1,8,8,4096,4096,512,1,32,0.086296,0.064585,,
group1,8,8,4096,4096,512,1,64,0.087149,0.064537,,
group1,8,8,4096,4096,512,1,128,0.087145,0.064657,,
group1,8,8,4096,4096,512,1,256,0.086595,0.064448,,
group1,8,8,4096,4096,512,1,512,0.087816,0.064934,,
group1,8,8,4096,4096,512,1,1024,0.114956,0.065202,,
group1,8,8,4096,4096,512,1,2048,0.222429,0.071511,,
group1,8,8,4096,4096,512,1,4096,0.433154,0.138570,,
group1,8,16,512,1024,1,64,2,0.085517,0.105944,,
group1,8,16,512,1024,1,64,4,0.086701,0.106175,,
group1,8,16,512,1024,1,64,8,0.084967,0.106071,,
group1,8,16,512,1024,1,64,16,0.086601,0.105790,,
group1,8,16,512,1024,1,64,32,0.085768,0.106098,,
group1,8,16,512,1024,1,64,64,0.085748,0.106358,,
group1,8,16,512,1024,1,64,128,0.086557,0.106258,,
group1,8,16,512,1024,1,64,256,0.086152,0.106060,,
group1,8,16,512,1024,1,64,512,0.086642,0.106774,,
group1,8,16,512,1024,1,64,1024,0.086537,0.106308,,
group1,8,16,512,1024,1,64,2048,0.086866,0.106422,,
group1,8,16,512,1024,1,64,4096,0.087222,0.106412,,
group1,8,16,512,1024,2,32,2,0.085904,0.102285,,
group1,8,16,512,1024,2,32,4,0.086038,0.102664,,
group1,8,16,512,1024,2,32,8,0.084785,0.102588,,
group1,8,16,512,1024,2,32,16,0.085298,0.101849,,
group1,8,16,512,1024,2,32,32,0.086227,0.102687,,
group1,8,16,512,1024,2,32,64,0.086130,0.102910,,
group1,8,16,512,1024,2,32,128,0.086296,0.102800,,
group1,8,16,512,1024,2,32,256,0.085371,0.102873,,
group1,8,16,512,1024,2,32,512,0.086569,0.102342,,
group1,8,16,512,1024,2,32,1024,0.086679,0.102673,,
group1,8,16,512,1024,2,32,2048,0.087030,0.103036,,
group1,8,16,512,1024,2,32,4096,0.087047,0.102848,,
group1,8,16,512,1024,4,16,2,0.085859,0.102462,,
group1,8,16,512,1024,4,16,4,0.086224,0.102763,,
group1,8,16,512,1024,4,16,8,0.085279,0.102254,,
group1,8,16,512,1024,4,16,16,0.085948,0.102297,,
group1,8,16,512,1024,4,16,32,0.086192,0.102272,,
group1,8,16,512,1024,4,16,64,0.086308,0.102803,,
group1,8,16,512,1024,4,16,128,0.086070,0.102556,,
group1,8,16,512,1024,4,16,256,0.086456,0.103094,,
group1,8,16,512,1024,4,16,512,0.086822,0.102465,,
group1,8,16,512,1024,4,16,1024,0.086566,0.103038,,
group1,8,16,512,1024,4,16,2048,0.086616,0.102315,,
group1,8,16,512,1024,4,16,4096,0.086945,0.102862,,
group1,8,16,512,1024,8,8,2,0.085384,0.102272,,
group1,8,16,512,1024,8,8,4,0.085849,0.102197,,
group1,8,16,512,1024,8,8,8,0.085940,0.102574,,
group1,8,16,512,1024,8,8,16,0.085629,0.102771,,
group1,8,16,512,1024,8,8,32,0.085810,0.102338,,
group1,8,16,512,1024,8,8,64,0.085483,0.102372,,
group1,8,16,512,1024,8,8,128,0.085619,0.101910,,
group1,8,16,512,1024,8,8,256,0.085540,0.102260,,
group1,8,16,512,1024,8,8,512,0.086004,0.102361,,
group1,8,16,512,1024,8,8,1024,0.086209,0.102873,,
group1,8,16,512,1024,8,8,2048,0.086309,0.102635,,
group1,8,16,512,1024,8,8,4096,0.086510,0.102822,,
group1,8,16,512,1024,16,4,2,0.083973,0.100151,,
group1,8,16,512,1024,16,4,4,0.083963,0.100111,,
group1,8,16,512,1024,16,4,8,0.084667,0.101489,,
group1,8,16,512,1024,16,4,16,0.085416,0.100879,,
group1,8,16,512,1024,16,4,32,0.084774,0.101192,,
group1,8,16,512,1024,16,4,64,0.084073,0.100769,,
group1,8,16,512,1024,16,4,128,0.084659,0.101397,,
group1,8,16,512,1024,16,4,256,0.084880,0.101264,,
group1,8,16,512,1024,16,4,512,0.085566,0.100569,,
group1,8,16,512,1024,16,4,1024,0.085303,0.100895,,
group1,8,16,512,1024,16,4,2048,0.085129,0.100971,,
group1,8,16,512,1024,16,4,4096,0.085242,0.101034,,
group1,8,16,512,1024,32,2,2,0.084171,0.100423,,
group1,8,16,512,1024,32,2,4,0.084664,0.100290,,
group1,8,16,512,1024,32,2,8,0.083847,0.100694,,
group1,8,16,512,1024,32,2,16,0.084405,0.101097,,
group1,8,16,512,1024,32,2,32,0.084341,0.100820,,
group1,8,16,512,1024,32,2,64,0.084001,0.101067,,
group1,8,16,512,1024,32,2,128,0.084409,0.100971,,
group1,8,16,512,1024,32,2,256,0.084346,0.100477,,
group1,8,16,512,1024,32,2,512,0.085255,0.101063,,
group1,8,16,512,1024,32,2,1024,0.085263,0.101291,,
group1,8,16,512,1024,32,2,2048,0.085276,0.101013,,
group1,8,16,512,1024,32,2,4096,0.085072,0.101087,,
group1,8,16,512,1024,64,1,2,0.084224,0.063198,,
group1,8,16,512,1024,64,1,4,0.084814,0.063569,,
group1,8,16,512,1024,64,1,8,0.084738,0.063489,,
group1,8,16,512,1024,64,1,16,0.085008,0.063099,,
group1,8,16,512,1024,64,1,32,0.084873,0.063992,,
group1,8,16,512,1024,64,1,64,0.084847,0.063656,,
group1,8,16,512,1024,64,1,128,0.084740,0.063727,,
group1,8,16,512,1024,64,1,256,0.084841,0.063541,,
group1,8,16,512,1024,64,1,512,0.085327,0.063485,,
group1,8,16,512,1024,64,1,1024,0.085542,0.063634,,
group1,8,16,512,1024,64,1,2048,0.085721,0.063483,,
group1,8,16,512,1024,64,1,4096,0.085628,0.063168,,
group1,8,16,1024,2048,1,128,2,0.084389,0.104325,,
group1,8,16,1024,2048,1,128,4,0.085009,0.104935,,
group1,8,16,1024,2048,1,128,8,0.084374,0.104712,,
group1,8,16,1024,2048,1,128,16,0.084309,0.104303,,
group1,8,16,1024,2048,1,128,32,0.085281,0.104389,,
group1,8,16,1024,2048,1,128,64,0.085121,0.104958,,
group1,8,16,1024,2048,1,128,128,0.084863,0.104937,,
group1,8,16,1024,2048,1,128,256,0.084388,0.104521,,
group1,8,16,1024,2048,1,128,512,0.085892,0.104893,,
group1,8,16,1024,2048,1,128,1024,0.085631,0.104576,,
group1,8,16,1024,2048,1,128,2048,0.086330,0.104714,,
group1,8,16,1024,2048,1,128,4096,0.162120,0.105333,,
group1,8,16,1024,2048,2,64,2,0.084714,0.101156,,
group1,8,16,1024,2048,2,64,4,0.085068,0.101072,,
group1,8,16,1024,2048,2,64,8,0.084705,0.101509,,
group1,8,16,1024,2048,2,64,16,0.085694,0.101552,,
group1,8,16,1024,2048,2,64,32,0.084924,0.101412,,
group1,8,16,1024,2048,2,64,64,0.085083,0.101506,,
group1,8,16,1024,2048,2,64,128,0.084978,0.101519,,
group1,8,16,1024,2048,2,64,256,0.085164,0.101526,,
group1,8,16,1024,2048,2,64,512,0.085950,0.101557,,
group1,8,16,1024,2048,2,64,1024,0.086151,0.101432,,
group1,8,16,1024,2048,2,64,2048,0.086254,0.101321,,
group1,8,16,1024,2048,2,64,4096,0.162369,0.102280,,
group1,8,16,1024,2048,4,32,2,0.084735,0.101289,,
group1,8,16,1024,2048,4,32,4,0.086094,0.101156,,
group1,8,16,1024,2048,4,32,8,0.084592,0.101098,,
group1,8,16,1024,2048,4,32,16,0.085494,0.101417,,
group1,8,16,1024,2048,4,32,32,0.085172,0.101677,,
group1,8,16,1024,2048,4,32,64,0.085421,0.101756,,
group1,8,16,1024,2048,4,32,128,0.085555,0.101809,,
group1,8,16,1024,2048,4,32,256,0.085357,0.101371,,
group1,8,16,1024,2048,4,32,512,0.086245,0.101827,,
group1,8,16,1024,2048,4,32,1024,0.085905,0.101588,,
group1,8,16,1024,2048,4,32,2048,0.086200,0.101198,,
group1,8,16,1024,2048,4,32,4096,0.162363,0.102215,,
group1,8,16,1024,2048,8,16,2,0.084871,0.100904,,
group1,8,16,1024,2048,8,16,4,0.085015,0.101709,,
group1,8,16,1024,2048,8,16,8,0.085900,0.101026,,
group1,8,16,1024,2048,8,16,16,0.084728,0.101115,,
group1,8,16,1024,2048,8,16,32,0.085345,0.102188,,
group1,8,16,1024,2048,8,16,64,0.085205,0.101235,,
group1,8,16,1024,2048,8,16,128,0.085689,0.101840,,
group1,8,16,1024,2048,8,16,256,0.085452,0.101093,,
group1,8,16,1024,2048,8,16,512,0.086440,0.101719,,
group1,8,16,1024,2048,8,16,1024,0.086444,0.101475,,
group1,8,16,1024,2048,8,16,2048,0.086173,0.101495,,
group1,8,16,1024,2048,8,16,4096,0.162484,0.102485,,
group1,8,16,1024,2048,16,8,2,0.085049,0.100973,,
group1,8,16,1024,2048,16,8,4,0.084565,0.100766,,
group1,8,16,1024,2048,16,8,8,0.085016,0.100966,,
group1,8,16,1024,2048,16,8,16,0.085516,0.101168,,
group1,8,16,1024,2048,16,8,32,0.084928,0.101325,,
group1,8,16,1024,2048,16,8,64,0.085007,0.101461,,
group1,8,16,1024,2048,16,8,128,0.085166,0.101240,,
group1,8,16,1024,2048,16,8,256,0.084892,0.101818,,
group1,8,16,1024,2048,16,8,512,0.085489,0.101635,,
group1,8,16,1024,2048,16,8,1024,0.085913,0.101633,,
group1,8,16,1024,2048,16,8,2048,0.086528,0.101175,,
group1,8,16,1024,2048,16,8,4096,0.162449,0.101582,,
group1,8,16,1024,2048,32,4,2,0.084542,0.100827,,
group1,8,16,1024,2048,32,4,4,0.085711,0.101126,,
group1,8,16,1024,2048,32,4,8,0.084282,0.101023,,
group1,8,16,1024,2048,32,4,16,0.084946,0.100843,,
group1,8,16,1024,2048,32,4,32,0.085487,0.101012,,
group1,8,16,1024,2048,32,4,64,0.085345,0.101274,,
group1,8,16,1024,2048,32,4,128,0.085676,0.101538,,
group1,8,16,1024,2048,32,4,256,0.085424,0.100831,,
group1,8,16,1024,2048,32,4,512,0.086079,0.101688,,
group1,8,16,1024,2048,32,4,1024,0.086514,0.101420,,
group1,8,16,1024,2048,32,4,2048,0.086642,0.101667,,
group1,8,16,1024,2048,32,4,4096,0.162466,0.102015,,
group1,8,16,1024,2048,64,2,2,0.084389,0.101234,,
group1,8,16,1024,2048,64,2,4,0.085060,0.101324,,
group1,8,16,1024,2048,64,2,8,0.083770,0.100785,,
group1,8,16,1024,2048,64,2,16,0.084283,0.100818,,
group1,8,16,1024,2048,64,2,32,0.084935,0.101220,,
group1,8,16,1024,2048,64,2,64,0.085309,0.101120,,
group1,8,16,1024,2048,64,2,128,0.085092,0.101553,,
group1,8,16,1024,2048,64,2,256,0.084867,0.101352,,
group1,8,16,1024,2048,64,2,512,0.085529,0.101872,,
group1,8,16,1024,2048,64,2,1024,0.085926,0.101316,,
group1,8,16,1024,2048,64,2,2048,0.085834,0.101783,,
group1,8,16,1024,2048,64,2,4096,0.162550,0.101891,,
group1,8,16,1024,2048,128,1,2,0.084110,0.063271,,
group1,8,16,1024,2048,128,1,4,0.084595,0.062818,,
group1,8,16,1024,2048,128,1,8,0.084922,0.063596,,
group1,8,16,1024,2048,128,1,16,0.084732,0.063098,,
group1,8,16,1024,2048,128,1,32,0.085644,0.063209,,
group1,8,16,1024,2048,128,1,64,0.085273,0.063070,,
group1,8,16,1024,2048,128,1,128,0.085709,0.063345,,
group1,8,16,1024,2048,128,1,256,0.085311,0.063200,,
group1,8,16,1024,2048,128,1,512,0.086019,0.063157,,
group1,8,16,1024,2048,128,1,1024,0.086154,0.063388,,
group1,8,16,1024,2048,128,1,2048,0.086073,0.063334,,
group1,8,16,1024,2048,128,1,4096,0.161812,0.063539,,
group1,8,16,2048,4096,1,256,2,0.084664,0.104482,,
group1,8,16,2048,4096,1,256,4,0.085458,0.104678,,
group1,8,16,2048,4096,1,256,8,0.084692,0.104423,,
group1,8,16,2048,4096,1,256,16,0.085022,0.104105,,
group1,8,16,2048,4096,1,256,32,0.085347,0.104294,,
group1,8,16,2048,4096,1,256,64,0.085067,0.104782,,
group1,8,16,2048,4096,1,256,128,0.084927,0.104705,,
group1,8,16,2048,4096,1,256,256,0.085997,0.104707,,
group1,8,16,2048,4096,1,256,512,0.085664,0.105095,,
group1,8,16,2048,4096,1,256,1024,0.086061,0.104968,,
group1,8,16,2048,4096,1,256,2048,0.160624,0.105416,,
group1,8,16,2048,4096,1,256,4096,0.323282,0.176281,,
group1,8,16,2048,4096,2,128,2,0.084776,0.100964,,
group1,8,16,2048,4096,2,128,4,0.085299,0.101684,,
group1,8,16,2048,4096,2,128,8,0.084958,0.101705,,
group1,8,16,2048,4096,2,128,16,0.085216,0.101554,,
group1,8,16,2048,4096,2,128,32,0.085753,0.101493,,
group1,8,16,2048,4096,2,128,64,0.084736,0.101183,,
group1,8,16,2048,4096,2,128,128,0.085500,0.101397,,
group1,8,16,2048,4096,2,128,256,0.085727,0.101869,,
group1,8,16,2048,4096,2,128,512,0.086546,0.101848,,
group1,8,16,2048,4096,2,128,1024,0.086751,0.101748,,
group1,8,16,2048,4096,2,128,2048,0.160828,0.102444,,
group1,8,16,2048,4096,2,128,4096,0.323321,0.173577,,
group1,8,16,2048,4096,4,64,2,0.085094,0.100951,,
group1,8,16,2048,4096,4,64,4,0.085279,0.101240,,
group1,8,16,2048,4096,4,64,8,0.085842,0.101892,,
group1,8,16,2048,4096,4,64,16,0.085303,0.101913,,
group1,8,16,2048,4096,4,64,32,0.085628,0.101236,,
group1,8,16,2048,4096,4,64,64,0.085018,0.101849,,
group1,8,16,2048,4096,4,64,128,0.085220,0.101731,,
group1,8,16,2048,4096,4,64,256,0.086250,0.101820,,
group1,8,16,2048,4096,4,64,512,0.086391,0.101658,,
group1,8,16,2048,4096,4,64,1024,0.086858,0.101568,,
group1,8,16,2048,4096,4,64,2048,0.160877,0.102699,,
group1,8,16,2048,4096,4,64,4096,0.323404,0.172921,,
group1,8,16,2048,4096,8,32,2,0.084762,0.101569,,
group1,8,16,2048,4096,8,32,4,0.084693,0.101048,,
group1,8,16,2048,4096,8,32,8,0.085134,0.101089,,
group1,8,16,2048,4096,8,32,16,0.085354,0.101345,,
group1,8,16,2048,4096,8,32,32,0.085170,0.101363,,
group1,8,16,2048,4096,8,32,64,0.085196,0.101640,,
group1,8,16,2048,4096,8,32,128,0.084719,0.101537,,
group1,8,16,2048,4096,8,32,256,0.085409,0.101498,,
group1,8,16,2048,4096,8,32,512,0.086140,0.101485,,
group1,8,16,2048,4096,8,32,1024,0.086237,0.101423,,
group1,8,16,2048,4096,8,32,2048,0.160926,0.102467,,
group1,8,16,2048,4096,8,32,4096,0.323326,0.164314,,
group1,8,16,2048,4096,16,16,2,0.084382,0.100717,,
group1,8,16,2048,4096,16,16,4,0.084923,0.101156,,
group1,8,16,2048,4096,16,16,8,0.085561,0.101616,,
group1,8,16,2048,4096,16,16,16,0.085151,0.101404,,
group1,8,16,2048,4096,16,16,32,0.085393,0.101481,,
group1,8,16,2048,4096,16,16,64,0.085103,0.101200,,
group1,8,16,2048,4096,16,16,128,0.085515,0.101642,,
group1,8,16,2048,4096,16,16,256,0.085845,0.101443,,
group1,8,16,2048,4096,16,16,512,0.086240,0.101628,,
group1,8,16,2048,4096,16,16,1024,0.086377,0.101733,,
group1,8,16,2048,4096,16,16,2048,0.160962,0.102451,,
group1,8,16,2048,4096,16,16,4096,0.323222,0.171319,,
group1,8,16,2048,4096,32,8,2,0.085204,0.101406,,
group1,8,16,2048,4096,32,8,4,0.085132,0.100943,,
group1,8,16,2048,4096,32,8,8,0.085432,0.100727,,
group1,8,16,2048,4096,32,8,16,0.086042,0.101462,,
group1,8,16,2048,4096,32,8,32,0.085146,0.101599,,
group1,8,16,2048,4096,32,8,64,0.085076,0.101523,,
group1,8,16,2048,4096,32,8,128,0.085110,0.101444,,
group1,8,16,2048,4096,32,8,256,0.085928,0.101638,,
group1,8,16,2048,4096,32,8,512,0.086246,0.101314,,
group1,8,16,2048,4096,32,8,1024,0.086200,0.101607,,
group1,8,16,2048,4096,32,8,2048,0.160912,0.101927,,
group1,8,16,2048,4096,32,8,4096,0.323210,0.187317,,
group1,8,16,2048,4096,64,4,2,0.084850,0.100835,,
group1,8,16,2048,4096,64,4,4,0.084821,0.101131,,
group1,8,16,2048,4096,64,4,8,0.085416,0.101953,,
group1,8,16,2048,4096,64,4,16,0.085066,0.101603,,
group1,8,16,2048,4096,64,4,32,0.085282,0.101087,,
group1,8,16,2048,4096,64,4,64,0.085086,0.101536,,
group1,8,16,2048,4096,64,4,128,0.085167,0.101409,,
group1,8,16,2048,4096,64,4,256,0.085559,0.101399,,
group1,8,16,2048,4096,64,4,512,0.085989,0.101466,,
group1,8,16,2048,4096,64,4,1024,0.086115,0.101415,,
group1,8,16,2048,4096,64,4,2048,0.160873,0.102206,,
group1,8,16,2048,4096,64,4,4096,0.323214,0.188520,,
group1,8,16,2048,4096,128,2,2,0.084814,0.101025,,
group1,8,16,2048,4096,128,2,4,0.084796,0.100835,,
group1,8,16,2048,4096,128,2,8,0.085140,0.100662,,
group1,8,16,2048,4096,128,2,16,0.085468,0.101277,,
group1,8,16,2048,4096,128,2,32,0.085145,0.101732,,
group1,8,16,2048,4096,128,2,64,0.084955,0.101584,,
group1,8,16,2048,4096,128,2,128,0.084982,0.101121,,
group1,8,16,2048,4096,128,2,256,0.085461,0.101628,,
group1,8,16,2048,4096,128,2,512,0.085761,0.101099,,
group1,8,16,2048,4096,128,2,1024,0.086206,0.101877,,
group1,8,16,2048,4096,128,2,2048,0.160991,0.101917,,
group1,8,16,2048,4096,128,2,4096,0.323094,0.189720,,
group1,8,16,2048,4096,256,1,2,0.084122,0.063398,,
group1,8,16,2048,4096,256,1,4,0.084463,0.063136,,
group1,8,16,2048,4096,256,1,8,0.085370,0.063572,,
group1,8,16,2048,4096,256,1,16,0.085265,0.063265,,
group1,8,16,2048,4096,256,1,32,0.084925,0.063609,,
group1,8,16,2048,4096,256,1,64,0.084565,0.063154,,
group1,8,16,2048,4096,256,1,128,0.084783,0.063107,,
group1,8,16,2048,4096,256,1,256,0.085275,0.063498,,
group1,8,16,2048,4096,256,1,512,0.085616,0.063598,,
group1,8,16,2048,4096,256,1,1024,0.085913,0.063516,,
group1,8,16,2048,4096,256,1,2048,0.160660,0.063536,,
group1,8,16,2048,4096,256,1,4096,0.322551,0.072721,,
group1,8,32,512,2048,1,64,2,0.084206,0.104258,,
group1,8,32,512,2048,1,64,4,0.084327,0.104209,,
group1,8,32,512,2048,1,64,8,0.084967,0.104329,,
group1,8,32,512,2048,1,64,16,0.085002,0.104532,,
group1,8,32,512,2048,1,64,32,0.085094,0.104796,,
group1,8,32,512,2048,1,64,64,0.085010,0.104741,,
group1,8,32,512,2048,1,64,128,0.084759,0.104917,,
group1,8,32,512,2048,1,64,256,0.085054,0.104077,,
group1,8,32,512,2048,1,64,512,0.085882,0.105360,,
group1,8,32,512,2048,1,64,1024,0.085980,0.105399,,
group1,8,32,512,2048,1,64,2048,0.086524,0.104865,,
group1,8,32,512,2048,1,64,4096,0.141255,0.105238,,
group1,8,32,512,2048,2,32,2,0.084578,0.100802,,
group1,8,32,512,2048,2,32,4,0.084808,0.100649,,
group1,8,32,512,2048,2,32,8,0.084724,0.100878,,
group1,8,32,512,2048,2,32,16,0.084712,0.101054,,
group1,8,32,512,2048,2,32,32,0.084686,0.101083,,
group1,8,32,512,2048,2,32,64,0.084863,0.101258,,
group1,8,32,512,2048,2,32,128,0.085173,0.101100,,
group1,8,32,512,2048,2,32,256,0.084917,0.101605,,
group1,8,32,512,2048,2,32,512,0.085804,0.101435,,
group1,8,32,512,2048,2,32,1024,0.085886,0.101284,,
group1,8,32,512,2048,2,32,2048,0.085937,0.101304,,
group1,8,32,512,2048,2,32,4096,0.141219,0.101589,,
group1,8,32,512,2048,4,16,2,0.084164,0.100611,,
group1,8,32,512,2048,4,16,4,0.084250,0.100769,,
group1,8,32,512,2048,4,16,8,0.084544,0.101197,,
group1,8,32,512,2048,4,16,16,0.085142,0.101246,,
group1,8,32,512,2048,4,16,32,0.084858,0.101561,,
group1,8,32,512,2048,4,16,64,0.084702,0.101476,,
group1,8,32,512,2048,4,16,128,0.084665,0.101114,,
group1,8,32,512,2048,4,16,256,0.084928,0.101522,,
group1,8,32,512,2048,4,16,512,0.085245,0.101320,,
group1,8,32,512,2048,4,16,1024,0.085729,0.101614,,
group1,8,32,512,2048,4,16,2048,0.086527,0.101321,,
group1,8,32,512,2048,4,16,4096,0.141071,0.101771,,
group1,8,32,512,2048,8,8,2,0.084264,0.100738,,
group1,8,32,512,2048,8,8,4,0.084264,0.100835,,
group1,8,32,512,2048,8,8,8,0.084334,0.101265,,
group1,8,32,512,2048,8,8,16,0.085740,0.101516,,
group1,8,32,512,2048,8,8,32,0.085103,0.101325,,
group1,8,32,512,2048,8,8,64,0.085178,0.101695,,
group1,8,32,512,2048,8,8,128,0.084821,0.101105,,
group1,8,32,512,2048,8,8,256,0.084772,0.101226,,
group1,8,32,512,2048,8,8,512,0.086475,0.101771,,
group1,8,32,512,2048,8,8,1024,0.086270,0.101240,,
group1,8,32,512,2048,8,8,2048,0.086784,0.101555,,
group1,8,32,512,2048,8,8,4096,0.141152,0.101633,,
group1,8,32,512,2048,16,4,2,0.084632,0.101056,,
group1,8,32,512,2048,16,4,4,0.085159,0.101509,,
group1,8,32,512,2048,16,4,8,0.084970,0.101451,,
group1,8,32,512,2048,16,4,16,0.086067,0.101258,,
group1,8,32,512,2048,16,4,32,0.085356,0.101628,,
group1,8,32,512,2048,16,4,64,0.085902,0.101148,,
group1,8,32,512,2048,16,4,128,0.085536,0.101421,,
group1,8,32,512,2048,16,4,256,0.085699,0.101318,,
group1,8,32,512,2048,16,4,512,0.086766,0.101961,,
group1,8,32,512,2048,16,4,1024,0.086460,0.101386,,
group1,8,32,512,2048,16,4,2048,0.087249,0.101407,,
group1,8,32,512,2048,16,4,4096,0.141055,0.101703,,
group1,8,32,512,2048,32,2,2,0.084320,0.100986,,
group1,8,32,512,2048,32,2,4,0.084903,0.101223,,
group1,8,32,512,2048,32,2,8,0.084563,0.101062,,
group1,8,32,512,2048,32,2,16,0.085789,0.101540,,
group1,8,32,512,2048,32,2,32,0.085432,0.101168,,
group1,8,32,512,2048,32,2,64,0.084876,0.101027,,
group1,8,32,512,2048,32,2,128,0.084928,0.101434,,
group1,8,32,512,2048,32,2,256,0.084963,0.101452,,
group1,8,32,512,2048,32,2,512,0.086221,0.101773,,
group1,8,32,512,2048,32,2,1024,0.085963,0.101641,,
group1,8,32,512,2048,32,2,2048,0.086554,0.100980,,
group1,8,32,512,2048,32,2,4096,0.141078,0.101655,,
group1,8,32,512,2048,64,1,2,0.084349,0.063304,,
group1,8,32,512,2048,64,1,4,0.084951,0.063079,,
group1,8,32,512,2048,64,1,8,0.085289,0.062989,,
group1,8,32,512,2048,64,1,16,0.085013,0.062760,,
group1,8,32,512,2048,64,1,32,0.084730,0.062886,,
group1,8,32,512,2048,64,1,64,0.084538,0.062983,,
group1,8,32,512,2048,64,1,128,0.085165,0.063394,,
group1,8,32,512,2048,64,1,256,0.085655,0.062733,,
group1,8,32,512,2048,64,1,512,0.086350,0.063509,,
group1,8,32,512,2048,64,1,1024,0.086646,0.063405,,
group1,8,32,512,2048,64,1,2048,0.086637,0.063255,,
group1,8,32,512,2048,64,1,4096,0.140753,0.063157,,
group1,8,32,1024,4096,1,128,2,0.084560,0.104081,,
group1,8,32,1024,4096,1,128,4,0.085238,0.104395,,
group1,8,32,1024,4096,1,128,8,0.085174,0.104376,,
group1,8,32,1024,4096,1,128,16,0.085825,0.104411,,
group1,8,32,1024,4096,1,128,32,0.084862,0.104121,,
group1,8,32,1024,4096,1,128,64,0.084858,0.104210,,
group1,8,32,1024,4096,1,128,128,0.085350,0.104329,,
group1,8,32,1024,4096,1,128,256,0.085598,0.104971,,
group1,8,32,1024,4096,1,128,512,0.085460,0.104675,,
group1,8,32,1024,4096,1,128,1024,0.086747,0.104553,,
group1,8,32,1024,4096,1,128,2048,0.141777,0.104875,,
group1,8,32,1024,4096,1,128,4096,0.281461,0.186020,,
group1,8,32,1024,4096,2,64,2,0.084467,0.100862,,
group1,8,32,1024,4096,2,64,4,0.084950,0.100755,,
group1,8,32,1024,4096,2,64,8,0.085415,0.100611,,
group1,8,32,1024,4096,2,64,16,0.085135,0.100603,,
group1,8,32,1024,4096,2,64,32,0.085684,0.101098,,
group1,8,32,1024,4096,2,64,64,0.085242,0.101036,,
group1,8,32,1024,4096,2,64,128,0.085374,0.100685,,
group1,8,32,1024,4096,2,64,256,0.085138,0.100567,,
group1,8,32,1024,4096,2,64,512,0.085752,0.101385,,
group1,8,32,1024,4096,2,64,1024,0.087003,0.101048,,
group1,8,32,1024,4096,2,64,2048,0.141688,0.100921,,
group1,8,32,1024,4096,2,64,4096,0.281596,0.185867,,
group1,8,32,1024,4096,4,32,2,0.085422,0.100247,,
group1,8,32,1024,4096,4,32,4,0.085950,0.100453,,
group1,8,32,1024,4096,4,32,8,0.085392,0.101118,,
group1,8,32,1024,4096,4,32,16,0.085408,0.100598,,
group1,8,32,1024,4096,4,32,32,0.085200,0.100831,,
group1,8,32,1024,4096,4,32,64,0.085117,0.100708,,
group1,8,32,1024,4096,4,32,128,0.085132,0.100988,,
group1,8,32,1024,4096,4,32,256,0.085118,0.100684,,
group1,8,32,1024,4096,4,32,512,0.085945,0.100687,,
group1,8,32,1024,4096,4,32,1024,0.086467,0.100728,,
group1,8,32,1024,4096,4,32,2048,0.141612,0.101253,,
group1,8,32,1024,4096,4,32,4096,0.281592,0.128070,,
group1,8,32,1024,4096,8,16,2,0.084866,0.100230,,
group1,8,32,1024,4096,8,16,4,0.084883,0.101070,,
group1,8,32,1024,4096,8,16,8,0.085621,0.101079,,
group1,8,32,1024,4096,8,16,16,0.085166,0.100907,,
group1,8,32,1024,4096,8,16,32,0.085066,0.100845,,
group1,8,32,1024,4096,8,16,64,0.085294,0.100335,,
group1,8,32,1024,4096,8,16,128,0.085261,0.100378,,
group1,8,32,1024,4096,8,16,256,0.084990,0.101166,,
group1,8,32,1024,4096,8,16,512,0.085859,0.101337,,
group1,8,32,1024,4096,8,16,1024,0.086661,0.100771,,
group1,8,32,1024,4096,8,16,2048,0.141645,0.101400,,
group1,8,32,1024,4096,8,16,4096,0.281216,0.121197,,
group1,8,32,1024,4096,16,8,2,0.084816,0.100282,,
group1,8,32,1024,4096,16,8,4,0.084696,0.100282,,
group1,8,32,1024,4096,16,8,8,0.084538,0.100274,,
group1,8,32,1024,4096,16,8,16,0.084926,0.100867,,
group1,8,32,1024,4096,16,8,32,0.084864,0.100338,,
group1,8,32,1024,4096,16,8,64,0.085151,0.101206,,
group1,8,32,1024,4096,16,8,128,0.085251,0.100833,,
group1,8,32,1024,4096,16,8,256,0.085425,0.100892,,
group1,8,32,1024,4096,16,8,512,0.086010,0.101032,,
group1,8,32,1024,4096,16,8,1024,0.086428,0.100631,,
group1,8,32,1024,4096,16,8,2048,0.141620,0.101032,,
group1,8,32,1024,4096,16,8,4096,0.281592,0.122865,,
group1,8,32,1024,4096,32,4,2,0.084449,0.100748,,
group1,8,32,1024,4096,32,4,4,0.084834,0.101106,,
group1,8,32,1024,4096,32,4,8,0.085203,0.100652,,
group1,8,32,1024,4096,32,4,16,0.085511,0.100855,,
group1,8,32,1024,4096,32,4,32,0.084888,0.100821,,
group1,8,32,1024,4096,32,4,64,0.085137,0.100945,,
group1,8,32,1024,4096,32,4,128,0.084788,0.100903,,
group1,8,32,1024,4096,32,4,256,0.085239,0.101198,,
group1,8,32,1024,4096,32,4,512,0.086210,0.101607,,
group1,8,32,1024,4096,32,4,1024,0.086745,0.101186,,
group1,8,32,1024,4096,32,4,2048,0.141714,0.101632,,
group1,8,32,1024,4096,32,4,4096,0.281409,0.138054,,
group1,8,32,1024,4096,64,2,2,0.084603,0.100424,,
group1,8,32,1024,4096,64,2,4,0.084784,0.101176,,
group1,8,32,1024,4096,64,2,8,0.085289,0.100946,,
group1,8,32,1024,4096,64,2,16,0.085335,0.101272,,
group1,8,32,1024,4096,64,2,32,0.085163,0.100564,,
group1,8,32,1024,4096,64,2,64,0.085008,0.101433,,
group1,8,32,1024,4096,64,2,128,0.084806,0.100700,,
group1,8,32,1024,4096,64,2,256,0.085282,0.100924,,
group1,8,32,1024,4096,64,2,512,0.085801,0.101392,,
group1,8,32,1024,4096,64,2,1024,0.086381,0.101002,,
group1,8,32,1024,4096,64,2,2048,0.141731,0.101353,,
group1,8,32,1024,4096,64,2,4096,0.281259,0.138740,,
group1,8,32,1024,4096,128,1,2,0.084418,0.063050,,
group1,8,32,1024,4096,128,1,4,0.084962,0.062717,,
group1,8,32,1024,4096,128,1,8,0.084823,0.062529,,
group1,8,32,1024,4096,128,1,16,0.084637,0.063507,,
group1,8,32,1024,4096,128,1,32,0.084642,0.063092,,
group1,8,32,1024,4096,128,1,64,0.085076,0.062912,,
group1,8,32,1024,4096,128,1,128,0.084759,0.062726,,
group1,8,32,1024,4096,128,1,256,0.085207,0.063013,,
group1,8,32,1024,4096,128,1,512,0.085635,0.062876,,
group1,8,32,1024,4096,128,1,1024,0.086071,0.062984,,
group1,8,32,1024,4096,128,1,2048,0.141351,0.063002,,
group1,8,32,1024,4096,128,1,4096,0.280285,0.062833,,
group1,8,64,512,4096,1,64,2,0.084892,0.103968,,
group1,8,64,512,4096,1,64,4,0.084964,0.104628,,
group1,8,64,512,4096,1,64,8,0.085092,0.104784,,
group1,8,64,512,4096,1,64,16,0.085354,0.104769,,
group1,8,64,512,4096,1,64,32,0.084691,0.104418,,
group1,8,64,512,4096,1,64,64,0.085019,0.104209,,
group1,8,64,512,4096,1,64,128,0.085217,0.104107,,
group1,8,64,512,4096,1,64,256,0.086149,0.104863,,
group1,8,64,512,4096,1,64,512,0.085694,0.104513,,
group1,8,64,512,4096,1,64,1024,0.086939,0.105143,,
group1,8,64,512,4096,1,64,2048,0.128873,0.105560,,
group1,8,64,512,4096,1,64,4096,0.252395,0.177847,,
group1,8,64,512,4096,2,32,2,0.085023,0.100978,,
group1,8,64,512,4096,2,32,4,0.085408,0.101556,,
group1,8,64,512,4096,2,32,8,0.085261,0.101075,,
group1,8,64,512,4096,2,32,16,0.084764,0.101070,,
group1,8,64,512,4096,2,32,32,0.084813,0.101222,,
group1,8,64,512,4096,2,32,64,0.085381,0.100673,,
group1,8,64,512,4096,2,32,128,0.085192,0.101214,,
group1,8,64,512,4096,2,32,256,0.085570,0.101407,,
group1,8,64,512,4096,2,32,512,0.085702,0.101190,,
group1,8,64,512,4096,2,32,1024,0.086435,0.101251,,
group1,8,64,512,4096,2,32,2048,0.128459,0.101997,,
group1,8,64,512,4096,2,32,4096,0.252915,0.115329,,
group1,8,64,512,4096,4,16,2,0.084624,0.100657,,
group1,8,64,512,4096,4,16,4,0.085206,0.101430,,
group1,8,64,512,4096,4,16,8,0.085022,0.101220,,
group1,8,64,512,4096,4,16,16,0.085008,0.101405,,
group1,8,64,512,4096,4,16,32,0.085238,0.101194,,
group1,8,64,512,4096,4,16,64,0.085997,0.100305,,
group1,8,64,512,4096,4,16,128,0.085613,0.100625,,
group1,8,64,512,4096,4,16,256,0.085807,0.101483,,
group1,8,64,512,4096,4,16,512,0.085635,0.101054,,
group1,8,64,512,4096,4,16,1024,0.086136,0.101185,,
group1,8,64,512,4096,4,16,2048,0.128017,0.101614,,
group1,8,64,512,4096,4,16,4096,0.253576,0.104739,,
group1,8,64,512,4096,8,8,2,0.084345,0.100392,,
group1,8,64,512,4096,8,8,4,0.084818,0.101613,,
group1,8,64,512,4096,8,8,8,0.084531,0.101215,,
group1,8,64,512,4096,8,8,16,0.084725,0.101000,,
group1,8,64,512,4096,8,8,32,0.085099,0.101011,,
group1,8,64,512,4096,8,8,64,0.085623,0.100252,,
group1,8,64,512,4096,8,8,128,0.085051,0.100596,,
group1,8,64,512,4096,8,8,256,0.085575,0.101303,,
group1,8,64,512,4096,8,8,512,0.086248,0.100670,,
group1,8,64,512,4096,8,8,1024,0.086525,0.100977,,
group1,8,64,512,4096,8,8,2048,0.127891,0.101747,,
group1,8,64,512,4096,8,8,4096,0.251710,0.104625,,
group1,8,64,512,4096,16,4,2,0.085002,0.100557,,
group1,8,64,512,4096,16,4,4,0.085074,0.100958,,
group1,8,64,512,4096,16,4,8,0.085106,0.101330,,
group1,8,64,512,4096,16,4,16,0.084476,0.101360,,
group1,8,64,512,4096,16,4,32,0.085610,0.101338,,
group1,8,64,512,4096,16,4,64,0.085975,0.100691,,
group1,8,64,512,4096,16,4,128,0.085165,0.101066,,
group1,8,64,512,4096,16,4,256,0.085762,0.101289,,
group1,8,64,512,4096,16,4,512,0.085713,0.101452,,
group1,8,64,512,4096,16,4,1024,0.086447,0.101095,,
group1,8,64,512,4096,16,4,2048,0.127756,0.101561,,
group1,8,64,512,4096,16,4,4096,0.251887,0.106546,,
group1,8,64,512,4096,32,2,2,0.084631,0.100729,,
group1,8,64,512,4096,32,2,4,0.085326,0.101136,,
group1,8,64,512,4096,32,2,8,0.085204,0.100936,,
group1,8,64,512,4096,32,2,16,0.085039,0.100967,,
group1,8,64,512,4096,32,2,32,0.085319,0.101187,,
group1,8,64,512,4096,32,2,64,0.085509,0.100381,,
group1,8,64,512,4096,32,2,128,0.085271,0.100990,,
group1,8,64,512,4096,32,2,256,0.085997,0.100726,,
group1,8,64,512,4096,32,2,512,0.086087,0.101202,,
group1,8,64,512,4096,32,2,1024,0.086543,0.101173,,
group1,8,64,512,4096,32,2,2048,0.127770,0.102377,,
group1,8,64,512,4096,32,2,4096,0.251252,0.122035,,
group1,8,64,512,4096,64,1,2,0.084793,0.063251,,
group1,8,64,512,4096,64,1,4,0.085562,0.063017,,
group1,8,64,512,4096,64,1,8,0.085183,0.063318,,
group1,8,64,512,4096,64,1,16,0.085061,0.062839,,
group1,8,64,512,4096,64,1,32,0.085312,0.062840,,
group1,8,64,512,4096,64,1,64,0.084865,0.062773,,
group1,8,64,512,4096,64,1,128,0.085487,0.063139,,
group1,8,64,512,4096,64,1,256,0.085313,0.063278,,
group1,8,64,512,4096,64,1,512,0.085647,0.062807,,
group1,8,64,512,4096,64,1,1024,0.086405,0.063007,,
group1,8,64,512,4096,64,1,2048,0.128560,0.063161,,
group1,8,64,512,4096,64,1,4096,0.251164,0.062704,,
group1,16,2,4096,512,1,256,2,0.084918,0.104105,,
group1,16,2,4096,512,1,256,4,0.085183,0.104275,,
group1,16,2,4096,512,1,256,8,0.085485,0.104496,,
group1,16,2,4096,512,1,256,16,0.085309,0.104376,,
group1,16,2,4096,512,1,256,32,0.085226,0.103920,,
group1,16,2,4096,512,1,256,64,0.085278,0.104590,,
group1,16,2,4096,512,1,256,128,0.085226,0.104197,,
group1,16,2,4096,512,1,256,256,0.085508,0.104286,,
group1,16,2,4096,512,1,256,512,0.086602,0.105090,,
group1,16,2,4096,512,1,256,1024,0.086009,0.105432,,
group1,16,2,4096,512,1,256,2048,0.127986,0.105554,,
group1,16,2,4096,512,1,256,4096,0.244215,0.176680,,
group1,16,2,4096,512,2,128,2,0.084472,0.100746,,
group1,16,2,4096,512,2,128,4,0.084996,0.100661,,
group1,16,2,4096,512,2,128,8,0.085003,0.101240,,
group1,16,2,4096,512,2,128,16,0.085909,0.101085,,
group1,16,2,4096,512,2,128,32,0.085461,0.100806,,
group1,16,2,4096,512,2,128,64,0.085522,0.101728,,
group1,16,2,4096,512,2,128,128,0.084940,0.101219,,
group1,16,2,4096,512,2,128,256,0.085636,0.101084,,
group1,16,2,4096,512,2,128,512,0.086440,0.101879,,
group1,16,2,4096,512,2,128,1024,0.086766,0.102245,,
group1,16,2,4096,512,2,128,2048,0.128056,0.102346,,
group1,16,2,4096,512,2,128,4096,0.244211,0.154195,,
group1,16,2,4096,512,4,64,2,0.084136,0.100696,,
group1,16,2,4096,512,4,64,4,0.085114,0.100800,,
group1,16,2,4096,512,4,64,8,0.084846,0.101267,,
group1,16,2,4096,512,4,64,16,0.084819,0.101069,,
group1,16,2,4096,512,4,64,32,0.085146,0.100814,,
group1,16,2,4096,512,4,64,64,0.085348,0.101429,,
group1,16,2,4096,512,4,64,128,0.084936,0.101121,,
group1,16,2,4096,512,4,64,256,0.085394,0.100845,,
group1,16,2,4096,512,4,64,512,0.086444,0.102250,,
group1,16,2,4096,512,4,64,1024,0.086424,0.102460,,
group1,16,2,4096,512,4,64,2048,0.128039,0.102147,,
group1,16,2,4096,512,4,64,4096,0.244233,0.152308,,
group1,16,2,4096,512,8,32,2,0.084543,0.100683,,
group1,16,2,4096,512,8,32,4,0.085324,0.100911,,
group1,16,2,4096,512,8,32,8,0.085091,0.101198,,
group1,16,2,4096,512,8,32,16,0.085150,0.101263,,
group1,16,2,4096,512,8,32,32,0.085168,0.100694,,
group1,16,2,4096,512,8,32,64,0.085069,0.101806,,
group1,16,2,4096,512,8,32,128,0.085105,0.101714,,
group1,16,2,4096,512,8,32,256,0.085171,0.100873,,
group1,16,2,4096,512,8,32,512,0.086070,0.101927,,
group1,16,2,4096,512,8,32,1024,0.086419,0.102470,,
group1,16,2,4096,512,8,32,2048,0.128046,0.102016,,
group1,16,2,4096,512,8,32,4096,0.244254,0.152082,,
group1,16,2,4096,512,16,16,2,0.084374,0.100683,,
group1,16,2,4096,512,16,16,4,0.084819,0.100557,,
group1,16,2,4096,512,16,16,8,0.084849,0.100885,,
group1,16,2,4096,512,16,16,16,0.084446,0.100616,,
group1,16,2,4096,512,16,16,32,0.084994,0.100302,,
group1,16,2,4096,512,16,16,64,0.085197,0.101034,,
group1,16,2,4096,512,16,16,128,0.085025,0.101162,,
group1,16,2,4096,512,16,16,256,0.085263,0.100674,,
group1,16,2,4096,512,16,16,512,0.086026,0.101708,,
group1,16,2,4096,512,16,16,1024,0.086518,0.102295,,
group1,16,2,4096,512,16,16,2048,0.128093,0.102092,,
group1,16,2,4096,512,16,16,4096,0.244219,0.154024,,
group1,16,2,4096,512,32,8,2,0.084645,0.101292,,
group1,16,2,4096,512,32,8,4,0.085190,0.101115,,
group1,16,2,4096,512,32,8,8,0.085339,0.101404,,
group1,16,2,4096,512,32,8,16,0.084868,0.101467,,
group1,16,2,4096,512,32,8,32,0.085395,0.101049,,
group1,16,2,4096,512,32,8,64,0.085375,0.101625,,
group1,16,2,4096,512,32,8,128,0.085206,0.101309,,
group1,16,2,4096,512,32,8,256,0.085668,0.101059,,
group1,16,2,4096,512,32,8,512,0.086699,0.101952,,
group1,16,2,4096,512,32,8,1024,0.086309,0.102715,,
group1,16,2,4096,512,32,8,2048,0.128032,0.102218,,
group1,16,2,4096,512,32,8,4096,0.244228,0.168636,,
group1,16,2,4096,512,64,4,2,0.084749,0.100592,,
group1,16,2,4096,512,64,4,4,0.084881,0.100998,,
group1,16,2,4096,512,64,4,8,0.085070,0.100977,,
group1,16,2,4096,512,64,4,16,0.085162,0.101150,,
group1,16,2,4096,512,64,4,32,0.085600,0.101056,,
group1,16,2,4096,512,64,4,64,0.085783,0.101614,,
group1,16,2,4096,512,64,4,128,0.085394,0.101498,,
group1,16,2,4096,512,64,4,256,0.085583,0.101337,,
group1,16,2,4096,512,64,4,512,0.086779,0.102129,,
group1,16,2,4096,512,64,4,1024,0.086491,0.102800,,
group1,16,2,4096,512,64,4,2048,0.128097,0.102247,,
group1,16,2,4096,512,64,4,4096,0.244265,0.169504,,
group1,16,2,4096,512,128,2,2,0.084551,0.100949,,
group1,16,2,4096,512,128,2,4,0.085671,0.101012,,
group1,16,2,4096,512,128,2,8,0.085189,0.101588,,
group1,16,2,4096,512,128,2,16,0.085223,0.101819,,
group1,16,2,4096,512,128,2,32,0.085451,0.101057,,
group1,16,2,4096,512,128,2,64,0.084965,0.101417,,
group1,16,2,4096,512,128,2,128,0.085269,0.101622,,
group1,16,2,4096,512,128,2,256,0.085532,0.101186,,
group1,16,2,4096,512,128,2,512,0.086250,0.101770,,
group1,16,2,4096,512,128,2,1024,0.086411,0.102591,,
group1,16,2,4096,512,128,2,2048,0.128027,0.102170,,
group1,16,2,4096,512,128,2,4096,0.244289,0.170849,,
group1,16,2,4096,512,256,1,2,0.085353,0.063361,,
group1,16,2,4096,512,256,1,4,0.085341,0.063290,,
group1,16,2,4096,512,256,1,8,0.085342,0.062981,,
group1,16,2,4096,512,256,1,16,0.085015,0.063117,,
group1,16,2,4096,512,256,1,32,0.085372,0.063349,,
group1,16,2,4096,512,256,1,64,0.085145,0.063064,,
group1,16,2,4096,512,256,1,128,0.085392,0.063201,,
group1,16,2,4096,512,256,1,256,0.085571,0.062910,,
group1,16,2,4096,512,256,1,512,0.086871,0.063289,,
group1,16,2,4096,512,256,1,1024,0.086474,0.063312,,
group1,16,2,4096,512,256,1,2048,0.126311,0.063285,,
group1,16,2,4096,512,256,1,4096,0.243531,0.080196,,
group1,16,4,2048,512,1,128,2,0.085306,0.104643,,
group1,16,4,2048,512,1,128,4,0.085514,0.104496,,
group1,16,4,2048,512,1,128,8,0.085405,0.104080,,
group1,16,4,2048,512,1,128,16,0.084888,0.104167,,
group1,16,4,2048,512,1,128,32,0.085736,0.104176,,
group1,16,4,2048,512,1,128,64,0.084739,0.104500,,
group1,16,4,2048,512,1,128,128,0.085307,0.105005,,
group1,16,4,2048,512,1,128,256,0.085850,0.104947,,
group1,16,4,2048,512,1,128,512,0.085665,0.104494,,
group1,16,4,2048,512,1,128,1024,0.086138,0.105242,,
group1,16,4,2048,512,1,128,2048,0.086788,0.105321,,
group1,16,4,2048,512,1,128,4096,0.139500,0.105924,,
group1,16,4,2048,512,2,64,2,0.084674,0.101350,,
group1,16,4,2048,512,2,64,4,0.085365,0.101216,,
group1,16,4,2048,512,2,64,8,0.085096,0.100959,,
group1,16,4,2048,512,2,64,16,0.085051,0.101300,,
group1,16,4,2048,512,2,64,32,0.085478,0.100772,,
group1,16,4,2048,512,2,64,64,0.084977,0.101002,,
group1,16,4,2048,512,2,64,128,0.085371,0.101413,,
group1,16,4,2048,512,2,64,256,0.085204,0.100795,,
group1,16,4,2048,512,2,64,512,0.085932,0.101270,,
group1,16,4,2048,512,2,64,1024,0.086440,0.102029,,
group1,16,4,2048,512,2,64,2048,0.086724,0.102033,,
group1,16,4,2048,512,2,64,4096,0.139479,0.101834,,
group1,16,4,2048,512,4,32,2,0.084526,0.100593,,
group1,16,4,2048,512,4,32,4,0.085311,0.101010,,
group1,16,4,2048,512,4,32,8,0.085349,0.101399,,
group1,16,4,2048,512,4,32,16,0.085034,0.100670,,
group1,16,4,2048,512,4,32,32,0.085344,0.101008,,
group1,16,4,2048,512,4,32,64,0.085063,0.101257,,
group1,16,4,2048,512,4,32,128,0.085011,0.101801,,
group1,16,4,2048,512,4,32,256,0.085945,0.101377,,
group1,16,4,2048,512,4,32,512,0.086149,0.101499,,
group1,16,4,2048,512,4,32,1024,0.086324,0.102314,,
group1,16,4,2048,512,4,32,2048,0.086920,0.101837,,
group1,16,4,2048,512,4,32,4096,0.139466,0.102283,,
group1,16,4,2048,512,8,16,2,0.084871,0.100784,,
group1,16,4,2048,512,8,16,4,0.085626,0.101120,,
group1,16,4,2048,512,8,16,8,0.085416,0.101234,,
group1,16,4,2048,512,8,16,16,0.085117,0.101171,,
group1,16,4,2048,512,8,16,32,0.085427,0.101146,,
group1,16,4,2048,512,8,16,64,0.085594,0.101583,,
group1,16,4,2048,512,8,16,128,0.084997,0.101213,,
group1,16,4,2048,512,8,16,256,0.085519,0.101259,,
group1,16,4,2048,512,8,16,512,0.086117,0.101337,,
group1,16,4,2048,512,8,16,1024,0.086471,0.102190,,
group1,16,4,2048,512,8,16,2048,0.086664,0.101740,,
group1,16,4,2048,512,8,16,4096,0.139480,0.102867,,
group1,16,4,2048,512,16,8,2,0.084774,0.100951,,
group1,16,4,2048,512,16,8,4,0.085048,0.101563,,
group1,16,4,2048,512,16,8,8,0.085021,0.101247,,
group1,16,4,2048,512,16,8,16,0.085160,0.100979,,
group1,16,4,2048,512,16,8,32,0.085451,0.100882,,
group1,16,4,2048,512,16,8,64,0.085391,0.101259,,
group1,16,4,2048,512,16,8,128,0.085461,0.101028,,
group1,16,4,2048,512,16,8,256,0.085614,0.101534,,
group1,16,4,2048,512,16,8,512,0.086448,0.100827,,
group1,16,4,2048,512,16,8,1024,0.086027,0.102269,,
group1,16,4,2048,512,16,8,2048,0.086857,0.101824,,
group1,16,4,2048,512,16,8,4096,0.139455,0.102533,,
group1,16,4,2048,512,32,4,2,0.085295,0.101386,,
group1,16,4,2048,512,32,4,4,0.084998,0.100987,,
group1,16,4,2048,512,32,4,8,0.085462,0.101077,,
group1,16,4,2048,512,32,4,16,0.084855,0.101590,,
group1,16,4,2048,512,32,4,32,0.085411,0.101228,,
group1,16,4,2048,512,32,4,64,0.085017,0.101345,,
group1,16,4,2048,512,32,4,128,0.085101,0.102102,,
group1,16,4,2048,512,32,4,256,0.086046,0.101376,,
group1,16,4,2048,512,32,4,512,0.086067,0.101709,,
group1,16,4,2048,512,32,4,1024,0.086530,0.102332,,
group1,16,4,2048,512,32,4,2048,0.086974,0.102445,,
group1,16,4,2048,512,32,4,4096,0.139483,0.102548,,
group1,16,4,2048,512,64,2,2,0.085118,0.101093,,
group1,16,4,2048,512,64,2,4,0.085556,0.101694,,
group1,16,4,2048,512,64,2,8,0.085901,0.101980,,
group1,16,4,2048,512,64,2,16,0.085622,0.101715,,
group1,16,4,2048,512,64,2,32,0.086024,0.101594,,
group1,16,4,2048,512,64,2,64,0.085307,0.101425,,
group1,16,4,2048,512,64,2,128,0.085827,0.101456,,
group1,16,4,2048,512,64,2,256,0.085989,0.101367,,
group1,16,4,2048,512,64,2,512,0.086373,0.101186,,
group1,16,4,2048,512,64,2,1024,0.086351,0.101786,,
group1,16,4,2048,512,64,2,2048,0.087437,0.102080,,
group1,16,4,2048,512,64,2,4096,0.139491,0.102431,,
group1,16,4,2048,512,128,1,2,0.085489,0.062963,,
group1,16,4,2048,512,128,1,4,0.085884,0.062936,,
group1,16,4,2048,512,128,1,8,0.085669,0.063331,,
group1,16,4,2048,512,128,1,16,0.085228,0.063155,,
group1,16,4,2048,512,128,1,32,0.085681,0.063000,,
group1,16,4,2048,512,128,1,64,0.085388,0.063006,,
group1,16,4,2048,512,128,1,128,0.085303,0.063220,,
group1,16,4,2048,512,128,1,256,0.085203,0.062612,,
group1,16,4,2048,512,128,1,512,0.086211,0.063106,,
group1,16,4,2048,512,128,1,1024,0.086848,0.063146,,
group1,16,4,2048,512,128,1,2048,0.087268,0.063612,,
group1,16,4,2048,512,128,1,4096,0.138955,0.063288,,
group1,16,4,4096,1024,1,256,2,0.085208,0.104466,,
group1,16,4,4096,1024,1,256,4,0.084865,0.104442,,
group1,16,4,4096,1024,1,256,8,0.085429,0.104340,,
group1,16,4,4096,1024,1,256,16,0.084876,0.104192,,
group1,16,4,4096,1024,1,256,32,0.085297,0.104596,,
group1,16,4,4096,1024,1,256,64,0.085135,0.104434,,
group1,16,4,4096,1024,1,256,128,0.085919,0.104459,,
group1,16,4,4096,1024,1,256,256,0.085412,0.104242,,
group1,16,4,4096,1024,1,256,512,0.086258,0.104927,,
group1,16,4,4096,1024,1,256,1024,0.087073,0.105209,,
group1,16,4,4096,1024,1,256,2048,0.138026,0.105785,,
group1,16,4,4096,1024,1,256,4096,0.263547,0.190827,,
group1,16,4,4096,1024,2,128,2,0.085234,0.100995,,
group1,16,4,4096,1024,2,128,4,0.085535,0.101346,,
group1,16,4,4096,1024,2,128,8,0.084931,0.101109,,
group1,16,4,4096,1024,2,128,16,0.085507,0.101095,,
group1,16,4,4096,1024,2,128,32,0.085300,0.101188,,
group1,16,4,4096,1024,2,128,64,0.085111,0.101222,,
group1,16,4,4096,1024,2,128,128,0.085655,0.101498,,
group1,16,4,4096,1024,2,128,256,0.085617,0.101201,,
group1,16,4,4096,1024,2,128,512,0.086506,0.101687,,
group1,16,4,4096,1024,2,128,1024,0.086864,0.101989,,
group1,16,4,4096,1024,2,128,2048,0.138067,0.102523,,
group1,16,4,4096,1024,2,128,4096,0.263541,0.167996,,
group1,16,4,4096,1024,4,64,2,0.085027,0.101303,,
group1,16,4,4096,1024,4,64,4,0.085288,0.101145,,
group1,16,4,4096,1024,4,64,8,0.085147,0.101402,,
group1,16,4,4096,1024,4,64,16,0.085485,0.100972,,
group1,16,4,4096,1024,4,64,32,0.085244,0.101336,,
group1,16,4,4096,1024,4,64,64,0.084438,0.100979,,
group1,16,4,4096,1024,4,64,128,0.085377,0.101829,,
group1,16,4,4096,1024,4,64,256,0.085493,0.101147,,
group1,16,4,4096,1024,4,64,512,0.086163,0.101770,,
group1,16,4,4096,1024,4,64,1024,0.086390,0.102171,,
group1,16,4,4096,1024,4,64,2048,0.138066,0.102553,,
group1,16,4,4096,1024,4,64,4096,0.263596,0.166256,,
group1,16,4,4096,1024,8,32,2,0.084748,0.101069,,
group1,16,4,4096,1024,8,32,4,0.085231,0.101056,,
group1,16,4,4096,1024,8,32,8,0.084642,0.101373,,
group1,16,4,4096,1024,8,32,16,0.085381,0.101100,,
group1,16,4,4096,1024,8,32,32,0.085154,0.101089,,
group1,16,4,4096,1024,8,32,64,0.084945,0.101178,,
group1,16,4,4096,1024,8,32,128,0.085367,0.101475,,
group1,16,4,4096,1024,8,32,256,0.085257,0.100832,,
group1,16,4,4096,1024,8,32,512,0.086369,0.102064,,
group1,16,4,4096,1024,8,32,1024,0.086962,0.101721,,
group1,16,4,4096,1024,8,32,2048,0.138024,0.102440,,
group1,16,4,4096,1024,8,32,4096,0.263537,0.166200,,
group1,16,4,4096,1024,16,16,2,0.085059,0.101305,,
group1,16,4,4096,1024,16,16,4,0.085510,0.101304,,
group1,16,4,4096,1024,16,16,8,0.084781,0.101010,,
group1,16,4,4096,1024,16,16,16,0.085367,0.100978,,
group1,16,4,4096,1024,16,16,32,0.085377,0.101452,,
group1,16,4,4096,1024,16,16,64,0.085211,0.101255,,
group1,16,4,4096,1024,16,16,128,0.085441,0.101281,,
group1,16,4,4096,1024,16,16,256,0.085098,0.101280,,
group1,16,4,4096,1024,16,16,512,0.086497,0.102102,,
group1,16,4,4096,1024,16,16,1024,0.086975,0.101864,,
group1,16,4,4096,1024,16,16,2048,0.138016,0.102293,,
group1,16,4,4096,1024,16,16,4096,0.263563,0.168038,,
group1,16,4,4096,1024,32,8,2,0.084896,0.100974,,
group1,16,4,4096,1024,32,8,4,0.085184,0.101226,,
group1,16,4,4096,1024,32,8,8,0.084552,0.101762,,
group1,16,4,4096,1024,32,8,16,0.085335,0.101170,,
group1,16,4,4096,1024,32,8,32,0.085458,0.100807,,
group1,16,4,4096,1024,32,8,64,0.085295,0.101078,,
group1,16,4,4096,1024,32,8,128,0.085309,0.101290,,
group1,16,4,4096,1024,32,8,256,0.085011,0.101192,,
group1,16,4,4096,1024,32,8,512,0.086345,0.101820,,
group1,16,4,4096,1024,32,8,1024,0.086812,0.101893,,
group1,16,4,4096,1024,32,8,2048,0.138038,0.102405,,
group1,16,4,4096,1024,32,8,4096,0.263528,0.183086,,
group1,16,4,4096,1024,64,4,2,0.084984,0.100845,,
group1,16,4,4096,1024,64,4,4,0.085352,0.101111,,
group1,16,4,4096,1024,64,4,8,0.084826,0.101436,,
group1,16,4,4096,1024,64,4,16,0.085445,0.100867,,
group1,16,4,4096,1024,64,4,32,0.085550,0.100987,,
group1,16,4,4096,1024,64,4,64,0.085384,0.100785,,
group1,16,4,4096,1024,64,4,128,0.085341,0.101679,,
group1,16,4,4096,1024,64,4,256,0.085388,0.101409,,
group1,16,4,4096,1024,64,4,512,0.086155,0.101741,,
group1,16,4,4096,1024,64,4,1024,0.087045,0.101667,,
group1,16,4,4096,1024,64,4,2048,0.138032,0.102662,,
group1,16,4,4096,1024,64,4,4096,0.263585,0.184024,,
group1,16,4,4096,1024,128,2,2,0.085171,0.100777,,
group1,16,4,4096,1024,128,2,4,0.085418,0.101703,,
group1,16,4,4096,1024,128,2,8,0.084942,0.101314,,
group1,16,4,4096,1024,128,2,16,0.085608,0.101260,,
group1,16,4,4096,1024,128,2,32,0.085630,0.100891,,
group1,16,4,4096,1024,128,2,64,0.085252,0.100754,,
group1,16,4,4096,1024,128,2,128,0.085648,0.101245,,
group1,16,4,4096,1024,128,2,256,0.085572,0.101054,,
group1,16,4,4096,1024,128,2,512,0.086608,0.101740,,
group1,16,4,4096,1024,128,2,1024,0.087314,0.102242,,
group1,16,4,4096,1024,128,2,2048,0.137985,0.102002,,
group1,16,4,4096,1024,128,2,4096,0.263502,0.185302,,
group1,16,4,4096,1024,256,1,2,0.084988,0.063125,,
group1,16,4,4096,1024,256,1,4,0.085174,0.063352,,
group1,16,4,4096,1024,256,1,8,0.085372,0.063141,,
group1,16,4,4096,1024,256,1,16,0.085275,0.063331,,
group1,16,4,4096,1024,256,1,32,0.085913,0.063369,,
group1,16,4,4096,1024,256,1,64,0.085566,0.063402,,
group1,16,4,4096,1024,256,1,128,0.085382,0.063270,,
group1,16,4,4096,1024,256,1,256,0.085712,0.063095,,
group1,16,4,4096,1024,256,1,512,0.086774,0.063278,,
group1,16,4,4096,1024,256,1,1024,0.087433,0.063455,,
group1,16,4,4096,1024,256,1,2048,0.137551,0.063699,,
group1,16,4,4096,1024,256,1,4096,0.263161,0.086056,,
group1,16,8,1024,512,1,64,2,0.084619,0.104163,,
group1,16,8,1024,512,1,64,4,0.084891,0.104114,,
group1,16,8,1024,512,1,64,8,0.085131,0.104400,,
group1,16,8,1024,512,1,64,16,0.085053,0.104912,,
group1,16,8,1024,512,1,64,32,0.084810,0.104129,,
group1,16,8,1024,512,1,64,64,0.084814,0.104639,,
group1,16,8,1024,512,1,64,128,0.084709,0.104228,,
group1,16,8,1024,512,1,64,256,0.084845,0.104905,,
group1,16,8,1024,512,1,64,512,0.085542,0.104086,,
group1,16,8,1024,512,1,64,1024,0.085823,0.104428,,
group1,16,8,1024,512,1,64,2048,0.086276,0.104720,,
group1,16,8,1024,512,1,64,4096,0.086516,0.105017,,
group1,16,8,1024,512,2,32,2,0.084667,0.101142,,
group1,16,8,1024,512,2,32,4,0.085552,0.101276,,
group1,16,8,1024,512,2,32,8,0.085241,0.100715,,
group1,16,8,1024,512,2,32,16,0.085523,0.100817,,
group1,16,8,1024,512,2,32,32,0.085595,0.101292,,
group1,16,8,1024,512,2,32,64,0.085492,0.101286,,
group1,16,8,1024,512,2,32,128,0.085382,0.101034,,
group1,16,8,1024,512,2,32,256,0.085430,0.101478,,
group1,16,8,1024,512,2,32,512,0.085680,0.100883,,
group1,16,8,1024,512,2,32,1024,0.085854,0.100862,,
group1,16,8,1024,512,2,32,2048,0.086591,0.101059,,
group1,16,8,1024,512,2,32,4096,0.086566,0.101864,,
group1,16,8,1024,512,4,16,2,0.084791,0.101057,,
group1,16,8,1024,512,4,16,4,0.085700,0.100546,,
group1,16,8,1024,512,4,16,8,0.085063,0.101301,,
group1,16,8,1024,512,4,16,16,0.085551,0.100927,,
group1,16,8,1024,512,4,16,32,0.085577,0.101078,,
group1,16,8,1024,512,4,16,64,0.085247,0.100993,,
group1,16,8,1024,512,4,16,128,0.085450,0.100769,,
group1,16,8,1024,512,4,16,256,0.084818,0.101033,,
group1,16,8,1024,512,4,16,512,0.085926,0.101528,,
group1,16,8,1024,512,4,16,1024,0.085740,0.100766,,
group1,16,8,1024,512,4,16,2048,0.086116,0.100698,,
group1,16,8,1024,512,4,16,4096,0.086517,0.101555,,
group1,16,8,1024,512,8,8,2,0.085042,0.100682,,
group1,16,8,1024,512,8,8,4,0.085286,0.100696,,
group1,16,8,1024,512,8,8,8,0.085417,0.101096,,
group1,16,8,1024,512,8,8,16,0.085461,0.101185,,
group1,16,8,1024,512,8,8,32,0.085199,0.100704,,
group1,16,8,1024,512,8,8,64,0.085193,0.101643,,
group1,16,8,1024,512,8,8,128,0.085245,0.100997,,
group1,16,8,1024,512,8,8,256,0.085169,0.101367,,
group1,16,8,1024,512,8,8,512,0.085988,0.100642,,
group1,16,8,1024,512,8,8,1024,0.085829,0.100627,,
group1,16,8,1024,512,8,8,2048,0.086320,0.101182,,
group1,16,8,1024,512,8,8,4096,0.086519,0.101763,,
group1,16,8,1024,512,16,4,2,0.084539,0.101072,,
group1,16,8,1024,512,16,4,4,0.085508,0.100671,,
group1,16,8,1024,512,16,4,8,0.085279,0.101263,,
group1,16,8,1024,512,16,4,16,0.085277,0.101478,,
group1,16,8,1024,512,16,4,32,0.085470,0.101150,,
group1,16,8,1024,512,16,4,64,0.085134,0.101094,,
group1,16,8,1024,512,16,4,128,0.084894,0.100825,,
group1,16,8,1024,512,16,4,256,0.085561,0.101173,,
group1,16,8,1024,512,16,4,512,0.085659,0.100730,,
group1,16,8,1024,512,16,4,1024,0.085785,0.100977,,
group1,16,8,1024,512,16,4,2048,0.086154,0.100898,,
group1,16,8,1024,512,16,4,4096,0.086483,0.101890,,
group1,16,8,1024,512,32,2,2,0.084435,0.100794,,
group1,16,8,1024,512,32,2,4,0.084991,0.100538,,
group1,16,8,1024,512,32,2,8,0.085282,0.100844,,
group1,16,8,1024,512,32,2,16,0.085256,0.100953,,
group1,16,8,1024,512,32,2,32,0.085512,0.100662,,
group1,16,8,1024,512,32,2,64,0.085038,0.100682,,
group1,16,8,1024,512,32,2,128,0.085361,0.101060,,
group1,16,8,1024,512,32,2,256,0.085147,0.101047,,
group1,16,8,1024,512,32,2,512,0.085624,0.100741,,
group1,16,8,1024,512,32,2,1024,0.086140,0.100893,,
group1,16,8,1024,512,32,2,2048,0.086875,0.100667,,
group1,16,8,1024,512,32,2,4096,0.086454,0.101607,,
group1,16,8,1024,512,64,1,2,0.085481,0.063019,,
group1,16,8,1024,512,64,1,4,0.085089,0.063161,,
group1,16,8,1024,512,64,1,8,0.085390,0.063170,,
group1,16,8,1024,512,64,1,16,0.084773,0.062792,,
group1,16,8,1024,512,64,1,32,0.085048,0.063176,,
group1,16,8,1024,512,64,1,64,0.085227,0.063205,,
group1,16,8,1024,512,64,1,128,0.084611,0.063178,,
group1,16,8,1024,512,64,1,256,0.084844,0.062786,,
group1,16,8,1024,512,64,1,512,0.085713,0.063342,,
group1,16,8,1024,512,64,1,1024,0.086421,0.063219,,
group1,16,8,1024,512,64,1,2048,0.086150,0.062968,,
group1,16,8,1024,512,64,1,4096,0.086315,0.063205,,
group1,16,8,2048,1024,1,128,2,0.084555,0.103936,,
group1,16,8,2048,1024,1,128,4,0.085450,0.104078,,
group1,16,8,2048,1024,1,128,8,0.085074,0.104171,,
group1,16,8,2048,1024,1,128,16,0.085542,0.104300,,
group1,16,8,2048,1024,1,128,32,0.085184,0.104519,,
group1,16,8,2048,1024,1,128,64,0.085097,0.104159,,
group1,16,8,2048,1024,1,128,128,0.085577,0.104261,,
group1,16,8,2048,1024,1,128,256,0.085427,0.104369,,
group1,16,8,2048,1024,1,128,512,0.085933,0.104393,,
group1,16,8,2048,1024,1,128,1024,0.086551,0.104201,,
group1,16,8,2048,1024,1,128,2048,0.086370,0.105142,,
group1,16,8,2048,1024,1,128,4096,0.158914,0.104879,,
group1,16,8,2048,1024,2,64,2,0.081920,0.099286,,
group1,16,8,2048,1024,2,64,4,0.082458,0.098783,,
group1,16,8,2048,1024,2,64,8,0.082248,0.098693,,
group1,16,8,2048,1024,2,64,16,0.082426,0.099161,,
group1,16,8,2048,1024,2,64,32,0.082257,0.098809,,
group1,16,8,2048,1024,2,64,64,0.082348,0.099363,,
group1,16,8,2048,1024,2,64,128,0.082540,0.099045,,
group1,16,8,2048,1024,2,64,256,0.082906,0.099101,,
group1,16,8,2048,1024,2,64,512,0.083393,0.099172,,
group1,16,8,2048,1024,2,64,1024,0.083678,0.099081,,
group1,16,8,2048,1024,2,64,2048,0.083861,0.100054,,
group1,16,8,2048,1024,2,64,4096,0.160352,0.100358,,
group1,16,8,2048,1024,4,32,2,0.081262,0.099051,,
group1,16,8,2048,1024,4,32,4,0.082203,0.098466,,
group1,16,8,2048,1024,4,32,8,0.082065,0.099392,,
group1,16,8,2048,1024,4,32,16,0.082071,0.099198,,
group1,16,8,2048,1024,4,32,32,0.082372,0.099053,,
group1,16,8,2048,1024,4,32,64,0.082263,0.099053,,
group1,16,8,2048,1024,4,32,128,0.082391,0.099052,,
group1,16,8,2048,1024,4,32,256,0.082580,0.099508,,
group1,16,8,2048,1024,4,32,512,0.082970,0.099490,,
group1,16,8,2048,1024,4,32,1024,0.083271,0.099327,,
group1,16,8,2048,1024,4,32,2048,0.083784,0.099983,,
group1,16,8,2048,1024,4,32,4096,0.158858,0.100163,,
group1,16,8,2048,1024,8,16,2,0.081836,0.099076,,
group1,16,8,2048,1024,8,16,4,0.082293,0.099042,,
group1,16,8,2048,1024,8,16,8,0.082459,0.099503,,
group1,16,8,2048,1024,8,16,16,0.082469,0.099902,,
group1,16,8,2048,1024,8,16,32,0.082577,0.099719,,
group1,16,8,2048,1024,8,16,64,0.082651,0.099779,,
group1,16,8,2048,1024,8,16,128,0.083192,0.099523,,
group1,16,8,2048,1024,8,16,256,0.083278,0.099658,,
group1,16,8,2048,1024,8,16,512,0.083698,0.099430,,
group1,16,8,2048,1024,8,16,1024,0.083366,0.098907,,
group1,16,8,2048,1024,8,16,2048,0.083977,0.100497,,
group1,16,8,2048,1024,8,16,4096,0.158814,0.100319,,
group1,16,8,2048,1024,16,8,2,0.081979,0.099184,,
group1,16,8,2048,1024,16,8,4,0.082255,0.098602,,
group1,16,8,2048,1024,16,8,8,0.082459,0.099010,,
group1,16,8,2048,1024,16,8,16,0.082503,0.099595,,
group1,16,8,2048,1024,16,8,32,0.082458,0.099129,,
group1,16,8,2048,1024,16,8,64,0.082468,0.099646,,
group1,16,8,2048,1024,16,8,128,0.082676,0.099385,,
group1,16,8,2048,1024,16,8,256,0.083005,0.098955,,
group1,16,8,2048,1024,16,8,512,0.083622,0.099494,,
group1,16,8,2048,1024,16,8,1024,0.083349,0.099623,,
group1,16,8,2048,1024,16,8,2048,0.083825,0.099978,,
group1,16,8,2048,1024,16,8,4096,0.159019,0.099983,,
group1,16,8,2048,1024,32,4,2,0.081996,0.098927,,
group1,16,8,2048,1024,32,4,4,0.082386,0.098719,,
group1,16,8,2048,1024,32,4,8,0.082595,0.099251,,
group1,16,8,2048,1024,32,4,16,0.082463,0.099447,,
group1,16,8,2048,1024,32,4,32,0.082616,0.099638,,
group1,16,8,2048,1024,32,4,64,0.082799,0.099096,,
group1,16,8,2048,1024,32,4,128,0.082891,0.099295,,
group1,16,8,2048,1024,32,4,256,0.082795,0.099439,,
group1,16,8,2048,1024,32,4,512,0.083272,0.099382,,
group1,16,8,2048,1024,32,4,1024,0.083622,0.099159,,
group1,16,8,2048,1024,32,4,2048,0.083768,0.100322,,
group1,16,8,2048,1024,32,4,4096,0.158882,0.099921,,
group1,16,8,2048,1024,64,2,2,0.082720,0.099222,,
group1,16,8,2048,1024,64,2,4,0.083043,0.099294,,
group1,16,8,2048,1024,64,2,8,0.082946,0.099089,,
group1,16,8,2048,1024,64,2,16,0.082902,0.099580,,
group1,16,8,2048,1024,64,2,32,0.082649,0.099363,,
group1,16,8,2048,1024,64,2,64,0.083024,0.099165,,
group1,16,8,2048,1024,64,2,128,0.082988,0.099136,,
group1,16,8,2048,1024,64,2,256,0.083474,0.099200,,
group1,16,8,2048,1024,64,2,512,0.083866,0.099480,,
group1,16,8,2048,1024,64,2,1024,0.083940,0.099324,,
group1,16,8,2048,1024,64,2,2048,0.084141,0.100367,,
group1,16,8,2048,1024,64,2,4096,0.159049,0.099952,,
group1,16,8,2048,1024,128,1,2,0.082170,0.063145,,
group1,16,8,2048,1024,128,1,4,0.082740,0.063312,,
group1,16,8,2048,1024,128,1,8,0.082972,0.063499,,
group1,16,8,2048,1024,128,1,16,0.083093,0.063478,,
group1,16,8,2048,1024,128,1,32,0.082930,0.063503,,
group1,16,8,2048,1024,128,1,64,0.082855,0.063360,,
group1,16,8,2048,1024,128,1,128,0.082537,0.063523,,
group1,16,8,2048,1024,128,1,256,0.083269,0.063426,,
group1,16,8,2048,1024,128,1,512,0.083680,0.063422,,
group1,16,8,2048,1024,128,1,1024,0.084093,0.062801,,
group1,16,8,2048,1024,128,1,2048,0.083965,0.063550,,
group1,16,8,2048,1024,128,1,4096,0.158679,0.063642,,
group1,16,8,4096,2048,1,256,2,0.082684,0.103131,,
group1,16,8,4096,2048,1,256,4,0.082136,0.101908,,
group1,16,8,4096,2048,1,256,8,0.082649,0.102678,,
group1,16,8,4096,2048,1,256,16,0.082374,0.102466,,
group1,16,8,4096,2048,1,256,32,0.082350,0.102942,,
group1,16,8,4096,2048,1,256,64,0.082430,0.103198,,
group1,16,8,4096,2048,1,256,128,0.082763,0.102192,,
group1,16,8,4096,2048,1,256,256,0.082534,0.102093,,
group1,16,8,4096,2048,1,256,512,0.083699,0.102172,,
group1,16,8,4096,2048,1,256,1024,0.084102,0.103450,,
group1,16,8,4096,2048,1,256,2048,0.159325,0.102913,,
group1,16,8,4096,2048,1,256,4096,0.316625,0.195226,,
group1,16,8,4096,2048,2,128,2,0.082659,0.099082,,
group1,16,8,4096,2048,2,128,4,0.082180,0.098412,,
group1,16,8,4096,2048,2,128,8,0.082705,0.098849,,
group1,16,8,4096,2048,2,128,16,0.082505,0.099610,,
group1,16,8,4096,2048,2,128,32,0.082652,0.099365,,
group1,16,8,4096,2048,2,128,64,0.082671,0.098771,,
group1,16,8,4096,2048,2,128,128,0.082564,0.099306,,
group1,16,8,4096,2048,2,128,256,0.082830,0.098926,,
group1,16,8,4096,2048,2,128,512,0.084089,0.099623,,
group1,16,8,4096,2048,2,128,1024,0.084009,0.099933,,
group1,16,8,4096,2048,2,128,2048,0.159396,0.100209,,
group1,16,8,4096,2048,2,128,4096,0.316673,0.171650,,
group1,16,8,4096,2048,4,64,2,0.082852,0.098667,,
group1,16,8,4096,2048,4,64,4,0.082150,0.098379,,
group1,16,8,4096,2048,4,64,8,0.082967,0.099208,,
group1,16,8,4096,2048,4,64,16,0.082615,0.099538,,
group1,16,8,4096,2048,4,64,32,0.082582,0.099107,,
group1,16,8,4096,2048,4,64,64,0.082672,0.099197,,
group1,16,8,4096,2048,4,64,128,0.082841,0.099139,,
group1,16,8,4096,2048,4,64,256,0.082957,0.098475,,
group1,16,8,4096,2048,4,64,512,0.083834,0.099425,,
group1,16,8,4096,2048,4,64,1024,0.084248,0.100082,,
group1,16,8,4096,2048,4,64,2048,0.159402,0.100147,,
group1,16,8,4096,2048,4,64,4096,0.317221,0.169330,,
group1,16,8,4096,2048,8,32,2,0.083470,0.098944,,
group1,16,8,4096,2048,8,32,4,0.082625,0.098030,,
group1,16,8,4096,2048,8,32,8,0.083169,0.098776,,
group1,16,8,4096,2048,8,32,16,0.082646,0.099191,,
group1,16,8,4096,2048,8,32,32,0.083132,0.099133,,
group1,16,8,4096,2048,8,32,64,0.082986,0.099116,,
group1,16,8,4096,2048,8,32,128,0.083175,0.099124,,
group1,16,8,4096,2048,8,32,256,0.083004,0.098974,,
group1,16,8,4096,2048,8,32,512,0.084006,0.099442,,
group1,16,8,4096,2048,8,32,1024,0.084208,0.100194,,
group1,16,8,4096,2048,8,32,2048,0.159391,0.100249,,
group1,16,8,4096,2048,8,32,4096,0.316641,0.169020,,
group1,16,8,4096,2048,16,16,2,0.083156,0.099347,,
group1,16,8,4096,2048,16,16,4,0.082729,0.098621,,
group1,16,8,4096,2048,16,16,8,0.083409,0.099507,,
group1,16,8,4096,2048,16,16,16,0.082997,0.099921,,
group1,16,8,4096,2048,16,16,32,0.083231,0.099551,,
group1,16,8,4096,2048,16,16,64,0.083183,0.099629,,
group1,16,8,4096,2048,16,16,128,0.083500,0.099546,,
group1,16,8,4096,2048,16,16,256,0.083431,0.099218,,
group1,16,8,4096,2048,16,16,512,0.084307,0.099782,,
group1,16,8,4096,2048,16,16,1024,0.084587,0.100437,,
group1,16,8,4096,2048,16,16,2048,0.159447,0.100567,,
group1,16,8,4096,2048,16,16,4096,0.316613,0.173099,,
group1,16,8,4096,2048,32,8,2,0.083353,0.099314,,
group1,16,8,4096,2048,32,8,4,0.082762,0.098605,,
group1,16,8,4096,2048,32,8,8,0.083458,0.099684,,
group1,16,8,4096,2048,32,8,16,0.082892,0.100007,,
group1,16,8,4096,2048,32,8,32,0.083208,0.099309,,
group1,16,8,4096,2048,32,8,64,0.083124,0.099356,,
group1,16,8,4096,2048,32,8,128,0.083298,0.099524,,
group1,16,8,4096,2048,32,8,256,0.083000,0.098860,,
group1,16,8,4096,2048,32,8,512,0.083993,0.099693,,
group1,16,8,4096,2048,32,8,1024,0.084607,0.100382,,
group1,16,8,4096,2048,32,8,2048,0.159461,0.099763,,
group1,16,8,4096,2048,32,8,4096,0.316583,0.188632,,
group1,16,8,4096,2048,64,4,2,0.083494,0.099173,,
group1,16,8,4096,2048,64,4,4,0.082608,0.098503,,
group1,16,8,4096,2048,64,4,8,0.083414,0.099524,,
group1,16,8,4096,2048,64,4,16,0.083184,0.099756,,
group1,16,8,4096,2048,64,4,32,0.083379,0.099778,,
group1,16,8,4096,2048,64,4,64,0.083505,0.099548,,
group1,16,8,4096,2048,64,4,128,0.083676,0.099909,,
group1,16,8,4096,2048,64,4,256,0.083466,0.099785,,
group1,16,8,4096,2048,64,4,512,0.084791,0.099664,,
group1,16,8,4096,2048,64,4,1024,0.084654,0.100861,,
group1,16,8,4096,2048,64,4,2048,0.159524,0.100316,,
group1,16,8,4096,2048,64,4,4096,0.316573,0.189984,,
group1,16,8,4096,2048,128,2,2,0.083054,0.099418,,
group1,16,8,4096,2048,128,2,4,0.082604,0.098786,,
group1,16,8,4096,2048,128,2,8,0.083055,0.099827,,
group1,16,8,4096,2048,128,2,16,0.082690,0.099857,,
group1,16,8,4096,2048,128,2,32,0.083000,0.099482,,
group1,16,8,4096,2048,128,2,64,0.083156,0.099039,,
group1,16,8,4096,2048,128,2,128,0.083367,0.099438,,
group1,16,8,4096,2048,128,2,256,0.083276,0.098994,,
group1,16,8,4096,2048,128,2,512,0.084397,0.099504,,
group1,16,8,4096,2048,128,2,1024,0.084351,0.100638,,
group1,16,8,4096,2048,128,2,2048,0.159514,0.100307,,
group1,16,8,4096,2048,128,2,4096,0.316608,0.191293,,
group1,16,8,4096,2048,256,1,2,0.083403,0.063670,,
group1,16,8,4096,2048,256,1,4,0.083020,0.063373,,
group1,16,8,4096,2048,256,1,8,0.083189,0.063481,,
group1,16,8,4096,2048,256,1,16,0.083126,0.063525,,
group1,16,8,4096,2048,256,1,32,0.083208,0.063780,,
group1,16,8,4096,2048,256,1,64,0.082770,0.063373,,
group1,16,8,4096,2048,256,1,128,0.082963,0.063602,,
group1,16,8,4096,2048,256,1,256,0.082631,0.063168,,
group1,16,8,4096,2048,256,1,512,0.084351,0.062886,,
group1,16,8,4096,2048,256,1,1024,0.084252,0.063619,,
group1,16,8,4096,2048,256,1,2048,0.159158,0.063638,,
group1,16,8,4096,2048,256,1,4096,0.316806,0.073448,,
group1,16,16,512,512,1,32,2,0.082407,0.102347,,
group1,16,16,512,512,1,32,4,0.083008,0.102763,,
group1,16,16,512,512,1,32,8,0.082900,0.102203,,
group1,16,16,512,512,1,32,16,0.083291,0.102211,,
group1,16,16,512,512,1,32,32,0.083267,0.102551,,
group1,16,16,512,512,1,32,64,0.083271,0.102869,,
group1,16,16,512,512,1,32,128,0.082743,0.102708,,
group1,16,16,512,512,1,32,256,0.082996,0.102587,,
group1,16,16,512,512,1,32,512,0.083653,0.102658,,
group1,16,16,512,512,1,32,1024,0.083533,0.102694,,
group1,16,16,512,512,1,32,2048,0.083940,0.102506,,
group1,16,16,512,512,1,32,4096,0.084170,0.102811,,
group1,16,16,512,512,2,16,2,0.083081,0.099605,,
group1,16,16,512,512,2,16,4,0.082969,0.099079,,
group1,16,16,512,512,2,16,8,0.083073,0.099714,,
group1,16,16,512,512,2,16,16,0.083016,0.099556,,
group1,16,16,512,512,2,16,32,0.083109,0.099648,,
group1,16,16,512,512,2,16,64,0.083334,0.099757,,
group1,16,16,512,512,2,16,128,0.083124,0.099934,,
group1,16,16,512,512,2,16,256,0.083246,0.098828,,
group1,16,16,512,512,2,16,512,0.083749,0.099080,,
group1,16,16,512,512,2,16,1024,0.083520,0.099743,,
group1,16,16,512,512,2,16,2048,0.084038,0.099230,,
group1,16,16,512,512,2,16,4096,0.084819,0.099806,,
group1,16,16,512,512,4,8,2,0.082462,0.099193,,
group1,16,16,512,512,4,8,4,0.082753,0.099169,,
group1,16,16,512,512,4,8,8,0.082493,0.099200,,
group1,16,16,512,512,4,8,16,0.082486,0.099327,,
group1,16,16,512,512,4,8,32,0.082820,0.099251,,
group1,16,16,512,512,4,8,64,0.083185,0.099124,,
group1,16,16,512,512,4,8,128,0.082705,0.099335,,
group1,16,16,512,512,4,8,256,0.083252,0.099501,,
group1,16,16,512,512,4,8,512,0.083937,0.099597,,
group1,16,16,512,512,4,8,1024,0.084252,0.099422,,
group1,16,16,512,512,4,8,2048,0.083815,0.099435,,
group1,16,16,512,512,4,8,4096,0.084325,0.100062,,
group1,16,16,512,512,8,4,2,0.082673,0.099219,,
group1,16,16,512,512,8,4,4,0.082586,0.099371,,
group1,16,16,512,512,8,4,8,0.082344,0.099610,,
group1,16,16,512,512,8,4,16,0.082541,0.099163,,
group1,16,16,512,512,8,4,32,0.082978,0.099266,,
group1,16,16,512,512,8,4,64,0.083129,0.099122,,
group1,16,16,512,512,8,4,128,0.082995,0.099583,,
group1,16,16,512,512,8,4,256,0.083111,0.099582,,
group1,16,16,512,512,8,4,512,0.082997,0.099345,,
group1,16,16,512,512,8,4,1024,0.083921,0.099865,,
group1,16,16,512,512,8,4,2048,0.083758,0.099644,,
group1,16,16,512,512,8,4,4096,0.084525,0.099779,,
group1,16,16,512,512,16,2,2,0.082709,0.099541,,
group1,16,16,512,512,16,2,4,0.082687,0.099150,,
group1,16,16,512,512,16,2,8,0.082964,0.099513,,
group1,16,16,512,512,16,2,16,0.082682,0.099184,,
group1,16,16,512,512,16,2,32,0.082654,0.099045,,
group1,16,16,512,512,16,2,64,0.082609,0.098801,,
group1,16,16,512,512,16,2,128,0.083131,0.099471,,
group1,16,16,512,512,16,2,256,0.083094,0.099917,,
group1,16,16,512,512,16,2,512,0.083344,0.099445,,
group1,16,16,512,512,16,2,1024,0.084163,0.099407,,
group1,16,16,512,512,16,2,2048,0.084155,0.099176,,
group1,16,16,512,512,16,2,4096,0.084475,0.099954,,
group1,16,16,512,512,32,1,2,0.082437,0.063339,,
group1,16,16,512,512,32,1,4,0.082537,0.063384,,
group1,16,16,512,512,32,1,8,0.082340,0.063059,,
group1,16,16,512,512,32,1,16,0.082563,0.063365,,
group1,16,16,512,512,32,1,32,0.082636,0.063705,,
group1,16,16,512,512,32,1,64,0.082859,0.063448,,
group1,16,16,512,512,32,1,128,0.083176,0.063546,,
group1,16,16,512,512,32,1,256,0.083110,0.063223,,
group1,16,16,512,512,32,1,512,0.083164,0.063970,,
group1,16,16,512,512,32,1,1024,0.083895,0.063201,,
group1,16,16,512,512,32,1,2048,0.083779,0.063794,,
group1,16,16,512,512,32,1,4096,0.084477,0.063579,,
group1,16,16,1024,1024,1,64,2,0.082877,0.102501,,
group1,16,16,1024,1024,1,64,4,0.082368,0.102207,,
group1,16,16,1024,1024,1,64,8,0.082608,0.101921,,
group1,16,16,1024,1024,1,64,16,0.083406,0.101118,,
group1,16,16,1024,1024,1,64,32,0.082845,0.102470,,
group1,16,16,1024,1024,1,64,64,0.083362,0.102669,,
group1,16,16,1024,1024,1,64,128,0.082900,0.102832,,
group1,16,16,1024,1024,1,64,256,0.083584,0.102649,,
group1,16,16,1024,1024,1,64,512,0.084346,0.102673,,
group1,16,16,1024,1024,1,64,1024,0.084420,0.102691,,
group1,16,16,1024,1024,1,64,2048,0.084609,0.102827,,
group1,16,16,1024,1024,1,64,4096,0.106494,0.104209,,
group1,16,16,1024,1024,2,32,2,0.083000,0.099186,,
group1,16,16,1024,1024,2,32,4,0.083008,0.099101,,
group1,16,16,1024,1024,2,32,8,0.083257,0.099429,,
group1,16,16,1024,1024,2,32,16,0.082967,0.099680,,
group1,16,16,1024,1024,2,32,32,0.083098,0.099244,,
group1,16,16,1024,1024,2,32,64,0.082918,0.099007,,
group1,16,16,1024,1024,2,32,128,0.083268,0.099474,,
group1,16,16,1024,1024,2,32,256,0.083452,0.099282,,
group1,16,16,1024,1024,2,32,512,0.083599,0.099296,,
group1,16,16,1024,1024,2,32,1024,0.084496,0.099841,,
group1,16,16,1024,1024,2,32,2048,0.084966,0.099971,,
group1,16,16,1024,1024,2,32,4096,0.106490,0.100473,,
group1,16,16,1024,1024,4,16,2,0.082968,0.098788,,
group1,16,16,1024,1024,4,16,4,0.083324,0.099074,,
group1,16,16,1024,1024,4,16,8,0.082937,0.098829,,
group1,16,16,1024,1024,4,16,16,0.082855,0.099523,,
group1,16,16,1024,1024,4,16,32,0.083423,0.099379,,
group1,16,16,1024,1024,4,16,64,0.082752,0.099265,,
group1,16,16,1024,1024,4,16,128,0.082947,0.099697,,
group1,16,16,1024,1024,4,16,256,0.082976,0.099608,,
group1,16,16,1024,1024,4,16,512,0.083714,0.099812,,
group1,16,16,1024,1024,4,16,1024,0.083947,0.099220,,
group1,16,16,1024,1024,4,16,2048,0.084518,0.100232,,
group1,16,16,1024,1024,4,16,4096,0.106517,0.100292,,
group1,16,16,1024,1024,8,8,2,0.082570,0.098867,,
group1,16,16,1024,1024,8,8,4,0.082432,0.098981,,
group1,16,16,1024,1024,8,8,8,0.082718,0.098987,,
group1,16,16,1024,1024,8,8,16,0.083105,0.099196,,
group1,16,16,1024,1024,8,8,32,0.083405,0.099730,,
group1,16,16,1024,1024,8,8,64,0.082845,0.099379,,
group1,16,16,1024,1024,8,8,128,0.083095,0.099562,,
group1,16,16,1024,1024,8,8,256,0.083212,0.099405,,
group1,16,16,1024,1024,8,8,512,0.084062,0.099694,,
group1,16,16,1024,1024,8,8,1024,0.084515,0.099607,,
group1,16,16,1024,1024,8,8,2048,0.084319,0.100296,,
group1,16,16,1024,1024,8,8,4096,0.106521,0.100534,,
group1,16,16,1024,1024,16,4,2,0.082687,0.099151,,
group1,16,16,1024,1024,16,4,4,0.082633,0.098758,,
group1,16,16,1024,1024,16,4,8,0.083104,0.099568,,
group1,16,16,1024,1024,16,4,16,0.083128,0.099492,,
group1,16,16,1024,1024,16,4,32,0.083335,0.098919,,
group1,16,16,1024,1024,16,4,64,0.083194,0.099082,,
group1,16,16,1024,1024,16,4,128,0.083152,0.099399,,
group1,16,16,1024,1024,16,4,256,0.083387,0.099473,,
group1,16,16,1024,1024,16,4,512,0.083876,0.099274,,
group1,16,16,1024,1024,16,4,1024,0.084152,0.099332,,
group1,16,16,1024,1024,16,4,2048,0.084649,0.100124,,
group1,16,16,1024,1024,16,4,4096,0.106479,0.100367,,
group1,16,16,1024,1024,32,2,2,0.083168,0.099293,,
group1,16,16,1024,1024,32,2,4,0.083028,0.098954,,
group1,16,16,1024,1024,32,2,8,0.083364,0.099408,,
group1,16,16,1024,1024,32,2,16,0.083655,0.099403,,
group1,16,16,1024,1024,32,2,32,0.083542,0.099793,,
group1,16,16,1024,1024,32,2,64,0.083675,0.099657,,
group1,16,16,1024,1024,32,2,128,0.083599,0.099448,,
group1,16,16,1024,1024,32,2,256,0.083225,0.099616,,
group1,16,16,1024,1024,32,2,512,0.084259,0.099792,,
group1,16,16,1024,1024,32,2,1024,0.084747,0.099513,,
group1,16,16,1024,1024,32,2,2048,0.084991,0.100109,,
group1,16,16,1024,1024,32,2,4096,0.106454,0.100851,,
group1,16,16,1024,1024,64,1,2,0.082765,0.063746,,
group1,16,16,1024,1024,64,1,4,0.082752,0.063446,,
group1,16,16,1024,1024,64,1,8,0.082908,0.063294,,
group1,16,16,1024,1024,64,1,16,0.082154,0.063422,,
group1,16,16,1024,1024,64,1,32,0.083533,0.063470,,
group1,16,16,1024,1024,64,1,64,0.083020,0.063548,,
group1,16,16,1024,1024,64,1,128,0.083143,0.063299,,
group1,16,16,1024,1024,64,1,256,0.083142,0.063556,,
group1,16,16,1024,1024,64,1,512,0.083959,0.063536,,
group1,16,16,1024,1024,64,1,1024,0.084212,0.063636,,
group1,16,16,1024,1024,64,1,2048,0.084619,0.063859,,
group1,16,16,1024,1024,64,1,4096,0.106486,0.063820,,
group1,16,16,2048,2048,1,128,2,0.082262,0.102419,,
group1,16,16,2048,2048,1,128,4,0.082253,0.102016,,
group1,16,16,2048,2048,1,128,8,0.082735,0.102224,,
group1,16,16,2048,2048,1,128,16,0.083706,0.102322,,
group1,16,16,2048,2048,1,128,32,0.083316,0.102431,,
group1,16,16,2048,2048,1,128,64,0.082788,0.102436,,
group1,16,16,2048,2048,1,128,128,0.082819,0.102129,,
group1,16,16,2048,2048,1,128,256,0.083548,0.102439,,
group1,16,16,2048,2048,1,128,512,0.084245,0.102647,,
group1,16,16,2048,2048,1,128,1024,0.085147,0.103017,,
group1,16,16,2048,2048,1,128,2048,0.107163,0.103615,,
group1,16,16,2048,2048,1,128,4096,0.210672,0.110944,,
group1,16,16,2048,2048,2,64,2,0.082992,0.099486,,
group1,16,16,2048,2048,2,64,4,0.083290,0.098732,,
group1,16,16,2048,2048,2,64,8,0.083531,0.099695,,
group1,16,16,2048,2048,2,64,16,0.083991,0.099454,,
group1,16,16,2048,2048,2,64,32,0.083432,0.099707,,
group1,16,16,2048,2048,2,64,64,0.083714,0.099031,,
group1,16,16,2048,2048,2,64,128,0.083402,0.100122,,
group1,16,16,2048,2048,2,64,256,0.084116,0.099279,,
group1,16,16,2048,2048,2,64,512,0.084289,0.100056,,
group1,16,16,2048,2048,2,64,1024,0.084667,0.100428,,
group1,16,16,2048,2048,2,64,2048,0.107080,0.101088,,
group1,16,16,2048,2048,2,64,4096,0.210885,0.109179,,
group1,16,16,2048,2048,4,32,2,0.082640,0.098894,,
group1,16,16,2048,2048,4,32,4,0.082542,0.099221,,
group1,16,16,2048,2048,4,32,8,0.082285,0.099647,,
group1,16,16,2048,2048,4,32,16,0.082699,0.099498,,
group1,16,16,2048,2048,4,32,32,0.083237,0.099730,,
group1,16,16,2048,2048,4,32,64,0.082908,0.099778,,
group1,16,16,2048,2048,4,32,128,0.082933,0.099546,,
group1,16,16,2048,2048,4,32,256,0.083563,0.099258,,
group1,16,16,2048,2048,4,32,512,0.083958,0.099636,,
group1,16,16,2048,2048,4,32,1024,0.084343,0.099866,,
group1,16,16,2048,2048,4,32,2048,0.107067,0.100366,,
group1,16,16,2048,2048,4,32,4096,0.210408,0.103677,,
group1,16,16,2048,2048,8,16,2,0.082480,0.099214,,
group1,16,16,2048,2048,8,16,4,0.082599,0.099528,,
group1,16,16,2048,2048,8,16,8,0.082997,0.099238,,
group1,16,16,2048,2048,8,16,16,0.083506,0.099463,,
group1,16,16,2048,2048,8,16,32,0.083004,0.099789,,
group1,16,16,2048,2048,8,16,64,0.082764,0.100157,,
group1,16,16,2048,2048,8,16,128,0.083199,0.099383,,
group1,16,16,2048,2048,8,16,256,0.083396,0.099388,,
group1,16,16,2048,2048,8,16,512,0.084231,0.099313,,
group1,16,16,2048,2048,8,16,1024,0.085088,0.100137,,
group1,16,16,2048,2048,8,16,2048,0.107089,0.100541,,
group1,16,16,2048,2048,8,16,4096,0.210313,0.104189,,
group1,16,16,2048,2048,16,8,2,0.083131,0.099627,,
group1,16,16,2048,2048,16,8,4,0.083479,0.099929,,
group1,16,16,2048,2048,16,8,8,0.083325,0.099108,,
group1,16,16,2048,2048,16,8,16,0.082871,0.099538,,
group1,16,16,2048,2048,16,8,32,0.083498,0.099324,,
group1,16,16,2048,2048,16,8,64,0.083219,0.099490,,
group1,16,16,2048,2048,16,8,128,0.083191,0.099399,,
group1,16,16,2048,2048,16,8,256,0.083604,0.099195,,
group1,16,16,2048,2048,16,8,512,0.084702,0.099536,,
group1,16,16,2048,2048,16,8,1024,0.084711,0.100005,,
group1,16,16,2048,2048,16,8,2048,0.107074,0.100337,,
group1,16,16,2048,2048,16,8,4096,0.210321,0.118752,,
group1,16,16,2048,2048,32,4,2,0.082728,0.098986,,
group1,16,16,2048,2048,32,4,4,0.082356,0.099245,,
group1,16,16,2048,2048,32,4,8,0.083269,0.099164,,
group1,16,16,2048,2048,32,4,16,0.082959,0.099330,,
group1,16,16,2048,2048,32,4,32,0.082534,0.099310,,
group1,16,16,2048,2048,32,4,64,0.083054,0.099084,,
group1,16,16,2048,2048,32,4,128,0.082683,0.099765,,
group1,16,16,2048,2048,32,4,256,0.083432,0.098961,,
group1,16,16,2048,2048,32,4,512,0.083915,0.099109,,
group1,16,16,2048,2048,32,4,1024,0.084377,0.099642,,
group1,16,16,2048,2048,32,4,2048,0.107062,0.100085,,
group1,16,16,2048,2048,32,4,4096,0.210281,0.119669,,
group1,16,16,2048,2048,64,2,2,0.082624,0.098807,,
group1,16,16,2048,2048,64,2,4,0.082705,0.099351,,
group1,16,16,2048,2048,64,2,8,0.082692,0.099339,,
group1,16,16,2048,2048,64,2,16,0.082769,0.099495,,
group1,16,16,2048,2048,64,2,32,0.082909,0.099023,,
group1,16,16,2048,2048,64,2,64,0.083151,0.099470,,
group1,16,16,2048,2048,64,2,128,0.083064,0.099179,,
group1,16,16,2048,2048,64,2,256,0.083424,0.099363,,
group1,16,16,2048,2048,64,2,512,0.083825,0.099342,,
group1,16,16,2048,2048,64,2,1024,0.084638,0.100274,,
group1,16,16,2048,2048,64,2,2048,0.107056,0.100370,,
group1,16,16,2048,2048,64,2,4096,0.210291,0.120882,,
group1,16,16,2048,2048,128,1,2,0.083069,0.063454,,
group1,16,16,2048,2048,128,1,4,0.083260,0.063397,,
group1,16,16,2048,2048,128,1,8,0.083032,0.062833,,
group1,16,16,2048,2048,128,1,16,0.083157,0.062873,,
group1,16,16,2048,2048,128,1,32,0.083414,0.063615,,
group1,16,16,2048,2048,128,1,64,0.083178,0.063508,,
group1,16,16,2048,2048,128,1,128,0.083018,0.063570,,
group1,16,16,2048,2048,128,1,256,0.083745,0.063414,,
group1,16,16,2048,2048,128,1,512,0.084140,0.063518,,
group1,16,16,2048,2048,128,1,1024,0.084731,0.063447,,
group1,16,16,2048,2048,128,1,2048,0.107053,0.063670,,
group1,16,16,2048,2048,128,1,4096,0.210318,0.063812,,
group1,16,16,4096,4096,1,256,2,0.082684,0.102419,,
group1,16,16,4096,4096,1,256,4,0.083355,0.102409,,
group1,16,16,4096,4096,1,256,8,0.082746,0.102446,,
group1,16,16,4096,4096,1,256,16,0.082670,0.102430,,
group1,16,16,4096,4096,1,256,32,0.083425,0.103008,,
group1,16,16,4096,4096,1,256,64,0.083592,0.102400,,
group1,16,16,4096,4096,1,256,128,0.083547,0.102766,,
group1,16,16,4096,4096,1,256,256,0.083835,0.102481,,
group1,16,16,4096,4096,1,256,512,0.084932,0.103285,,
group1,16,16,4096,4096,1,256,1024,0.106978,0.104099,,
group1,16,16,4096,4096,1,256,2048,0.208955,0.117961,,
group1,16,16,4096,4096,1,256,4096,0.418563,0.226092,,
group1,16,16,4096,4096,2,128,2,0.083043,0.098820,,
group1,16,16,4096,4096,2,128,4,0.082530,0.099373,,
group1,16,16,4096,4096,2,128,8,0.082926,0.099699,,
group1,16,16,4096,4096,2,128,16,0.083454,0.099786,,
group1,16,16,4096,4096,2,128,32,0.083490,0.099849,,
group1,16,16,4096,4096,2,128,64,0.083286,0.098861,,
group1,16,16,4096,4096,2,128,128,0.083394,0.099486,,
group1,16,16,4096,4096,2,128,256,0.083700,0.099203,,
group1,16,16,4096,4096,2,128,512,0.085222,0.100109,,
group1,16,16,4096,4096,2,128,1024,0.106984,0.100812,,
group1,16,16,4096,4096,2,128,2048,0.209219,0.110768,,
group1,16,16,4096,4096,2,128,4096,0.418602,0.203183,,
group1,16,16,4096,4096,4,64,2,0.082808,0.099325,,
group1,16,16,4096,4096,4,64,4,0.082752,0.099088,,
group1,16,16,4096,4096,4,64,8,0.082746,0.099491,,
group1,16,16,4096,4096,4,64,16,0.082994,0.099594,,
group1,16,16,4096,4096,4,64,32,0.082995,0.099429,,
group1,16,16,4096,4096,4,64,64,0.082855,0.099441,,
group1,16,16,4096,4096,4,64,128,0.083079,0.099642,,
group1,16,16,4096,4096,4,64,256,0.083340,0.098771,,
group1,16,16,4096,4096,4,64,512,0.084622,0.099961,,
group1,16,16,4096,4096,4,64,1024,0.106793,0.100532,,
group1,16,16,4096,4096,4,64,2048,0.208693,0.109162,,
group1,16,16,4096,4096,4,64,4096,0.419686,0.201846,,
group1,16,16,4096,4096,8,32,2,0.082776,0.099114,,
group1,16,16,4096,4096,8,32,4,0.082805,0.099259,,
group1,16,16,4096,4096,8,32,8,0.083004,0.099037,,
group1,16,16,4096,4096,8,32,16,0.082771,0.099712,,
group1,16,16,4096,4096,8,32,32,0.083468,0.099537,,
group1,16,16,4096,4096,8,32,64,0.083096,0.099202,,
group1,16,16,4096,4096,8,32,128,0.082921,0.099573,,
group1,16,16,4096,4096,8,32,256,0.083697,0.099392,,
group1,16,16,4096,4096,8,32,512,0.085006,0.099845,,
group1,16,16,4096,4096,8,32,1024,0.106955,0.100938,,
group1,16,16,4096,4096,8,32,2048,0.208711,0.103754,,
group1,16,16,4096,4096,8,32,4096,0.418618,0.192344,,
group1,16,16,4096,4096,16,16,2,0.082959,0.099108,,
group1,16,16,4096,4096,16,16,4,0.082631,0.098688,,
group1,16,16,4096,4096,16,16,8,0.082719,0.099702,,
group1,16,16,4096,4096,16,16,16,0.082719,0.099298,,
group1,16,16,4096,4096,16,16,32,0.083419,0.099837,,
group1,16,16,4096,4096,16,16,64,0.083145,0.099179,,
group1,16,16,4096,4096,16,16,128,0.082835,0.099671,,
group1,16,16,4096,4096,16,16,256,0.083473,0.099457,,
group1,16,16,4096,4096,16,16,512,0.084609,0.100449,,
group1,16,16,4096,4096,16,16,1024,0.106753,0.100871,,
group1,16,16,4096,4096,16,16,2048,0.208635,0.104241,,
group1,16,16,4096,4096,16,16,4096,0.418556,0.193725,,
group1,16,16,4096,4096,32,8,2,0.082657,0.099048,,
group1,16,16,4096,4096,32,8,4,0.083343,0.099173,,
group1,16,16,4096,4096,32,8,8,0.083165,0.099661,,
group1,16,16,4096,4096,32,8,16,0.082748,0.099691,,
group1,16,16,4096,4096,32,8,32,0.083338,0.099938,,
group1,16,16,4096,4096,32,8,64,0.082965,0.099682,,
group1,16,16,4096,4096,32,8,128,0.083178,0.100093,,
group1,16,16,4096,4096,32,8,256,0.083798,0.099500,,
group1,16,16,4096,4096,32,8,512,0.084848,0.100075,,
group1,16,16,4096,4096,32,8,1024,0.106895,0.101010,,
group1,16,16,4096,4096,32,8,2048,0.208628,0.118835,,
group1,16,16,4096,4096,32,8,4096,0.418348,0.225210,,
group1,16,16,4096,4096,64,4,2,0.082723,0.099388,,
group1,16,16,4096,4096,64,4,4,0.082934,0.098842,,
group1,16,16,4096,4096,64,4,8,0.083033,0.099565,,
group1,16,16,4096,4096,64,4,16,0.082920,0.100008,,
group1,16,16,4096,4096,64,4,32,0.083713,0.100054,,
group1,16,16,4096,4096,64,4,64,0.082995,0.099372,,
group1,16,16,4096,4096,64,4,128,0.083185,0.099950,,
group1,16,16,4096,4096,64,4,256,0.083623,0.099550,,
group1,16,16,4096,4096,64,4,512,0.084962,0.100324,,
group1,16,16,4096,4096,64,4,1024,0.106749,0.100428,,
group1,16,16,4096,4096,64,4,2048,0.208532,0.119653,,
group1,16,16,4096,4096,64,4,4096,0.418371,0.226647,,
group1,16,16,4096,4096,128,2,2,0.082635,0.099104,,
group1,16,16,4096,4096,128,2,4,0.082822,0.099089,,
group1,16,16,4096,4096,128,2,8,0.082827,0.099093,,
group1,16,16,4096,4096,128,2,16,0.082609,0.099557,,
group1,16,16,4096,4096,128,2,32,0.083712,0.099682,,
group1,16,16,4096,4096,128,2,64,0.083364,0.099064,,
group1,16,16,4096,4096,128,2,128,0.082681,0.099517,,
group1,16,16,4096,4096,128,2,256,0.083613,0.099279,,
group1,16,16,4096,4096,128,2,512,0.084666,0.099563,,
group1,16,16,4096,4096,128,2,1024,0.106865,0.100440,,
group1,16,16,4096,4096,128,2,2048,0.208551,0.121027,,
group1,16,16,4096,4096,128,2,4096,0.418163,0.228801,,
group1,16,16,4096,4096,256,1,2,0.082572,0.063255,,
group1,16,16,4096,4096,256,1,4,0.081844,0.063037,,
group1,16,16,4096,4096,256,1,8,0.082389,0.063162,,
group1,16,16,4096,4096,256,1,16,0.083293,0.063646,,
group1,16,16,4096,4096,256,1,32,0.083349,0.063107,,
group1,16,16,4096,4096,256,1,64,0.083413,0.063745,,
group1,16,16,4096,4096,256,1,128,0.083324,0.063588,,
group1,16,16,4096,4096,256,1,256,0.083172,0.063206,,
group1,16,16,4096,4096,256,1,512,0.084414,0.063688,,
group1,16,16,4096,4096,256,1,1024,0.106762,0.063915,,
group1,16,16,4096,4096,256,1,2048,0.208724,0.063440,,
group1,16,16,4096,4096,256,1,4096,0.418248,0.074479,,
group1,16,32,512,1024,1,32,2,0.082797,0.102486,,
group1,16,32,512,1024,1,32,4,0.082470,0.102193,,
group1,16,32,512,1024,1,32,8,0.083153,0.102329,,
group1,16,32,512,1024,1,32,16,0.083339,0.102097,,
group1,16,32,512,1024,1,32,32,0.083365,0.102817,,
group1,16,32,512,1024,1,32,64,0.083226,0.102964,,
group1,16,32,512,1024,1,32,128,0.082910,0.102442,,
group1,16,32,512,1024,1,32,256,0.083688,0.102801,,
group1,16,32,512,1024,1,32,512,0.084236,0.102582,,
group1,16,32,512,1024,1,32,1024,0.084354,0.102890,,
group1,16,32,512,1024,1,32,2048,0.083885,0.102583,,
group1,16,32,512,1024,1,32,4096,0.085681,0.102499,,
group1,16,32,512,1024,2,16,2,0.083301,0.099345,,
group1,16,32,512,1024,2,16,4,0.083489,0.098815,,
group1,16,32,512,1024,2,16,8,0.082530,0.099179,,
group1,16,32,512,1024,2,16,16,0.083127,0.099270,,
group1,16,32,512,1024,2,16,32,0.083278,0.099656,,
group1,16,32,512,1024,2,16,64,0.083351,0.099695,,
group1,16,32,512,1024,2,16,128,0.083517,0.099748,,
group1,16,32,512,1024,2,16,256,0.083215,0.099370,,
group1,16,32,512,1024,2,16,512,0.083958,0.099470,,
group1,16,32,512,1024,2,16,1024,0.084167,0.099428,,
group1,16,32,512,1024,2,16,2048,0.084086,0.099489,,
group1,16,32,512,1024,2,16,4096,0.085641,0.098893,,
group1,16,32,512,1024,4,8,2,0.083212,0.099075,,
group1,16,32,512,1024,4,8,4,0.083184,0.099472,,
group1,16,32,512,1024,4,8,8,0.083287,0.099662,,
group1,16,32,512,1024,4,8,16,0.082939,0.099134,,
group1,16,32,512,1024,4,8,32,0.083116,0.098868,,
group1,16,32,512,1024,4,8,64,0.083215,0.099831,,
group1,16,32,512,1024,4,8,128,0.083327,0.099285,,
group1,16,32,512,1024,4,8,256,0.084019,0.099343,,
group1,16,32,512,1024,4,8,512,0.084024,0.099279,,
group1,16,32,512,1024,4,8,1024,0.084465,0.099902,,
group1,16,32,512,1024,4,8,2048,0.084460,0.099481,,
group1,16,32,512,1024,4,8,4096,0.085645,0.099857,,
group1,16,32,512,1024,8,4,2,0.083019,0.099114,,
group1,16,32,512,1024,8,4,4,0.083129,0.099453,,
group1,16,32,512,1024,8,4,8,0.083085,0.099781,,
group1,16,32,512,1024,8,4,16,0.082620,0.099301,,
group1,16,32,512,1024,8,4,32,0.082799,0.098756,,
group1,16,32,512,1024,8,4,64,0.083037,0.099858,,
group1,16,32,512,1024,8,4,128,0.083271,0.099004,,
group1,16,32,512,1024,8,4,256,0.083595,0.099685,,
group1,16,32,512,1024,8,4,512,0.084035,0.100198,,
group1,16,32,512,1024,8,4,1024,0.084077,0.100421,,
group1,16,32,512,1024,8,4,2048,0.084755,0.099896,,
group1,16,32,512,1024,8,4,4096,0.085611,0.099781,,
group1,16,32,512,1024,16,2,2,0.082970,0.099320,,
group1,16,32,512,1024,16,2,4,0.083122,0.099457,,
group1,16,32,512,1024,16,2,8,0.083491,0.099607,,
group1,16,32,512,1024,16,2,16,0.083406,0.099133,,
group1,16,32,512,1024,16,2,32,0.083889,0.099453,,
group1,16,32,512,1024,16,2,64,0.083233,0.099360,,
group1,16,32,512,1024,16,2,128,0.083491,0.099560,,
group1,16,32,512,1024,16,2,256,0.083960,0.099445,,
group1,16,32,512,1024,16,2,512,0.084660,0.100479,,
group1,16,32,512,1024,16,2,1024,0.084383,0.099975,,
group1,16,32,512,1024,16,2,2048,0.084368,0.099879,,
group1,16,32,512,1024,16,2,4096,0.085738,0.099551,,
group1,16,32,512,1024,32,1,2,0.082981,0.063422,,
group1,16,32,512,1024,32,1,4,0.083129,0.063542,,
group1,16,32,512,1024,32,1,8,0.083798,0.063743,,
group1,16,32,512,1024,32,1,16,0.083556,0.063440,,
group1,16,32,512,1024,32,1,32,0.082986,0.063445,,
group1,16,32,512,1024,32,1,64,0.083530,0.063718,,
group1,16,32,512,1024,32,1,128,0.083493,0.063278,,
group1,16,32,512,1024,32,1,256,0.083734,0.063840,,
group1,16,32,512,1024,32,1,512,0.083468,0.063754,,
group1,16,32,512,1024,32,1,1024,0.083839,0.063674,,
group1,16,32,512,1024,32,1,2048,0.084148,0.063506,,
group1,16,32,512,1024,32,1,4096,0.085766,0.063065,,
group1,16,32,1024,2048,1,64,2,0.082756,0.102041,,
group1,16,32,1024,2048,1,64,4,0.082782,0.102728,,
group1,16,32,1024,2048,1,64,8,0.083040,0.102417,,
group1,16,32,1024,2048,1,64,16,0.083775,0.102774,,
group1,16,32,1024,2048,1,64,32,0.083552,0.102281,,
group1,16,32,1024,2048,1,64,64,0.083491,0.102496,,
group1,16,32,1024,2048,1,64,128,0.083543,0.102761,,
group1,16,32,1024,2048,1,64,256,0.083266,0.102844,,
group1,16,32,1024,2048,1,64,512,0.084852,0.102444,,
group1,16,32,1024,2048,1,64,1024,0.084841,0.102912,,
group1,16,32,1024,2048,1,64,2048,0.086503,0.102866,,
group1,16,32,1024,2048,1,64,4096,0.165330,0.104846,,
group1,16,32,1024,2048,2,32,2,0.083115,0.099038,,
group1,16,32,1024,2048,2,32,4,0.082811,0.099334,,
group1,16,32,1024,2048,2,32,8,0.082890,0.099165,,
group1,16,32,1024,2048,2,32,16,0.083266,0.099644,,
group1,16,32,1024,2048,2,32,32,0.083772,0.099566,,
group1,16,32,1024,2048,2,32,64,0.083362,0.099521,,
group1,16,32,1024,2048,2,32,128,0.083437,0.099543,,
group1,16,32,1024,2048,2,32,256,0.083562,0.100205,,
group1,16,32,1024,2048,2,32,512,0.084454,0.100104,,
group1,16,32,1024,2048,2,32,1024,0.084963,0.099955,,
group1,16,32,1024,2048,2,32,2048,0.086379,0.099238,,
group1,16,32,1024,2048,2,32,4096,0.165115,0.101038,,
group1,16,32,1024,2048,4,16,2,0.083132,0.098900,,
group1,16,32,1024,2048,4,16,4,0.083044,0.099356,,
group1,16,32,1024,2048,4,16,8,0.083221,0.099331,,
group1,16,32,1024,2048,4,16,16,0.083327,0.099095,,
group1,16,32,1024,2048,4,16,32,0.083420,0.099953,,
group1,16,32,1024,2048,4,16,64,0.083445,0.099614,,
group1,16,32,1024,2048,4,16,128,0.083476,0.099750,,
group1,16,32,1024,2048,4,16,256,0.083633,0.098509,,
group1,16,32,1024,2048,4,16,512,0.083960,0.099570,,
group1,16,32,1024,2048,4,16,1024,0.084229,0.099515,,
group1,16,32,1024,2048,4,16,2048,0.086571,0.099295,,
group1,16,32,1024,2048,4,16,4096,0.164974,0.100562,,
group1,16,32,1024,2048,8,8,2,0.082925,0.098796,,
group1,16,32,1024,2048,8,8,4,0.083156,0.099361,,
group1,16,32,1024,2048,8,8,8,0.083392,0.099101,,
group1,16,32,1024,2048,8,8,16,0.083917,0.099448,,
group1,16,32,1024,2048,8,8,32,0.083758,0.099243,,
group1,16,32,1024,2048,8,8,64,0.083973,0.099647,,
group1,16,32,1024,2048,8,8,128,0.084310,0.099111,,
group1,16,32,1024,2048,8,8,256,0.083845,0.099939,,
group1,16,32,1024,2048,8,8,512,0.084631,0.100601,,
group1,16,32,1024,2048,8,8,1024,0.084570,0.099451,,
group1,16,32,1024,2048,8,8,2048,0.086589,0.099631,,
group1,16,32,1024,2048,8,8,4096,0.164893,0.100711,,
group1,16,32,1024,2048,16,4,2,0.083466,0.099265,,
group1,16,32,1024,2048,16,4,4,0.083748,0.099588,,
group1,16,32,1024,2048,16,4,8,0.082833,0.099319,,
group1,16,32,1024,2048,16,4,16,0.083368,0.099259,,
group1,16,32,1024,2048,16,4,32,0.083929,0.099500,,
group1,16,32,1024,2048,16,4,64,0.083084,0.099722,,
group1,16,32,1024,2048,16,4,128,0.083778,0.099933,,
group1,16,32,1024,2048,16,4,256,0.083424,0.100011,,
group1,16,32,1024,2048,16,4,512,0.084208,0.100174,,
group1,16,32,1024,2048,16,4,1024,0.084216,0.099492,,
group1,16,32,1024,2048,16,4,2048,0.086407,0.099538,,
group1,16,32,1024,2048,16,4,4096,0.164908,0.100908,,
group1,16,32,1024,2048,32,2,2,0.083107,0.098722,,
group1,16,32,1024,2048,32,2,4,0.082873,0.099085,,
group1,16,32,1024,2048,32,2,8,0.083499,0.099160,,
group1,16,32,1024,2048,32,2,16,0.083318,0.099484,,
group1,16,32,1024,2048,32,2,32,0.083253,0.099771,,
group1,16,32,1024,2048,32,2,64,0.083138,0.099257,,
group1,16,32,1024,2048,32,2,128,0.083847,0.099727,,
group1,16,32,1024,2048,32,2,256,0.083806,0.098513,,
group1,16,32,1024,2048,32,2,512,0.084212,0.099945,,
group1,16,32,1024,2048,32,2,1024,0.084406,0.099656,,
group1,16,32,1024,2048,32,2,2048,0.086524,0.099753,,
group1,16,32,1024,2048,32,2,4096,0.164892,0.100977,,
group1,16,32,1024,2048,64,1,2,0.082939,0.063502,,
group1,16,32,1024,2048,64,1,4,0.083215,0.063496,,
group1,16,32,1024,2048,64,1,8,0.083419,0.063405,,
group1,16,32,1024,2048,64,1,16,0.083280,0.063692,,
group1,16,32,1024,2048,64,1,32,0.083209,0.063820,,
group1,16,32,1024,2048,64,1,64,0.083669,0.063905,,
group1,16,32,1024,2048,64,1,128,0.083669,0.063723,,
group1,16,32,1024,2048,64,1,256,0.083366,0.063444,,
group1,16,32,1024,2048,64,1,512,0.084164,0.063856,,
group1,16,32,1024,2048,64,1,1024,0.084532,0.063916,,
group1,16,32,1024,2048,64,1,2048,0.086607,0.063259,,
group1,16,32,1024,2048,64,1,4096,0.164691,0.063412,,
group1,16,32,2048,4096,1,128,2,0.083239,0.102632,,
group1,16,32,2048,4096,1,128,4,0.082916,0.102463,,
group1,16,32,2048,4096,1,128,8,0.083434,0.102473,,
group1,16,32,2048,4096,1,128,16,0.083767,0.102731,,
group1,16,32,2048,4096,1,128,32,0.083202,0.102197,,
group1,16,32,2048,4096,1,128,64,0.083921,0.103036,,
group1,16,32,2048,4096,1,128,128,0.083153,0.102360,,
group1,16,32,2048,4096,1,128,256,0.084027,0.102660,,
group1,16,32,2048,4096,1,128,512,0.084184,0.102469,,
group1,16,32,2048,4096,1,128,1024,0.088040,0.103518,,
group1,16,32,2048,4096,1,128,2048,0.164013,0.105138,,
group1,16,32,2048,4096,1,128,4096,0.327691,0.205301,,
group1,16,32,2048,4096,2,64,2,0.082835,0.099203,,
group1,16,32,2048,4096,2,64,4,0.083161,0.098942,,
group1,16,32,2048,4096,2,64,8,0.082197,0.098706,,
group1,16,32,2048,4096,2,64,16,0.083058,0.098980,,
group1,16,32,2048,4096,2,64,32,0.083505,0.099389,,
group1,16,32,2048,4096,2,64,64,0.083471,0.099403,,
group1,16,32,2048,4096,2,64,128,0.083578,0.099395,,
group1,16,32,2048,4096,2,64,256,0.084223,0.099893,,
group1,16,32,2048,4096,2,64,512,0.084668,0.099697,,
group1,16,32,2048,4096,2,64,1024,0.087935,0.099865,,
group1,16,32,2048,4096,2,64,2048,0.163764,0.104962,,
group1,16,32,2048,4096,2,64,4096,0.327645,0.203712,,
group1,16,32,2048,4096,4,32,2,0.083236,0.099049,,
group1,16,32,2048,4096,4,32,4,0.083178,0.099151,,
group1,16,32,2048,4096,4,32,8,0.083092,0.098923,,
group1,16,32,2048,4096,4,32,16,0.083376,0.099279,,
group1,16,32,2048,4096,4,32,32,0.083780,0.099617,,
group1,16,32,2048,4096,4,32,64,0.083616,0.099681,,
group1,16,32,2048,4096,4,32,128,0.083529,0.099215,,
group1,16,32,2048,4096,4,32,256,0.084136,0.100748,,
group1,16,32,2048,4096,4,32,512,0.084504,0.099997,,
group1,16,32,2048,4096,4,32,1024,0.088016,0.099732,,
group1,16,32,2048,4096,4,32,2048,0.163643,0.100938,,
group1,16,32,2048,4096,4,32,4096,0.327477,0.144858,,
group1,16,32,2048,4096,8,16,2,0.083315,0.098958,,
group1,16,32,2048,4096,8,16,4,0.083569,0.099317,,
group1,16,32,2048,4096,8,16,8,0.082695,0.099228,,
group1,16,32,2048,4096,8,16,16,0.083345,0.099142,,
group1,16,32,2048,4096,8,16,32,0.083385,0.099753,,
group1,16,32,2048,4096,8,16,64,0.083454,0.099834,,
group1,16,32,2048,4096,8,16,128,0.083728,0.099303,,
group1,16,32,2048,4096,8,16,256,0.083943,0.099813,,
group1,16,32,2048,4096,8,16,512,0.084245,0.099648,,
group1,16,32,2048,4096,8,16,1024,0.089692,0.099835,,
group1,16,32,2048,4096,8,16,2048,0.163622,0.100624,,
group1,16,32,2048,4096,8,16,4096,0.327291,0.136324,,
group1,16,32,2048,4096,16,8,2,0.082925,0.098922,,
group1,16,32,2048,4096,16,8,4,0.083509,0.099610,,
group1,16,32,2048,4096,16,8,8,0.082386,0.099466,,
group1,16,32,2048,4096,16,8,16,0.083492,0.099988,,
group1,16,32,2048,4096,16,8,32,0.083499,0.100129,,
group1,16,32,2048,4096,16,8,64,0.083449,0.099928,,
group1,16,32,2048,4096,16,8,128,0.083363,0.098993,,
group1,16,32,2048,4096,16,8,256,0.083865,0.100415,,
group1,16,32,2048,4096,16,8,512,0.084808,0.099759,,
group1,16,32,2048,4096,16,8,1024,0.088000,0.099497,,
group1,16,32,2048,4096,16,8,2048,0.163634,0.101411,,
group1,16,32,2048,4096,16,8,4096,0.327170,0.145011,,
group1,16,32,2048,4096,32,4,2,0.082821,0.099418,,
group1,16,32,2048,4096,32,4,4,0.082911,0.099426,,
group1,16,32,2048,4096,32,4,8,0.082042,0.098811,,
group1,16,32,2048,4096,32,4,16,0.083052,0.099803,,
group1,16,32,2048,4096,32,4,32,0.083536,0.099517,,
group1,16,32,2048,4096,32,4,64,0.083272,0.099895,,
group1,16,32,2048,4096,32,4,128,0.083605,0.099199,,
group1,16,32,2048,4096,32,4,256,0.083959,0.100518,,
group1,16,32,2048,4096,32,4,512,0.084598,0.099878,,
group1,16,32,2048,4096,32,4,1024,0.088003,0.099635,,
group1,16,32,2048,4096,32,4,2048,0.163617,0.101027,,
group1,16,32,2048,4096,32,4,4096,0.327122,0.161062,,
group1,16,32,2048,4096,64,2,2,0.082678,0.099604,,
group1,16,32,2048,4096,64,2,4,0.083364,0.099220,,
group1,16,32,2048,4096,64,2,8,0.082150,0.098822,,
group1,16,32,2048,4096,64,2,16,0.083080,0.099492,,
group1,16,32,2048,4096,64,2,32,0.083149,0.099514,,
group1,16,32,2048,4096,64,2,64,0.083026,0.099861,,
group1,16,32,2048,4096,64,2,128,0.083242,0.099088,,
group1,16,32,2048,4096,64,2,256,0.083467,0.100084,,
group1,16,32,2048,4096,64,2,512,0.084130,0.099478,,
group1,16,32,2048,4096,64,2,1024,0.088018,0.099519,,
group1,16,32,2048,4096,64,2,2048,0.163612,0.100988,,
group1,16,32,2048,4096,64,2,4096,0.326923,0.162339,,
group1,16,32,2048,4096,128,1,2,0.082430,0.063344,,
group1,16,32,2048,4096,128,1,4,0.082658,0.063311,,
group1,16,32,2048,4096,128,1,8,0.083236,0.063340,,
group1,16,32,2048,4096,128,1,16,0.083514,0.063465,,
group1,16,32,2048,4096,128,1,32,0.082896,0.063615,,
group1,16,32,2048,4096,128,1,64,0.083569,0.063922,,
group1,16,32,2048,4096,128,1,128,0.082928,0.063630,,
group1,16,32,2048,4096,128,1,256,0.083859,0.063412,,
group1,16,32,2048,4096,128,1,512,0.084381,0.063883,,
group1,16,32,2048,4096,128,1,1024,0.088201,0.063500,,
group1,16,32,2048,4096,128,1,2048,0.163431,0.063900,,
group1,16,32,2048,4096,128,1,4096,0.326401,0.063719,,
group1,16,64,512,2048,1,32,2,0.082891,0.102739,,
group1,16,64,512,2048,1,32,4,0.082653,0.102703,,
group1,16,64,512,2048,1,32,8,0.083495,0.103192,,
group1,16,64,512,2048,1,32,16,0.083455,0.102489,,
group1,16,64,512,2048,1,32,32,0.083457,0.102760,,
group1,16,64,512,2048,1,32,64,0.083556,0.102787,,
group1,16,64,512,2048,1,32,128,0.083149,0.103045,,
group1,16,64,512,2048,1,32,256,0.082681,0.102154,,
group1,16,64,512,2048,1,32,512,0.083987,0.103473,,
group1,16,64,512,2048,1,32,1024,0.083688,0.103176,,
group1,16,64,512,2048,1,32,2048,0.084774,0.103209,,
group1,16,64,512,2048,1,32,4096,0.137578,0.103593,,
group1,16,64,512,2048,2,16,2,0.082587,0.099333,,
group1,16,64,512,2048,2,16,4,0.083006,0.100055,,
group1,16,64,512,2048,2,16,8,0.083764,0.099704,,
group1,16,64,512,2048,2,16,16,0.082754,0.099681,,
group1,16,64,512,2048,2,16,32,0.083293,0.099716,,
group1,16,64,512,2048,2,16,64,0.082894,0.099856,,
group1,16,64,512,2048,2,16,128,0.083108,0.099651,,
group1,16,64,512,2048,2,16,256,0.083486,0.099779,,
group1,16,64,512,2048,2,16,512,0.083909,0.099662,,
group1,16,64,512,2048,2,16,1024,0.083885,0.100339,,
group1,16,64,512,2048,2,16,2048,0.084413,0.099775,,
group1,16,64,512,2048,2,16,4096,0.136759,0.101052,,
group1,16,64,512,2048,4,8,2,0.082392,0.099420,,
group1,16,64,512,2048,4,8,4,0.082887,0.099357,,
group1,16,64,512,2048,4,8,8,0.082262,0.099353,,
group1,16,64,512,2048,4,8,16,0.082547,0.099649,,
group1,16,64,512,2048,4,8,32,0.082594,0.099217,,
group1,16,64,512,2048,4,8,64,0.082913,0.100193,,
group1,16,64,512,2048,4,8,128,0.082791,0.100184,,
group1,16,64,512,2048,4,8,256,0.083100,0.099653,,
group1,16,64,512,2048,4,8,512,0.083457,0.100644,,
group1,16,64,512,2048,4,8,1024,0.083464,0.099970,,
group1,16,64,512,2048,4,8,2048,0.084092,0.099988,,
group1,16,64,512,2048,4,8,4096,0.136557,0.100599,,
group1,16,64,512,2048,8,4,2,0.082158,0.099383,,
group1,16,64,512,2048,8,4,4,0.082457,0.099646,,
group1,16,64,512,2048,8,4,8,0.082708,0.099588,,
group1,16,64,512,2048,8,4,16,0.082763,0.099392,,
group1,16,64,512,2048,8,4,32,0.082929,0.099795,,
group1,16,64,512,2048,8,4,64,0.082705,0.099101,,
group1,16,64,512,2048,8,4,128,0.083166,0.099340,,
group1,16,64,512,2048,8,4,256,0.082546,0.099435,,
group1,16,64,512,2048,8,4,512,0.083574,0.099836,,
group1,16,64,512,2048,8,4,1024,0.083640,0.099827,,
group1,16,64,512,2048,8,4,2048,0.084208,0.099744,,
group1,16,64,512,2048,8,4,4096,0.136525,0.100535,,
group1,16,64,512,2048,16,2,2,0.083170,0.099206,,
group1,16,64,512,2048,16,2,4,0.082937,0.099394,,
group1,16,64,512,2048,16,2,8,0.082679,0.099650,,
group1,16,64,512,2048,16,2,16,0.082752,0.099193,,
group1,16,64,512,2048,16,2,32,0.082892,0.099314,,
group1,16,64,512,2048,16,2,64,0.083252,0.099407,,
group1,16,64,512,2048,16,2,128,0.083462,0.099499,,
group1,16,64,512,2048,16,2,256,0.082693,0.099238,,
group1,16,64,512,2048,16,2,512,0.083895,0.099904,,
group1,16,64,512,2048,16,2,1024,0.083910,0.099471,,
group1,16,64,512,2048,16,2,2048,0.084592,0.099646,,
group1,16,64,512,2048,16,2,4096,0.136338,0.100165,,
group1,16,64,512,2048,32,1,2,0.083057,0.063460,,
group1,16,64,512,2048,32,1,4,0.082851,0.063810,,
group1,16,64,512,2048,32,1,8,0.083016,0.063588,,
group1,16,64,512,2048,32,1,16,0.083366,0.063632,,
group1,16,64,512,2048,32,1,32,0.082557,0.063720,,
group1,16,64,512,2048,32,1,64,0.082840,0.063437,,
group1,16,64,512,2048,32,1,128,0.082964,0.063701,,
group1,16,64,512,2048,32,1,256,0.082390,0.063694,,
group1,16,64,512,2048,32,1,512,0.083801,0.063743,,
group1,16,64,512,2048,32,1,1024,0.083716,0.063761,,
group1,16,64,512,2048,32,1,2048,0.084725,0.063628,,
group1,16,64,512,2048,32,1,4096,0.136404,0.063580,,
group1,16,64,1024,4096,1,64,2,0.082440,0.102159,,
group1,16,64,1024,4096,1,64,4,0.083240,0.102550,,
group1,16,64,1024,4096,1,64,8,0.083199,0.102507,,
group1,16,64,1024,4096,1,64,16,0.083317,0.102481,,
group1,16,64,1024,4096,1,64,32,0.082926,0.102313,,
group1,16,64,1024,4096,1,64,64,0.083064,0.102608,,
group1,16,64,1024,4096,1,64,128,0.083015,0.102307,,
group1,16,64,1024,4096,1,64,256,0.083519,0.102516,,
group1,16,64,1024,4096,1,64,512,0.083356,0.102323,,
group1,16,64,1024,4096,1,64,1024,0.084723,0.102878,,
group1,16,64,1024,4096,1,64,2048,0.137509,0.103338,,
group1,16,64,1024,4096,1,64,4096,0.273182,0.186094,,
group1,16,64,1024,4096,2,32,2,0.082360,0.099074,,
group1,16,64,1024,4096,2,32,4,0.082639,0.099573,,
group1,16,64,1024,4096,2,32,8,0.083043,0.099176,,
group1,16,64,1024,4096,2,32,16,0.082495,0.099098,,
group1,16,64,1024,4096,2,32,32,0.082852,0.099194,,
group1,16,64,1024,4096,2,32,64,0.082848,0.099302,,
group1,16,64,1024,4096,2,32,128,0.083227,0.099222,,
group1,16,64,1024,4096,2,32,256,0.083096,0.099635,,
group1,16,64,1024,4096,2,32,512,0.083803,0.099233,,
group1,16,64,1024,4096,2,32,1024,0.083981,0.098911,,
group1,16,64,1024,4096,2,32,2048,0.136732,0.100046,,
group1,16,64,1024,4096,2,32,4096,0.273130,0.124008,,
group1,16,64,1024,4096,4,16,2,0.082666,0.099231,,
group1,16,64,1024,4096,4,16,4,0.083396,0.099335,,
group1,16,64,1024,4096,4,16,8,0.082977,0.099428,,
group1,16,64,1024,4096,4,16,16,0.083379,0.099379,,
group1,16,64,1024,4096,4,16,32,0.083014,0.099748,,
group1,16,64,1024,4096,4,16,64,0.082786,0.099733,,
group1,16,64,1024,4096,4,16,128,0.082638,0.099490,,
group1,16,64,1024,4096,4,16,256,0.083440,0.099531,,
group1,16,64,1024,4096,4,16,512,0.083764,0.099504,,
group1,16,64,1024,4096,4,16,1024,0.084406,0.099362,,
group1,16,64,1024,4096,4,16,2048,0.136533,0.100342,,
group1,16,64,1024,4096,4,16,4096,0.273264,0.113677,,
group1,16,64,1024,4096,8,8,2,0.082317,0.099018,,
group1,16,64,1024,4096,8,8,4,0.083109,0.098408,,
group1,16,64,1024,4096,8,8,8,0.083620,0.099137,,
group1,16,64,1024,4096,8,8,16,0.083100,0.100462,,
group1,16,64,1024,4096,8,8,32,0.082959,0.098816,,
group1,16,64,1024,4096,8,8,64,0.082653,0.099172,,
group1,16,64,1024,4096,8,8,128,0.082389,0.098814,,
group1,16,64,1024,4096,8,8,256,0.083397,0.099414,,
group1,16,64,1024,4096,8,8,512,0.084023,0.099875,,
group1,16,64,1024,4096,8,8,1024,0.084008,0.098752,,
group1,16,64,1024,4096,8,8,2048,0.138803,0.099652,,
group1,16,64,1024,4096,8,8,4096,0.274686,0.116377,,
group1,16,64,1024,4096,16,4,2,0.082698,0.098689,,
group1,16,64,1024,4096,16,4,4,0.082541,0.098903,,
group1,16,64,1024,4096,16,4,8,0.082995,0.098896,,
group1,16,64,1024,4096,16,4,16,0.083156,0.099335,,
group1,16,64,1024,4096,16,4,32,0.083069,0.098820,,
group1,16,64,1024,4096,16,4,64,0.082843,0.098858,,
group1,16,64,1024,4096,16,4,128,0.082649,0.098775,,
group1,16,64,1024,4096,16,4,256,0.083163,0.099624,,
group1,16,64,1024,4096,16,4,512,0.083466,0.100077,,
group1,16,64,1024,4096,16,4,1024,0.084421,0.098480,,
group1,16,64,1024,4096,16,4,2048,0.138091,0.099189,,
group1,16,64,1024,4096,16,4,4096,0.275699,0.118280,,
group1,16,64,1024,4096,32,2,2,0.082516,0.098600,,
group1,16,64,1024,4096,32,2,4,0.082469,0.098961,,
group1,16,64,1024,4096,32,2,8,0.083217,0.098759,,
group1,16,64,1024,4096,32,2,16,0.083074,0.099332,,
group1,16,64,1024,4096,32,2,32,0.083239,0.099470,,
group1,16,64,1024,4096,32,2,64,0.083329,0.099187,,
group1,16,64,1024,4096,32,2,128,0.082889,0.098881,,
group1,16,64,1024,4096,32,2,256,0.083416,0.099217,,
group1,16,64,1024,4096,32,2,512,0.083826,0.099372,,
group1,16,64,1024,4096,32,2,1024,0.084649,0.098790,,
group1,16,64,1024,4096,32,2,2048,0.138161,0.099430,,
group1,16,64,1024,4096,32,2,4096,0.275668,0.134384,,
group1,16,64,1024,4096,64,1,2,0.083251,0.062658,,
group1,16,64,1024,4096,64,1,4,0.083333,0.062878,,
group1,16,64,1024,4096,64,1,8,0.083321,0.062339,,
group1,16,64,1024,4096,64,1,16,0.083164,0.062318,,
group1,16,64,1024,4096,64,1,32,0.083048,0.062330,,
group1,16,64,1024,4096,64,1,64,0.083128,0.062587,,
group1,16,64,1024,4096,64,1,128,0.082454,0.062294,,
group1,16,64,1024,4096,64,1,256,0.083145,0.062128,,
group1,16,64,1024,4096,64,1,512,0.083722,0.062031,,
group1,16,64,1024,4096,64,1,1024,0.084177,0.062907,,
group1,16,64,1024,4096,64,1,2048,0.138373,0.062645,,
group1,16,64,1024,4096,64,1,4096,0.275815,0.062656,,
group1,32,4,4096,512,1,128,2,0.082682,0.102143,,
group1,32,4,4096,512,1,128,4,0.083176,0.102278,,
group1,32,4,4096,512,1,128,8,0.083237,0.102189,,
group1,32,4,4096,512,1,128,16,0.083398,0.102436,,
group1,32,4,4096,512,1,128,32,0.083300,0.102362,,
group1,32,4,4096,512,1,128,64,0.082959,0.102953,,
group1,32,4,4096,512,1,128,128,0.083360,0.102577,,
group1,32,4,4096,512,1,128,256,0.083354,0.102557,,
group1,32,4,4096,512,1,128,512,0.084194,0.103153,,
group1,32,4,4096,512,1,128,1024,0.084348,0.103042,,
group1,32,4,4096,512,1,128,2048,0.136090,0.103834,,
group1,32,4,4096,512,1,128,4096,0.260696,0.149244,,
group1,32,4,4096,512,2,64,2,0.083039,0.098559,,
group1,32,4,4096,512,2,64,4,0.083475,0.099001,,
group1,32,4,4096,512,2,64,8,0.082898,0.098896,,
group1,32,4,4096,512,2,64,16,0.083211,0.098791,,
group1,32,4,4096,512,2,64,32,0.083086,0.098932,,
group1,32,4,4096,512,2,64,64,0.083198,0.099523,,
group1,32,4,4096,512,2,64,128,0.083151,0.099217,,
group1,32,4,4096,512,2,64,256,0.083790,0.098946,,
group1,32,4,4096,512,2,64,512,0.084292,0.099457,,
group1,32,4,4096,512,2,64,1024,0.084583,0.099850,,
group1,32,4,4096,512,2,64,2048,0.136088,0.100093,,
group1,32,4,4096,512,2,64,4096,0.260621,0.142217,,
group1,32,4,4096,512,4,32,2,0.082532,0.098669,,
group1,32,4,4096,512,4,32,4,0.083441,0.098984,,
group1,32,4,4096,512,4,32,8,0.083064,0.098849,,
group1,32,4,4096,512,4,32,16,0.083364,0.098245,,
group1,32,4,4096,512,4,32,32,0.083306,0.098316,,
group1,32,4,4096,512,4,32,64,0.083391,0.098849,,
group1,32,4,4096,512,4,32,128,0.083116,0.099480,,
group1,32,4,4096,512,4,32,256,0.083317,0.098524,,
group1,32,4,4096,512,4,32,512,0.083981,0.099445,,
group1,32,4,4096,512,4,32,1024,0.084472,0.099786,,
group1,32,4,4096,512,4,32,2048,0.136079,0.098944,,
group1,32,4,4096,512,4,32,4096,0.260634,0.141094,,
group1,32,4,4096,512,8,16,2,0.083207,0.098776,,
group1,32,4,4096,512,8,16,4,0.083906,0.099137,,
group1,32,4,4096,512,8,16,8,0.083819,0.099017,,
group1,32,4,4096,512,8,16,16,0.083697,0.098806,,
group1,32,4,4096,512,8,16,32,0.083543,0.098433,,
group1,32,4,4096,512,8,16,64,0.083238,0.098981,,
group1,32,4,4096,512,8,16,128,0.083540,0.099379,,
group1,32,4,4096,512,8,16,256,0.083893,0.099133,,
group1,32,4,4096,512,8,16,512,0.084703,0.099676,,
group1,32,4,4096,512,8,16,1024,0.084906,0.099681,,
group1,32,4,4096,512,8,16,2048,0.136075,0.099603,,
group1,32,4,4096,512,8,16,4096,0.260672,0.132607,,
group1,32,4,4096,512,16,8,2,0.083025,0.098307,,
group1,32,4,4096,512,16,8,4,0.083417,0.098868,,
group1,32,4,4096,512,16,8,8,0.083428,0.098828,,
group1,32,4,4096,512,16,8,16,0.083790,0.099106,,
group1,32,4,4096,512,16,8,32,0.083532,0.099031,,
group1,32,4,4096,512,16,8,64,0.083157,0.099276,,
group1,32,4,4096,512,16,8,128,0.083361,0.099436,,
group1,32,4,4096,512,16,8,256,0.083838,0.099561,,
group1,32,4,4096,512,16,8,512,0.084767,0.099589,,
group1,32,4,4096,512,16,8,1024,0.085242,0.099685,,
group1,32,4,4096,512,16,8,2048,0.136217,0.100166,,
group1,32,4,4096,512,16,8,4096,0.260625,0.143130,,
group1,32,4,4096,512,32,4,2,0.083192,0.098319,,
group1,32,4,4096,512,32,4,4,0.083743,0.099050,,
group1,32,4,4096,512,32,4,8,0.083336,0.098911,,
group1,32,4,4096,512,32,4,16,0.083940,0.098650,,
group1,32,4,4096,512,32,4,32,0.083413,0.098689,,
group1,32,4,4096,512,32,4,64,0.083476,0.099473,,
group1,32,4,4096,512,32,4,128,0.083386,0.099208,,
group1,32,4,4096,512,32,4,256,0.083860,0.098932,,
group1,32,4,4096,512,32,4,512,0.084715,0.099421,,
group1,32,4,4096,512,32,4,1024,0.085122,0.099744,,
group1,32,4,4096,512,32,4,2048,0.136241,0.099950,,
group1,32,4,4096,512,32,4,4096,0.260885,0.148501,,
group1,32,4,4096,512,64,2,2,0.083433,0.098478,,
group1,32,4,4096,512,64,2,4,0.083780,0.098711,,
group1,32,4,4096,512,64,2,8,0.083726,0.098667,,
group1,32,4,4096,512,64,2,16,0.083770,0.098920,,
group1,32,4,4096,512,64,2,32,0.083316,0.098840,,
group1,32,4,4096,512,64,2,64,0.083427,0.099206,,
group1,32,4,4096,512,64,2,128,0.083545,0.099674,,
group1,32,4,4096,512,64,2,256,0.083833,0.099308,,
group1,32,4,4096,512,64,2,512,0.084824,0.099715,,
group1,32,4,4096,512,64,2,1024,0.085025,0.099762,,
group1,32,4,4096,512,64,2,2048,0.136224,0.099649,,
group1,32,4,4096,512,64,2,4096,0.260873,0.149331,,
group1,32,4,4096,512,128,1,2,0.083879,0.062295,,
group1,32,4,4096,512,128,1,4,0.083811,0.062430,,
group1,32,4,4096,512,128,1,8,0.083302,0.062172,,
group1,32,4,4096,512,128,1,16,0.084223,0.061981,,
group1,32,4,4096,512,128,1,32,0.083643,0.062428,,
group1,32,4,4096,512,128,1,64,0.083782,0.062920,,
group1,32,4,4096,512,128,1,128,0.084060,0.062525,,
group1,32,4,4096,512,128,1,256,0.084121,0.062169,,
group1,32,4,4096,512,128,1,512,0.084824,0.063170,,
group1,32,4,4096,512,128,1,1024,0.084786,0.062641,,
group1,32,4,4096,512,128,1,2048,0.134968,0.063073,,
group1,32,4,4096,512,128,1,4096,0.260861,0.062864,,
group1,32,8,2048,512,1,64,2,0.083239,0.102203,,
group1,32,8,2048,512,1,64,4,0.083999,0.102969,,
group1,32,8,2048,512,1,64,8,0.083588,0.102777,,
group1,32,8,2048,512,1,64,16,0.083705,0.103119,,
group1,32,8,2048,512,1,64,32,0.083371,0.102317,,
group1,32,8,2048,512,1,64,64,0.083762,0.102567,,
group1,32,8,2048,512,1,64,128,0.083504,0.102545,,
group1,32,8,2048,512,1,64,256,0.084169,0.102831,,
group1,32,8,2048,512,1,64,512,0.084478,0.102889,,
group1,32,8,2048,512,1,64,1024,0.084876,0.103630,,
group1,32,8,2048,512,1,64,2048,0.084652,0.103141,,
group1,32,8,2048,512,1,64,4096,0.147959,0.103483,,
group1,32,8,2048,512,2,32,2,0.083524,0.098963,,
group1,32,8,2048,512,2,32,4,0.083637,0.099062,,
group1,32,8,2048,512,2,32,8,0.083379,0.099440,,
group1,32,8,2048,512,2,32,16,0.083869,0.099205,,
group1,32,8,2048,512,2,32,32,0.083405,0.099250,,
group1,32,8,2048,512,2,32,64,0.084004,0.098985,,
group1,32,8,2048,512,2,32,128,0.084055,0.098654,,
group1,32,8,2048,512,2,32,256,0.084774,0.098950,,
group1,32,8,2048,512,2,32,512,0.085242,0.099367,,
group1,32,8,2048,512,2,32,1024,0.085048,0.099556,,
group1,32,8,2048,512,2,32,2048,0.084899,0.099533,,
group1,32,8,2048,512,2,32,4096,0.147967,0.099845,,
group1,32,8,2048,512,4,16,2,0.083099,0.098716,,
group1,32,8,2048,512,4,16,4,0.083635,0.099023,,
group1,32,8,2048,512,4,16,8,0.083368,0.099213,,
group1,32,8,2048,512,4,16,16,0.083916,0.099128,,
group1,32,8,2048,512,4,16,32,0.083432,0.099027,,
group1,32,8,2048,512,4,16,64,0.083292,0.099080,,
group1,32,8,2048,512,4,16,128,0.083354,0.098887,,
group1,32,8,2048,512,4,16,256,0.084140,0.098717,,
group1,32,8,2048,512,4,16,512,0.084583,0.099190,,
group1,32,8,2048,512,4,16,1024,0.085295,0.099597,,
group1,32,8,2048,512,4,16,2048,0.084511,0.099239,,
group1,32,8,2048,512,4,16,4096,0.147928,0.100082,,
group1,32,8,2048,512,8,8,2,0.083263,0.098788,,
group1,32,8,2048,512,8,8,4,0.083689,0.099300,,
group1,32,8,2048,512,8,8,8,0.083460,0.099019,,
group1,32,8,2048,512,8,8,16,0.082952,0.098939,,
group1,32,8,2048,512,8,8,32,0.083670,0.099066,,
group1,32,8,2048,512,8,8,64,0.083041,0.099158,,
group1,32,8,2048,512,8,8,128,0.083440,0.099183,,
group1,32,8,2048,512,8,8,256,0.084212,0.099179,,
group1,32,8,2048,512,8,8,512,0.084327,0.099458,,
group1,32,8,2048,512,8,8,1024,0.084692,0.099740,,
group1,32,8,2048,512,8,8,2048,0.084388,0.099474,,
group1,32,8,2048,512,8,8,4096,0.147925,0.100231,,
group1,32,8,2048,512,16,4,2,0.083050,0.099037,,
group1,32,8,2048,512,16,4,4,0.083285,0.099422,,
group1,32,8,2048,512,16,4,8,0.083368,0.099416,,
group1,32,8,2048,512,16,4,16,0.083858,0.099844,,
group1,32,8,2048,512,16,4,32,0.083682,0.098971,,
group1,32,8,2048,512,16,4,64,0.083512,0.099249,,
group1,32,8,2048,512,16,4,128,0.083312,0.099143,,
group1,32,8,2048,512,16,4,256,0.084157,0.099210,,
group1,32,8,2048,512,16,4,512,0.084011,0.099538,,
group1,32,8,2048,512,16,4,1024,0.084923,0.100106,,
group1,32,8,2048,512,16,4,2048,0.084390,0.099471,,
group1,32,8,2048,512,16,4,4096,0.147980,0.100535,,
group1,32,8,2048,512,32,2,2,0.082724,0.099498,,
group1,32,8,2048,512,32,2,4,0.083698,0.100075,,
group1,32,8,2048,512,32,2,8,0.083776,0.099656,,
group1,32,8,2048,512,32,2,16,0.083902,0.099405,,
group1,32,8,2048,512,32,2,32,0.083597,0.099490,,
group1,32,8,2048,512,32,2,64,0.083804,0.099205,,
group1,32,8,2048,512,32,2,128,0.083419,0.099256,,
group1,32,8,2048,512,32,2,256,0.084319,0.099019,,
group1,32,8,2048,512,32,2,512,0.085114,0.099648,,
group1,32,8,2048,512,32,2,1024,0.085556,0.099562,,
group1,32,8,2048,512,32,2,2048,0.084514,0.099331,,
group1,32,8,2048,512,32,2,4096,0.147971,0.100243,,
group1,32,8,2048,512,64,1,2,0.084049,0.062486,,
group1,32,8,2048,512,64,1,4,0.083889,0.062970,,
group1,32,8,2048,512,64,1,8,0.083393,0.062493,,
group1,32,8,2048,512,64,1,16,0.083851,0.062897,,
group1,32,8,2048,512,64,1,32,0.082954,0.062606,,
group1,32,8,2048,512,64,1,64,0.083062,0.062941,,
group1,32,8,2048,512,64,1,128,0.083564,0.062230,,
group1,32,8,2048,512,64,1,256,0.084086,0.062450,,
group1,32,8,2048,512,64,1,512,0.085079,0.062829,,
group1,32,8,2048,512,64,1,1024,0.084819,0.062684,,
group1,32,8,2048,512,64,1,2048,0.084710,0.063162,,
group1,32,8,2048,512,64,1,4096,0.147762,0.062895,,
group1,32,8,4096,1024,1,128,2,0.084049,0.102856,,
group1,32,8,4096,1024,1,128,4,0.083737,0.103462,,
group1,32,8,4096,1024,1,128,8,0.083219,0.102867,,
group1,32,8,4096,1024,1,128,16,0.083053,0.103757,,
group1,32,8,4096,1024,1,128,32,0.083493,0.102770,,
group1,32,8,4096,1024,1,128,64,0.083720,0.102834,,
group1,32,8,4096,1024,1,128,128,0.083695,0.102931,,
group1,32,8,4096,1024,1,128,256,0.084034,0.103213,,
group1,32,8,4096,1024,1,128,512,0.085132,0.103796,,
group1,32,8,4096,1024,1,128,1024,0.084859,0.103238,,
group1,32,8,4096,1024,1,128,2048,0.146534,0.104374,,
group1,32,8,4096,1024,1,128,4096,0.279256,0.153572,,
group1,32,8,4096,1024,2,64,2,0.083215,0.099262,,
group1,32,8,4096,1024,2,64,4,0.083714,0.099468,,
group1,32,8,4096,1024,2,64,8,0.083839,0.099677,,
group1,32,8,4096,1024,2,64,16,0.083820,0.099838,,
group1,32,8,4096,1024,2,64,32,0.083857,0.099654,,
group1,32,8,4096,1024,2,64,64,0.083208,0.099885,,
group1,32,8,4096,1024,2,64,128,0.083969,0.099459,,
group1,32,8,4096,1024,2,64,256,0.084080,0.099814,,
group1,32,8,4096,1024,2,64,512,0.084446,0.100281,,
group1,32,8,4096,1024,2,64,1024,0.085063,0.100030,,
group1,32,8,4096,1024,2,64,2048,0.146512,0.100792,,
group1,32,8,4096,1024,2,64,4096,0.279279,0.146780,,
group1,32,8,4096,1024,4,32,2,0.082984,0.099036,,
group1,32,8,4096,1024,4,32,4,0.084328,0.099222,,
group1,32,8,4096,1024,4,32,8,0.084042,0.099385,,
group1,32,8,4096,1024,4,32,16,0.083858,0.099171,,
group1,32,8,4096,1024,4,32,32,0.084339,0.099316,,
group1,32,8,4096,1024,4,32,64,0.083856,0.099278,,
group1,32,8,4096,1024,4,32,128,0.084276,0.099485,,
group1,32,8,4096,1024,4,32,256,0.084553,0.099625,,
group1,32,8,4096,1024,4,32,512,0.085264,0.099773,,
group1,32,8,4096,1024,4,32,1024,0.085422,0.100128,,
group1,32,8,4096,1024,4,32,2048,0.146676,0.100498,,
group1,32,8,4096,1024,4,32,4096,0.279247,0.145634,,
group1,32,8,4096,1024,8,16,2,0.083223,0.099230,,
group1,32,8,4096,1024,8,16,4,0.084002,0.099652,,
group1,32,8,4096,1024,8,16,8,0.084091,0.099275,,
group1,32,8,4096,1024,8,16,16,0.084111,0.099944,,
group1,32,8,4096,1024,8,16,32,0.083672,0.099488,,
group1,32,8,4096,1024,8,16,64,0.083794,0.099733,,
group1,32,8,4096,1024,8,16,128,0.083434,0.099203,,
group1,32,8,4096,1024,8,16,256,0.084266,0.099490,,
group1,32,8,4096,1024,8,16,512,0.084970,0.100222,,
group1,32,8,4096,1024,8,16,1024,0.085109,0.100179,,
group1,32,8,4096,1024,8,16,2048,0.146609,0.100798,,
group1,32,8,4096,1024,8,16,4096,0.279199,0.138177,,
group1,32,8,4096,1024,16,8,2,0.083906,0.099485,,
group1,32,8,4096,1024,16,8,4,0.083905,0.099525,,
group1,32,8,4096,1024,16,8,8,0.083572,0.099419,,
group1,32,8,4096,1024,16,8,16,0.084581,0.099403,,
group1,32,8,4096,1024,16,8,32,0.083422,0.099839,,
group1,32,8,4096,1024,16,8,64,0.083815,0.100552,,
group1,32,8,4096,1024,16,8,128,0.083886,0.099697,,
group1,32,8,4096,1024,16,8,256,0.084682,0.099996,,
group1,32,8,4096,1024,16,8,512,0.085173,0.100453,,
group1,32,8,4096,1024,16,8,1024,0.084913,0.099993,,
group1,32,8,4096,1024,16,8,2048,0.146691,0.100798,,
group1,32,8,4096,1024,16,8,4096,0.279299,0.148648,,
group1,32,8,4096,1024,32,4,2,0.083553,0.099837,,
group1,32,8,4096,1024,32,4,4,0.083490,0.099631,,
group1,32,8,4096,1024,32,4,8,0.083733,0.099079,,
group1,32,8,4096,1024,32,4,16,0.083596,0.099262,,
group1,32,8,4096,1024,32,4,32,0.083936,0.099650,,
group1,32,8,4096,1024,32,4,64,0.083859,0.099150,,
group1,32,8,4096,1024,32,4,128,0.083585,0.099440,,
group1,32,8,4096,1024,32,4,256,0.083993,0.099825,,
group1,32,8,4096,1024,32,4,512,0.085103,0.099838,,
group1,32,8,4096,1024,32,4,1024,0.085118,0.100161,,
group1,32,8,4096,1024,32,4,2048,0.146363,0.100691,,
group1,32,8,4096,1024,32,4,4096,0.279542,0.154097,,
group1,32,8,4096,1024,64,2,2,0.083715,0.099303,,
group1,32,8,4096,1024,64,2,4,0.083891,0.099684,,
group1,32,8,4096,1024,64,2,8,0.083538,0.099814,,
group1,32,8,4096,1024,64,2,16,0.084564,0.099544,,
group1,32,8,4096,1024,64,2,32,0.083980,0.099451,,
group1,32,8,4096,1024,64,2,64,0.083928,0.100256,,
group1,32,8,4096,1024,64,2,128,0.084299,0.099110,,
group1,32,8,4096,1024,64,2,256,0.084646,0.099406,,
group1,32,8,4096,1024,64,2,512,0.085354,0.100521,,
group1,32,8,4096,1024,64,2,1024,0.085097,0.100225,,
group1,32,8,4096,1024,64,2,2048,0.146335,0.101002,,
group1,32,8,4096,1024,64,2,4096,0.279337,0.154772,,
group1,32,8,4096,1024,128,1,2,0.083988,0.062807,,
group1,32,8,4096,1024,128,1,4,0.083995,0.062571,,
group1,32,8,4096,1024,128,1,8,0.083464,0.062685,,
group1,32,8,4096,1024,128,1,16,0.084583,0.062721,,
group1,32,8,4096,1024,128,1,32,0.083617,0.062752,,
group1,32,8,4096,1024,128,1,64,0.084049,0.062233,,
group1,32,8,4096,1024,128,1,128,0.083843,0.062867,,
group1,32,8,4096,1024,128,1,256,0.084451,0.062653,,
group1,32,8,4096,1024,128,1,512,0.085333,0.062933,,
group1,32,8,4096,1024,128,1,1024,0.085671,0.063101,,
group1,32,8,4096,1024,128,1,2048,0.146418,0.063150,,
group1,32,8,4096,1024,128,1,4096,0.279094,0.063183,,
group1,32,16,1024,512,1,32,2,0.083205,0.102540,,
group1,32,16,1024,512,1,32,4,0.084200,0.102680,,
group1,32,16,1024,512,1,32,8,0.084362,0.103020,,
group1,32,16,1024,512,1,32,16,0.084336,0.103104,,
group1,32,16,1024,512,1,32,32,0.084460,0.103117,,
group1,32,16,1024,512,1,32,64,0.084130,0.103228,,
group1,32,16,1024,512,1,32,128,0.084336,0.102807,,
group1,32,16,1024,512,1,32,256,0.084542,0.102879,,
group1,32,16,1024,512,1,32,512,0.083425,0.102098,,
group1,32,16,1024,512,1,32,1024,0.085100,0.102823,,
group1,32,16,1024,512,1,32,2048,0.085126,0.103075,,
group1,32,16,1024,512,1,32,4096,0.090609,0.102961,,
group1,32,16,1024,512,2,16,2,0.083820,0.099276,,
group1,32,16,1024,512,2,16,4,0.084098,0.099435,,
group1,32,16,1024,512,2,16,8,0.084156,0.099673,,
group1,32,16,1024,512,2,16,16,0.084534,0.099617,,
group1,32,16,1024,512,2,16,32,0.084324,0.099431,,
group1,32,16,1024,512,2,16,64,0.083956,0.099371,,
group1,32,16,1024,512,2,16,128,0.084151,0.098735,,
group1,32,16,1024,512,2,16,256,0.084098,0.099301,,
group1,32,16,1024,512,2,16,512,0.084660,0.098854,,
group1,32,16,1024,512,2,16,1024,0.085065,0.099178,,
group1,32,16,1024,512,2,16,2048,0.085161,0.099068,,
group1,32,16,1024,512,2,16,4096,0.090589,0.099378,,
group1,32,16,1024,512,4,8,2,0.083271,0.099252,,
group1,32,16,1024,512,4,8,4,0.084043,0.099290,,
group1,32,16,1024,512,4,8,8,0.084301,0.099447,,
group1,32,16,1024,512,4,8,16,0.083876,0.099632,,
group1,32,16,1024,512,4,8,32,0.084174,0.098981,,
group1,32,16,1024,512,4,8,64,0.083735,0.099441,,
group1,32,16,1024,512,4,8,128,0.083845,0.099097,,
group1,32,16,1024,512,4,8,256,0.083617,0.099290,,
group1,32,16,1024,512,4,8,512,0.084404,0.099150,,
group1,32,16,1024,512,4,8,1024,0.084249,0.099117,,
group1,32,16,1024,512,4,8,2048,0.084877,0.099403,,
group1,32,16,1024,512,4,8,4096,0.090621,0.099695,,
group1,32,16,1024,512,8,4,2,0.083279,0.099081,,
group1,32,16,1024,512,8,4,4,0.083573,0.099532,,
group1,32,16,1024,512,8,4,8,0.084030,0.099103,,
group1,32,16,1024,512,8,4,16,0.083380,0.099529,,
group1,32,16,1024,512,8,4,32,0.083693,0.098570,,
group1,32,16,1024,512,8,4,64,0.084443,0.099273,,
group1,32,16,1024,512,8,4,128,0.084040,0.098958,,
group1,32,16,1024,512,8,4,256,0.084127,0.098960,,
group1,32,16,1024,512,8,4,512,0.084412,0.099379,,
group1,32,16,1024,512,8,4,1024,0.085035,0.099297,,
group1,32,16,1024,512,8,4,2048,0.084965,0.099397,,
group1,32,16,1024,512,8,4,4096,0.090589,0.099658,,
group1,32,16,1024,512,16,2,2,0.083577,0.099160,,
group1,32,16,1024,512,16,2,4,0.084172,0.099548,,
group1,32,16,1024,512,16,2,8,0.083951,0.099402,,
group1,32,16,1024,512,16,2,16,0.084240,0.099402,,
group1,32,16,1024,512,16,2,32,0.084007,0.098711,,
group1,32,16,1024,512,16,2,64,0.083854,0.099444,,
group1,32,16,1024,512,16,2,128,0.084292,0.099075,,
group1,32,16,1024,512,16,2,256,0.084074,0.099236,,
group1,32,16,1024,512,16,2,512,0.084473,0.099111,,
group1,32,16,1024,512,16,2,1024,0.084207,0.099663,,
group1,32,16,1024,512,16,2,2048,0.085322,0.099194,,
group1,32,16,1024,512,16,2,4096,0.090615,0.099482,,
group1,32,16,1024,512,32,1,2,0.083017,0.062661,,
group1,32,16,1024,512,32,1,4,0.083973,0.062865,,
group1,32,16,1024,512,32,1,8,0.083761,0.062505,,
group1,32,16,1024,512,32,1,16,0.083480,0.062762,,
group1,32,16,1024,512,32,1,32,0.084052,0.062635,,
group1,32,16,1024,512,32,1,64,0.083780,0.062937,,
group1,32,16,1024,512,32,1,128,0.083419,0.062487,,
group1,32,16,1024,512,32,1,256,0.083613,0.062586,,
group1,32,16,1024,512,32,1,512,0.083900,0.062668,,
group1,32,16,1024,512,32,1,1024,0.084062,0.063003,,
group1,32,16,1024,512,32,1,2048,0.084374,0.062393,,
group1,32,16,1024,512,32,1,4096,0.090619,0.063165,,
group1,32,16,2048,1024,1,64,2,0.082943,0.102899,,
group1,32,16,2048,1024,1,64,4,0.083678,0.102708,,
group1,32,16,2048,1024,1,64,8,0.083600,0.102593,,
group1,32,16,2048,1024,1,64,16,0.084044,0.102904,,
group1,32,16,2048,1024,1,64,32,0.083816,0.102833,,
group1,32,16,2048,1024,1,64,64,0.084462,0.102945,,
group1,32,16,2048,1024,1,64,128,0.083929,0.103056,,
group1,32,16,2048,1024,1,64,256,0.084630,0.102924,,
group1,32,16,2048,1024,1,64,512,0.085138,0.102848,,
group1,32,16,2048,1024,1,64,1024,0.085793,0.102796,,
group1,32,16,2048,1024,1,64,2048,0.088437,0.103439,,
group1,32,16,2048,1024,1,64,4096,0.167350,0.103881,,
group1,32,16,2048,1024,2,32,2,0.083531,0.099057,,
group1,32,16,2048,1024,2,32,4,0.083828,0.098978,,
group1,32,16,2048,1024,2,32,8,0.083989,0.099477,,
group1,32,16,2048,1024,2,32,16,0.084273,0.099219,,
group1,32,16,2048,1024,2,32,32,0.083776,0.099222,,
group1,32,16,2048,1024,2,32,64,0.083902,0.098407,,
group1,32,16,2048,1024,2,32,128,0.084047,0.098984,,
group1,32,16,2048,1024,2,32,256,0.083881,0.098783,,
group1,32,16,2048,1024,2,32,512,0.084890,0.099195,,
group1,32,16,2048,1024,2,32,1024,0.084798,0.099299,,
group1,32,16,2048,1024,2,32,2048,0.088548,0.099816,,
group1,32,16,2048,1024,2,32,4096,0.167378,0.100054,,
group1,32,16,2048,1024,4,16,2,0.083275,0.098672,,
group1,32,16,2048,1024,4,16,4,0.083600,0.099004,,
group1,32,16,2048,1024,4,16,8,0.083820,0.099386,,
group1,32,16,2048,1024,4,16,16,0.083851,0.099303,,
group1,32,16,2048,1024,4,16,32,0.083665,0.099302,,
group1,32,16,2048,1024,4,16,64,0.083577,0.099893,,
group1,32,16,2048,1024,4,16,128,0.083920,0.099642,,
group1,32,16,2048,1024,4,16,256,0.084188,0.099394,,
group1,32,16,2048,1024,4,16,512,0.084534,0.098800,,
group1,32,16,2048,1024,4,16,1024,0.084513,0.099140,,
group1,32,16,2048,1024,4,16,2048,0.088576,0.099704,,
group1,32,16,2048,1024,4,16,4096,0.167324,0.099947,,
group1,32,16,2048,1024,8,8,2,0.083805,0.098648,,
group1,32,16,2048,1024,8,8,4,0.083767,0.099471,,
group1,32,16,2048,1024,8,8,8,0.084281,0.098939,,
group1,32,16,2048,1024,8,8,16,0.084133,0.099481,,
group1,32,16,2048,1024,8,8,32,0.084165,0.098628,,
group1,32,16,2048,1024,8,8,64,0.084124,0.099203,,
group1,32,16,2048,1024,8,8,128,0.084225,0.099367,,
group1,32,16,2048,1024,8,8,256,0.083944,0.099116,,
group1,32,16,2048,1024,8,8,512,0.085034,0.099435,,
group1,32,16,2048,1024,8,8,1024,0.085116,0.099628,,
group1,32,16,2048,1024,8,8,2048,0.088493,0.099902,,
group1,32,16,2048,1024,8,8,4096,0.167259,0.100252,,
group1,32,16,2048,1024,16,4,2,0.083388,0.099438,,
group1,32,16,2048,1024,16,4,4,0.083589,0.098955,,
group1,32,16,2048,1024,16,4,8,0.083750,0.099505,,
group1,32,16,2048,1024,16,4,16,0.084315,0.099636,,
group1,32,16,2048,1024,16,4,32,0.083931,0.099291,,
group1,32,16,2048,1024,16,4,64,0.084328,0.099073,,
group1,32,16,2048,1024,16,4,128,0.084132,0.099071,,
group1,32,16,2048,1024,16,4,256,0.084584,0.099081,,
group1,32,16,2048,1024,16,4,512,0.085186,0.099507,,
group1,32,16,2048,1024,16,4,1024,0.084822,0.099415,,
group1,32,16,2048,1024,16,4,2048,0.088354,0.100097,,
group1,32,16,2048,1024,16,4,4096,0.167424,0.100805,,
group1,32,16,2048,1024,32,2,2,0.083716,0.099141,,
group1,32,16,2048,1024,32,2,4,0.083729,0.099173,,
group1,32,16,2048,1024,32,2,8,0.084147,0.099725,,
group1,32,16,2048,1024,32,2,16,0.084192,0.099711,,
group1,32,16,2048,1024,32,2,32,0.084160,0.099754,,
group1,32,16,2048,1024,32,2,64,0.083716,0.100000,,
group1,32,16,2048,1024,32,2,128,0.084002,0.100030,,
group1,32,16,2048,1024,32,2,256,0.084885,0.099523,,
group1,32,16,2048,1024,32,2,512,0.084747,0.099571,,
group1,32,16,2048,1024,32,2,1024,0.084704,0.099588,,
group1,32,16,2048,1024,32,2,2048,0.088578,0.099808,,
group1,32,16,2048,1024,32,2,4096,0.167341,0.100321,,
group1,32,16,2048,1024,64,1,2,0.083285,0.062776,,
group1,32,16,2048,1024,64,1,4,0.084080,0.062747,,
group1,32,16,2048,1024,64,1,8,0.084139,0.062608,,
group1,32,16,2048,1024,64,1,16,0.083840,0.063042,,
group1,32,16,2048,1024,64,1,32,0.084340,0.062720,,
group1,32,16,2048,1024,64,1,64,0.084416,0.063060,,
group1,32,16,2048,1024,64,1,128,0.083819,0.062725,,
group1,32,16,2048,1024,64,1,256,0.084432,0.062817,,
group1,32,16,2048,1024,64,1,512,0.085193,0.062925,,
group1,32,16,2048,1024,64,1,1024,0.085278,0.062514,,
group1,32,16,2048,1024,64,1,2048,0.088627,0.062856,,
group1,32,16,2048,1024,64,1,4096,0.167560,0.063169,,
group1,32,16,4096,2048,1,128,2,0.083907,0.102880,,
group1,32,16,4096,2048,1,128,4,0.084121,0.103474,,
group1,32,16,4096,2048,1,128,8,0.084425,0.103068,,
group1,32,16,4096,2048,1,128,16,0.084289,0.103271,,
group1,32,16,4096,2048,1,128,32,0.083610,0.102691,,
group1,32,16,4096,2048,1,128,64,0.084102,0.103095,,
group1,32,16,4096,2048,1,128,128,0.084285,0.102924,,
group1,32,16,4096,2048,1,128,256,0.084274,0.103194,,
group1,32,16,4096,2048,1,128,512,0.084845,0.102862,,
group1,32,16,4096,2048,1,128,1024,0.087700,0.103465,,
group1,32,16,4096,2048,1,128,2048,0.167936,0.104025,,
group1,32,16,4096,2048,1,128,4096,0.330839,0.169403,,
group1,32,16,4096,2048,2,64,2,0.083526,0.098927,,
group1,32,16,4096,2048,2,64,4,0.083943,0.099817,,
group1,32,16,4096,2048,2,64,8,0.084016,0.099771,,
group1,32,16,4096,2048,2,64,16,0.083027,0.099824,,
group1,32,16,4096,2048,2,64,32,0.083802,0.099323,,
group1,32,16,4096,2048,2,64,64,0.083845,0.099079,,
group1,32,16,4096,2048,2,64,128,0.084066,0.099719,,
group1,32,16,4096,2048,2,64,256,0.084708,0.099277,,
group1,32,16,4096,2048,2,64,512,0.084956,0.099030,,
group1,32,16,4096,2048,2,64,1024,0.087722,0.099648,,
group1,32,16,4096,2048,2,64,2048,0.168239,0.100144,,
group1,32,16,4096,2048,2,64,4096,0.331320,0.162664,,
group1,32,16,4096,2048,4,32,2,0.084122,0.099248,,
group1,32,16,4096,2048,4,32,4,0.083815,0.099075,,
group1,32,16,4096,2048,4,32,8,0.083947,0.099408,,
group1,32,16,4096,2048,4,32,16,0.083734,0.099612,,
group1,32,16,4096,2048,4,32,32,0.082845,0.099165,,
group1,32,16,4096,2048,4,32,64,0.083397,0.099142,,
group1,32,16,4096,2048,4,32,128,0.084104,0.099053,,
group1,32,16,4096,2048,4,32,256,0.083807,0.099085,,
group1,32,16,4096,2048,4,32,512,0.084803,0.099074,,
group1,32,16,4096,2048,4,32,1024,0.087785,0.099728,,
group1,32,16,4096,2048,4,32,2048,0.168001,0.100725,,
group1,32,16,4096,2048,4,32,4096,0.330867,0.155764,,
group1,32,16,4096,2048,8,16,2,0.083521,0.099003,,
group1,32,16,4096,2048,8,16,4,0.084081,0.098612,,
group1,32,16,4096,2048,8,16,8,0.084166,0.099130,,
group1,32,16,4096,2048,8,16,16,0.084320,0.099386,,
group1,32,16,4096,2048,8,16,32,0.083999,0.099264,,
group1,32,16,4096,2048,8,16,64,0.084010,0.099361,,
group1,32,16,4096,2048,8,16,128,0.083817,0.099538,,
group1,32,16,4096,2048,8,16,256,0.084092,0.099062,,
group1,32,16,4096,2048,8,16,512,0.085170,0.099042,,
group1,32,16,4096,2048,8,16,1024,0.087693,0.099594,,
group1,32,16,4096,2048,8,16,2048,0.168025,0.100143,,
group1,32,16,4096,2048,8,16,4096,0.330870,0.146964,,
group1,32,16,4096,2048,16,8,2,0.083401,0.098773,,
group1,32,16,4096,2048,16,8,4,0.084148,0.100005,,
group1,32,16,4096,2048,16,8,8,0.084149,0.099457,,
group1,32,16,4096,2048,16,8,16,0.083771,0.099672,,
group1,32,16,4096,2048,16,8,32,0.083756,0.099731,,
group1,32,16,4096,2048,16,8,64,0.084010,0.099266,,
group1,32,16,4096,2048,16,8,128,0.083339,0.098927,,
group1,32,16,4096,2048,16,8,256,0.084240,0.099077,,
group1,32,16,4096,2048,16,8,512,0.084969,0.098879,,
group1,32,16,4096,2048,16,8,1024,0.087733,0.099434,,
group1,32,16,4096,2048,16,8,2048,0.168214,0.099841,,
group1,32,16,4096,2048,16,8,4096,0.330752,0.165732,,
group1,32,16,4096,2048,32,4,2,0.083343,0.098872,,
group1,32,16,4096,2048,32,4,4,0.084145,0.099057,,
group1,32,16,4096,2048,32,4,8,0.083986,0.099109,,
group1,32,16,4096,2048,32,4,16,0.083853,0.099137,,
group1,32,16,4096,2048,32,4,32,0.084133,0.099073,,
group1,32,16,4096,2048,32,4,64,0.083819,0.099116,,
group1,32,16,4096,2048,32,4,128,0.083928,0.099872,,
group1,32,16,4096,2048,32,4,256,0.083854,0.099294,,
group1,32,16,4096,2048,32,4,512,0.085067,0.099274,,
group1,32,16,4096,2048,32,4,1024,0.087689,0.099883,,
group1,32,16,4096,2048,32,4,2048,0.167885,0.100063,,
group1,32,16,4096,2048,32,4,4096,0.330809,0.171757,,
group1,32,16,4096,2048,64,2,2,0.083589,0.099442,,
group1,32,16,4096,2048,64,2,4,0.083786,0.099508,,
group1,32,16,4096,2048,64,2,8,0.084172,0.099336,,
group1,32,16,4096,2048,64,2,16,0.083902,0.099269,,
group1,32,16,4096,2048,64,2,32,0.083836,0.099081,,
group1,32,16,4096,2048,64,2,64,0.083528,0.099292,,
group1,32,16,4096,2048,64,2,128,0.084637,0.099108,,
group1,32,16,4096,2048,64,2,256,0.084145,0.099069,,
group1,32,16,4096,2048,64,2,512,0.084676,0.099479,,
group1,32,16,4096,2048,64,2,1024,0.087665,0.099772,,
group1,32,16,4096,2048,64,2,2048,0.167953,0.100012,,
group1,32,16,4096,2048,64,2,4096,0.330805,0.172853,,
group1,32,16,4096,2048,128,1,2,0.083934,0.062404,,
group1,32,16,4096,2048,128,1,4,0.083794,0.063074,,
group1,32,16,4096,2048,128,1,8,0.082986,0.062849,,
group1,32,16,4096,2048,128,1,16,0.084056,0.062315,,
group1,32,16,4096,2048,128,1,32,0.083725,0.062706,,
group1,32,16,4096,2048,128,1,64,0.083729,0.062697,,
group1,32,16,4096,2048,128,1,128,0.084261,0.062715,,
group1,32,16,4096,2048,128,1,256,0.084113,0.062757,,
group1,32,16,4096,2048,128,1,512,0.085094,0.062329,,
group1,32,16,4096,2048,128,1,1024,0.087697,0.062790,,
group1,32,16,4096,2048,128,1,2048,0.167936,0.063038,,
group1,32,16,4096,2048,128,1,4096,0.330930,0.063029,,
group1,32,32,512,512,1,16,2,0.083146,0.102489,,
group1,32,32,512,512,1,16,4,0.083528,0.102611,,
group1,32,32,512,512,1,16,8,0.082685,0.102452,,
group1,32,32,512,512,1,16,16,0.083431,0.102821,,
group1,32,32,512,512,1,16,32,0.083116,0.102427,,
group1,32,32,512,512,1,16,64,0.084150,0.102877,,
group1,32,32,512,512,1,16,128,0.083827,0.102529,,
group1,32,32,512,512,1,16,256,0.083925,0.102713,,
group1,32,32,512,512,1,16,512,0.085111,0.103383,,
group1,32,32,512,512,1,16,1024,0.084659,0.103562,,
group1,32,32,512,512,1,16,2048,0.085142,0.102936,,
group1,32,32,512,512,1,16,4096,0.085232,0.103680,,
group1,32,32,512,512,2,8,2,0.083713,0.099065,,
group1,32,32,512,512,2,8,4,0.083597,0.099160,,
group1,32,32,512,512,2,8,8,0.083578,0.098851,,
group1,32,32,512,512,2,8,16,0.083927,0.099668,,
group1,32,32,512,512,2,8,32,0.083942,0.098597,,
group1,32,32,512,512,2,8,64,0.083119,0.099243,,
group1,32,32,512,512,2,8,128,0.083398,0.099727,,
group1,32,32,512,512,2,8,256,0.083795,0.099058,,
group1,32,32,512,512,2,8,512,0.084311,0.100130,,
group1,32,32,512,512,2,8,1024,0.084698,0.099454,,
group1,32,32,512,512,2,8,2048,0.084458,0.098875,,
group1,32,32,512,512,2,8,4096,0.085333,0.099574,,
group1,32,32,512,512,4,4,2,0.083302,0.098783,,
group1,32,32,512,512,4,4,4,0.083270,0.098717,,
group1,32,32,512,512,4,4,8,0.083317,0.098887,,
group1,32,32,512,512,4,4,16,0.083538,0.099650,,
group1,32,32,512,512,4,4,32,0.083628,0.098845,,
group1,32,32,512,512,4,4,64,0.083813,0.099203,,
group1,32,32,512,512,4,4,128,0.083373,0.098708,,
group1,32,32,512,512,4,4,256,0.083459,0.098995,,
group1,32,32,512,512,4,4,512,0.083503,0.099204,,
group1,32,32,512,512,4,4,1024,0.083735,0.099126,,
group1,32,32,512,512,4,4,2048,0.084298,0.099455,,
group1,32,32,512,512,4,4,4096,0.084811,0.100266,,
group1,32,32,512,512,8,2,2,0.083820,0.098399,,
group1,32,32,512,512,8,2,4,0.083115,0.098722,,
group1,32,32,512,512,8,2,8,0.083716,0.098461,,
group1,32,32,512,512,8,2,16,0.083722,0.098984,,
group1,32,32,512,512,8,2,32,0.083470,0.098621,,
group1,32,32,512,512,8,2,64,0.084108,0.098945,,
group1,32,32,512,512,8,2,128,0.083539,0.098910,,
group1,32,32,512,512,8,2,256,0.083969,0.099161,,
group1,32,32,512,512,8,2,512,0.084726,0.099429,,
group1,32,32,512,512,8,2,1024,0.083856,0.099139,,
group1,32,32,512,512,8,2,2048,0.084429,0.099072,,
group1,32,32,512,512,8,2,4096,0.084978,0.099691,,
group1,32,32,512,512,16,1,2,0.083635,0.062948,,
group1,32,32,512,512,16,1,4,0.083888,0.062918,,
group1,32,32,512,512,16,1,8,0.083837,0.062402,,
group1,32,32,512,512,16,1,16,0.083511,0.062356,,
group1,32,32,512,512,16,1,32,0.083377,0.062815,,
group1,32,32,512,512,16,1,64,0.083673,0.062265,,
group1,32,32,512,512,16,1,128,0.083658,0.062701,,
group1,32,32,512,512,16,1,256,0.083747,0.062700,,
group1,32,32,512,512,16,1,512,0.084624,0.063173,,
group1,32,32,512,512,16,1,1024,0.084692,0.063233,,
group1,32,32,512,512,16,1,2048,0.084457,0.062909,,
group1,32,32,512,512,16,1,4096,0.084916,0.062744,,
group1,32,32,1024,1024,1,32,2,0.083561,0.102197,,
group1,32,32,1024,1024,1,32,4,0.083332,0.102186,,
group1,32,32,1024,1024,1,32,8,0.083455,0.102418,,
group1,32,32,1024,1024,1,32,16,0.083880,0.102680,,
group1,32,32,1024,1024,1,32,32,0.083777,0.102834,,
group1,32,32,1024,1024,1,32,64,0.083376,0.102380,,
group1,32,32,1024,1024,1,32,128,0.083507,0.102358,,
group1,32,32,1024,1024,1,32,256,0.083644,0.102490,,
group1,32,32,1024,1024,1,32,512,0.084458,0.102729,,
group1,32,32,1024,1024,1,32,1024,0.084427,0.102296,,
group1,32,32,1024,1024,1,32,2048,0.084945,0.102945,,
group1,32,32,1024,1024,1,32,4096,0.122517,0.103319,,
group1,32,32,1024,1024,2,16,2,0.083009,0.098812,,
group1,32,32,1024,1024,2,16,4,0.082574,0.098847,,
group1,32,32,1024,1024,2,16,8,0.083422,0.098383,,
group1,32,32,1024,1024,2,16,16,0.083396,0.098611,,
group1,32,32,1024,1024,2,16,32,0.083356,0.098742,,
group1,32,32,1024,1024,2,16,64,0.083393,0.098768,,
group1,32,32,1024,1024,2,16,128,0.083080,0.099280,,
group1,32,32,1024,1024,2,16,256,0.083842,0.098580,,
group1,32,32,1024,1024,2,16,512,0.083918,0.099315,,
group1,32,32,1024,1024,2,16,1024,0.084856,0.098664,,
group1,32,32,1024,1024,2,16,2048,0.084636,0.099386,,
group1,32,32,1024,1024,2,16,4096,0.122408,0.099419,,
group1,32,32,1024,1024,4,8,2,0.083497,0.098902,,
group1,32,32,1024,1024,4,8,4,0.083531,0.099154,,
group1,32,32,1024,1024,4,8,8,0.083757,0.099121,,
group1,32,32,1024,1024,4,8,16,0.083723,0.099562,,
group1,32,32,1024,1024,4,8,32,0.083249,0.099153,,
group1,32,32,1024,1024,4,8,64,0.083637,0.098999,,
group1,32,32,1024,1024,4,8,128,0.083302,0.099170,,
group1,32,32,1024,1024,4,8,256,0.083716,0.099029,,
group1,32,32,1024,1024,4,8,512,0.083916,0.099194,,
group1,32,32,1024,1024,4,8,1024,0.084543,0.098540,,
group1,32,32,1024,1024,4,8,2048,0.084810,0.098955,,
group1,32,32,1024,1024,4,8,4096,0.122129,0.099317,,
group1,32,32,1024,1024,8,4,2,0.083707,0.098796,,
group1,32,32,1024,1024,8,4,4,0.082821,0.099045,,
group1,32,32,1024,1024,8,4,8,0.083432,0.098558,,
group1,32,32,1024,1024,8,4,16,0.083587,0.098830,,
group1,32,32,1024,1024,8,4,32,0.083455,0.099510,,
group1,32,32,1024,1024,8,4,64,0.083501,0.099129,,
group1,32,32,1024,1024,8,4,128,0.083966,0.099818,,
group1,32,32,1024,1024,8,4,256,0.084237,0.099099,,
group1,32,32,1024,1024,8,4,512,0.084490,0.099852,,
group1,32,32,1024,1024,8,4,1024,0.084972,0.098798,,
group1,32,32,1024,1024,8,4,2048,0.084789,0.099424,,
group1,32,32,1024,1024,8,4,4096,0.122703,0.099310,,
group1,32,32,1024,1024,16,2,2,0.083334,0.099213,,
group1,32,32,1024,1024,16,2,4,0.083518,0.099010,,
group1,32,32,1024,1024,16,2,8,0.083265,0.098632,,
group1,32,32,1024,1024,16,2,16,0.083751,0.099168,,
group1,32,32,1024,1024,16,2,32,0.083860,0.099422,,
group1,32,32,1024,1024,16,2,64,0.083454,0.098191,,
group1,32,32,1024,1024,16,2,128,0.083868,0.098488,,
group1,32,32,1024,1024,16,2,256,0.083638,0.099311,,
group1,32,32,1024,1024,16,2,512,0.085288,0.099158,,
group1,32,32,1024,1024,16,2,1024,0.084914,0.098526,,
group1,32,32,1024,1024,16,2,2048,0.085312,0.099441,,
group1,32,32,1024,1024,16,2,4096,0.122551,0.099337,,
group1,32,32,1024,1024,32,1,2,0.083555,0.062771,,
group1,32,32,1024,1024,32,1,4,0.083653,0.062908,,
group1,32,32,1024,1024,32,1,8,0.083221,0.062958,,
group1,32,32,1024,1024,32,1,16,0.083639,0.062953,,
group1,32,32,1024,1024,32,1,32,0.084145,0.062640,,
group1,32,32,1024,1024,32,1,64,0.083618,0.062569,,
group1,32,32,1024,1024,32,1,128,0.083909,0.062843,,
group1,32,32,1024,1024,32,1,256,0.084279,0.062591,,
group1,32,32,1024,1024,32,1,512,0.084280,0.062891,,
group1,32,32,1024,1024,32,1,1024,0.084346,0.062853,,
group1,32,32,1024,1024,32,1,2048,0.085175,0.062738,,
group1,32,32,1024,1024,32,1,4096,0.122362,0.062981,,
group1,32,32,2048,2048,1,64,2,0.082859,0.103034,,
group1,32,32,2048,2048,1,64,4,0.083129,0.102992,,
group1,32,32,2048,2048,1,64,8,0.083247,0.102971,,
group1,32,32,2048,2048,1,64,16,0.083685,0.103167,,
group1,32,32,2048,2048,1,64,32,0.083387,0.103049,,
group1,32,32,2048,2048,1,64,64,0.083587,0.102478,,
group1,32,32,2048,2048,1,64,128,0.083974,0.103092,,
group1,32,32,2048,2048,1,64,256,0.083985,0.103142,,
group1,32,32,2048,2048,1,64,512,0.084507,0.102735,,
group1,32,32,2048,2048,1,64,1024,0.085015,0.103499,,
group1,32,32,2048,2048,1,64,2048,0.123797,0.104279,,
group1,32,32,2048,2048,1,64,4096,0.238201,0.134742,,
group1,32,32,2048,2048,2,32,2,0.083358,0.098696,,
group1,32,32,2048,2048,2,32,4,0.083642,0.099489,,
group1,32,32,2048,2048,2,32,8,0.083770,0.099450,,
group1,32,32,2048,2048,2,32,16,0.084277,0.099600,,
group1,32,32,2048,2048,2,32,32,0.084199,0.098989,,
group1,32,32,2048,2048,2,32,64,0.083894,0.099170,,
group1,32,32,2048,2048,2,32,128,0.084470,0.099096,,
group1,32,32,2048,2048,2,32,256,0.084298,0.098876,,
group1,32,32,2048,2048,2,32,512,0.084654,0.099400,,
group1,32,32,2048,2048,2,32,1024,0.085494,0.099989,,
group1,32,32,2048,2048,2,32,2048,0.123748,0.099795,,
group1,32,32,2048,2048,2,32,4096,0.238025,0.105154,,
group1,32,32,2048,2048,4,16,2,0.083479,0.098646,,
group1,32,32,2048,2048,4,16,4,0.084054,0.099646,,
group1,32,32,2048,2048,4,16,8,0.083779,0.099253,,
group1,32,32,2048,2048,4,16,16,0.083778,0.099205,,
group1,32,32,2048,2048,4,16,32,0.083664,0.098733,,
group1,32,32,2048,2048,4,16,64,0.083835,0.099380,,
group1,32,32,2048,2048,4,16,128,0.083908,0.098683,,
group1,32,32,2048,2048,4,16,256,0.083923,0.099117,,
group1,32,32,2048,2048,4,16,512,0.084903,0.099140,,
group1,32,32,2048,2048,4,16,1024,0.085119,0.099453,,
group1,32,32,2048,2048,4,16,2048,0.123422,0.100060,,
group1,32,32,2048,2048,4,16,4096,0.237680,0.099871,,
group1,32,32,2048,2048,8,8,2,0.083674,0.099104,,
group1,32,32,2048,2048,8,8,4,0.083101,0.098681,,
group1,32,32,2048,2048,8,8,8,0.083611,0.099029,,
group1,32,32,2048,2048,8,8,16,0.083625,0.098681,,
group1,32,32,2048,2048,8,8,32,0.083758,0.099778,,
group1,32,32,2048,2048,8,8,64,0.083899,0.099350,,
group1,32,32,2048,2048,8,8,128,0.083766,0.099080,,
group1,32,32,2048,2048,8,8,256,0.084272,0.098904,,
group1,32,32,2048,2048,8,8,512,0.085019,0.099251,,
group1,32,32,2048,2048,8,8,1024,0.085465,0.100144,,
group1,32,32,2048,2048,8,8,2048,0.123114,0.100175,,
group1,32,32,2048,2048,8,8,4096,0.237447,0.100091,,
group1,32,32,2048,2048,16,4,2,0.083696,0.099161,,
group1,32,32,2048,2048,16,4,4,0.083310,0.098950,,
group1,32,32,2048,2048,16,4,8,0.084143,0.099583,,
group1,32,32,2048,2048,16,4,16,0.084090,0.099531,,
group1,32,32,2048,2048,16,4,32,0.083657,0.099562,,
group1,32,32,2048,2048,16,4,64,0.083856,0.099525,,
group1,32,32,2048,2048,16,4,128,0.083851,0.099007,,
group1,32,32,2048,2048,16,4,256,0.084019,0.098994,,
group1,32,32,2048,2048,16,4,512,0.084981,0.099204,,
group1,32,32,2048,2048,16,4,1024,0.085480,0.099439,,
group1,32,32,2048,2048,16,4,2048,0.123834,0.099436,,
group1,32,32,2048,2048,16,4,4096,0.237714,0.110622,,
group1,32,32,2048,2048,32,2,2,0.083488,0.098776,,
group1,32,32,2048,2048,32,2,4,0.083827,0.099594,,
group1,32,32,2048,2048,32,2,8,0.083919,0.099397,,
group1,32,32,2048,2048,32,2,16,0.083924,0.099532,,
group1,32,32,2048,2048,32,2,32,0.083601,0.099623,,
group1,32,32,2048,2048,32,2,64,0.083854,0.099160,,
group1,32,32,2048,2048,32,2,128,0.084118,0.099310,,
group1,32,32,2048,2048,32,2,256,0.084281,0.099326,,
group1,32,32,2048,2048,32,2,512,0.084922,0.099295,,
group1,32,32,2048,2048,32,2,1024,0.085073,0.099811,,
group1,32,32,2048,2048,32,2,2048,0.123507,0.099923,,
group1,32,32,2048,2048,32,2,4096,0.237940,0.111426,,
group1,32,32,2048,2048,64,1,2,0.083602,0.062919,,
group1,32,32,2048,2048,64,1,4,0.083605,0.062691,,
group1,32,32,2048,2048,64,1,8,0.083727,0.062709,,
group1,32,32,2048,2048,64,1,16,0.083950,0.062220,,
group1,32,32,2048,2048,64,1,32,0.083645,0.062139,,
group1,32,32,2048,2048,64,1,64,0.083860,0.062361,,
group1,32,32,2048,2048,64,1,128,0.083494,0.062323,,
group1,32,32,2048,2048,64,1,256,0.084289,0.062125,,
group1,32,32,2048,2048,64,1,512,0.084065,0.062793,,
group1,32,32,2048,2048,64,1,1024,0.085455,0.062724,,
group1,32,32,2048,2048,64,1,2048,0.123567,0.063097,,
group1,32,32,2048,2048,64,1,4096,0.237797,0.062496,,
group1,32,32,4096,4096,1,128,2,0.083805,0.102802,,
group1,32,32,4096,4096,1,128,4,0.083771,0.103042,,
group1,32,32,4096,4096,1,128,8,0.083640,0.102272,,
group1,32,32,4096,4096,1,128,16,0.084030,0.102673,,
group1,32,32,4096,4096,1,128,32,0.084157,0.102435,,
group1,32,32,4096,4096,1,128,64,0.083885,0.102628,,
group1,32,32,4096,4096,1,128,128,0.084581,0.102591,,
group1,32,32,4096,4096,1,128,256,0.084520,0.102373,,
group1,32,32,4096,4096,1,128,512,0.084876,0.103113,,
group1,32,32,4096,4096,1,128,1024,0.123082,0.103736,,
group1,32,32,4096,4096,1,128,2048,0.236393,0.138153,,
group1,32,32,4096,4096,1,128,4096,0.466448,0.263333,,
group1,32,32,4096,4096,2,64,2,0.083646,0.098908,,
group1,32,32,4096,4096,2,64,4,0.083992,0.099089,,
group1,32,32,4096,4096,2,64,8,0.083544,0.098805,,
group1,32,32,4096,4096,2,64,16,0.083914,0.098833,,
group1,32,32,4096,4096,2,64,32,0.083484,0.098931,,
group1,32,32,4096,4096,2,64,64,0.083750,0.098947,,
group1,32,32,4096,4096,2,64,128,0.083741,0.098979,,
group1,32,32,4096,4096,2,64,256,0.084821,0.098791,,
group1,32,32,4096,4096,2,64,512,0.085119,0.099866,,
group1,32,32,4096,4096,2,64,1024,0.123035,0.100164,,
group1,32,32,4096,4096,2,64,2048,0.236358,0.134495,,
group1,32,32,4096,4096,2,64,4096,0.467176,0.256680,,
group1,32,32,4096,4096,4,32,2,0.083235,0.099103,,
group1,32,32,4096,4096,4,32,4,0.083731,0.099440,,
group1,32,32,4096,4096,4,32,8,0.083450,0.098908,,
group1,32,32,4096,4096,4,32,16,0.083566,0.098733,,
group1,32,32,4096,4096,4,32,32,0.083075,0.099276,,
group1,32,32,4096,4096,4,32,64,0.083775,0.098962,,
group1,32,32,4096,4096,4,32,128,0.083717,0.099335,,
group1,32,32,4096,4096,4,32,256,0.084488,0.099146,,
group1,32,32,4096,4096,4,32,512,0.085043,0.099644,,
group1,32,32,4096,4096,4,32,1024,0.123099,0.100022,,
group1,32,32,4096,4096,4,32,2048,0.236488,0.105031,,
group1,32,32,4096,4096,4,32,4096,0.466738,0.196870,,
group1,32,32,4096,4096,8,16,2,0.083456,0.098856,,
group1,32,32,4096,4096,8,16,4,0.083638,0.099555,,
group1,32,32,4096,4096,8,16,8,0.083332,0.098910,,
group1,32,32,4096,4096,8,16,16,0.083335,0.098600,,
group1,32,32,4096,4096,8,16,32,0.082968,0.099235,,
group1,32,32,4096,4096,8,16,64,0.083704,0.099025,,
group1,32,32,4096,4096,8,16,128,0.083275,0.099268,,
group1,32,32,4096,4096,8,16,256,0.084077,0.099130,,
group1,32,32,4096,4096,8,16,512,0.084699,0.099494,,
group1,32,32,4096,4096,8,16,1024,0.123128,0.099837,,
group1,32,32,4096,4096,8,16,2048,0.236457,0.099441,,
group1,32,32,4096,4096,8,16,4096,0.466678,0.177683,,
group1,32,32,4096,4096,16,8,2,0.083486,0.098666,,
group1,32,32,4096,4096,16,8,4,0.083498,0.099350,,
group1,32,32,4096,4096,16,8,8,0.083559,0.098935,,
group1,32,32,4096,4096,16,8,16,0.083385,0.098662,,
group1,32,32,4096,4096,16,8,32,0.083049,0.099445,,
group1,32,32,4096,4096,16,8,64,0.083801,0.098747,,
group1,32,32,4096,4096,16,8,128,0.083522,0.099551,,
group1,32,32,4096,4096,16,8,256,0.084663,0.098643,,
group1,32,32,4096,4096,16,8,512,0.085271,0.099696,,
group1,32,32,4096,4096,16,8,1024,0.122854,0.099724,,
group1,32,32,4096,4096,16,8,2048,0.235994,0.099958,,
group1,32,32,4096,4096,16,8,4096,0.466547,0.189919,,
group1,32,32,4096,4096,32,4,2,0.083595,0.099025,,
group1,32,32,4096,4096,32,4,4,0.083886,0.099552,,
group1,32,32,4096,4096,32,4,8,0.083355,0.098997,,
group1,32,32,4096,4096,32,4,16,0.083396,0.098819,,
group1,32,32,4096,4096,32,4,32,0.083131,0.099412,,
group1,32,32,4096,4096,32,4,64,0.083967,0.098695,,
group1,32,32,4096,4096,32,4,128,0.083607,0.099144,,
group1,32,32,4096,4096,32,4,256,0.084481,0.099013,,
group1,32,32,4096,4096,32,4,512,0.085164,0.099601,,
group1,32,32,4096,4096,32,4,1024,0.123134,0.099687,,
group1,32,32,4096,4096,32,4,2048,0.236560,0.110608,,
group1,32,32,4096,4096,32,4,4096,0.466588,0.211670,,
group1,32,32,4096,4096,64,2,2,0.083579,0.099028,,
group1,32,32,4096,4096,64,2,4,0.083413,0.099095,,
group1,32,32,4096,4096,64,2,8,0.083726,0.099114,,
group1,32,32,4096,4096,64,2,16,0.083719,0.098825,,
group1,32,32,4096,4096,64,2,32,0.083396,0.099200,,
group1,32,32,4096,4096,64,2,64,0.084138,0.099011,,
group1,32,32,4096,4096,64,2,128,0.083582,0.099226,,
group1,32,32,4096,4096,64,2,256,0.084010,0.098962,,
group1,32,32,4096,4096,64,2,512,0.084843,0.099582,,
group1,32,32,4096,4096,64,2,1024,0.123186,0.099664,,
group1,32,32,4096,4096,64,2,2048,0.236501,0.111310,,
group1,32,32,4096,4096,64,2,4096,0.467081,0.213064,,
group1,32,32,4096,4096,128,1,2,0.083772,0.063112,,
group1,32,32,4096,4096,128,1,4,0.083296,0.062794,,
group1,32,32,4096,4096,128,1,8,0.083783,0.062372,,
group1,32,32,4096,4096,128,1,16,0.082763,0.062189,,
group1,32,32,4096,4096,128,1,32,0.083618,0.062471,,
group1,32,32,4096,4096,128,1,64,0.083877,0.062484,,
group1,32,32,4096,4096,128,1,128,0.083801,0.062127,,
group1,32,32,4096,4096,128,1,256,0.083860,0.062346,,
group1,32,32,4096,4096,128,1,512,0.085093,0.063010,,
group1,32,32,4096,4096,128,1,1024,0.122956,0.062866,,
group1,32,32,4096,4096,128,1,2048,0.235967,0.062489,,
group1,32,32,4096,4096,128,1,4096,0.466673,0.062807,,
group1,32,64,512,1024,1,16,2,0.083642,0.102496,,
group1,32,64,512,1024,1,16,4,0.083115,0.102847,,
group1,32,64,512,1024,1,16,8,0.082956,0.102835,,
group1,32,64,512,1024,1,16,16,0.083369,0.102311,,
group1,32,64,512,1024,1,16,32,0.083587,0.102999,,
group1,32,64,512,1024,1,16,64,0.084026,0.102582,,
group1,32,64,512,1024,1,16,128,0.083047,0.102813,,
group1,32,64,512,1024,1,16,256,0.083437,0.102864,,
group1,32,64,512,1024,1,16,512,0.083957,0.103443,,
group1,32,64,512,1024,1,16,1024,0.084080,0.103596,,
group1,32,64,512,1024,1,16,2048,0.084553,0.102924,,
group1,32,64,512,1024,1,16,4096,0.095811,0.102720,,
group1,32,64,512,1024,2,8,2,0.083654,0.099048,,
group1,32,64,512,1024,2,8,4,0.083531,0.099373,,
group1,32,64,512,1024,2,8,8,0.083801,0.099504,,
group1,32,64,512,1024,2,8,16,0.083900,0.099137,,
group1,32,64,512,1024,2,8,32,0.083664,0.099930,,
group1,32,64,512,1024,2,8,64,0.084041,0.099662,,
group1,32,64,512,1024,2,8,128,0.084172,0.099107,,
group1,32,64,512,1024,2,8,256,0.084506,0.099478,,
group1,32,64,512,1024,2,8,512,0.084281,0.099515,,
group1,32,64,512,1024,2,8,1024,0.084975,0.099677,,
group1,32,64,512,1024,2,8,2048,0.085379,0.099664,,
group1,32,64,512,1024,2,8,4096,0.093520,0.099478,,
group1,32,64,512,1024,4,4,2,0.081252,0.097508,,
group1,32,64,512,1024,4,4,4,0.081301,0.098592,,
group1,32,64,512,1024,4,4,8,0.081587,0.098228,,
group1,32,64,512,1024,4,4,16,0.081816,0.098841,,
group1,32,64,512,1024,4,4,32,0.082389,0.098487,,
group1,32,64,512,1024,4,4,64,0.082376,0.098409,,
group1,32,64,512,1024,4,4,128,0.082124,0.098247,,
group1,32,64,512,1024,4,4,256,0.082120,0.098773,,
group1,32,64,512,1024,4,4,512,0.082371,0.099185,,
group1,32,64,512,1024,4,4,1024,0.082581,0.098268,,
group1,32,64,512,1024,4,4,2048,0.082789,0.098081,,
group1,32,64,512,1024,4,4,4096,0.094733,0.097956,,
group1,32,64,512,1024,8,2,2,0.081738,0.098054,,
group1,32,64,512,1024,8,2,4,0.081896,0.098155,,
group1,32,64,512,1024,8,2,8,0.081988,0.097941,,
group1,32,64,512,1024,8,2,16,0.081835,0.097838,,
group1,32,64,512,1024,8,2,32,0.082029,0.098007,,
group1,32,64,512,1024,8,2,64,0.081718,0.097721,,
group1,32,64,512,1024,8,2,128,0.081949,0.097852,,
group1,32,64,512,1024,8,2,256,0.082270,0.098248,,
group1,32,64,512,1024,8,2,512,0.081899,0.098200,,
group1,32,64,512,1024,8,2,1024,0.082611,0.097924,,
group1,32,64,512,1024,8,2,2048,0.082718,0.098244,,
group1,32,64,512,1024,8,2,4096,0.093076,0.098353,,
group1,32,64,512,1024,16,1,2,0.081816,0.061967,,
group1,32,64,512,1024,16,1,4,0.082185,0.062026,,
group1,32,64,512,1024,16,1,8,0.081918,0.062146,,
group1,32,64,512,1024,16,1,16,0.082102,0.062333,,
group1,32,64,512,1024,16,1,32,0.082485,0.062218,,
group1,32,64,512,1024,16,1,64,0.081890,0.062236,,
group1,32,64,512,1024,16,1,128,0.082265,0.062665,,
group1,32,64,512,1024,16,1,256,0.082195,0.062365,,
group1,32,64,512,1024,16,1,512,0.082628,0.062601,,
group1,32,64,512,1024,16,1,1024,0.082322,0.062332,,
group1,32,64,512,1024,16,1,2048,0.083174,0.062252,,
group1,32,64,512,1024,16,1,4096,0.095231,0.061967,,
group1,32,64,1024,2048,1,32,2,0.081363,0.100787,,
group1,32,64,1024,2048,1,32,4,0.082218,0.101655,,
group1,32,64,1024,2048,1,32,8,0.082444,0.101158,,
group1,32,64,1024,2048,1,32,16,0.082051,0.101315,,
group1,32,64,1024,2048,1,32,32,0.082152,0.101082,,
group1,32,64,1024,2048,1,32,64,0.081877,0.101067,,
group1,32,64,1024,2048,1,32,128,0.082028,0.101039,,
group1,32,64,1024,2048,1,32,256,0.082234,0.100607,,
group1,32,64,1024,2048,1,32,512,0.082759,0.101376,,
group1,32,64,1024,2048,1,32,1024,0.082985,0.101035,,
group1,32,64,1024,2048,1,32,2048,0.096380,0.100951,,
group1,32,64,1024,2048,1,32,4096,0.179262,0.101868,,
group1,32,64,1024,2048,2,16,2,0.082320,0.097807,,
group1,32,64,1024,2048,2,16,4,0.082512,0.098044,,
group1,32,64,1024,2048,2,16,8,0.082833,0.098141,,
group1,32,64,1024,2048,2,16,16,0.082117,0.097931,,
group1,32,64,1024,2048,2,16,32,0.082014,0.097689,,
group1,32,64,1024,2048,2,16,64,0.082524,0.098057,,
group1,32,64,1024,2048,2,16,128,0.082378,0.097960,,
group1,32,64,1024,2048,2,16,256,0.082331,0.097949,,
group1,32,64,1024,2048,2,16,512,0.082877,0.098439,,
group1,32,64,1024,2048,2,16,1024,0.083384,0.098378,,
group1,32,64,1024,2048,2,16,2048,0.093939,0.097904,,
group1,32,64,1024,2048,2,16,4096,0.178854,0.099121,,
group1,32,64,1024,2048,4,8,2,0.082491,0.098100,,
group1,32,64,1024,2048,4,8,4,0.082492,0.098559,,
group1,32,64,1024,2048,4,8,8,0.082803,0.099004,,
group1,32,64,1024,2048,4,8,16,0.082450,0.098073,,
group1,32,64,1024,2048,4,8,32,0.082467,0.098570,,
group1,32,64,1024,2048,4,8,64,0.082914,0.098281,,
group1,32,64,1024,2048,4,8,128,0.082824,0.098355,,
group1,32,64,1024,2048,4,8,256,0.082795,0.097965,,
group1,32,64,1024,2048,4,8,512,0.083459,0.098261,,
group1,32,64,1024,2048,4,8,1024,0.083540,0.098318,,
group1,32,64,1024,2048,4,8,2048,0.093944,0.097792,,
group1,32,64,1024,2048,4,8,4096,0.178491,0.099370,,
group1,32,64,1024,2048,8,4,2,0.082341,0.098068,,
group1,32,64,1024,2048,8,4,4,0.083089,0.098293,,
group1,32,64,1024,2048,8,4,8,0.082773,0.098669,,
group1,32,64,1024,2048,8,4,16,0.082351,0.097845,,
group1,32,64,1024,2048,8,4,32,0.082754,0.097942,,
group1,32,64,1024,2048,8,4,64,0.082864,0.097996,,
group1,32,64,1024,2048,8,4,128,0.082610,0.098037,,
group1,32,64,1024,2048,8,4,256,0.082400,0.097795,,
group1,32,64,1024,2048,8,4,512,0.083363,0.098547,,
group1,32,64,1024,2048,8,4,1024,0.083563,0.098285,,
group1,32,64,1024,2048,8,4,2048,0.095947,0.097920,,
group1,32,64,1024,2048,8,4,4096,0.178664,0.099266,,
group1,32,64,1024,2048,16,2,2,0.082811,0.098237,,
group1,32,64,1024,2048,16,2,4,0.082870,0.098307,,
group1,32,64,1024,2048,16,2,8,0.082501,0.098776,,
group1,32,64,1024,2048,16,2,16,0.082437,0.098082,,
group1,32,64,1024,2048,16,2,32,0.082247,0.097968,,
group1,32,64,1024,2048,16,2,64,0.082903,0.098574,,
group1,32,64,1024,2048,16,2,128,0.082875,0.098232,,
group1,32,64,1024,2048,16,2,256,0.082906,0.098219,,
group1,32,64,1024,2048,16,2,512,0.083411,0.098791,,
group1,32,64,1024,2048,16,2,1024,0.083580,0.098739,,
group1,32,64,1024,2048,16,2,2048,0.095947,0.098268,,
group1,32,64,1024,2048,16,2,4096,0.178628,0.099156,,
group1,32,64,1024,2048,32,1,2,0.082514,0.062587,,
group1,32,64,1024,2048,32,1,4,0.082571,0.062040,,
group1,32,64,1024,2048,32,1,8,0.082895,0.062485,,
group1,32,64,1024,2048,32,1,16,0.082903,0.062556,,
group1,32,64,1024,2048,32,1,32,0.082837,0.062516,,
group1,32,64,1024,2048,32,1,64,0.083441,0.062559,,
group1,32,64,1024,2048,32,1,128,0.083537,0.061594,,
group1,32,64,1024,2048,32,1,256,0.083253,0.062253,,
group1,32,64,1024,2048,32,1,512,0.083702,0.062322,,
group1,32,64,1024,2048,32,1,1024,0.083835,0.062212,,
group1,32,64,1024,2048,32,1,2048,0.093969,0.061960,,
group1,32,64,1024,2048,32,1,4096,0.178618,0.062270,,
group1,32,64,2048,4096,1,64,2,0.082692,0.101417,,
group1,32,64,2048,4096,1,64,4,0.082706,0.101357,,
group1,32,64,2048,4096,1,64,8,0.082250,0.100858,,
group1,32,64,2048,4096,1,64,16,0.082387,0.100657,,
group1,32,64,2048,4096,1,64,32,0.083122,0.100689,,
group1,32,64,2048,4096,1,64,64,0.083318,0.101554,,
group1,32,64,2048,4096,1,64,128,0.082373,0.101095,,
group1,32,64,2048,4096,1,64,256,0.083895,0.101891,,
group1,32,64,2048,4096,1,64,512,0.083839,0.100966,,
group1,32,64,2048,4096,1,64,1024,0.097777,0.101229,,
group1,32,64,2048,4096,1,64,2048,0.178068,0.109248,,
group1,32,64,2048,4096,1,64,4096,0.353310,0.212170,,
group1,32,64,2048,4096,2,32,2,0.082773,0.098176,,
group1,32,64,2048,4096,2,32,4,0.082760,0.097997,,
group1,32,64,2048,4096,2,32,8,0.082847,0.098569,,
group1,32,64,2048,4096,2,32,16,0.083057,0.097776,,
group1,32,64,2048,4096,2,32,32,0.082603,0.098283,,
group1,32,64,2048,4096,2,32,64,0.083117,0.098757,,
group1,32,64,2048,4096,2,32,128,0.082469,0.098740,,
group1,32,64,2048,4096,2,32,256,0.083568,0.098462,,
group1,32,64,2048,4096,2,32,512,0.084036,0.098137,,
group1,32,64,2048,4096,2,32,1024,0.095177,0.097484,,
group1,32,64,2048,4096,2,32,2048,0.177671,0.098901,,
group1,32,64,2048,4096,2,32,4096,0.351749,0.149124,,
group1,32,64,2048,4096,4,16,2,0.082555,0.098268,,
group1,32,64,2048,4096,4,16,4,0.082627,0.098160,,
group1,32,64,2048,4096,4,16,8,0.082057,0.098169,,
group1,32,64,2048,4096,4,16,16,0.082644,0.098828,,
group1,32,64,2048,4096,4,16,32,0.083081,0.099009,,
group1,32,64,2048,4096,4,16,64,0.083137,0.098599,,
group1,32,64,2048,4096,4,16,128,0.082702,0.098365,,
group1,32,64,2048,4096,4,16,256,0.083424,0.098730,,
group1,32,64,2048,4096,4,16,512,0.083764,0.098568,,
group1,32,64,2048,4096,4,16,1024,0.095207,0.098087,,
group1,32,64,2048,4096,4,16,2048,0.177367,0.099133,,
group1,32,64,2048,4096,4,16,4096,0.351987,0.132711,,
group1,32,64,2048,4096,8,8,2,0.082644,0.098370,,
group1,32,64,2048,4096,8,8,4,0.083300,0.098249,,
group1,32,64,2048,4096,8,8,8,0.082111,0.098310,,
group1,32,64,2048,4096,8,8,16,0.083169,0.098790,,
group1,32,64,2048,4096,8,8,32,0.083466,0.098684,,
group1,32,64,2048,4096,8,8,64,0.083471,0.098785,,
group1,32,64,2048,4096,8,8,128,0.083068,0.099078,,
group1,32,64,2048,4096,8,8,256,0.083757,0.098720,,
group1,32,64,2048,4096,8,8,512,0.084194,0.098211,,
group1,32,64,2048,4096,8,8,1024,0.095168,0.097688,,
group1,32,64,2048,4096,8,8,2048,0.177319,0.099104,,
group1,32,64,2048,4096,8,8,4096,0.351039,0.137443,,
group1,32,64,2048,4096,16,4,2,0.082840,0.098236,,
group1,32,64,2048,4096,16,4,4,0.082950,0.098051,,
group1,32,64,2048,4096,16,4,8,0.082606,0.097957,,
group1,32,64,2048,4096,16,4,16,0.082931,0.098319,,
group1,32,64,2048,4096,16,4,32,0.083791,0.098836,,
group1,32,64,2048,4096,16,4,64,0.084179,0.098794,,
group1,32,64,2048,4096,16,4,128,0.082767,0.098763,,
group1,32,64,2048,4096,16,4,256,0.083969,0.099525,,
group1,32,64,2048,4096,16,4,512,0.084345,0.098597,,
group1,32,64,2048,4096,16,4,1024,0.095209,0.098254,,
group1,32,64,2048,4096,16,4,2048,0.177374,0.099375,,
group1,32,64,2048,4096,16,4,4096,0.350947,0.142083,,
group1,32,64,2048,4096,32,2,2,0.082903,0.098307,,
group1,32,64,2048,4096,32,2,4,0.082858,0.098431,,
group1,32,64,2048,4096,32,2,8,0.082468,0.098209,,
group1,32,64,2048,4096,32,2,16,0.082618,0.098421,,
group1,32,64,2048,4096,32,2,32,0.083067,0.099018,,
group1,32,64,2048,4096,32,2,64,0.083327,0.098771,,
group1,32,64,2048,4096,32,2,128,0.082485,0.098787,,
group1,32,64,2048,4096,32,2,256,0.083496,0.098829,,
group1,32,64,2048,4096,32,2,512,0.083793,0.098697,,
group1,32,64,2048,4096,32,2,1024,0.097286,0.098128,,
group1,32,64,2048,4096,32,2,2048,0.177385,0.099495,,
group1,32,64,2048,4096,32,2,4096,0.350807,0.158301,,
group1,32,64,2048,4096,64,1,2,0.082959,0.062387,,
group1,32,64,2048,4096,64,1,4,0.082730,0.062388,,
group1,32,64,2048,4096,64,1,8,0.082560,0.062255,,
group1,32,64,2048,4096,64,1,16,0.083331,0.062428,,
group1,32,64,2048,4096,64,1,32,0.082811,0.062437,,
group1,32,64,2048,4096,64,1,64,0.082754,0.062527,,
group1,32,64,2048,4096,64,1,128,0.082705,0.062225,,
group1,32,64,2048,4096,64,1,256,0.083668,0.062298,,
group1,32,64,2048,4096,64,1,512,0.083661,0.062513,,
group1,32,64,2048,4096,64,1,1024,0.095243,0.062164,,
group1,32,64,2048,4096,64,1,2048,0.177555,0.062623,,
group1,32,64,2048,4096,64,1,4096,0.350187,0.062280,,
group1,64,8,4096,512,1,64,2,0.082611,0.100408,,
group1,64,8,4096,512,1,64,4,0.083085,0.101818,,
group1,64,8,4096,512,1,64,8,0.082747,0.101087,,
group1,64,8,4096,512,1,64,16,0.083117,0.101419,,
group1,64,8,4096,512,1,64,32,0.083262,0.101669,,
group1,64,8,4096,512,1,64,64,0.083254,0.101561,,
group1,64,8,4096,512,1,64,128,0.082820,0.101740,,
group1,64,8,4096,512,1,64,256,0.083541,0.101100,,
group1,64,8,4096,512,1,64,512,0.084016,0.101624,,
group1,64,8,4096,512,1,64,1024,0.084277,0.101894,,
group1,64,8,4096,512,1,64,2048,0.132565,0.102326,,
group1,64,8,4096,512,1,64,4096,0.252075,0.179573,,
group1,64,8,4096,512,2,32,2,0.082857,0.097716,,
group1,64,8,4096,512,2,32,4,0.083518,0.098894,,
group1,64,8,4096,512,2,32,8,0.082647,0.098265,,
group1,64,8,4096,512,2,32,16,0.083061,0.098246,,
group1,64,8,4096,512,2,32,32,0.082465,0.098008,,
group1,64,8,4096,512,2,32,64,0.082853,0.098218,,
group1,64,8,4096,512,2,32,128,0.082903,0.098416,,
group1,64,8,4096,512,2,32,256,0.083632,0.097882,,
group1,64,8,4096,512,2,32,512,0.084146,0.098751,,
group1,64,8,4096,512,2,32,1024,0.084603,0.098764,,
group1,64,8,4096,512,2,32,2048,0.132566,0.099564,,
group1,64,8,4096,512,2,32,4096,0.252087,0.174333,,
group1,64,8,4096,512,4,16,2,0.082785,0.098114,,
group1,64,8,4096,512,4,16,4,0.082636,0.098355,,
group1,64,8,4096,512,4,16,8,0.082681,0.098152,,
group1,64,8,4096,512,4,16,16,0.083493,0.098081,,
group1,64,8,4096,512,4,16,32,0.082590,0.098157,,
group1,64,8,4096,512,4,16,64,0.083010,0.098578,,
group1,64,8,4096,512,4,16,128,0.083056,0.098487,,
group1,64,8,4096,512,4,16,256,0.083163,0.098288,,
group1,64,8,4096,512,4,16,512,0.083409,0.098928,,
group1,64,8,4096,512,4,16,1024,0.083943,0.098772,,
group1,64,8,4096,512,4,16,2048,0.132562,0.100005,,
group1,64,8,4096,512,4,16,4096,0.252092,0.116735,,
group1,64,8,4096,512,8,8,2,0.082790,0.097732,,
group1,64,8,4096,512,8,8,4,0.083265,0.098555,,
group1,64,8,4096,512,8,8,8,0.083457,0.098262,,
group1,64,8,4096,512,8,8,16,0.083712,0.098510,,
group1,64,8,4096,512,8,8,32,0.083296,0.098029,,
group1,64,8,4096,512,8,8,64,0.083140,0.098362,,
group1,64,8,4096,512,8,8,128,0.083306,0.098578,,
group1,64,8,4096,512,8,8,256,0.083605,0.098208,,
group1,64,8,4096,512,8,8,512,0.084153,0.098986,,
group1,64,8,4096,512,8,8,1024,0.084494,0.098792,,
group1,64,8,4096,512,8,8,2048,0.132574,0.099592,,
group1,64,8,4096,512,8,8,4096,0.252116,0.118563,,
group1,64,8,4096,512,16,4,2,0.082643,0.098411,,
group1,64,8,4096,512,16,4,4,0.082952,0.098564,,
group1,64,8,4096,512,16,4,8,0.082987,0.098631,,
group1,64,8,4096,512,16,4,16,0.083348,0.098407,,
group1,64,8,4096,512,16,4,32,0.083142,0.098371,,
group1,64,8,4096,512,16,4,64,0.083228,0.098778,,
group1,64,8,4096,512,16,4,128,0.082866,0.098320,,
group1,64,8,4096,512,16,4,256,0.083464,0.098209,,
group1,64,8,4096,512,16,4,512,0.083961,0.098927,,
group1,64,8,4096,512,16,4,1024,0.084283,0.098834,,
group1,64,8,4096,512,16,4,2048,0.132572,0.099987,,
group1,64,8,4096,512,16,4,4096,0.252102,0.123284,,
group1,64,8,4096,512,32,2,2,0.082755,0.098317,,
group1,64,8,4096,512,32,2,4,0.083184,0.098607,,
group1,64,8,4096,512,32,2,8,0.083225,0.098393,,
group1,64,8,4096,512,32,2,16,0.083541,0.098620,,
group1,64,8,4096,512,32,2,32,0.083038,0.098666,,
group1,64,8,4096,512,32,2,64,0.082942,0.098721,,
group1,64,8,4096,512,32,2,128,0.083377,0.098635,,
group1,64,8,4096,512,32,2,256,0.083544,0.098257,,
group1,64,8,4096,512,32,2,512,0.084026,0.099041,,
group1,64,8,4096,512,32,2,1024,0.084473,0.099370,,
group1,64,8,4096,512,32,2,2048,0.132598,0.099767,,
group1,64,8,4096,512,32,2,4096,0.252077,0.124193,,
group1,64,8,4096,512,64,1,2,0.082367,0.062518,,
group1,64,8,4096,512,64,1,4,0.083554,0.062413,,
group1,64,8,4096,512,64,1,8,0.083455,0.062431,,
group1,64,8,4096,512,64,1,16,0.083036,0.062499,,
group1,64,8,4096,512,64,1,32,0.083267,0.062548,,
group1,64,8,4096,512,64,1,64,0.082189,0.062500,,
group1,64,8,4096,512,64,1,128,0.083069,0.062827,,
group1,64,8,4096,512,64,1,256,0.083376,0.062583,,
group1,64,8,4096,512,64,1,512,0.084297,0.062750,,
group1,64,8,4096,512,64,1,1024,0.083598,0.062464,,
group1,64,8,4096,512,64,1,2048,0.131225,0.062798,,
group1,64,8,4096,512,64,1,4096,0.252022,0.063097,,
group1,64,16,2048,512,1,32,2,0.082168,0.101145,,
group1,64,16,2048,512,1,32,4,0.083088,0.101436,,
group1,64,16,2048,512,1,32,8,0.083150,0.101266,,
group1,64,16,2048,512,1,32,16,0.082999,0.101118,,
group1,64,16,2048,512,1,32,32,0.083514,0.101635,,
group1,64,16,2048,512,1,32,64,0.082343,0.101962,,
group1,64,16,2048,512,1,32,128,0.083239,0.101599,,
group1,64,16,2048,512,1,32,256,0.083143,0.101300,,
group1,64,16,2048,512,1,32,512,0.083598,0.101669,,
group1,64,16,2048,512,1,32,1024,0.084095,0.102024,,
group1,64,16,2048,512,1,32,2048,0.084084,0.103035,,
group1,64,16,2048,512,1,32,4096,0.143971,0.103077,,
group1,64,16,2048,512,2,16,2,0.082555,0.098177,,
group1,64,16,2048,512,2,16,4,0.083085,0.098576,,
group1,64,16,2048,512,2,16,8,0.082611,0.098612,,
group1,64,16,2048,512,2,16,16,0.082981,0.098735,,
group1,64,16,2048,512,2,16,32,0.083100,0.098850,,
group1,64,16,2048,512,2,16,64,0.082543,0.098194,,
group1,64,16,2048,512,2,16,128,0.083004,0.098652,,
group1,64,16,2048,512,2,16,256,0.083489,0.098596,,
group1,64,16,2048,512,2,16,512,0.083746,0.098420,,
group1,64,16,2048,512,2,16,1024,0.084172,0.099082,,
group1,64,16,2048,512,2,16,2048,0.083848,0.099597,,
group1,64,16,2048,512,2,16,4096,0.143956,0.100697,,
group1,64,16,2048,512,4,8,2,0.082807,0.097964,,
group1,64,16,2048,512,4,8,4,0.083709,0.099046,,
group1,64,16,2048,512,4,8,8,0.083335,0.098860,,
group1,64,16,2048,512,4,8,16,0.083704,0.098694,,
group1,64,16,2048,512,4,8,32,0.083442,0.098939,,
group1,64,16,2048,512,4,8,64,0.082352,0.098535,,
group1,64,16,2048,512,4,8,128,0.082794,0.098970,,
group1,64,16,2048,512,4,8,256,0.083251,0.098428,,
group1,64,16,2048,512,4,8,512,0.083888,0.098705,,
group1,64,16,2048,512,4,8,1024,0.084305,0.099327,,
group1,64,16,2048,512,4,8,2048,0.083891,0.099412,,
group1,64,16,2048,512,4,8,4096,0.143992,0.100151,,
group1,64,16,2048,512,8,4,2,0.081697,0.098364,,
group1,64,16,2048,512,8,4,4,0.082783,0.098446,,
group1,64,16,2048,512,8,4,8,0.082740,0.098582,,
group1,64,16,2048,512,8,4,16,0.083058,0.098532,,
group1,64,16,2048,512,8,4,32,0.083263,0.098579,,
group1,64,16,2048,512,8,4,64,0.082728,0.098245,,
group1,64,16,2048,512,8,4,128,0.082990,0.098916,,
group1,64,16,2048,512,8,4,256,0.083600,0.098825,,
group1,64,16,2048,512,8,4,512,0.083687,0.098937,,
group1,64,16,2048,512,8,4,1024,0.084349,0.098916,,
group1,64,16,2048,512,8,4,2048,0.084057,0.099331,,
group1,64,16,2048,512,8,4,4096,0.144020,0.100488,,
group1,64,16,2048,512,16,2,2,0.082671,0.098074,,
group1,64,16,2048,512,16,2,4,0.083180,0.099115,,
group1,64,16,2048,512,16,2,8,0.082784,0.098885,,
group1,64,16,2048,512,16,2,16,0.083064,0.098801,,
group1,64,16,2048,512,16,2,32,0.082963,0.099004,,
group1,64,16,2048,512,16,2,64,0.082464,0.098577,,
group1,64,16,2048,512,16,2,128,0.083250,0.099092,,
group1,64,16,2048,512,16,2,256,0.083921,0.098545,,
group1,64,16,2048,512,16,2,512,0.084322,0.098913,,
group1,64,16,2048,512,16,2,1024,0.084316,0.099180,,
group1,64,16,2048,512,16,2,2048,0.084246,0.100088,,
group1,64,16,2048,512,16,2,4096,0.144075,0.100230,,
group1,64,16,2048,512,32,1,2,0.083476,0.062370,,
group1,64,16,2048,512,32,1,4,0.082998,0.062375,,
group1,64,16,2048,512,32,1,8,0.083233,0.062220,,
group1,64,16,2048,512,32,1,16,0.083000,0.062627,,
group1,64,16,2048,512,32,1,32,0.083483,0.062712,,
group1,64,16,2048,512,32,1,64,0.083272,0.062296,,
group1,64,16,2048,512,32,1,128,0.083347,0.062529,,
group1,64,16,2048,512,32,1,256,0.083559,0.062648,,
group1,64,16,2048,512,32,1,512,0.084266,0.062421,,
group1,64,16,2048,512,32,1,1024,0.084168,0.062544,,
group1,64,16,2048,512,32,1,2048,0.084404,0.063349,,
group1,64,16,2048,512,32,1,4096,0.144072,0.062976,,
group1,64,16,4096,1024,1,64,2,0.082724,0.101019,,
group1,64,16,4096,1024,1,64,4,0.083173,0.101483,,
group1,64,16,4096,1024,1,64,8,0.083644,0.101360,,
group1,64,16,4096,1024,1,64,16,0.083231,0.101871,,
group1,64,16,4096,1024,1,64,32,0.083587,0.101379,,
group1,64,16,4096,1024,1,64,64,0.082892,0.101347,,
group1,64,16,4096,1024,1,64,128,0.083363,0.101483,,
group1,64,16,4096,1024,1,64,256,0.083248,0.100827,,
group1,64,16,4096,1024,1,64,512,0.083769,0.101789,,
group1,64,16,4096,1024,1,64,1024,0.083576,0.101411,,
group1,64,16,4096,1024,1,64,2048,0.142674,0.103196,,
group1,64,16,4096,1024,1,64,4096,0.270757,0.190193,,
group1,64,16,4096,1024,2,32,2,0.082568,0.098207,,
group1,64,16,4096,1024,2,32,4,0.082701,0.098368,,
group1,64,16,4096,1024,2,32,8,0.083358,0.098397,,
group1,64,16,4096,1024,2,32,16,0.083362,0.098449,,
group1,64,16,4096,1024,2,32,32,0.083123,0.098205,,
group1,64,16,4096,1024,2,32,64,0.082492,0.097868,,
group1,64,16,4096,1024,2,32,128,0.083142,0.097983,,
group1,64,16,4096,1024,2,32,256,0.083577,0.098443,,
group1,64,16,4096,1024,2,32,512,0.084038,0.098800,,
group1,64,16,4096,1024,2,32,1024,0.083948,0.098607,,
group1,64,16,4096,1024,2,32,2048,0.142926,0.100015,,
group1,64,16,4096,1024,2,32,4096,0.270712,0.181714,,
group1,64,16,4096,1024,4,16,2,0.082278,0.098121,,
group1,64,16,4096,1024,4,16,4,0.082340,0.098088,,
group1,64,16,4096,1024,4,16,8,0.082689,0.098692,,
group1,64,16,4096,1024,4,16,16,0.083086,0.098169,,
group1,64,16,4096,1024,4,16,32,0.082670,0.098394,,
group1,64,16,4096,1024,4,16,64,0.082765,0.097971,,
group1,64,16,4096,1024,4,16,128,0.083357,0.098316,,
group1,64,16,4096,1024,4,16,256,0.083401,0.098193,,
group1,64,16,4096,1024,4,16,512,0.084150,0.098684,,
group1,64,16,4096,1024,4,16,1024,0.084403,0.098460,,
group1,64,16,4096,1024,4,16,2048,0.142654,0.099908,,
group1,64,16,4096,1024,4,16,4096,0.270711,0.123200,,
group1,64,16,4096,1024,8,8,2,0.082585,0.098117,,
group1,64,16,4096,1024,8,8,4,0.083094,0.098699,,
group1,64,16,4096,1024,8,8,8,0.083189,0.099113,,
group1,64,16,4096,1024,8,8,16,0.083043,0.098794,,
group1,64,16,4096,1024,8,8,32,0.082840,0.098588,,
group1,64,16,4096,1024,8,8,64,0.082677,0.098209,,
group1,64,16,4096,1024,8,8,128,0.082644,0.098111,,
group1,64,16,4096,1024,8,8,256,0.083318,0.098670,,
group1,64,16,4096,1024,8,8,512,0.084019,0.098928,,
group1,64,16,4096,1024,8,8,1024,0.083638,0.098773,,
group1,64,16,4096,1024,8,8,2048,0.142940,0.099966,,
group1,64,16,4096,1024,8,8,4096,0.270722,0.129201,,
group1,64,16,4096,1024,16,4,2,0.082361,0.098087,,
group1,64,16,4096,1024,16,4,4,0.082757,0.098329,,
group1,64,16,4096,1024,16,4,8,0.083042,0.098964,,
group1,64,16,4096,1024,16,4,16,0.082967,0.098836,,
group1,64,16,4096,1024,16,4,32,0.082661,0.098458,,
group1,64,16,4096,1024,16,4,64,0.082414,0.097909,,
group1,64,16,4096,1024,16,4,128,0.082879,0.098328,,
group1,64,16,4096,1024,16,4,256,0.083620,0.098286,,
group1,64,16,4096,1024,16,4,512,0.084275,0.098673,,
group1,64,16,4096,1024,16,4,1024,0.084099,0.098416,,
group1,64,16,4096,1024,16,4,2048,0.142665,0.100606,,
group1,64,16,4096,1024,16,4,4096,0.270907,0.133716,,
group1,64,16,4096,1024,32,2,2,0.082241,0.098302,,
group1,64,16,4096,1024,32,2,4,0.082761,0.098559,,
group1,64,16,4096,1024,32,2,8,0.083069,0.099116,,
group1,64,16,4096,1024,32,2,16,0.083432,0.098708,,
group1,64,16,4096,1024,32,2,32,0.083252,0.098742,,
group1,64,16,4096,1024,32,2,64,0.083059,0.098033,,
group1,64,16,4096,1024,32,2,128,0.082615,0.098121,,
group1,64,16,4096,1024,32,2,256,0.083480,0.098622,,
group1,64,16,4096,1024,32,2,512,0.084056,0.099213,,
group1,64,16,4096,1024,32,2,1024,0.084177,0.098844,,
group1,64,16,4096,1024,32,2,2048,0.142922,0.100296,,
group1,64,16,4096,1024,32,2,4096,0.270970,0.134973,,
group1,64,16,4096,1024,64,1,2,0.083755,0.062498,,
group1,64,16,4096,1024,64,1,4,0.083522,0.062394,,
group1,64,16,4096,1024,64,1,8,0.083450,0.062688,,
group1,64,16,4096,1024,64,1,16,0.083718,0.062113,,
group1,64,16,4096,1024,64,1,32,0.083846,0.062566,,
group1,64,16,4096,1024,64,1,64,0.082883,0.062667,,
group1,64,16,4096,1024,64,1,128,0.083025,0.062529,,
group1,64,16,4096,1024,64,1,256,0.083658,0.062422,,
group1,64,16,4096,1024,64,1,512,0.084392,0.062731,,
group1,64,16,4096,1024,64,1,1024,0.084486,0.062885,,
group1,64,16,4096,1024,64,1,2048,0.142696,0.062798,,
group1,64,16,4096,1024,64,1,4096,0.270941,0.062911,,
group1,64,32,1024,512,1,16,2,0.082529,0.101032,,
group1,64,32,1024,512,1,16,4,0.083332,0.100718,,
group1,64,32,1024,512,1,16,8,0.082695,0.101509,,
group1,64,32,1024,512,1,16,16,0.083318,0.101397,,
group1,64,32,1024,512,1,16,32,0.082936,0.101317,,
group1,64,32,1024,512,1,16,64,0.083002,0.100563,,
group1,64,32,1024,512,1,16,128,0.083020,0.101457,,
group1,64,32,1024,512,1,16,256,0.083335,0.101014,,
group1,64,32,1024,512,1,16,512,0.083419,0.101359,,
group1,64,32,1024,512,1,16,1024,0.083477,0.101012,,
group1,64,32,1024,512,1,16,2048,0.084022,0.101426,,
group1,64,32,1024,512,1,16,4096,0.105694,0.101471,,
group1,64,32,1024,512,2,8,2,0.082748,0.098361,,
group1,64,32,1024,512,2,8,4,0.082940,0.099034,,
group1,64,32,1024,512,2,8,8,0.083363,0.098954,,
group1,64,32,1024,512,2,8,16,0.083437,0.099020,,
group1,64,32,1024,512,2,8,32,0.083155,0.098336,,
group1,64,32,1024,512,2,8,64,0.083446,0.098309,,
group1,64,32,1024,512,2,8,128,0.083244,0.098762,,
group1,64,32,1024,512,2,8,256,0.082909,0.098811,,
group1,64,32,1024,512,2,8,512,0.083600,0.098380,,
group1,64,32,1024,512,2,8,1024,0.083773,0.098475,,
group1,64,32,1024,512,2,8,2048,0.083903,0.098412,,
group1,64,32,1024,512,2,8,4096,0.105621,0.098660,,
group1,64,32,1024,512,4,4,2,0.082672,0.098282,,
group1,64,32,1024,512,4,4,4,0.082880,0.099040,,
group1,64,32,1024,512,4,4,8,0.082638,0.098669,,
group1,64,32,1024,512,4,4,16,0.083120,0.098613,,
group1,64,32,1024,512,4,4,32,0.082931,0.098385,,
group1,64,32,1024,512,4,4,64,0.082845,0.098663,,
group1,64,32,1024,512,4,4,128,0.082796,0.098184,,
group1,64,32,1024,512,4,4,256,0.083189,0.098476,,
group1,64,32,1024,512,4,4,512,0.083053,0.097628,,
group1,64,32,1024,512,4,4,1024,0.083342,0.098086,,
group1,64,32,1024,512,4,4,2048,0.084126,0.097987,,
group1,64,32,1024,512,4,4,4096,0.105620,0.098951,,
group1,64,32,1024,512,8,2,2,0.082629,0.098067,,
group1,64,32,1024,512,8,2,4,0.082620,0.098267,,
group1,64,32,1024,512,8,2,8,0.083064,0.099201,,
group1,64,32,1024,512,8,2,16,0.083256,0.098555,,
group1,64,32,1024,512,8,2,32,0.083058,0.098640,,
group1,64,32,1024,512,8,2,64,0.083238,0.098861,,
group1,64,32,1024,512,8,2,128,0.083202,0.099096,,
group1,64,32,1024,512,8,2,256,0.082780,0.098876,,
group1,64,32,1024,512,8,2,512,0.083813,0.099062,,
group1,64,32,1024,512,8,2,1024,0.083959,0.098996,,
group1,64,32,1024,512,8,2,2048,0.083921,0.098530,,
group1,64,32,1024,512,8,2,4096,0.105670,0.098783,,
group1,64,32,1024,512,16,1,2,0.082989,0.062868,,
group1,64,32,1024,512,16,1,4,0.083193,0.062493,,
group1,64,32,1024,512,16,1,8,0.083238,0.062599,,
group1,64,32,1024,512,16,1,16,0.083091,0.062799,,
group1,64,32,1024,512,16,1,32,0.082774,0.062695,,
group1,64,32,1024,512,16,1,64,0.082861,0.062324,,
group1,64,32,1024,512,16,1,128,0.083124,0.062812,,
group1,64,32,1024,512,16,1,256,0.083354,0.062529,,
group1,64,32,1024,512,16,1,512,0.084303,0.062730,,
group1,64,32,1024,512,16,1,1024,0.083816,0.062389,,
group1,64,32,1024,512,16,1,2048,0.084399,0.062339,,
group1,64,32,1024,512,16,1,4096,0.105595,0.062766,,
group1,64,32,2048,1024,1,32,2,0.082611,0.101586,,
group1,64,32,2048,1024,1,32,4,0.083144,0.101806,,
group1,64,32,2048,1024,1,32,8,0.082964,0.101249,,
group1,64,32,2048,1024,1,32,16,0.083521,0.101798,,
group1,64,32,2048,1024,1,32,32,0.083161,0.101872,,
group1,64,32,2048,1024,1,32,64,0.083137,0.101644,,
group1,64,32,2048,1024,1,32,128,0.083277,0.101573,,
group1,64,32,2048,1024,1,32,256,0.083657,0.101785,,
group1,64,32,2048,1024,1,32,512,0.083260,0.101349,,
group1,64,32,2048,1024,1,32,1024,0.084082,0.101067,,
group1,64,32,2048,1024,1,32,2048,0.103533,0.102965,,
group1,64,32,2048,1024,1,32,4096,0.194834,0.106779,,
group1,64,32,2048,1024,2,16,2,0.082819,0.098074,,
group1,64,32,2048,1024,2,16,4,0.083434,0.099592,,
group1,64,32,2048,1024,2,16,8,0.082696,0.098546,,
group1,64,32,2048,1024,2,16,16,0.083600,0.098798,,
group1,64,32,2048,1024,2,16,32,0.082882,0.098758,,
group1,64,32,2048,1024,2,16,64,0.083125,0.099354,,
group1,64,32,2048,1024,2,16,128,0.082800,0.098363,,
group1,64,32,2048,1024,2,16,256,0.083763,0.098512,,
group1,64,32,2048,1024,2,16,512,0.083774,0.098909,,
group1,64,32,2048,1024,2,16,1024,0.083764,0.098552,,
group1,64,32,2048,1024,2,16,2048,0.103609,0.099796,,
group1,64,32,2048,1024,2,16,4096,0.194794,0.099841,,
group1,64,32,2048,1024,4,8,2,0.082531,0.098193,,
group1,64,32,2048,1024,4,8,4,0.082965,0.098491,,
group1,64,32,2048,1024,4,8,8,0.082732,0.098717,,
group1,64,32,2048,1024,4,8,16,0.083278,0.098620,,
group1,64,32,2048,1024,4,8,32,0.082989,0.098442,,
group1,64,32,2048,1024,4,8,64,0.083150,0.098154,,
group1,64,32,2048,1024,4,8,128,0.082654,0.098468,,
group1,64,32,2048,1024,4,8,256,0.083496,0.098932,,
group1,64,32,2048,1024,4,8,512,0.083893,0.098368,,
group1,64,32,2048,1024,4,8,1024,0.084267,0.098759,,
group1,64,32,2048,1024,4,8,2048,0.103504,0.099541,,
group1,64,32,2048,1024,4,8,4096,0.194777,0.099891,,
group1,64,32,2048,1024,8,4,2,0.082747,0.098272,,
group1,64,32,2048,1024,8,4,4,0.082768,0.098673,,
group1,64,32,2048,1024,8,4,8,0.082970,0.099033,,
group1,64,32,2048,1024,8,4,16,0.083348,0.097573,,
group1,64,32,2048,1024,8,4,32,0.083284,0.098554,,
group1,64,32,2048,1024,8,4,64,0.083047,0.098443,,
group1,64,32,2048,1024,8,4,128,0.083663,0.098904,,
group1,64,32,2048,1024,8,4,256,0.084186,0.098765,,
group1,64,32,2048,1024,8,4,512,0.083825,0.098225,,
group1,64,32,2048,1024,8,4,1024,0.084218,0.098104,,
group1,64,32,2048,1024,8,4,2048,0.103529,0.099460,,
group1,64,32,2048,1024,8,4,4096,0.194810,0.100126,,
group1,64,32,2048,1024,16,2,2,0.082743,0.098012,,
group1,64,32,2048,1024,16,2,4,0.083288,0.099097,,
group1,64,32,2048,1024,16,2,8,0.082926,0.099177,,
group1,64,32,2048,1024,16,2,16,0.083448,0.099033,,
group1,64,32,2048,1024,16,2,32,0.083157,0.098975,,
group1,64,32,2048,1024,16,2,64,0.082914,0.098439,,
group1,64,32,2048,1024,16,2,128,0.083296,0.098583,,
group1,64,32,2048,1024,16,2,256,0.083508,0.098742,,
group1,64,32,2048,1024,16,2,512,0.083956,0.098015,,
group1,64,32,2048,1024,16,2,1024,0.084180,0.098102,,
group1,64,32,2048,1024,16,2,2048,0.103593,0.099505,,
group1,64,32,2048,1024,16,2,4096,0.194967,0.100426,,
group1,64,32,2048,1024,32,1,2,0.082681,0.062332,,
group1,64,32,2048,1024,32,1,4,0.083090,0.062774,,
group1,64,32,2048,1024,32,1,8,0.082994,0.062634,,
group1,64,32,2048,1024,32,1,16,0.083394,0.062464,,
group1,64,32,2048,1024,32,1,32,0.082220,0.062871,,
group1,64,32,2048,1024,32,1,64,0.082710,0.062271,,
group1,64,32,2048,1024,32,1,128,0.082843,0.062740,,
group1,64,32,2048,1024,32,1,256,0.083582,0.062802,,
group1,64,32,2048,1024,32,1,512,0.083216,0.062464,,
group1,64,32,2048,1024,32,1,1024,0.084012,0.062375,,
group1,64,32,2048,1024,32,1,2048,0.103559,0.063123,,
group1,64,32,2048,1024,32,1,4096,0.194911,0.063413,,
group1,64,32,4096,2048,1,64,2,0.082987,0.100898,,
group1,64,32,4096,2048,1,64,4,0.082706,0.101468,,
group1,64,32,4096,2048,1,64,8,0.083279,0.101074,,
group1,64,32,4096,2048,1,64,16,0.083914,0.101430,,
group1,64,32,4096,2048,1,64,32,0.083287,0.101744,,
group1,64,32,4096,2048,1,64,64,0.083171,0.101161,,
group1,64,32,4096,2048,1,64,128,0.083236,0.100997,,
group1,64,32,4096,2048,1,64,256,0.083385,0.100878,,
group1,64,32,4096,2048,1,64,512,0.083968,0.101091,,
group1,64,32,4096,2048,1,64,1024,0.103599,0.101674,,
group1,64,32,4096,2048,1,64,2048,0.195708,0.123562,,
group1,64,32,4096,2048,1,64,4096,0.383047,0.242278,,
group1,64,32,4096,2048,2,32,2,0.082378,0.098128,,
group1,64,32,4096,2048,2,32,4,0.082980,0.098092,,
group1,64,32,4096,2048,2,32,8,0.082823,0.098456,,
group1,64,32,4096,2048,2,32,16,0.082925,0.097408,,
group1,64,32,4096,2048,2,32,32,0.082911,0.098309,,
group1,64,32,4096,2048,2,32,64,0.082858,0.098157,,
group1,64,32,4096,2048,2,32,128,0.083134,0.098505,,
group1,64,32,4096,2048,2,32,256,0.083465,0.097894,,
group1,64,32,4096,2048,2,32,512,0.084036,0.098159,,
group1,64,32,4096,2048,2,32,1024,0.103504,0.098640,,
group1,64,32,4096,2048,2,32,2048,0.195583,0.106960,,
group1,64,32,4096,2048,2,32,4096,0.382845,0.208123,,
group1,64,32,4096,2048,4,16,2,0.082087,0.098063,,
group1,64,32,4096,2048,4,16,4,0.082810,0.097866,,
group1,64,32,4096,2048,4,16,8,0.083211,0.098644,,
group1,64,32,4096,2048,4,16,16,0.083270,0.097122,,
group1,64,32,4096,2048,4,16,32,0.082897,0.098585,,
group1,64,32,4096,2048,4,16,64,0.083409,0.098431,,
group1,64,32,4096,2048,4,16,128,0.083350,0.098543,,
group1,64,32,4096,2048,4,16,256,0.083253,0.097864,,
group1,64,32,4096,2048,4,16,512,0.084004,0.098331,,
group1,64,32,4096,2048,4,16,1024,0.103563,0.098631,,
group1,64,32,4096,2048,4,16,2048,0.195694,0.099887,,
group1,64,32,4096,2048,4,16,4096,0.382961,0.144494,,
group1,64,32,4096,2048,8,8,2,0.082899,0.098133,,
group1,64,32,4096,2048,8,8,4,0.083183,0.098594,,
group1,64,32,4096,2048,8,8,8,0.083391,0.098785,,
group1,64,32,4096,2048,8,8,16,0.083465,0.097309,,
group1,64,32,4096,2048,8,8,32,0.083317,0.098263,,
group1,64,32,4096,2048,8,8,64,0.083440,0.098134,,
group1,64,32,4096,2048,8,8,128,0.083434,0.098282,,
group1,64,32,4096,2048,8,8,256,0.083060,0.097736,,
group1,64,32,4096,2048,8,8,512,0.083864,0.098902,,
group1,64,32,4096,2048,8,8,1024,0.103427,0.098683,,
group1,64,32,4096,2048,8,8,2048,0.195595,0.099976,,
group1,64,32,4096,2048,8,8,4096,0.382650,0.146602,,
group1,64,32,4096,2048,16,4,2,0.082456,0.098023,,
group1,64,32,4096,2048,16,4,4,0.083018,0.098409,,
group1,64,32,4096,2048,16,4,8,0.083173,0.098770,,
group1,64,32,4096,2048,16,4,16,0.083088,0.097063,,
group1,64,32,4096,2048,16,4,32,0.082926,0.098281,,
group1,64,32,4096,2048,16,4,64,0.083022,0.098499,,
group1,64,32,4096,2048,16,4,128,0.083237,0.098729,,
group1,64,32,4096,2048,16,4,256,0.083162,0.098367,,
group1,64,32,4096,2048,16,4,512,0.084031,0.098514,,
group1,64,32,4096,2048,16,4,1024,0.103445,0.098670,,
group1,64,32,4096,2048,16,4,2048,0.195607,0.099996,,
group1,64,32,4096,2048,16,4,4096,0.382686,0.159317,,
group1,64,32,4096,2048,32,2,2,0.082545,0.097983,,
group1,64,32,4096,2048,32,2,4,0.083014,0.098305,,
group1,64,32,4096,2048,32,2,8,0.083545,0.098957,,
group1,64,32,4096,2048,32,2,16,0.083319,0.097370,,
group1,64,32,4096,2048,32,2,32,0.083207,0.098338,,
group1,64,32,4096,2048,32,2,64,0.083400,0.098476,,
group1,64,32,4096,2048,32,2,128,0.083623,0.098726,,
group1,64,32,4096,2048,32,2,256,0.083602,0.098415,,
group1,64,32,4096,2048,32,2,512,0.084562,0.098500,,
group1,64,32,4096,2048,32,2,1024,0.103560,0.098779,,
group1,64,32,4096,2048,32,2,2048,0.195717,0.100011,,
group1,64,32,4096,2048,32,2,4096,0.383002,0.160614,,
group1,64,32,4096,2048,64,1,2,0.083540,0.062809,,
group1,64,32,4096,2048,64,1,4,0.083228,0.062306,,
group1,64,32,4096,2048,64,1,8,0.083217,0.062628,,
group1,64,32,4096,2048,64,1,16,0.083027,0.062507,,
group1,64,32,4096,2048,64,1,32,0.082714,0.062577,,
group1,64,32,4096,2048,64,1,64,0.082903,0.062635,,
group1,64,32,4096,2048,64,1,128,0.082110,0.062930,,
group1,64,32,4096,2048,64,1,256,0.083010,0.062469,,
group1,64,32,4096,2048,64,1,512,0.083286,0.062528,,
group1,64,32,4096,2048,64,1,1024,0.103406,0.062867,,
group1,64,32,4096,2048,64,1,2048,0.195721,0.062999,,
group1,64,32,4096,2048,64,1,4096,0.383009,0.063106,,
group1,64,64,512,512,1,8,2,0.082748,0.101205,,
group1,64,64,512,512,1,8,4,0.082685,0.101714,,
group1,64,64,512,512,1,8,8,0.082425,0.101891,,
group1,64,64,512,512,1,8,16,0.082281,0.100894,,
group1,64,64,512,512,1,8,32,0.082589,0.101355,,
group1,64,64,512,512,1,8,64,0.082089,0.101501,,
group1,64,64,512,512,1,8,128,0.082686,0.101836,,
group1,64,64,512,512,1,8,256,0.082746,0.101766,,
group1,64,64,512,512,1,8,512,0.083363,0.101829,,
group1,64,64,512,512,1,8,1024,0.083065,0.101004,,
group1,64,64,512,512,1,8,2048,0.083518,0.100764,,
group1,64,64,512,512,1,8,4096,0.084407,0.101630,,
group1,64,64,512,512,2,4,2,0.082754,0.098066,,
group1,64,64,512,512,2,4,4,0.082473,0.098032,,
group1,64,64,512,512,2,4,8,0.082813,0.098662,,
group1,64,64,512,512,2,4,16,0.082998,0.098282,,
group1,64,64,512,512,2,4,32,0.083007,0.098796,,
group1,64,64,512,512,2,4,64,0.082887,0.098453,,
group1,64,64,512,512,2,4,128,0.082757,0.098855,,
group1,64,64,512,512,2,4,256,0.083282,0.098702,,
group1,64,64,512,512,2,4,512,0.083956,0.098837,,
group1,64,64,512,512,2,4,1024,0.083462,0.098787,,
group1,64,64,512,512,2,4,2048,0.084080,0.098435,,
group1,64,64,512,512,2,4,4096,0.084671,0.099115,,
group1,64,64,512,512,4,2,2,0.083221,0.098373,,
group1,64,64,512,512,4,2,4,0.082767,0.099280,,
group1,64,64,512,512,4,2,8,0.082621,0.098524,,
group1,64,64,512,512,4,2,16,0.082935,0.098829,,
group1,64,64,512,512,4,2,32,0.083025,0.099446,,
group1,64,64,512,512,4,2,64,0.082887,0.098722,,
group1,64,64,512,512,4,2,128,0.082861,0.098549,,
group1,64,64,512,512,4,2,256,0.083204,0.098546,,
group1,64,64,512,512,4,2,512,0.083562,0.098843,,
group1,64,64,512,512,4,2,1024,0.083468,0.098159,,
group1,64,64,512,512,4,2,2048,0.084147,0.098417,,
group1,64,64,512,512,4,2,4096,0.084351,0.098826,,
group1,64,64,512,512,8,1,2,0.082310,0.062156,,
group1,64,64,512,512,8,1,4,0.082586,0.062080,,
group1,64,64,512,512,8,1,8,0.082887,0.061969,,
group1,64,64,512,512,8,1,16,0.082382,0.062741,,
group1,64,64,512,512,8,1,32,0.082675,0.061908,,
group1,64,64,512,512,8,1,64,0.082741,0.061512,,
group1,64,64,512,512,8,1,128,0.082619,0.062095,,
group1,64,64,512,512,8,1,256,0.082650,0.061956,,
group1,64,64,512,512,8,1,512,0.083120,0.062477,,
group1,64,64,512,512,8,1,1024,0.081995,0.062462,,
group1,64,64,512,512,8,1,2048,0.083742,0.062150,,
group1,64,64,512,512,8,1,4096,0.084255,0.062856,,
group1,64,64,1024,1024,1,16,2,0.082593,0.101322,,
group1,64,64,1024,1024,1,16,4,0.082592,0.101623,,
group1,64,64,1024,1024,1,16,8,0.083176,0.101922,,
group1,64,64,1024,1024,1,16,16,0.082845,0.101569,,
group1,64,64,1024,1024,1,16,32,0.082922,0.101319,,
group1,64,64,1024,1024,1,16,64,0.082566,0.101332,,
group1,64,64,1024,1024,1,16,128,0.083015,0.101662,,
group1,64,64,1024,1024,1,16,256,0.082858,0.101795,,
group1,64,64,1024,1024,1,16,512,0.083004,0.101766,,
group1,64,64,1024,1024,1,16,1024,0.083951,0.102324,,
group1,64,64,1024,1024,1,16,2048,0.084534,0.103107,,
group1,64,64,1024,1024,1,16,4096,0.138029,0.103055,,
group1,64,64,1024,1024,2,8,2,0.082558,0.098301,,
group1,64,64,1024,1024,2,8,4,0.082746,0.098092,,
group1,64,64,1024,1024,2,8,8,0.083107,0.098725,,
group1,64,64,1024,1024,2,8,16,0.082880,0.098165,,
group1,64,64,1024,1024,2,8,32,0.082506,0.097906,,
group1,64,64,1024,1024,2,8,64,0.082539,0.097648,,
group1,64,64,1024,1024,2,8,128,0.082732,0.098435,,
group1,64,64,1024,1024,2,8,256,0.083069,0.098183,,
group1,64,64,1024,1024,2,8,512,0.082830,0.098335,,
group1,64,64,1024,1024,2,8,1024,0.083355,0.099068,,
group1,64,64,1024,1024,2,8,2048,0.083857,0.099087,,
group1,64,64,1024,1024,2,8,4096,0.138150,0.099195,,
group1,64,64,1024,1024,4,4,2,0.082147,0.098147,,
group1,64,64,1024,1024,4,4,4,0.082868,0.098457,,
group1,64,64,1024,1024,4,4,8,0.082456,0.098264,,
group1,64,64,1024,1024,4,4,16,0.082515,0.098185,,
group1,64,64,1024,1024,4,4,32,0.082777,0.098674,,
group1,64,64,1024,1024,4,4,64,0.082731,0.098521,,
group1,64,64,1024,1024,4,4,128,0.082931,0.099334,,
group1,64,64,1024,1024,4,4,256,0.083261,0.099085,,
group1,64,64,1024,1024,4,4,512,0.082960,0.098789,,
group1,64,64,1024,1024,4,4,1024,0.083776,0.098953,,
group1,64,64,1024,1024,4,4,2048,0.084199,0.099704,,
group1,64,64,1024,1024,4,4,4096,0.138658,0.099819,,
group1,64,64,1024,1024,8,2,2,0.082566,0.098082,,
group1,64,64,1024,1024,8,2,4,0.083162,0.098932,,
group1,64,64,1024,1024,8,2,8,0.082795,0.098986,,
group1,64,64,1024,1024,8,2,16,0.082917,0.098749,,
group1,64,64,1024,1024,8,2,32,0.082715,0.099195,,
group1,64,64,1024,1024,8,2,64,0.083054,0.099112,,
group1,64,64,1024,1024,8,2,128,0.082791,0.099186,,
group1,64,64,1024,1024,8,2,256,0.083390,0.099357,,
group1,64,64,1024,1024,8,2,512,0.083052,0.098959,,
group1,64,64,1024,1024,8,2,1024,0.083941,0.099233,,
group1,64,64,1024,1024,8,2,2048,0.084126,0.099747,,
group1,64,64,1024,1024,8,2,4096,0.138709,0.099840,,
group1,64,64,1024,1024,16,1,2,0.082887,0.062717,,
group1,64,64,1024,1024,16,1,4,0.082714,0.062425,,
group1,64,64,1024,1024,16,1,8,0.082880,0.062369,,
group1,64,64,1024,1024,16,1,16,0.082406,0.062503,,
group1,64,64,1024,1024,16,1,32,0.082383,0.062661,,
group1,64,64,1024,1024,16,1,64,0.082996,0.062504,,
group1,64,64,1024,1024,16,1,128,0.083137,0.062691,,
group1,64,64,1024,1024,16,1,256,0.083150,0.062915,,
group1,64,64,1024,1024,16,1,512,0.083589,0.062287,,
group1,64,64,1024,1024,16,1,1024,0.083652,0.063051,,
group1,64,64,1024,1024,16,1,2048,0.084236,0.063311,,
group1,64,64,1024,1024,16,1,4096,0.138686,0.063167,,
group1,64,64,2048,2048,1,32,2,0.082759,0.101620,,
group1,64,64,2048,2048,1,32,4,0.083038,0.101991,,
group1,64,64,2048,2048,1,32,8,0.082537,0.101618,,
group1,64,64,2048,2048,1,32,16,0.083049,0.101925,,
group1,64,64,2048,2048,1,32,32,0.083454,0.101401,,
group1,64,64,2048,2048,1,32,64,0.082884,0.101872,,
group1,64,64,2048,2048,1,32,128,0.082973,0.101835,,
group1,64,64,2048,2048,1,32,256,0.083452,0.101790,,
group1,64,64,2048,2048,1,32,512,0.084045,0.101256,,
group1,64,64,2048,2048,1,32,1024,0.083875,0.102824,,
group1,64,64,2048,2048,1,32,2048,0.138758,0.102701,,
group1,64,64,2048,2048,1,32,4096,0.265318,0.132471,,
group1,64,64,2048,2048,2,16,2,0.082427,0.097797,,
group1,64,64,2048,2048,2,16,4,0.082147,0.098396,,
group1,64,64,2048,2048,2,16,8,0.082346,0.098143,,
group1,64,64,2048,2048,2,16,16,0.082342,0.098049,,
group1,64,64,2048,2048,2,16,32,0.082648,0.098506,,
group1,64,64,2048,2048,2,16,64,0.082640,0.098653,,
group1,64,64,2048,2048,2,16,128,0.082861,0.098440,,
group1,64,64,2048,2048,2,16,256,0.082879,0.098034,,
group1,64,64,2048,2048,2,16,512,0.083849,0.098252,,
group1,64,64,2048,2048,2,16,1024,0.083854,0.099173,,
group1,64,64,2048,2048,2,16,2048,0.139056,0.099455,,
group1,64,64,2048,2048,2,16,4096,0.265082,0.099634,,
group1,64,64,2048,2048,4,8,2,0.082465,0.097891,,
group1,64,64,2048,2048,4,8,4,0.082313,0.098059,,
group1,64,64,2048,2048,4,8,8,0.082770,0.098427,,
group1,64,64,2048,2048,4,8,16,0.082359,0.098810,,
group1,64,64,2048,2048,4,8,32,0.082698,0.098858,,
group1,64,64,2048,2048,4,8,64,0.082656,0.098834,,
group1,64,64,2048,2048,4,8,128,0.083212,0.098045,,
group1,64,64,2048,2048,4,8,256,0.082958,0.098063,,
group1,64,64,2048,2048,4,8,512,0.084101,0.098298,,
group1,64,64,2048,2048,4,8,1024,0.084629,0.099718,,
group1,64,64,2048,2048,4,8,2048,0.139466,0.099706,,
group1,64,64,2048,2048,4,8,4096,0.264770,0.099550,,
group1,64,64,2048,2048,8,4,2,0.083271,0.098534,,
group1,64,64,2048,2048,8,4,4,0.082123,0.098410,,
group1,64,64,2048,2048,8,4,8,0.082553,0.098594,,
group1,64,64,2048,2048,8,4,16,0.082766,0.098322,,
group1,64,64,2048,2048,8,4,32,0.082817,0.098734,,
group1,64,64,2048,2048,8,4,64,0.083196,0.099199,,
group1,64,64,2048,2048,8,4,128,0.083567,0.098439,,
group1,64,64,2048,2048,8,4,256,0.083524,0.098627,,
group1,64,64,2048,2048,8,4,512,0.084559,0.098538,,
group1,64,64,2048,2048,8,4,1024,0.084563,0.099906,,
group1,64,64,2048,2048,8,4,2048,0.139594,0.099646,,
group1,64,64,2048,2048,8,4,4096,0.264818,0.099747,,
group1,64,64,2048,2048,16,2,2,0.083033,0.098367,,
group1,64,64,2048,2048,16,2,4,0.082590,0.098286,,
group1,64,64,2048,2048,16,2,8,0.083232,0.098832,,
group1,64,64,2048,2048,16,2,16,0.082790,0.098813,,
group1,64,64,2048,2048,16,2,32,0.082924,0.098843,,
group1,64,64,2048,2048,16,2,64,0.083455,0.099185,,
group1,64,64,2048,2048,16,2,128,0.083632,0.098505,,
group1,64,64,2048,2048,16,2,256,0.083215,0.098750,,
group1,64,64,2048,2048,16,2,512,0.084076,0.098856,,
group1,64,64,2048,2048,16,2,1024,0.084288,0.099649,,
group1,64,64,2048,2048,16,2,2048,0.139588,0.099963,,
group1,64,64,2048,2048,16,2,4096,0.264890,0.107174,,
group1,64,64,2048,2048,32,1,2,0.082931,0.062499,,
group1,64,64,2048,2048,32,1,4,0.082577,0.062156,,
group1,64,64,2048,2048,32,1,8,0.082874,0.062256,,
group1,64,64,2048,2048,32,1,16,0.083727,0.062541,,
group1,64,64,2048,2048,32,1,32,0.083099,0.062821,,
group1,64,64,2048,2048,32,1,64,0.083109,0.062293,,
group1,64,64,2048,2048,32,1,128,0.082471,0.062639,,
group1,64,64,2048,2048,32,1,256,0.084095,0.062354,,
group1,64,64,2048,2048,32,1,512,0.083849,0.062580,,
group1,64,64,2048,2048,32,1,1024,0.084618,0.062841,,
group1,64,64,2048,2048,32,1,2048,0.139386,0.062915,,
group1,64,64,2048,2048,32,1,4096,0.264959,0.063280,,
group1,64,64,4096,4096,1,64,2,0.082912,0.101327,,
group1,64,64,4096,4096,1,64,4,0.082249,0.101418,,
group1,64,64,4096,4096,1,64,8,0.082717,0.101508,,
group1,64,64,4096,4096,1,64,16,0.082648,0.101020,,
group1,64,64,4096,4096,1,64,32,0.082962,0.101629,,
group1,64,64,4096,4096,1,64,64,0.082171,0.101135,,
group1,64,64,4096,4096,1,64,128,0.082828,0.100689,,
group1,64,64,4096,4096,1,64,256,0.083353,0.101017,,
group1,64,64,4096,4096,1,64,512,0.083911,0.101820,,
group1,64,64,4096,4096,1,64,1024,0.138462,0.103636,,
group1,64,64,4096,4096,1,64,2048,0.263828,0.166227,,
group1,64,64,4096,4096,1,64,4096,0.519698,0.323108,,
group1,64,64,4096,4096,2,32,2,0.082688,0.097790,,
group1,64,64,4096,4096,2,32,4,0.082828,0.098810,,
group1,64,64,4096,4096,2,32,8,0.082917,0.098724,,
group1,64,64,4096,4096,2,32,16,0.083318,0.098827,,
group1,64,64,4096,4096,2,32,32,0.082528,0.098232,,
group1,64,64,4096,4096,2,32,64,0.082762,0.098281,,
group1,64,64,4096,4096,2,32,128,0.083217,0.098260,,
group1,64,64,4096,4096,2,32,256,0.083507,0.098111,,
group1,64,64,4096,4096,2,32,512,0.083474,0.098688,,
group1,64,64,4096,4096,2,32,1024,0.138662,0.099638,,
group1,64,64,4096,4096,2,32,2048,0.263570,0.132815,,
group1,64,64,4096,4096,2,32,4096,0.518884,0.255570,,
group1,64,64,4096,4096,4,16,2,0.082689,0.098246,,
group1,64,64,4096,4096,4,16,4,0.082955,0.097868,,
group1,64,64,4096,4096,4,16,8,0.082752,0.099233,,
group1,64,64,4096,4096,4,16,16,0.082833,0.097972,,
group1,64,64,4096,4096,4,16,32,0.082570,0.098633,,
group1,64,64,4096,4096,4,16,64,0.083783,0.099080,,
group1,64,64,4096,4096,4,16,128,0.082925,0.097863,,
group1,64,64,4096,4096,4,16,256,0.083529,0.098118,,
group1,64,64,4096,4096,4,16,512,0.084215,0.098609,,
group1,64,64,4096,4096,4,16,1024,0.139098,0.099572,,
group1,64,64,4096,4096,4,16,2048,0.263313,0.099780,,
group1,64,64,4096,4096,4,16,4096,0.518923,0.185374,,
group1,64,64,4096,4096,8,8,2,0.082921,0.097903,,
group1,64,64,4096,4096,8,8,4,0.083342,0.098031,,
group1,64,64,4096,4096,8,8,8,0.083349,0.098876,,
group1,64,64,4096,4096,8,8,16,0.083514,0.098334,,
group1,64,64,4096,4096,8,8,32,0.082301,0.098629,,
group1,64,64,4096,4096,8,8,64,0.083259,0.098920,,
group1,64,64,4096,4096,8,8,128,0.082927,0.098062,,
group1,64,64,4096,4096,8,8,256,0.083346,0.098106,,
group1,64,64,4096,4096,8,8,512,0.084097,0.098610,,
group1,64,64,4096,4096,8,8,1024,0.139356,0.099601,,
group1,64,64,4096,4096,8,8,2048,0.263404,0.099789,,
group1,64,64,4096,4096,8,8,4096,0.518495,0.187487,,
group1,64,64,4096,4096,16,4,2,0.082591,0.097913,,
group1,64,64,4096,4096,16,4,4,0.083033,0.098486,,
group1,64,64,4096,4096,16,4,8,0.083026,0.098665,,
group1,64,64,4096,4096,16,4,16,0.083053,0.098549,,
group1,64,64,4096,4096,16,4,32,0.082620,0.098365,,
group1,64,64,4096,4096,16,4,64,0.083172,0.099123,,
group1,64,64,4096,4096,16,4,128,0.082699,0.098247,,
group1,64,64,4096,4096,16,4,256,0.083598,0.097956,,
group1,64,64,4096,4096,16,4,512,0.083868,0.098535,,
group1,64,64,4096,4096,16,4,1024,0.139324,0.099297,,
group1,64,64,4096,4096,16,4,2048,0.263215,0.099074,,
group1,64,64,4096,4096,16,4,4096,0.518633,0.193754,,
group1,64,64,4096,4096,32,2,2,0.082677,0.098178,,
group1,64,64,4096,4096,32,2,4,0.083179,0.097994,,
group1,64,64,4096,4096,32,2,8,0.083347,0.098492,,
group1,64,64,4096,4096,32,2,16,0.083410,0.098405,,
group1,64,64,4096,4096,32,2,32,0.082568,0.098542,,
group1,64,64,4096,4096,32,2,64,0.083646,0.099280,,
group1,64,64,4096,4096,32,2,128,0.082659,0.097483,,
group1,64,64,4096,4096,32,2,256,0.083415,0.098086,,
group1,64,64,4096,4096,32,2,512,0.084181,0.098783,,
group1,64,64,4096,4096,32,2,1024,0.139411,0.099783,,
group1,64,64,4096,4096,32,2,2048,0.263522,0.107634,,
group1,64,64,4096,4096,32,2,4096,0.518437,0.211154,,
group1,64,64,4096,4096,64,1,2,0.082362,0.062314,,
group1,64,64,4096,4096,64,1,4,0.082569,0.062255,,
group1,64,64,4096,4096,64,1,8,0.083123,0.062257,,
group1,64,64,4096,4096,64,1,16,0.082504,0.062489,,
group1,64,64,4096,4096,64,1,32,0.082594,0.062287,,
group1,64,64,4096,4096,64,1,64,0.082896,0.062319,,
group1,64,64,4096,4096,64,1,128,0.083436,0.062824,,
group1,64,64,4096,4096,64,1,256,0.083444,0.062536,,
group1,64,64,4096,4096,64,1,512,0.084178,0.062695,,
group1,64,64,4096,4096,64,1,1024,0.139611,0.062941,,
group1,64,64,4096,4096,64,1,2048,0.263700,0.063338,,
group1,64,64,4096,4096,64,1,4096,0.519544,0.064256,,
