group,b,c,M,N,a,d,batch_size,triton_ms,bmm_ms,cuda_ms,cuda_error
group1,2,2,512,512,1,256,2,0.099438,0.132548,,"ERROR: Could not find hyperparameters for the kernel instance corresponding to the target (batch_size, a, b, c, d, preci"
group1,2,2,512,512,1,256,4,0.099888,0.132183,,"ERROR: Could not find hyperparameters for the kernel instance corresponding to the target (batch_size, a, b, c, d, preci"
group1,2,2,512,512,1,256,8,0.100647,0.133230,,"ERROR: Could not find hyperparameters for the kernel instance corresponding to the target (batch_size, a, b, c, d, preci"
group1,2,2,512,512,1,256,16,0.100333,0.133284,,"ERROR: Could not find hyperparameters for the kernel instance corresponding to the target (batch_size, a, b, c, d, preci"
group1,2,2,512,512,1,256,32,0.100140,0.132832,,"ERROR: Could not find hyperparameters for the kernel instance corresponding to the target (batch_size, a, b, c, d, preci"
group1,2,2,512,512,1,256,64,0.099544,0.133264,,"ERROR: Could not find hyperparameters for the kernel instance corresponding to the target (batch_size, a, b, c, d, preci"
group1,2,2,512,512,1,256,128,0.099989,0.133334,,"ERROR: Could not find hyperparameters for the kernel instance corresponding to the target (batch_size, a, b, c, d, preci"
group1,2,2,512,512,1,256,256,0.100093,0.133322,,"ERROR: Could not find hyperparameters for the kernel instance corresponding to the target (batch_size, a, b, c, d, preci"
group1,2,2,512,512,1,256,512,0.100512,0.133455,,"ERROR: Could not find hyperparameters for the kernel instance corresponding to the target (batch_size, a, b, c, d, preci"
group1,2,2,512,512,1,256,1024,0.100527,0.133467,,"ERROR: Could not find hyperparameters for the kernel instance corresponding to the target (batch_size, a, b, c, d, preci"
group1,2,2,512,512,1,256,2048,0.100413,0.133583,,"ERROR: Could not find hyperparameters for the kernel instance corresponding to the target (batch_size, a, b, c, d, preci"
group1,2,2,512,512,1,256,4096,0.101172,0.133894,,"ERROR: Could not find hyperparameters for the kernel instance corresponding to the target (batch_size, a, b, c, d, preci"
group1,2,2,512,512,2,128,2,0.099939,0.128537,,"ERROR: Could not find hyperparameters for the kernel instance corresponding to the target (batch_size, a, b, c, d, preci"
group1,2,2,512,512,2,128,4,0.099849,0.129287,,"ERROR: Could not find hyperparameters for the kernel instance corresponding to the target (batch_size, a, b, c, d, preci"
group1,2,2,512,512,2,128,8,0.100504,0.129473,,"ERROR: Could not find hyperparameters for the kernel instance corresponding to the target (batch_size, a, b, c, d, preci"
group1,2,2,512,512,2,128,16,0.100019,0.129359,,"ERROR: Could not find hyperparameters for the kernel instance corresponding to the target (batch_size, a, b, c, d, preci"
group1,2,2,512,512,2,128,32,0.099951,0.129431,,"ERROR: Could not find hyperparameters for the kernel instance corresponding to the target (batch_size, a, b, c, d, preci"
group1,2,2,512,512,2,128,64,0.099953,0.129789,,"ERROR: Could not find hyperparameters for the kernel instance corresponding to the target (batch_size, a, b, c, d, preci"
group1,2,2,512,512,2,128,128,0.100304,0.128903,,"ERROR: Could not find hyperparameters for the kernel instance corresponding to the target (batch_size, a, b, c, d, preci"
group1,2,2,512,512,2,128,256,0.100190,0.129181,,"ERROR: Could not find hyperparameters for the kernel instance corresponding to the target (batch_size, a, b, c, d, preci"
group1,2,2,512,512,2,128,512,0.100776,0.129209,,"ERROR: Could not find hyperparameters for the kernel instance corresponding to the target (batch_size, a, b, c, d, preci"
group1,2,2,512,512,2,128,1024,0.100682,0.128905,,"ERROR: Could not find hyperparameters for the kernel instance corresponding to the target (batch_size, a, b, c, d, preci"
group1,2,2,512,512,2,128,2048,0.100982,0.128850,,"ERROR: Could not find hyperparameters for the kernel instance corresponding to the target (batch_size, a, b, c, d, preci"
group1,2,2,512,512,2,128,4096,0.101210,0.129572,,"ERROR: Could not find hyperparameters for the kernel instance corresponding to the target (batch_size, a, b, c, d, preci"
group1,2,2,512,512,4,64,2,0.099887,0.128302,,"ERROR: Could not find hyperparameters for the kernel instance corresponding to the target (batch_size, a, b, c, d, preci"
group1,2,2,512,512,4,64,4,0.100028,0.129296,,"ERROR: Could not find hyperparameters for the kernel instance corresponding to the target (batch_size, a, b, c, d, preci"
group1,2,2,512,512,4,64,8,0.100233,0.129371,,"ERROR: Could not find hyperparameters for the kernel instance corresponding to the target (batch_size, a, b, c, d, preci"
group1,2,2,512,512,4,64,16,0.100185,0.129045,,"ERROR: Could not find hyperparameters for the kernel instance corresponding to the target (batch_size, a, b, c, d, preci"
group1,2,2,512,512,4,64,32,0.100431,0.129013,,"ERROR: Could not find hyperparameters for the kernel instance corresponding to the target (batch_size, a, b, c, d, preci"
group1,2,2,512,512,4,64,64,0.100135,0.128945,,"ERROR: Could not find hyperparameters for the kernel instance corresponding to the target (batch_size, a, b, c, d, preci"
group1,2,2,512,512,4,64,128,0.100321,0.128691,,"ERROR: Could not find hyperparameters for the kernel instance corresponding to the target (batch_size, a, b, c, d, preci"
group1,2,2,512,512,4,64,256,0.100261,0.129155,,"ERROR: Could not find hyperparameters for the kernel instance corresponding to the target (batch_size, a, b, c, d, preci"
group1,2,2,512,512,4,64,512,0.100156,0.129155,,"ERROR: Could not find hyperparameters for the kernel instance corresponding to the target (batch_size, a, b, c, d, preci"
group1,2,2,512,512,4,64,1024,0.100856,0.128971,,"ERROR: Could not find hyperparameters for the kernel instance corresponding to the target (batch_size, a, b, c, d, preci"
group1,2,2,512,512,4,64,2048,0.100796,0.128945,,"ERROR: Could not find hyperparameters for the kernel instance corresponding to the target (batch_size, a, b, c, d, preci"
group1,2,2,512,512,4,64,4096,0.101380,0.130047,,"ERROR: Could not find hyperparameters for the kernel instance corresponding to the target (batch_size, a, b, c, d, preci"
group1,2,2,512,512,8,32,2,0.099822,0.128446,,"ERROR: Could not find hyperparameters for the kernel instance corresponding to the target (batch_size, a, b, c, d, preci"
group1,2,2,512,512,8,32,4,0.100049,0.129243,,"ERROR: Could not find hyperparameters for the kernel instance corresponding to the target (batch_size, a, b, c, d, preci"
group1,2,2,512,512,8,32,8,0.100293,0.128871,,"ERROR: Could not find hyperparameters for the kernel instance corresponding to the target (batch_size, a, b, c, d, preci"
group1,2,2,512,512,8,32,16,0.100070,0.129581,,"ERROR: Could not find hyperparameters for the kernel instance corresponding to the target (batch_size, a, b, c, d, preci"
group1,2,2,512,512,8,32,32,0.100024,0.129595,,"ERROR: Could not find hyperparameters for the kernel instance corresponding to the target (batch_size, a, b, c, d, preci"
group1,2,2,512,512,8,32,64,0.100007,0.129388,,"ERROR: Could not find hyperparameters for the kernel instance corresponding to the target (batch_size, a, b, c, d, preci"
group1,2,2,512,512,8,32,128,0.100505,0.129451,,"ERROR: Could not find hyperparameters for the kernel instance corresponding to the target (batch_size, a, b, c, d, preci"
group1,2,2,512,512,8,32,256,0.100068,0.129041,,"ERROR: Could not find hyperparameters for the kernel instance corresponding to the target (batch_size, a, b, c, d, preci"
group1,2,2,512,512,8,32,512,0.101233,0.129901,,"ERROR: Could not find hyperparameters for the kernel instance corresponding to the target (batch_size, a, b, c, d, preci"
group1,2,2,512,512,8,32,1024,0.100799,0.128787,,"ERROR: Could not find hyperparameters for the kernel instance corresponding to the target (batch_size, a, b, c, d, preci"
group1,2,2,512,512,8,32,2048,0.101276,0.129046,,"ERROR: Could not find hyperparameters for the kernel instance corresponding to the target (batch_size, a, b, c, d, preci"
group1,2,2,512,512,8,32,4096,0.101367,0.129806,,"ERROR: Could not find hyperparameters for the kernel instance corresponding to the target (batch_size, a, b, c, d, preci"
group1,2,2,512,512,16,16,2,0.099781,0.128605,,"ERROR: Could not find hyperparameters for the kernel instance corresponding to the target (batch_size, a, b, c, d, preci"
group1,2,2,512,512,16,16,4,0.099662,0.129034,,"ERROR: Could not find hyperparameters for the kernel instance corresponding to the target (batch_size, a, b, c, d, preci"
group1,2,2,512,512,16,16,8,0.099828,0.128682,,"ERROR: Could not find hyperparameters for the kernel instance corresponding to the target (batch_size, a, b, c, d, preci"
group1,2,2,512,512,16,16,16,0.099946,0.129388,,"ERROR: Could not find hyperparameters for the kernel instance corresponding to the target (batch_size, a, b, c, d, preci"
group1,2,2,512,512,16,16,32,0.099937,0.128829,,"ERROR: Could not find hyperparameters for the kernel instance corresponding to the target (batch_size, a, b, c, d, preci"
group1,2,2,512,512,16,16,64,0.099805,0.129432,,"ERROR: Could not find hyperparameters for the kernel instance corresponding to the target (batch_size, a, b, c, d, preci"
group1,2,2,512,512,16,16,128,0.099891,0.128694,,"ERROR: Could not find hyperparameters for the kernel instance corresponding to the target (batch_size, a, b, c, d, preci"
group1,2,2,512,512,16,16,256,0.099909,0.128741,,"ERROR: Could not find hyperparameters for the kernel instance corresponding to the target (batch_size, a, b, c, d, preci"
group1,2,2,512,512,16,16,512,0.100387,0.128887,,"ERROR: Could not find hyperparameters for the kernel instance corresponding to the target (batch_size, a, b, c, d, preci"
group1,2,2,512,512,16,16,1024,0.100603,0.128645,,"ERROR: Could not find hyperparameters for the kernel instance corresponding to the target (batch_size, a, b, c, d, preci"
group1,2,2,512,512,16,16,2048,0.100648,0.129126,,"ERROR: Could not find hyperparameters for the kernel instance corresponding to the target (batch_size, a, b, c, d, preci"
group1,2,2,512,512,16,16,4096,0.101265,0.130249,,"ERROR: Could not find hyperparameters for the kernel instance corresponding to the target (batch_size, a, b, c, d, preci"
group1,2,2,512,512,32,8,2,0.099773,0.128532,,"ERROR: Could not find hyperparameters for the kernel instance corresponding to the target (batch_size, a, b, c, d, preci"
group1,2,2,512,512,32,8,4,0.099570,0.128377,,"ERROR: Could not find hyperparameters for the kernel instance corresponding to the target (batch_size, a, b, c, d, preci"
group1,2,2,512,512,32,8,8,0.100136,0.129010,,"ERROR: Could not find hyperparameters for the kernel instance corresponding to the target (batch_size, a, b, c, d, preci"
group1,2,2,512,512,32,8,16,0.100353,0.128387,,"ERROR: Could not find hyperparameters for the kernel instance corresponding to the target (batch_size, a, b, c, d, preci"
group1,2,2,512,512,32,8,32,0.099812,0.128858,,"ERROR: Could not find hyperparameters for the kernel instance corresponding to the target (batch_size, a, b, c, d, preci"
group1,2,2,512,512,32,8,64,0.100095,0.128275,,"ERROR: Could not find hyperparameters for the kernel instance corresponding to the target (batch_size, a, b, c, d, preci"
group1,2,2,512,512,32,8,128,0.100203,0.128457,,"ERROR: Could not find hyperparameters for the kernel instance corresponding to the target (batch_size, a, b, c, d, preci"
group1,2,2,512,512,32,8,256,0.099866,0.128621,,"ERROR: Could not find hyperparameters for the kernel instance corresponding to the target (batch_size, a, b, c, d, preci"
group1,2,2,512,512,32,8,512,0.101078,0.129274,,"ERROR: Could not find hyperparameters for the kernel instance corresponding to the target (batch_size, a, b, c, d, preci"
group1,2,2,512,512,32,8,1024,0.101042,0.128921,,"ERROR: Could not find hyperparameters for the kernel instance corresponding to the target (batch_size, a, b, c, d, preci"
group1,2,2,512,512,32,8,2048,0.101076,0.128663,,"ERROR: Could not find hyperparameters for the kernel instance corresponding to the target (batch_size, a, b, c, d, preci"
group1,2,2,512,512,32,8,4096,0.101233,0.129914,,"ERROR: Could not find hyperparameters for the kernel instance corresponding to the target (batch_size, a, b, c, d, preci"
group1,2,2,512,512,64,4,2,0.099923,0.128652,,"ERROR: Could not find hyperparameters for the kernel instance corresponding to the target (batch_size, a, b, c, d, preci"
group1,2,2,512,512,64,4,4,0.100470,0.128510,,"ERROR: Could not find hyperparameters for the kernel instance corresponding to the target (batch_size, a, b, c, d, preci"
group1,2,2,512,512,64,4,8,0.100194,0.128774,,"ERROR: Could not find hyperparameters for the kernel instance corresponding to the target (batch_size, a, b, c, d, preci"
group1,2,2,512,512,64,4,16,0.100230,0.128712,,"ERROR: Could not find hyperparameters for the kernel instance corresponding to the target (batch_size, a, b, c, d, preci"
group1,2,2,512,512,64,4,32,0.099964,0.128981,,"ERROR: Could not find hyperparameters for the kernel instance corresponding to the target (batch_size, a, b, c, d, preci"
group1,2,2,512,512,64,4,64,0.100441,0.128518,,"ERROR: Could not find hyperparameters for the kernel instance corresponding to the target (batch_size, a, b, c, d, preci"
group1,2,2,512,512,64,4,128,0.100054,0.128548,,"ERROR: Could not find hyperparameters for the kernel instance corresponding to the target (batch_size, a, b, c, d, preci"
group1,2,2,512,512,64,4,256,0.100173,0.129087,,"ERROR: Could not find hyperparameters for the kernel instance corresponding to the target (batch_size, a, b, c, d, preci"
group1,2,2,512,512,64,4,512,0.100879,0.128755,,"ERROR: Could not find hyperparameters for the kernel instance corresponding to the target (batch_size, a, b, c, d, preci"
group1,2,2,512,512,64,4,1024,0.100581,0.129096,,"ERROR: Could not find hyperparameters for the kernel instance corresponding to the target (batch_size, a, b, c, d, preci"
group1,2,2,512,512,64,4,2048,0.101200,0.128866,,"ERROR: Could not find hyperparameters for the kernel instance corresponding to the target (batch_size, a, b, c, d, preci"
group1,2,2,512,512,64,4,4096,0.101511,0.129771,,"ERROR: Could not find hyperparameters for the kernel instance corresponding to the target (batch_size, a, b, c, d, preci"
group1,2,2,512,512,128,2,2,0.099686,0.128680,,"ERROR: Could not find hyperparameters for the kernel instance corresponding to the target (batch_size, a, b, c, d, preci"
group1,2,2,512,512,128,2,4,0.099820,0.128979,,"ERROR: Could not find hyperparameters for the kernel instance corresponding to the target (batch_size, a, b, c, d, preci"
group1,2,2,512,512,128,2,8,0.100033,0.128833,,"ERROR: Could not find hyperparameters for the kernel instance corresponding to the target (batch_size, a, b, c, d, preci"
group1,2,2,512,512,128,2,16,0.100413,0.128884,,"ERROR: Could not find hyperparameters for the kernel instance corresponding to the target (batch_size, a, b, c, d, preci"
group1,2,2,512,512,128,2,32,0.100098,0.129051,,"ERROR: Could not find hyperparameters for the kernel instance corresponding to the target (batch_size, a, b, c, d, preci"
group1,2,2,512,512,128,2,64,0.100381,0.128523,,"ERROR: Could not find hyperparameters for the kernel instance corresponding to the target (batch_size, a, b, c, d, preci"
group1,2,2,512,512,128,2,128,0.100649,0.129146,,"ERROR: Could not find hyperparameters for the kernel instance corresponding to the target (batch_size, a, b, c, d, preci"
group1,2,2,512,512,128,2,256,0.100984,0.129107,,"ERROR: Could not find hyperparameters for the kernel instance corresponding to the target (batch_size, a, b, c, d, preci"
group1,2,2,512,512,128,2,512,0.101298,0.128872,,"ERROR: Could not find hyperparameters for the kernel instance corresponding to the target (batch_size, a, b, c, d, preci"
group1,2,2,512,512,128,2,1024,0.101390,0.129337,,"ERROR: Could not find hyperparameters for the kernel instance corresponding to the target (batch_size, a, b, c, d, preci"
group1,2,2,512,512,128,2,2048,0.101528,0.128849,,"ERROR: Could not find hyperparameters for the kernel instance corresponding to the target (batch_size, a, b, c, d, preci"
group1,2,2,512,512,128,2,4096,0.101592,0.129987,,"ERROR: Could not find hyperparameters for the kernel instance corresponding to the target (batch_size, a, b, c, d, preci"
group1,2,2,512,512,256,1,2,0.100443,0.086651,,"ERROR: Could not find hyperparameters for the kernel instance corresponding to the target (batch_size, a, b, c, d, preci"
group1,2,2,512,512,256,1,4,0.100639,0.086552,,"ERROR: Could not find hyperparameters for the kernel instance corresponding to the target (batch_size, a, b, c, d, preci"
group1,2,2,512,512,256,1,8,0.100740,0.086943,,"ERROR: Could not find hyperparameters for the kernel instance corresponding to the target (batch_size, a, b, c, d, preci"
group1,2,2,512,512,256,1,16,0.100186,0.086689,,"ERROR: Could not find hyperparameters for the kernel instance corresponding to the target (batch_size, a, b, c, d, preci"
group1,2,2,512,512,256,1,32,0.100843,0.086870,,"ERROR: Could not find hyperparameters for the kernel instance corresponding to the target (batch_size, a, b, c, d, preci"
group1,2,2,512,512,256,1,64,0.100515,0.086702,,"ERROR: Could not find hyperparameters for the kernel instance corresponding to the target (batch_size, a, b, c, d, preci"
group1,2,2,512,512,256,1,128,0.100512,0.086539,,"ERROR: Could not find hyperparameters for the kernel instance corresponding to the target (batch_size, a, b, c, d, preci"
group1,2,2,512,512,256,1,256,0.100517,0.086474,,"ERROR: Could not find hyperparameters for the kernel instance corresponding to the target (batch_size, a, b, c, d, preci"
group1,2,2,512,512,256,1,512,0.100969,0.086695,,"ERROR: Could not find hyperparameters for the kernel instance corresponding to the target (batch_size, a, b, c, d, preci"
group1,2,2,512,512,256,1,1024,0.101581,0.086654,,"ERROR: Could not find hyperparameters for the kernel instance corresponding to the target (batch_size, a, b, c, d, preci"
group1,2,2,512,512,256,1,2048,0.101808,0.086872,,"ERROR: Could not find hyperparameters for the kernel instance corresponding to the target (batch_size, a, b, c, d, preci"
group1,2,2,512,512,256,1,4096,0.101505,0.087245,,"ERROR: Could not find hyperparameters for the kernel instance corresponding to the target (batch_size, a, b, c, d, preci"
group1,2,2,1024,1024,1,512,2,0.100260,0.133150,,"ERROR: Could not find hyperparameters for the kernel instance corresponding to the target (batch_size, a, b, c, d, preci"
group1,2,2,1024,1024,1,512,4,0.100243,0.133907,,"ERROR: Could not find hyperparameters for the kernel instance corresponding to the target (batch_size, a, b, c, d, preci"
group1,2,2,1024,1024,1,512,8,0.100462,0.133681,,"ERROR: Could not find hyperparameters for the kernel instance corresponding to the target (batch_size, a, b, c, d, preci"
group1,2,2,1024,1024,1,512,16,0.100979,0.133574,,"ERROR: Could not find hyperparameters for the kernel instance corresponding to the target (batch_size, a, b, c, d, preci"
group1,2,2,1024,1024,1,512,32,0.101199,0.133438,,"ERROR: Could not find hyperparameters for the kernel instance corresponding to the target (batch_size, a, b, c, d, preci"
group1,2,2,1024,1024,1,512,64,0.101327,0.133875,,"ERROR: Could not find hyperparameters for the kernel instance corresponding to the target (batch_size, a, b, c, d, preci"
group1,2,2,1024,1024,1,512,128,0.100902,0.133848,,"ERROR: Could not find hyperparameters for the kernel instance corresponding to the target (batch_size, a, b, c, d, preci"
group1,2,2,1024,1024,1,512,256,0.101180,0.132958,,"ERROR: Could not find hyperparameters for the kernel instance corresponding to the target (batch_size, a, b, c, d, preci"
group1,2,2,1024,1024,1,512,512,0.101304,0.133615,,"ERROR: Could not find hyperparameters for the kernel instance corresponding to the target (batch_size, a, b, c, d, preci"
group1,2,2,1024,1024,1,512,1024,0.101818,0.133858,,"ERROR: Could not find hyperparameters for the kernel instance corresponding to the target (batch_size, a, b, c, d, preci"
group1,2,2,1024,1024,1,512,2048,0.102083,0.134817,,"ERROR: Could not find hyperparameters for the kernel instance corresponding to the target (batch_size, a, b, c, d, preci"
group1,2,2,1024,1024,1,512,4096,0.158799,0.193296,,"ERROR: Could not find hyperparameters for the kernel instance corresponding to the target (batch_size, a, b, c, d, preci"
group1,2,2,1024,1024,2,256,2,0.100628,0.129704,,"ERROR: Could not find hyperparameters for the kernel instance corresponding to the target (batch_size, a, b, c, d, preci"
group1,2,2,1024,1024,2,256,4,0.101412,0.128930,,"ERROR: Could not find hyperparameters for the kernel instance corresponding to the target (batch_size, a, b, c, d, preci"
group1,2,2,1024,1024,2,256,8,0.100980,0.129472,,"ERROR: Could not find hyperparameters for the kernel instance corresponding to the target (batch_size, a, b, c, d, preci"
group1,2,2,1024,1024,2,256,16,0.100671,0.130070,,"ERROR: Could not find hyperparameters for the kernel instance corresponding to the target (batch_size, a, b, c, d, preci"
group1,2,2,1024,1024,2,256,32,0.101314,0.129958,,"ERROR: Could not find hyperparameters for the kernel instance corresponding to the target (batch_size, a, b, c, d, preci"
group1,2,2,1024,1024,2,256,64,0.100905,0.130062,,"ERROR: Could not find hyperparameters for the kernel instance corresponding to the target (batch_size, a, b, c, d, preci"
group1,2,2,1024,1024,2,256,128,0.101486,0.130198,,"ERROR: Could not find hyperparameters for the kernel instance corresponding to the target (batch_size, a, b, c, d, preci"
group1,2,2,1024,1024,2,256,256,0.101504,0.129961,,"ERROR: Could not find hyperparameters for the kernel instance corresponding to the target (batch_size, a, b, c, d, preci"
group1,2,2,1024,1024,2,256,512,0.101619,0.130252,,"ERROR: Could not find hyperparameters for the kernel instance corresponding to the target (batch_size, a, b, c, d, preci"
group1,2,2,1024,1024,2,256,1024,0.101650,0.129858,,"ERROR: Could not find hyperparameters for the kernel instance corresponding to the target (batch_size, a, b, c, d, preci"
group1,2,2,1024,1024,2,256,2048,0.101698,0.130943,,"ERROR: Could not find hyperparameters for the kernel instance corresponding to the target (batch_size, a, b, c, d, preci"
group1,2,2,1024,1024,2,256,4096,0.158722,0.192040,,"ERROR: Could not find hyperparameters for the kernel instance corresponding to the target (batch_size, a, b, c, d, preci"
group1,2,2,1024,1024,4,128,2,0.100174,0.129642,,"ERROR: Could not find hyperparameters for the kernel instance corresponding to the target (batch_size, a, b, c, d, preci"
group1,2,2,1024,1024,4,128,4,0.100081,0.130118,,"ERROR: Could not find hyperparameters for the kernel instance corresponding to the target (batch_size, a, b, c, d, preci"
group1,2,2,1024,1024,4,128,8,0.100538,0.129091,,"ERROR: Could not find hyperparameters for the kernel instance corresponding to the target (batch_size, a, b, c, d, preci"
group1,2,2,1024,1024,4,128,16,0.100976,0.129445,,"ERROR: Could not find hyperparameters for the kernel instance corresponding to the target (batch_size, a, b, c, d, preci"
group1,2,2,1024,1024,4,128,32,0.100918,0.129660,,"ERROR: Could not find hyperparameters for the kernel instance corresponding to the target (batch_size, a, b, c, d, preci"
group1,2,2,1024,1024,4,128,64,0.101126,0.130243,,"ERROR: Could not find hyperparameters for the kernel instance corresponding to the target (batch_size, a, b, c, d, preci"
group1,2,2,1024,1024,4,128,128,0.101431,0.129940,,"ERROR: Could not find hyperparameters for the kernel instance corresponding to the target (batch_size, a, b, c, d, preci"
group1,2,2,1024,1024,4,128,256,0.101191,0.129681,,"ERROR: Could not find hyperparameters for the kernel instance corresponding to the target (batch_size, a, b, c, d, preci"
group1,2,2,1024,1024,4,128,512,0.101378,0.130266,,"ERROR: Could not find hyperparameters for the kernel instance corresponding to the target (batch_size, a, b, c, d, preci"
group1,2,2,1024,1024,4,128,1024,0.101940,0.129374,,"ERROR: Could not find hyperparameters for the kernel instance corresponding to the target (batch_size, a, b, c, d, preci"
group1,2,2,1024,1024,4,128,2048,0.102416,0.130414,,"ERROR: Could not find hyperparameters for the kernel instance corresponding to the target (batch_size, a, b, c, d, preci"
group1,2,2,1024,1024,4,128,4096,0.158726,0.192163,,"ERROR: Could not find hyperparameters for the kernel instance corresponding to the target (batch_size, a, b, c, d, preci"
group1,2,2,1024,1024,8,64,2,0.100572,0.129534,,"ERROR: Could not find hyperparameters for the kernel instance corresponding to the target (batch_size, a, b, c, d, preci"
group1,2,2,1024,1024,8,64,4,0.100749,0.130072,,"ERROR: Could not find hyperparameters for the kernel instance corresponding to the target (batch_size, a, b, c, d, preci"
group1,2,2,1024,1024,8,64,8,0.100967,0.129819,,"ERROR: Could not find hyperparameters for the kernel instance corresponding to the target (batch_size, a, b, c, d, preci"
group1,2,2,1024,1024,8,64,16,0.101225,0.130328,,"ERROR: Could not find hyperparameters for the kernel instance corresponding to the target (batch_size, a, b, c, d, preci"
group1,2,2,1024,1024,8,64,32,0.101138,0.129813,,"ERROR: Could not find hyperparameters for the kernel instance corresponding to the target (batch_size, a, b, c, d, preci"
group1,2,2,1024,1024,8,64,64,0.100868,0.129866,,"ERROR: Could not find hyperparameters for the kernel instance corresponding to the target (batch_size, a, b, c, d, preci"
group1,2,2,1024,1024,8,64,128,0.101012,0.129742,,"ERROR: Could not find hyperparameters for the kernel instance corresponding to the target (batch_size, a, b, c, d, preci"
group1,2,2,1024,1024,8,64,256,0.101384,0.129901,,"ERROR: Could not find hyperparameters for the kernel instance corresponding to the target (batch_size, a, b, c, d, preci"
group1,2,2,1024,1024,8,64,512,0.101619,0.130197,,"ERROR: Could not find hyperparameters for the kernel instance corresponding to the target (batch_size, a, b, c, d, preci"
group1,2,2,1024,1024,8,64,1024,0.101975,0.129941,,"ERROR: Could not find hyperparameters for the kernel instance corresponding to the target (batch_size, a, b, c, d, preci"
group1,2,2,1024,1024,8,64,2048,0.102296,0.130435,,"ERROR: Could not find hyperparameters for the kernel instance corresponding to the target (batch_size, a, b, c, d, preci"
group1,2,2,1024,1024,8,64,4096,0.158732,0.193269,,"ERROR: Could not find hyperparameters for the kernel instance corresponding to the target (batch_size, a, b, c, d, preci"
group1,2,2,1024,1024,16,32,2,0.100896,0.129360,,"ERROR: Could not find hyperparameters for the kernel instance corresponding to the target (batch_size, a, b, c, d, preci"
group1,2,2,1024,1024,16,32,4,0.100932,0.130112,,"ERROR: Could not find hyperparameters for the kernel instance corresponding to the target (batch_size, a, b, c, d, preci"
group1,2,2,1024,1024,16,32,8,0.101339,0.130277,,"ERROR: Could not find hyperparameters for the kernel instance corresponding to the target (batch_size, a, b, c, d, preci"
group1,2,2,1024,1024,16,32,16,0.101455,0.130374,,"ERROR: Could not find hyperparameters for the kernel instance corresponding to the target (batch_size, a, b, c, d, preci"
group1,2,2,1024,1024,16,32,32,0.101403,0.130023,,"ERROR: Could not find hyperparameters for the kernel instance corresponding to the target (batch_size, a, b, c, d, preci"
group1,2,2,1024,1024,16,32,64,0.101714,0.129637,,"ERROR: Could not find hyperparameters for the kernel instance corresponding to the target (batch_size, a, b, c, d, preci"
group1,2,2,1024,1024,16,32,128,0.101036,0.129638,,"ERROR: Could not find hyperparameters for the kernel instance corresponding to the target (batch_size, a, b, c, d, preci"
group1,2,2,1024,1024,16,32,256,0.101761,0.129870,,"ERROR: Could not find hyperparameters for the kernel instance corresponding to the target (batch_size, a, b, c, d, preci"
group1,2,2,1024,1024,16,32,512,0.102028,0.130047,,"ERROR: Could not find hyperparameters for the kernel instance corresponding to the target (batch_size, a, b, c, d, preci"
group1,2,2,1024,1024,16,32,1024,0.102305,0.130051,,"ERROR: Could not find hyperparameters for the kernel instance corresponding to the target (batch_size, a, b, c, d, preci"
group1,2,2,1024,1024,16,32,2048,0.102714,0.130632,,"ERROR: Could not find hyperparameters for the kernel instance corresponding to the target (batch_size, a, b, c, d, preci"
group1,2,2,1024,1024,16,32,4096,0.158727,0.193074,,"ERROR: Could not find hyperparameters for the kernel instance corresponding to the target (batch_size, a, b, c, d, preci"
group1,2,2,1024,1024,32,16,2,0.100696,0.129334,,"ERROR: Could not find hyperparameters for the kernel instance corresponding to the target (batch_size, a, b, c, d, preci"
group1,2,2,1024,1024,32,16,4,0.100800,0.129585,,"ERROR: Could not find hyperparameters for the kernel instance corresponding to the target (batch_size, a, b, c, d, preci"
group1,2,2,1024,1024,32,16,8,0.101337,0.130274,,"ERROR: Could not find hyperparameters for the kernel instance corresponding to the target (batch_size, a, b, c, d, preci"
group1,2,2,1024,1024,32,16,16,0.101022,0.130081,,"ERROR: Could not find hyperparameters for the kernel instance corresponding to the target (batch_size, a, b, c, d, preci"
group1,2,2,1024,1024,32,16,32,0.101377,0.129246,,"ERROR: Could not find hyperparameters for the kernel instance corresponding to the target (batch_size, a, b, c, d, preci"
group1,2,2,1024,1024,32,16,64,0.101406,0.129492,,"ERROR: Could not find hyperparameters for the kernel instance corresponding to the target (batch_size, a, b, c, d, preci"
group1,2,2,1024,1024,32,16,128,0.100818,0.129396,,"ERROR: Could not find hyperparameters for the kernel instance corresponding to the target (batch_size, a, b, c, d, preci"
group1,2,2,1024,1024,32,16,256,0.100815,0.129553,,"ERROR: Could not find hyperparameters for the kernel instance corresponding to the target (batch_size, a, b, c, d, preci"
group1,2,2,1024,1024,32,16,512,0.101191,0.129440,,"ERROR: Could not find hyperparameters for the kernel instance corresponding to the target (batch_size, a, b, c, d, preci"
group1,2,2,1024,1024,32,16,1024,0.101537,0.129770,,"ERROR: Could not find hyperparameters for the kernel instance corresponding to the target (batch_size, a, b, c, d, preci"
group1,2,2,1024,1024,32,16,2048,0.102436,0.130076,,"ERROR: Could not find hyperparameters for the kernel instance corresponding to the target (batch_size, a, b, c, d, preci"
group1,2,2,1024,1024,32,16,4096,0.158709,0.193478,,"ERROR: Could not find hyperparameters for the kernel instance corresponding to the target (batch_size, a, b, c, d, preci"
group1,2,2,1024,1024,64,8,2,0.100119,0.129106,,"ERROR: Could not find hyperparameters for the kernel instance corresponding to the target (batch_size, a, b, c, d, preci"
group1,2,2,1024,1024,64,8,4,0.100570,0.129621,,"ERROR: Could not find hyperparameters for the kernel instance corresponding to the target (batch_size, a, b, c, d, preci"
group1,2,2,1024,1024,64,8,8,0.100541,0.129740,,"ERROR: Could not find hyperparameters for the kernel instance corresponding to the target (batch_size, a, b, c, d, preci"
group1,2,2,1024,1024,64,8,16,0.100818,0.129729,,"ERROR: Could not find hyperparameters for the kernel instance corresponding to the target (batch_size, a, b, c, d, preci"
group1,2,2,1024,1024,64,8,32,0.101022,0.129381,,"ERROR: Could not find hyperparameters for the kernel instance corresponding to the target (batch_size, a, b, c, d, preci"
group1,2,2,1024,1024,64,8,64,0.101351,0.129450,,"ERROR: Could not find hyperparameters for the kernel instance corresponding to the target (batch_size, a, b, c, d, preci"
group1,2,2,1024,1024,64,8,128,0.100999,0.129280,,"ERROR: Could not find hyperparameters for the kernel instance corresponding to the target (batch_size, a, b, c, d, preci"
group1,2,2,1024,1024,64,8,256,0.101183,0.129209,,"ERROR: Could not find hyperparameters for the kernel instance corresponding to the target (batch_size, a, b, c, d, preci"
group1,2,2,1024,1024,64,8,512,0.101272,0.129272,,"ERROR: Could not find hyperparameters for the kernel instance corresponding to the target (batch_size, a, b, c, d, preci"
group1,2,2,1024,1024,64,8,1024,0.101915,0.129915,,"ERROR: Could not find hyperparameters for the kernel instance corresponding to the target (batch_size, a, b, c, d, preci"
group1,2,2,1024,1024,64,8,2048,0.102099,0.130885,,"ERROR: Could not find hyperparameters for the kernel instance corresponding to the target (batch_size, a, b, c, d, preci"
group1,2,2,1024,1024,64,8,4096,0.158520,0.193459,,"ERROR: Could not find hyperparameters for the kernel instance corresponding to the target (batch_size, a, b, c, d, preci"
group1,2,2,1024,1024,128,4,2,0.100329,0.129604,,"ERROR: Could not find hyperparameters for the kernel instance corresponding to the target (batch_size, a, b, c, d, preci"
group1,2,2,1024,1024,128,4,4,0.100476,0.129413,,"ERROR: Could not find hyperparameters for the kernel instance corresponding to the target (batch_size, a, b, c, d, preci"
group1,2,2,1024,1024,128,4,8,0.101421,0.129543,,"ERROR: Could not find hyperparameters for the kernel instance corresponding to the target (batch_size, a, b, c, d, preci"
group1,2,2,1024,1024,128,4,16,0.101070,0.129497,,"ERROR: Could not find hyperparameters for the kernel instance corresponding to the target (batch_size, a, b, c, d, preci"
group1,2,2,1024,1024,128,4,32,0.101155,0.129059,,"ERROR: Could not find hyperparameters for the kernel instance corresponding to the target (batch_size, a, b, c, d, preci"
group1,2,2,1024,1024,128,4,64,0.101121,0.129433,,"ERROR: Could not find hyperparameters for the kernel instance corresponding to the target (batch_size, a, b, c, d, preci"
group1,2,2,1024,1024,128,4,128,0.100643,0.129347,,"ERROR: Could not find hyperparameters for the kernel instance corresponding to the target (batch_size, a, b, c, d, preci"
group1,2,2,1024,1024,128,4,256,0.101015,0.128898,,"ERROR: Could not find hyperparameters for the kernel instance corresponding to the target (batch_size, a, b, c, d, preci"
group1,2,2,1024,1024,128,4,512,0.101645,0.129727,,"ERROR: Could not find hyperparameters for the kernel instance corresponding to the target (batch_size, a, b, c, d, preci"
group1,2,2,1024,1024,128,4,1024,0.101586,0.130337,,"ERROR: Could not find hyperparameters for the kernel instance corresponding to the target (batch_size, a, b, c, d, preci"
group1,2,2,1024,1024,128,4,2048,0.102563,0.130309,,"ERROR: Could not find hyperparameters for the kernel instance corresponding to the target (batch_size, a, b, c, d, preci"
group1,2,2,1024,1024,128,4,4096,0.158491,0.193436,,"ERROR: Could not find hyperparameters for the kernel instance corresponding to the target (batch_size, a, b, c, d, preci"
group1,2,2,1024,1024,256,2,2,0.100684,0.128958,,"ERROR: Could not find hyperparameters for the kernel instance corresponding to the target (batch_size, a, b, c, d, preci"
group1,2,2,1024,1024,256,2,4,0.100971,0.129823,,"ERROR: Could not find hyperparameters for the kernel instance corresponding to the target (batch_size, a, b, c, d, preci"
group1,2,2,1024,1024,256,2,8,0.101104,0.130018,,"ERROR: Could not find hyperparameters for the kernel instance corresponding to the target (batch_size, a, b, c, d, preci"
group1,2,2,1024,1024,256,2,16,0.101351,0.129910,,"ERROR: Could not find hyperparameters for the kernel instance corresponding to the target (batch_size, a, b, c, d, preci"
group1,2,2,1024,1024,256,2,32,0.101276,0.130710,,"ERROR: Could not find hyperparameters for the kernel instance corresponding to the target (batch_size, a, b, c, d, preci"
group1,2,2,1024,1024,256,2,64,0.101678,0.130394,,"ERROR: Could not find hyperparameters for the kernel instance corresponding to the target (batch_size, a, b, c, d, preci"
group1,2,2,1024,1024,256,2,128,0.101286,0.130195,,"ERROR: Could not find hyperparameters for the kernel instance corresponding to the target (batch_size, a, b, c, d, preci"
group1,2,2,1024,1024,256,2,256,0.101655,0.130253,,"ERROR: Could not find hyperparameters for the kernel instance corresponding to the target (batch_size, a, b, c, d, preci"
group1,2,2,1024,1024,256,2,512,0.102281,0.129762,,"ERROR: Could not find hyperparameters for the kernel instance corresponding to the target (batch_size, a, b, c, d, preci"
group1,2,2,1024,1024,256,2,1024,0.102642,0.130197,,"ERROR: Could not find hyperparameters for the kernel instance corresponding to the target (batch_size, a, b, c, d, preci"
group1,2,2,1024,1024,256,2,2048,0.102964,0.131295,,"ERROR: Could not find hyperparameters for the kernel instance corresponding to the target (batch_size, a, b, c, d, preci"
group1,2,2,1024,1024,256,2,4096,0.158685,0.193437,,"ERROR: Could not find hyperparameters for the kernel instance corresponding to the target (batch_size, a, b, c, d, preci"
group1,2,2,1024,1024,512,1,2,0.101402,0.087339,,"ERROR: Could not find hyperparameters for the kernel instance corresponding to the target (batch_size, a, b, c, d, preci"
group1,2,2,1024,1024,512,1,4,0.101479,0.086959,,"ERROR: Could not find hyperparameters for the kernel instance corresponding to the target (batch_size, a, b, c, d, preci"
group1,2,2,1024,1024,512,1,8,0.101579,0.087008,,"ERROR: Could not find hyperparameters for the kernel instance corresponding to the target (batch_size, a, b, c, d, preci"
group1,2,2,1024,1024,512,1,16,0.101119,0.086779,,"ERROR: Could not find hyperparameters for the kernel instance corresponding to the target (batch_size, a, b, c, d, preci"
group1,2,2,1024,1024,512,1,32,0.101535,0.087388,,"ERROR: Could not find hyperparameters for the kernel instance corresponding to the target (batch_size, a, b, c, d, preci"
group1,2,2,1024,1024,512,1,64,0.100953,0.087491,,"ERROR: Could not find hyperparameters for the kernel instance corresponding to the target (batch_size, a, b, c, d, preci"
group1,2,2,1024,1024,512,1,128,0.101608,0.087212,,"ERROR: Could not find hyperparameters for the kernel instance corresponding to the target (batch_size, a, b, c, d, preci"
group1,2,2,1024,1024,512,1,256,0.101358,0.087301,,"ERROR: Could not find hyperparameters for the kernel instance corresponding to the target (batch_size, a, b, c, d, preci"
group1,2,2,1024,1024,512,1,512,0.101594,0.086981,,"ERROR: Could not find hyperparameters for the kernel instance corresponding to the target (batch_size, a, b, c, d, preci"
group1,2,2,1024,1024,512,1,1024,0.101969,0.086960,,"ERROR: Could not find hyperparameters for the kernel instance corresponding to the target (batch_size, a, b, c, d, preci"
group1,2,2,1024,1024,512,1,2048,0.102624,0.087502,,"ERROR: Could not find hyperparameters for the kernel instance corresponding to the target (batch_size, a, b, c, d, preci"
group1,2,2,1024,1024,512,1,4096,0.156905,0.152712,,"ERROR: Could not find hyperparameters for the kernel instance corresponding to the target (batch_size, a, b, c, d, preci"
group1,2,2,2048,2048,1,1024,2,0.100273,0.133338,,"ERROR: Could not find hyperparameters for the kernel instance corresponding to the target (batch_size, a, b, c, d, preci"
group1,2,2,2048,2048,1,1024,4,0.101086,0.133981,,"ERROR: Could not find hyperparameters for the kernel instance corresponding to the target (batch_size, a, b, c, d, preci"
group1,2,2,2048,2048,1,1024,8,0.101157,0.133562,,"ERROR: Could not find hyperparameters for the kernel instance corresponding to the target (batch_size, a, b, c, d, preci"
group1,2,2,2048,2048,1,1024,16,0.101473,0.133774,,"ERROR: Could not find hyperparameters for the kernel instance corresponding to the target (batch_size, a, b, c, d, preci"
group1,2,2,2048,2048,1,1024,32,0.101181,0.133747,,"ERROR: Could not find hyperparameters for the kernel instance corresponding to the target (batch_size, a, b, c, d, preci"
group1,2,2,2048,2048,1,1024,64,0.101384,0.134419,,"ERROR: Could not find hyperparameters for the kernel instance corresponding to the target (batch_size, a, b, c, d, preci"
group1,2,2,2048,2048,1,1024,128,0.101121,0.133724,,"ERROR: Could not find hyperparameters for the kernel instance corresponding to the target (batch_size, a, b, c, d, preci"
group1,2,2,2048,2048,1,1024,256,0.100949,0.133684,,"ERROR: Could not find hyperparameters for the kernel instance corresponding to the target (batch_size, a, b, c, d, preci"
group1,2,2,2048,2048,1,1024,512,0.101968,0.134470,,"ERROR: Could not find hyperparameters for the kernel instance corresponding to the target (batch_size, a, b, c, d, preci"
group1,2,2,2048,2048,1,1024,1024,0.102373,0.135122,,"ERROR: Could not find hyperparameters for the kernel instance corresponding to the target (batch_size, a, b, c, d, preci"
group1,2,2,2048,2048,1,1024,2048,0.159351,0.193664,,"ERROR: Could not find hyperparameters for the kernel instance corresponding to the target (batch_size, a, b, c, d, preci"
group1,2,2,2048,2048,1,1024,4096,0.310082,0.383778,,"ERROR: Could not find hyperparameters for the kernel instance corresponding to the target (batch_size, a, b, c, d, preci"
group1,2,2,2048,2048,2,512,2,0.100795,0.129304,,"ERROR: Could not find hyperparameters for the kernel instance corresponding to the target (batch_size, a, b, c, d, preci"
group1,2,2,2048,2048,2,512,4,0.100637,0.129785,,"ERROR: Could not find hyperparameters for the kernel instance corresponding to the target (batch_size, a, b, c, d, preci"
group1,2,2,2048,2048,2,512,8,0.101146,0.129396,,"ERROR: Could not find hyperparameters for the kernel instance corresponding to the target (batch_size, a, b, c, d, preci"
group1,2,2,2048,2048,2,512,16,0.101308,0.129559,,"ERROR: Could not find hyperparameters for the kernel instance corresponding to the target (batch_size, a, b, c, d, preci"
group1,2,2,2048,2048,2,512,32,0.101467,0.129634,,"ERROR: Could not find hyperparameters for the kernel instance corresponding to the target (batch_size, a, b, c, d, preci"
group1,2,2,2048,2048,2,512,64,0.101535,0.129641,,"ERROR: Could not find hyperparameters for the kernel instance corresponding to the target (batch_size, a, b, c, d, preci"
group1,2,2,2048,2048,2,512,128,0.100987,0.129538,,"ERROR: Could not find hyperparameters for the kernel instance corresponding to the target (batch_size, a, b, c, d, preci"
group1,2,2,2048,2048,2,512,256,0.101186,0.129896,,"ERROR: Could not find hyperparameters for the kernel instance corresponding to the target (batch_size, a, b, c, d, preci"
group1,2,2,2048,2048,2,512,512,0.102338,0.130201,,"ERROR: Could not find hyperparameters for the kernel instance corresponding to the target (batch_size, a, b, c, d, preci"
group1,2,2,2048,2048,2,512,1024,0.102351,0.130993,,"ERROR: Could not find hyperparameters for the kernel instance corresponding to the target (batch_size, a, b, c, d, preci"
group1,2,2,2048,2048,2,512,2048,0.159271,0.193503,,"ERROR: Could not find hyperparameters for the kernel instance corresponding to the target (batch_size, a, b, c, d, preci"
group1,2,2,2048,2048,2,512,4096,0.310058,0.383639,,"ERROR: Could not find hyperparameters for the kernel instance corresponding to the target (batch_size, a, b, c, d, preci"
group1,2,2,2048,2048,4,256,2,0.100378,0.129118,,"ERROR: Could not find hyperparameters for the kernel instance corresponding to the target (batch_size, a, b, c, d, preci"
group1,2,2,2048,2048,4,256,4,0.100981,0.129465,,"ERROR: Could not find hyperparameters for the kernel instance corresponding to the target (batch_size, a, b, c, d, preci"
group1,2,2,2048,2048,4,256,8,0.101051,0.130241,,"ERROR: Could not find hyperparameters for the kernel instance corresponding to the target (batch_size, a, b, c, d, preci"
group1,2,2,2048,2048,4,256,16,0.101544,0.130150,,"ERROR: Could not find hyperparameters for the kernel instance corresponding to the target (batch_size, a, b, c, d, preci"
group1,2,2,2048,2048,4,256,32,0.101325,0.129889,,"ERROR: Could not find hyperparameters for the kernel instance corresponding to the target (batch_size, a, b, c, d, preci"
group1,2,2,2048,2048,4,256,64,0.101437,0.130577,,"ERROR: Could not find hyperparameters for the kernel instance corresponding to the target (batch_size, a, b, c, d, preci"
group1,2,2,2048,2048,4,256,128,0.101738,0.129922,,"ERROR: Could not find hyperparameters for the kernel instance corresponding to the target (batch_size, a, b, c, d, preci"
group1,2,2,2048,2048,4,256,256,0.101124,0.129667,,"ERROR: Could not find hyperparameters for the kernel instance corresponding to the target (batch_size, a, b, c, d, preci"
group1,2,2,2048,2048,4,256,512,0.102255,0.130117,,"ERROR: Could not find hyperparameters for the kernel instance corresponding to the target (batch_size, a, b, c, d, preci"
group1,2,2,2048,2048,4,256,1024,0.102448,0.131105,,"ERROR: Could not find hyperparameters for the kernel instance corresponding to the target (batch_size, a, b, c, d, preci"
group1,2,2,2048,2048,4,256,2048,0.159265,0.191984,,"ERROR: Could not find hyperparameters for the kernel instance corresponding to the target (batch_size, a, b, c, d, preci"
group1,2,2,2048,2048,4,256,4096,0.310077,0.376662,,"ERROR: Could not find hyperparameters for the kernel instance corresponding to the target (batch_size, a, b, c, d, preci"
group1,2,2,2048,2048,8,128,2,0.100722,0.129771,,"ERROR: Could not find hyperparameters for the kernel instance corresponding to the target (batch_size, a, b, c, d, preci"
group1,2,2,2048,2048,8,128,4,0.100548,0.130267,,"ERROR: Could not find hyperparameters for the kernel instance corresponding to the target (batch_size, a, b, c, d, preci"
group1,2,2,2048,2048,8,128,8,0.100474,0.130058,,"ERROR: Could not find hyperparameters for the kernel instance corresponding to the target (batch_size, a, b, c, d, preci"
group1,2,2,2048,2048,8,128,16,0.100671,0.130153,,"ERROR: Could not find hyperparameters for the kernel instance corresponding to the target (batch_size, a, b, c, d, preci"
group1,2,2,2048,2048,8,128,32,0.100638,0.129746,,"ERROR: Could not find hyperparameters for the kernel instance corresponding to the target (batch_size, a, b, c, d, preci"
group1,2,2,2048,2048,8,128,64,0.101290,0.130541,,"ERROR: Could not find hyperparameters for the kernel instance corresponding to the target (batch_size, a, b, c, d, preci"
group1,2,2,2048,2048,8,128,128,0.100283,0.129712,,"ERROR: Could not find hyperparameters for the kernel instance corresponding to the target (batch_size, a, b, c, d, preci"
group1,2,2,2048,2048,8,128,256,0.101393,0.130098,,"ERROR: Could not find hyperparameters for the kernel instance corresponding to the target (batch_size, a, b, c, d, preci"
group1,2,2,2048,2048,8,128,512,0.101507,0.130208,,"ERROR: Could not find hyperparameters for the kernel instance corresponding to the target (batch_size, a, b, c, d, preci"
group1,2,2,2048,2048,8,128,1024,0.101997,0.131128,,"ERROR: Could not find hyperparameters for the kernel instance corresponding to the target (batch_size, a, b, c, d, preci"
group1,2,2,2048,2048,8,128,2048,0.159246,0.191947,,"ERROR: Could not find hyperparameters for the kernel instance corresponding to the target (batch_size, a, b, c, d, preci"
group1,2,2,2048,2048,8,128,4096,0.310072,0.375986,,"ERROR: Could not find hyperparameters for the kernel instance corresponding to the target (batch_size, a, b, c, d, preci"
group1,2,2,2048,2048,16,64,2,0.100293,0.129510,,"ERROR: Could not find hyperparameters for the kernel instance corresponding to the target (batch_size, a, b, c, d, preci"
group1,2,2,2048,2048,16,64,4,0.100806,0.130437,,"ERROR: Could not find hyperparameters for the kernel instance corresponding to the target (batch_size, a, b, c, d, preci"
group1,2,2,2048,2048,16,64,8,0.100693,0.129820,,"ERROR: Could not find hyperparameters for the kernel instance corresponding to the target (batch_size, a, b, c, d, preci"
group1,2,2,2048,2048,16,64,16,0.101034,0.130513,,"ERROR: Could not find hyperparameters for the kernel instance corresponding to the target (batch_size, a, b, c, d, preci"
group1,2,2,2048,2048,16,64,32,0.100982,0.129910,,"ERROR: Could not find hyperparameters for the kernel instance corresponding to the target (batch_size, a, b, c, d, preci"
group1,2,2,2048,2048,16,64,64,0.100974,0.130646,,"ERROR: Could not find hyperparameters for the kernel instance corresponding to the target (batch_size, a, b, c, d, preci"
group1,2,2,2048,2048,16,64,128,0.101267,0.130316,,"ERROR: Could not find hyperparameters for the kernel instance corresponding to the target (batch_size, a, b, c, d, preci"
group1,2,2,2048,2048,16,64,256,0.100814,0.129330,,"ERROR: Could not find hyperparameters for the kernel instance corresponding to the target (batch_size, a, b, c, d, preci"
group1,2,2,2048,2048,16,64,512,0.101995,0.129751,,"ERROR: Could not find hyperparameters for the kernel instance corresponding to the target (batch_size, a, b, c, d, preci"
group1,2,2,2048,2048,16,64,1024,0.102753,0.130814,,"ERROR: Could not find hyperparameters for the kernel instance corresponding to the target (batch_size, a, b, c, d, preci"
group1,2,2,2048,2048,16,64,2048,0.159231,0.193115,,"ERROR: Could not find hyperparameters for the kernel instance corresponding to the target (batch_size, a, b, c, d, preci"
group1,2,2,2048,2048,16,64,4096,0.310121,0.382889,,"ERROR: Could not find hyperparameters for the kernel instance corresponding to the target (batch_size, a, b, c, d, preci"
group1,2,2,2048,2048,32,32,2,0.100616,0.129328,,"ERROR: Could not find hyperparameters for the kernel instance corresponding to the target (batch_size, a, b, c, d, preci"
group1,2,2,2048,2048,32,32,4,0.101291,0.129835,,"ERROR: Could not find hyperparameters for the kernel instance corresponding to the target (batch_size, a, b, c, d, preci"
group1,2,2,2048,2048,32,32,8,0.101506,0.129703,,"ERROR: Could not find hyperparameters for the kernel instance corresponding to the target (batch_size, a, b, c, d, preci"
group1,2,2,2048,2048,32,32,16,0.101297,0.129586,,"ERROR: Could not find hyperparameters for the kernel instance corresponding to the target (batch_size, a, b, c, d, preci"
group1,2,2,2048,2048,32,32,32,0.100521,0.130018,,"ERROR: Could not find hyperparameters for the kernel instance corresponding to the target (batch_size, a, b, c, d, preci"
group1,2,2,2048,2048,32,32,64,0.100996,0.129966,,"ERROR: Could not find hyperparameters for the kernel instance corresponding to the target (batch_size, a, b, c, d, preci"
group1,2,2,2048,2048,32,32,128,0.100887,0.129721,,"ERROR: Could not find hyperparameters for the kernel instance corresponding to the target (batch_size, a, b, c, d, preci"
group1,2,2,2048,2048,32,32,256,0.101006,0.129318,,"ERROR: Could not find hyperparameters for the kernel instance corresponding to the target (batch_size, a, b, c, d, preci"
group1,2,2,2048,2048,32,32,512,0.101625,0.129730,,"ERROR: Could not find hyperparameters for the kernel instance corresponding to the target (batch_size, a, b, c, d, preci"
group1,2,2,2048,2048,32,32,1024,0.102296,0.130612,,"ERROR: Could not find hyperparameters for the kernel instance corresponding to the target (batch_size, a, b, c, d, preci"
group1,2,2,2048,2048,32,32,2048,0.159266,0.193095,,"ERROR: Could not find hyperparameters for the kernel instance corresponding to the target (batch_size, a, b, c, d, preci"
group1,2,2,2048,2048,32,32,4096,0.310070,0.382794,,"ERROR: Could not find hyperparameters for the kernel instance corresponding to the target (batch_size, a, b, c, d, preci"
group1,2,2,2048,2048,64,16,2,0.100105,0.130092,,"ERROR: Could not find hyperparameters for the kernel instance corresponding to the target (batch_size, a, b, c, d, preci"
group1,2,2,2048,2048,64,16,4,0.100176,0.129492,,"ERROR: Could not find hyperparameters for the kernel instance corresponding to the target (batch_size, a, b, c, d, preci"
group1,2,2,2048,2048,64,16,8,0.100591,0.129450,,"ERROR: Could not find hyperparameters for the kernel instance corresponding to the target (batch_size, a, b, c, d, preci"
group1,2,2,2048,2048,64,16,16,0.100905,0.129355,,"ERROR: Could not find hyperparameters for the kernel instance corresponding to the target (batch_size, a, b, c, d, preci"
group1,2,2,2048,2048,64,16,32,0.100916,0.130052,,"ERROR: Could not find hyperparameters for the kernel instance corresponding to the target (batch_size, a, b, c, d, preci"
group1,2,2,2048,2048,64,16,64,0.100897,0.129561,,"ERROR: Could not find hyperparameters for the kernel instance corresponding to the target (batch_size, a, b, c, d, preci"
group1,2,2,2048,2048,64,16,128,0.101230,0.129730,,"ERROR: Could not find hyperparameters for the kernel instance corresponding to the target (batch_size, a, b, c, d, preci"
group1,2,2,2048,2048,64,16,256,0.101344,0.129933,,"ERROR: Could not find hyperparameters for the kernel instance corresponding to the target (batch_size, a, b, c, d, preci"
group1,2,2,2048,2048,64,16,512,0.101779,0.130530,,"ERROR: Could not find hyperparameters for the kernel instance corresponding to the target (batch_size, a, b, c, d, preci"
group1,2,2,2048,2048,64,16,1024,0.102109,0.130890,,"ERROR: Could not find hyperparameters for the kernel instance corresponding to the target (batch_size, a, b, c, d, preci"
group1,2,2,2048,2048,64,16,2048,0.159246,0.193409,,"ERROR: Could not find hyperparameters for the kernel instance corresponding to the target (batch_size, a, b, c, d, preci"
group1,2,2,2048,2048,64,16,4096,0.310048,0.383934,,"ERROR: Could not find hyperparameters for the kernel instance corresponding to the target (batch_size, a, b, c, d, preci"
group1,2,2,2048,2048,128,8,2,0.100380,0.129050,,"ERROR: Could not find hyperparameters for the kernel instance corresponding to the target (batch_size, a, b, c, d, preci"
group1,2,2,2048,2048,128,8,4,0.100450,0.129896,,"ERROR: Could not find hyperparameters for the kernel instance corresponding to the target (batch_size, a, b, c, d, preci"
group1,2,2,2048,2048,128,8,8,0.100584,0.129724,,"ERROR: Could not find hyperparameters for the kernel instance corresponding to the target (batch_size, a, b, c, d, preci"
group1,2,2,2048,2048,128,8,16,0.100896,0.129772,,"ERROR: Could not find hyperparameters for the kernel instance corresponding to the target (batch_size, a, b, c, d, preci"
group1,2,2,2048,2048,128,8,32,0.101157,0.129768,,"ERROR: Could not find hyperparameters for the kernel instance corresponding to the target (batch_size, a, b, c, d, preci"
group1,2,2,2048,2048,128,8,64,0.101081,0.130116,,"ERROR: Could not find hyperparameters for the kernel instance corresponding to the target (batch_size, a, b, c, d, preci"
group1,2,2,2048,2048,128,8,128,0.101915,0.130058,,"ERROR: Could not find hyperparameters for the kernel instance corresponding to the target (batch_size, a, b, c, d, preci"
group1,2,2,2048,2048,128,8,256,0.101051,0.129595,,"ERROR: Could not find hyperparameters for the kernel instance corresponding to the target (batch_size, a, b, c, d, preci"
group1,2,2,2048,2048,128,8,512,0.102202,0.129602,,"ERROR: Could not find hyperparameters for the kernel instance corresponding to the target (batch_size, a, b, c, d, preci"
group1,2,2,2048,2048,128,8,1024,0.102637,0.130247,,"ERROR: Could not find hyperparameters for the kernel instance corresponding to the target (batch_size, a, b, c, d, preci"
group1,2,2,2048,2048,128,8,2048,0.159230,0.193409,,"ERROR: Could not find hyperparameters for the kernel instance corresponding to the target (batch_size, a, b, c, d, preci"
group1,2,2,2048,2048,128,8,4096,0.310075,0.384090,,"ERROR: Could not find hyperparameters for the kernel instance corresponding to the target (batch_size, a, b, c, d, preci"
group1,2,2,2048,2048,256,4,2,0.101550,0.129226,,"ERROR: Could not find hyperparameters for the kernel instance corresponding to the target (batch_size, a, b, c, d, preci"
group1,2,2,2048,2048,256,4,4,0.101054,0.129681,,"ERROR: Could not find hyperparameters for the kernel instance corresponding to the target (batch_size, a, b, c, d, preci"
group1,2,2,2048,2048,256,4,8,0.101514,0.129837,,"ERROR: Could not find hyperparameters for the kernel instance corresponding to the target (batch_size, a, b, c, d, preci"
group1,2,2,2048,2048,256,4,16,0.101552,0.129817,,"ERROR: Could not find hyperparameters for the kernel instance corresponding to the target (batch_size, a, b, c, d, preci"
group1,2,2,2048,2048,256,4,32,0.101431,0.129872,,"ERROR: Could not find hyperparameters for the kernel instance corresponding to the target (batch_size, a, b, c, d, preci"
group1,2,2,2048,2048,256,4,64,0.101678,0.130226,,"ERROR: Could not find hyperparameters for the kernel instance corresponding to the target (batch_size, a, b, c, d, preci"
group1,2,2,2048,2048,256,4,128,0.101539,0.129516,,"ERROR: Could not find hyperparameters for the kernel instance corresponding to the target (batch_size, a, b, c, d, preci"
group1,2,2,2048,2048,256,4,256,0.101277,0.129820,,"ERROR: Could not find hyperparameters for the kernel instance corresponding to the target (batch_size, a, b, c, d, preci"
group1,2,2,2048,2048,256,4,512,0.102449,0.129819,,"ERROR: Could not find hyperparameters for the kernel instance corresponding to the target (batch_size, a, b, c, d, preci"
group1,2,2,2048,2048,256,4,1024,0.102325,0.130625,,"ERROR: Could not find hyperparameters for the kernel instance corresponding to the target (batch_size, a, b, c, d, preci"
group1,2,2,2048,2048,256,4,2048,0.159265,0.193416,,"ERROR: Could not find hyperparameters for the kernel instance corresponding to the target (batch_size, a, b, c, d, preci"
group1,2,2,2048,2048,256,4,4096,0.310054,0.384103,,"ERROR: Could not find hyperparameters for the kernel instance corresponding to the target (batch_size, a, b, c, d, preci"
group1,2,2,2048,2048,512,2,2,0.100890,0.129710,,"ERROR: Could not find hyperparameters for the kernel instance corresponding to the target (batch_size, a, b, c, d, preci"
group1,2,2,2048,2048,512,2,4,0.100805,0.129495,,"ERROR: Could not find hyperparameters for the kernel instance corresponding to the target (batch_size, a, b, c, d, preci"
group1,2,2,2048,2048,512,2,8,0.101377,0.129561,,"ERROR: Could not find hyperparameters for the kernel instance corresponding to the target (batch_size, a, b, c, d, preci"
group1,2,2,2048,2048,512,2,16,0.101488,0.129496,,"ERROR: Could not find hyperparameters for the kernel instance corresponding to the target (batch_size, a, b, c, d, preci"
group1,2,2,2048,2048,512,2,32,0.101684,0.130104,,"ERROR: Could not find hyperparameters for the kernel instance corresponding to the target (batch_size, a, b, c, d, preci"
group1,2,2,2048,2048,512,2,64,0.101346,0.129997,,"ERROR: Could not find hyperparameters for the kernel instance corresponding to the target (batch_size, a, b, c, d, preci"
group1,2,2,2048,2048,512,2,128,0.100875,0.129899,,"ERROR: Could not find hyperparameters for the kernel instance corresponding to the target (batch_size, a, b, c, d, preci"
group1,2,2,2048,2048,512,2,256,0.101381,0.129466,,"ERROR: Could not find hyperparameters for the kernel instance corresponding to the target (batch_size, a, b, c, d, preci"
group1,2,2,2048,2048,512,2,512,0.101956,0.129532,,"ERROR: Could not find hyperparameters for the kernel instance corresponding to the target (batch_size, a, b, c, d, preci"
group1,2,2,2048,2048,512,2,1024,0.102644,0.131037,,"ERROR: Could not find hyperparameters for the kernel instance corresponding to the target (batch_size, a, b, c, d, preci"
group1,2,2,2048,2048,512,2,2048,0.159218,0.193525,,"ERROR: Could not find hyperparameters for the kernel instance corresponding to the target (batch_size, a, b, c, d, preci"
group1,2,2,2048,2048,512,2,4096,0.310138,0.384096,,"ERROR: Could not find hyperparameters for the kernel instance corresponding to the target (batch_size, a, b, c, d, preci"
group1,2,2,2048,2048,1024,1,2,0.101048,0.086802,,"ERROR: Could not find hyperparameters for the kernel instance corresponding to the target (batch_size, a, b, c, d, preci"
group1,2,2,2048,2048,1024,1,4,0.101374,0.086669,,"ERROR: Could not find hyperparameters for the kernel instance corresponding to the target (batch_size, a, b, c, d, preci"
group1,2,2,2048,2048,1024,1,8,0.101263,0.087137,,"ERROR: Could not find hyperparameters for the kernel instance corresponding to the target (batch_size, a, b, c, d, preci"
group1,2,2,2048,2048,1024,1,16,0.100687,0.086731,,"ERROR: Could not find hyperparameters for the kernel instance corresponding to the target (batch_size, a, b, c, d, preci"
group1,2,2,2048,2048,1024,1,32,0.101017,0.086824,,"ERROR: Could not find hyperparameters for the kernel instance corresponding to the target (batch_size, a, b, c, d, preci"
group1,2,2,2048,2048,1024,1,64,0.101015,0.086927,,"ERROR: Could not find hyperparameters for the kernel instance corresponding to the target (batch_size, a, b, c, d, preci"
group1,2,2,2048,2048,1024,1,128,0.101309,0.086958,,"ERROR: Could not find hyperparameters for the kernel instance corresponding to the target (batch_size, a, b, c, d, preci"
group1,2,2,2048,2048,1024,1,256,0.101421,0.087300,,"ERROR: Could not find hyperparameters for the kernel instance corresponding to the target (batch_size, a, b, c, d, preci"
group1,2,2,2048,2048,1024,1,512,0.101750,0.087012,,"ERROR: Could not find hyperparameters for the kernel instance corresponding to the target (batch_size, a, b, c, d, preci"
group1,2,2,2048,2048,1024,1,1024,0.102604,0.087448,,"ERROR: Could not find hyperparameters for the kernel instance corresponding to the target (batch_size, a, b, c, d, preci"
group1,2,2,2048,2048,1024,1,2048,0.157472,0.152507,,"ERROR: Could not find hyperparameters for the kernel instance corresponding to the target (batch_size, a, b, c, d, preci"
group1,2,2,2048,2048,1024,1,4096,0.306625,0.303643,,"ERROR: Could not find hyperparameters for the kernel instance corresponding to the target (batch_size, a, b, c, d, preci"
group1,2,2,4096,4096,1,2048,2,0.100718,0.134010,,"ERROR: Could not find hyperparameters for the kernel instance corresponding to the target (batch_size, a, b, c, d, preci"
group1,2,2,4096,4096,1,2048,4,0.099896,0.134270,,"ERROR: Could not find hyperparameters for the kernel instance corresponding to the target (batch_size, a, b, c, d, preci"
group1,2,2,4096,4096,1,2048,8,0.100821,0.134673,,"ERROR: Could not find hyperparameters for the kernel instance corresponding to the target (batch_size, a, b, c, d, preci"
group1,2,2,4096,4096,1,2048,16,0.101008,0.134106,,"ERROR: Could not find hyperparameters for the kernel instance corresponding to the target (batch_size, a, b, c, d, preci"
group1,2,2,4096,4096,1,2048,32,0.101234,0.134130,,"ERROR: Could not find hyperparameters for the kernel instance corresponding to the target (batch_size, a, b, c, d, preci"
group1,2,2,4096,4096,1,2048,64,0.101183,0.134365,,"ERROR: Could not find hyperparameters for the kernel instance corresponding to the target (batch_size, a, b, c, d, preci"
group1,2,2,4096,4096,1,2048,128,0.100844,0.134370,,"ERROR: Could not find hyperparameters for the kernel instance corresponding to the target (batch_size, a, b, c, d, preci"
group1,2,2,4096,4096,1,2048,256,0.101573,0.134252,,"ERROR: Could not find hyperparameters for the kernel instance corresponding to the target (batch_size, a, b, c, d, preci"
group1,2,2,4096,4096,1,2048,512,0.101973,0.135494,,"ERROR: Could not find hyperparameters for the kernel instance corresponding to the target (batch_size, a, b, c, d, preci"
group1,2,2,4096,4096,1,2048,1024,0.158977,0.194433,,"ERROR: Could not find hyperparameters for the kernel instance corresponding to the target (batch_size, a, b, c, d, preci"
group1,2,2,4096,4096,1,2048,2048,0.308326,0.383800,,"ERROR: Could not find hyperparameters for the kernel instance corresponding to the target (batch_size, a, b, c, d, preci"
group1,2,2,4096,4096,1,2048,4096,0.610660,0.756555,,"ERROR: Could not find hyperparameters for the kernel instance corresponding to the target (batch_size, a, b, c, d, preci"
group1,2,2,4096,4096,2,1024,2,0.100728,0.129697,,"ERROR: Could not find hyperparameters for the kernel instance corresponding to the target (batch_size, a, b, c, d, preci"
group1,2,2,4096,4096,2,1024,4,0.101406,0.129796,,"ERROR: Could not find hyperparameters for the kernel instance corresponding to the target (batch_size, a, b, c, d, preci"
group1,2,2,4096,4096,2,1024,8,0.101094,0.129301,,"ERROR: Could not find hyperparameters for the kernel instance corresponding to the target (batch_size, a, b, c, d, preci"
group1,2,2,4096,4096,2,1024,16,0.101186,0.129337,,"ERROR: Could not find hyperparameters for the kernel instance corresponding to the target (batch_size, a, b, c, d, preci"
group1,2,2,4096,4096,2,1024,32,0.101516,0.130168,,"ERROR: Could not find hyperparameters for the kernel instance corresponding to the target (batch_size, a, b, c, d, preci"
group1,2,2,4096,4096,2,1024,64,0.100802,0.129767,,"ERROR: Could not find hyperparameters for the kernel instance corresponding to the target (batch_size, a, b, c, d, preci"
group1,2,2,4096,4096,2,1024,128,0.100576,0.129809,,"ERROR: Could not find hyperparameters for the kernel instance corresponding to the target (batch_size, a, b, c, d, preci"
group1,2,2,4096,4096,2,1024,256,0.101046,0.130131,,"ERROR: Could not find hyperparameters for the kernel instance corresponding to the target (batch_size, a, b, c, d, preci"
group1,2,2,4096,4096,2,1024,512,0.102014,0.130913,,"ERROR: Could not find hyperparameters for the kernel instance corresponding to the target (batch_size, a, b, c, d, preci"
group1,2,2,4096,4096,2,1024,1024,0.158934,0.194440,,"ERROR: Could not find hyperparameters for the kernel instance corresponding to the target (batch_size, a, b, c, d, preci"
group1,2,2,4096,4096,2,1024,2048,0.308357,0.383763,,"ERROR: Could not find hyperparameters for the kernel instance corresponding to the target (batch_size, a, b, c, d, preci"
group1,2,2,4096,4096,2,1024,4096,0.610628,0.756451,,"ERROR: Could not find hyperparameters for the kernel instance corresponding to the target (batch_size, a, b, c, d, preci"
group1,2,2,4096,4096,4,512,2,0.100481,0.129538,,"ERROR: Could not find hyperparameters for the kernel instance corresponding to the target (batch_size, a, b, c, d, preci"
group1,2,2,4096,4096,4,512,4,0.100495,0.130105,,"ERROR: Could not find hyperparameters for the kernel instance corresponding to the target (batch_size, a, b, c, d, preci"
group1,2,2,4096,4096,4,512,8,0.100939,0.130380,,"ERROR: Could not find hyperparameters for the kernel instance corresponding to the target (batch_size, a, b, c, d, preci"
group1,2,2,4096,4096,4,512,16,0.101071,0.130517,,"ERROR: Could not find hyperparameters for the kernel instance corresponding to the target (batch_size, a, b, c, d, preci"
group1,2,2,4096,4096,4,512,32,0.101148,0.129899,,"ERROR: Could not find hyperparameters for the kernel instance corresponding to the target (batch_size, a, b, c, d, preci"
group1,2,2,4096,4096,4,512,64,0.101352,0.130402,,"ERROR: Could not find hyperparameters for the kernel instance corresponding to the target (batch_size, a, b, c, d, preci"
group1,2,2,4096,4096,4,512,128,0.100875,0.130189,,"ERROR: Could not find hyperparameters for the kernel instance corresponding to the target (batch_size, a, b, c, d, preci"
group1,2,2,4096,4096,4,512,256,0.101177,0.129711,,"ERROR: Could not find hyperparameters for the kernel instance corresponding to the target (batch_size, a, b, c, d, preci"
group1,2,2,4096,4096,4,512,512,0.102117,0.130945,,"ERROR: Could not find hyperparameters for the kernel instance corresponding to the target (batch_size, a, b, c, d, preci"
group1,2,2,4096,4096,4,512,1024,0.158941,0.194369,,"ERROR: Could not find hyperparameters for the kernel instance corresponding to the target (batch_size, a, b, c, d, preci"
group1,2,2,4096,4096,4,512,2048,0.308345,0.383646,,"ERROR: Could not find hyperparameters for the kernel instance corresponding to the target (batch_size, a, b, c, d, preci"
group1,2,2,4096,4096,4,512,4096,0.610534,0.756350,,"ERROR: Could not find hyperparameters for the kernel instance corresponding to the target (batch_size, a, b, c, d, preci"
group1,2,2,4096,4096,8,256,2,0.100397,0.129359,,"ERROR: Could not find hyperparameters for the kernel instance corresponding to the target (batch_size, a, b, c, d, preci"
group1,2,2,4096,4096,8,256,4,0.100942,0.129491,,"ERROR: Could not find hyperparameters for the kernel instance corresponding to the target (batch_size, a, b, c, d, preci"
group1,2,2,4096,4096,8,256,8,0.101043,0.129231,,"ERROR: Could not find hyperparameters for the kernel instance corresponding to the target (batch_size, a, b, c, d, preci"
group1,2,2,4096,4096,8,256,16,0.101117,0.130453,,"ERROR: Could not find hyperparameters for the kernel instance corresponding to the target (batch_size, a, b, c, d, preci"
group1,2,2,4096,4096,8,256,32,0.100865,0.130315,,"ERROR: Could not find hyperparameters for the kernel instance corresponding to the target (batch_size, a, b, c, d, preci"
group1,2,2,4096,4096,8,256,64,0.100752,0.129858,,"ERROR: Could not find hyperparameters for the kernel instance corresponding to the target (batch_size, a, b, c, d, preci"
group1,2,2,4096,4096,8,256,128,0.100675,0.129653,,"ERROR: Could not find hyperparameters for the kernel instance corresponding to the target (batch_size, a, b, c, d, preci"
group1,2,2,4096,4096,8,256,256,0.101256,0.129999,,"ERROR: Could not find hyperparameters for the kernel instance corresponding to the target (batch_size, a, b, c, d, preci"
group1,2,2,4096,4096,8,256,512,0.102143,0.131034,,"ERROR: Could not find hyperparameters for the kernel instance corresponding to the target (batch_size, a, b, c, d, preci"
group1,2,2,4096,4096,8,256,1024,0.158889,0.192695,,"ERROR: Could not find hyperparameters for the kernel instance corresponding to the target (batch_size, a, b, c, d, preci"
group1,2,2,4096,4096,8,256,2048,0.308330,0.376389,,"ERROR: Could not find hyperparameters for the kernel instance corresponding to the target (batch_size, a, b, c, d, preci"
group1,2,2,4096,4096,8,256,4096,0.610463,0.741685,,"ERROR: Could not find hyperparameters for the kernel instance corresponding to the target (batch_size, a, b, c, d, preci"
group1,2,2,4096,4096,16,128,2,0.100082,0.129940,,"ERROR: Could not find hyperparameters for the kernel instance corresponding to the target (batch_size, a, b, c, d, preci"
group1,2,2,4096,4096,16,128,4,0.100370,0.130011,,"ERROR: Could not find hyperparameters for the kernel instance corresponding to the target (batch_size, a, b, c, d, preci"
group1,2,2,4096,4096,16,128,8,0.100745,0.129433,,"ERROR: Could not find hyperparameters for the kernel instance corresponding to the target (batch_size, a, b, c, d, preci"
group1,2,2,4096,4096,16,128,16,0.100972,0.129446,,"ERROR: Could not find hyperparameters for the kernel instance corresponding to the target (batch_size, a, b, c, d, preci"
group1,2,2,4096,4096,16,128,32,0.100984,0.129946,,"ERROR: Could not find hyperparameters for the kernel instance corresponding to the target (batch_size, a, b, c, d, preci"
group1,2,2,4096,4096,16,128,64,0.100915,0.129329,,"ERROR: Could not find hyperparameters for the kernel instance corresponding to the target (batch_size, a, b, c, d, preci"
group1,2,2,4096,4096,16,128,128,0.100680,0.130064,,"ERROR: Could not find hyperparameters for the kernel instance corresponding to the target (batch_size, a, b, c, d, preci"
group1,2,2,4096,4096,16,128,256,0.101134,0.129636,,"ERROR: Could not find hyperparameters for the kernel instance corresponding to the target (batch_size, a, b, c, d, preci"
group1,2,2,4096,4096,16,128,512,0.101855,0.130663,,"ERROR: Could not find hyperparameters for the kernel instance corresponding to the target (batch_size, a, b, c, d, preci"
group1,2,2,4096,4096,16,128,1024,0.158898,0.192546,,"ERROR: Could not find hyperparameters for the kernel instance corresponding to the target (batch_size, a, b, c, d, preci"
group1,2,2,4096,4096,16,128,2048,0.308346,0.375838,,"ERROR: Could not find hyperparameters for the kernel instance corresponding to the target (batch_size, a, b, c, d, preci"
group1,2,2,4096,4096,16,128,4096,0.610598,0.739611,,"ERROR: Could not find hyperparameters for the kernel instance corresponding to the target (batch_size, a, b, c, d, preci"
group1,2,2,4096,4096,32,64,2,0.099795,0.129596,,"ERROR: Could not find hyperparameters for the kernel instance corresponding to the target (batch_size, a, b, c, d, preci"
group1,2,2,4096,4096,32,64,4,0.099606,0.129250,,"ERROR: Could not find hyperparameters for the kernel instance corresponding to the target (batch_size, a, b, c, d, preci"
group1,2,2,4096,4096,32,64,8,0.099956,0.130115,,"ERROR: Could not find hyperparameters for the kernel instance corresponding to the target (batch_size, a, b, c, d, preci"
group1,2,2,4096,4096,32,64,16,0.100609,0.129620,,"ERROR: Could not find hyperparameters for the kernel instance corresponding to the target (batch_size, a, b, c, d, preci"
group1,2,2,4096,4096,32,64,32,0.100846,0.129730,,"ERROR: Could not find hyperparameters for the kernel instance corresponding to the target (batch_size, a, b, c, d, preci"
group1,2,2,4096,4096,32,64,64,0.100656,0.129370,,"ERROR: Could not find hyperparameters for the kernel instance corresponding to the target (batch_size, a, b, c, d, preci"
group1,2,2,4096,4096,32,64,128,0.100721,0.129596,,"ERROR: Could not find hyperparameters for the kernel instance corresponding to the target (batch_size, a, b, c, d, preci"
group1,2,2,4096,4096,32,64,256,0.100931,0.129115,,"ERROR: Could not find hyperparameters for the kernel instance corresponding to the target (batch_size, a, b, c, d, preci"
group1,2,2,4096,4096,32,64,512,0.102070,0.130850,,"ERROR: Could not find hyperparameters for the kernel instance corresponding to the target (batch_size, a, b, c, d, preci"
group1,2,2,4096,4096,32,64,1024,0.158893,0.193726,,"ERROR: Could not find hyperparameters for the kernel instance corresponding to the target (batch_size, a, b, c, d, preci"
group1,2,2,4096,4096,32,64,2048,0.308339,0.382823,,"ERROR: Could not find hyperparameters for the kernel instance corresponding to the target (batch_size, a, b, c, d, preci"
group1,2,2,4096,4096,32,64,4096,0.610533,0.755260,,"ERROR: Could not find hyperparameters for the kernel instance corresponding to the target (batch_size, a, b, c, d, preci"
group1,2,2,4096,4096,64,32,2,0.100806,0.128880,,"ERROR: Could not find hyperparameters for the kernel instance corresponding to the target (batch_size, a, b, c, d, preci"
group1,2,2,4096,4096,64,32,4,0.100769,0.129737,,"ERROR: Could not find hyperparameters for the kernel instance corresponding to the target (batch_size, a, b, c, d, preci"
group1,2,2,4096,4096,64,32,8,0.100899,0.130065,,"ERROR: Could not find hyperparameters for the kernel instance corresponding to the target (batch_size, a, b, c, d, preci"
group1,2,2,4096,4096,64,32,16,0.100951,0.129991,,"ERROR: Could not find hyperparameters for the kernel instance corresponding to the target (batch_size, a, b, c, d, preci"
group1,2,2,4096,4096,64,32,32,0.101180,0.130085,,"ERROR: Could not find hyperparameters for the kernel instance corresponding to the target (batch_size, a, b, c, d, preci"
group1,2,2,4096,4096,64,32,64,0.100811,0.129436,,"ERROR: Could not find hyperparameters for the kernel instance corresponding to the target (batch_size, a, b, c, d, preci"
group1,2,2,4096,4096,64,32,128,0.101157,0.130280,,"ERROR: Could not find hyperparameters for the kernel instance corresponding to the target (batch_size, a, b, c, d, preci"
group1,2,2,4096,4096,64,32,256,0.100894,0.129697,,"ERROR: Could not find hyperparameters for the kernel instance corresponding to the target (batch_size, a, b, c, d, preci"
group1,2,2,4096,4096,64,32,512,0.101942,0.130509,,"ERROR: Could not find hyperparameters for the kernel instance corresponding to the target (batch_size, a, b, c, d, preci"
group1,2,2,4096,4096,64,32,1024,0.158922,0.193937,,"ERROR: Could not find hyperparameters for the kernel instance corresponding to the target (batch_size, a, b, c, d, preci"
group1,2,2,4096,4096,64,32,2048,0.308326,0.382777,,"ERROR: Could not find hyperparameters for the kernel instance corresponding to the target (batch_size, a, b, c, d, preci"
group1,2,2,4096,4096,64,32,4096,0.610541,0.755250,,"ERROR: Could not find hyperparameters for the kernel instance corresponding to the target (batch_size, a, b, c, d, preci"
group1,2,2,4096,4096,128,16,2,0.100594,0.129477,,"ERROR: Could not find hyperparameters for the kernel instance corresponding to the target (batch_size, a, b, c, d, preci"
group1,2,2,4096,4096,128,16,4,0.101137,0.129764,,"ERROR: Could not find hyperparameters for the kernel instance corresponding to the target (batch_size, a, b, c, d, preci"
group1,2,2,4096,4096,128,16,8,0.100897,0.129410,,"ERROR: Could not find hyperparameters for the kernel instance corresponding to the target (batch_size, a, b, c, d, preci"
group1,2,2,4096,4096,128,16,16,0.100694,0.130430,,"ERROR: Could not find hyperparameters for the kernel instance corresponding to the target (batch_size, a, b, c, d, preci"
group1,2,2,4096,4096,128,16,32,0.100732,0.130238,,"ERROR: Could not find hyperparameters for the kernel instance corresponding to the target (batch_size, a, b, c, d, preci"
group1,2,2,4096,4096,128,16,64,0.100784,0.129811,,"ERROR: Could not find hyperparameters for the kernel instance corresponding to the target (batch_size, a, b, c, d, preci"
group1,2,2,4096,4096,128,16,128,0.100300,0.129970,,"ERROR: Could not find hyperparameters for the kernel instance corresponding to the target (batch_size, a, b, c, d, preci"
group1,2,2,4096,4096,128,16,256,0.101042,0.129726,,"ERROR: Could not find hyperparameters for the kernel instance corresponding to the target (batch_size, a, b, c, d, preci"
group1,2,2,4096,4096,128,16,512,0.101817,0.130776,,"ERROR: Could not find hyperparameters for the kernel instance corresponding to the target (batch_size, a, b, c, d, preci"
group1,2,2,4096,4096,128,16,1024,0.158829,0.194044,,"ERROR: Could not find hyperparameters for the kernel instance corresponding to the target (batch_size, a, b, c, d, preci"
group1,2,2,4096,4096,128,16,2048,0.308316,0.383998,,"ERROR: Could not find hyperparameters for the kernel instance corresponding to the target (batch_size, a, b, c, d, preci"
group1,2,2,4096,4096,128,16,4096,0.610620,0.757330,,"ERROR: Could not find hyperparameters for the kernel instance corresponding to the target (batch_size, a, b, c, d, preci"
group1,2,2,4096,4096,256,8,2,0.100625,0.130173,,"ERROR: Could not find hyperparameters for the kernel instance corresponding to the target (batch_size, a, b, c, d, preci"
group1,2,2,4096,4096,256,8,4,0.100616,0.130311,,"ERROR: Could not find hyperparameters for the kernel instance corresponding to the target (batch_size, a, b, c, d, preci"
group1,2,2,4096,4096,256,8,8,0.101180,0.129781,,"ERROR: Could not find hyperparameters for the kernel instance corresponding to the target (batch_size, a, b, c, d, preci"
group1,2,2,4096,4096,256,8,16,0.101477,0.129839,,"ERROR: Could not find hyperparameters for the kernel instance corresponding to the target (batch_size, a, b, c, d, preci"
group1,2,2,4096,4096,256,8,32,0.101750,0.130324,,"ERROR: Could not find hyperparameters for the kernel instance corresponding to the target (batch_size, a, b, c, d, preci"
group1,2,2,4096,4096,256,8,64,0.101158,0.130515,,"ERROR: Could not find hyperparameters for the kernel instance corresponding to the target (batch_size, a, b, c, d, preci"
group1,2,2,4096,4096,256,8,128,0.101672,0.130099,,"ERROR: Could not find hyperparameters for the kernel instance corresponding to the target (batch_size, a, b, c, d, preci"
group1,2,2,4096,4096,256,8,256,0.101428,0.129873,,"ERROR: Could not find hyperparameters for the kernel instance corresponding to the target (batch_size, a, b, c, d, preci"
group1,2,2,4096,4096,256,8,512,0.102809,0.131007,,"ERROR: Could not find hyperparameters for the kernel instance corresponding to the target (batch_size, a, b, c, d, preci"
group1,2,2,4096,4096,256,8,1024,0.158890,0.194077,,"ERROR: Could not find hyperparameters for the kernel instance corresponding to the target (batch_size, a, b, c, d, preci"
group1,2,2,4096,4096,256,8,2048,0.308301,0.383986,,"ERROR: Could not find hyperparameters for the kernel instance corresponding to the target (batch_size, a, b, c, d, preci"
group1,2,2,4096,4096,256,8,4096,0.610454,0.757280,,"ERROR: Could not find hyperparameters for the kernel instance corresponding to the target (batch_size, a, b, c, d, preci"
group1,2,2,4096,4096,512,4,2,0.101141,0.129526,,"ERROR: Could not find hyperparameters for the kernel instance corresponding to the target (batch_size, a, b, c, d, preci"
group1,2,2,4096,4096,512,4,4,0.101487,0.130398,,"ERROR: Could not find hyperparameters for the kernel instance corresponding to the target (batch_size, a, b, c, d, preci"
group1,2,2,4096,4096,512,4,8,0.101597,0.130517,,"ERROR: Could not find hyperparameters for the kernel instance corresponding to the target (batch_size, a, b, c, d, preci"
group1,2,2,4096,4096,512,4,16,0.101565,0.129938,,"ERROR: Could not find hyperparameters for the kernel instance corresponding to the target (batch_size, a, b, c, d, preci"
group1,2,2,4096,4096,512,4,32,0.101407,0.130453,,"ERROR: Could not find hyperparameters for the kernel instance corresponding to the target (batch_size, a, b, c, d, preci"
group1,2,2,4096,4096,512,4,64,0.101421,0.129730,,"ERROR: Could not find hyperparameters for the kernel instance corresponding to the target (batch_size, a, b, c, d, preci"
group1,2,2,4096,4096,512,4,128,0.101446,0.130131,,"ERROR: Could not find hyperparameters for the kernel instance corresponding to the target (batch_size, a, b, c, d, preci"
group1,2,2,4096,4096,512,4,256,0.101637,0.130020,,"ERROR: Could not find hyperparameters for the kernel instance corresponding to the target (batch_size, a, b, c, d, preci"
group1,2,2,4096,4096,512,4,512,0.101763,0.131162,,"ERROR: Could not find hyperparameters for the kernel instance corresponding to the target (batch_size, a, b, c, d, preci"
group1,2,2,4096,4096,512,4,1024,0.158866,0.194053,,"ERROR: Could not find hyperparameters for the kernel instance corresponding to the target (batch_size, a, b, c, d, preci"
group1,2,2,4096,4096,512,4,2048,0.308311,0.383975,,"ERROR: Could not find hyperparameters for the kernel instance corresponding to the target (batch_size, a, b, c, d, preci"
group1,2,2,4096,4096,512,4,4096,0.610477,0.757371,,"ERROR: Could not find hyperparameters for the kernel instance corresponding to the target (batch_size, a, b, c, d, preci"
group1,2,2,4096,4096,1024,2,2,0.100736,0.129518,,"ERROR: Could not find hyperparameters for the kernel instance corresponding to the target (batch_size, a, b, c, d, preci"
group1,2,2,4096,4096,1024,2,4,0.101048,0.130277,,"ERROR: Could not find hyperparameters for the kernel instance corresponding to the target (batch_size, a, b, c, d, preci"
group1,2,2,4096,4096,1024,2,8,0.100946,0.129661,,"ERROR: Could not find hyperparameters for the kernel instance corresponding to the target (batch_size, a, b, c, d, preci"
group1,2,2,4096,4096,1024,2,16,0.101111,0.130253,,"ERROR: Could not find hyperparameters for the kernel instance corresponding to the target (batch_size, a, b, c, d, preci"
group1,2,2,4096,4096,1024,2,32,0.101402,0.130230,,"ERROR: Could not find hyperparameters for the kernel instance corresponding to the target (batch_size, a, b, c, d, preci"
group1,2,2,4096,4096,1024,2,64,0.101683,0.130419,,"ERROR: Could not find hyperparameters for the kernel instance corresponding to the target (batch_size, a, b, c, d, preci"
group1,2,2,4096,4096,1024,2,128,0.101664,0.129529,,"ERROR: Could not find hyperparameters for the kernel instance corresponding to the target (batch_size, a, b, c, d, preci"
group1,2,2,4096,4096,1024,2,256,0.101437,0.129867,,"ERROR: Could not find hyperparameters for the kernel instance corresponding to the target (batch_size, a, b, c, d, preci"
group1,2,2,4096,4096,1024,2,512,0.102772,0.131078,,"ERROR: Could not find hyperparameters for the kernel instance corresponding to the target (batch_size, a, b, c, d, preci"
group1,2,2,4096,4096,1024,2,1024,0.158895,0.194056,,"ERROR: Could not find hyperparameters for the kernel instance corresponding to the target (batch_size, a, b, c, d, preci"
group1,2,2,4096,4096,1024,2,2048,0.308340,0.384058,,"ERROR: Could not find hyperparameters for the kernel instance corresponding to the target (batch_size, a, b, c, d, preci"
group1,2,2,4096,4096,1024,2,4096,0.610517,0.757379,,"ERROR: Could not find hyperparameters for the kernel instance corresponding to the target (batch_size, a, b, c, d, preci"
group1,2,2,4096,4096,2048,1,2,0.100804,0.087324,,"ERROR: Could not find hyperparameters for the kernel instance corresponding to the target (batch_size, a, b, c, d, preci"
group1,2,2,4096,4096,2048,1,4,0.101339,0.087813,,"ERROR: Could not find hyperparameters for the kernel instance corresponding to the target (batch_size, a, b, c, d, preci"
group1,2,2,4096,4096,2048,1,8,0.101802,0.087752,,"ERROR: Could not find hyperparameters for the kernel instance corresponding to the target (batch_size, a, b, c, d, preci"
group1,2,2,4096,4096,2048,1,16,0.100936,0.087512,,"ERROR: Could not find hyperparameters for the kernel instance corresponding to the target (batch_size, a, b, c, d, preci"
group1,2,2,4096,4096,2048,1,32,0.101338,0.087317,,"ERROR: Could not find hyperparameters for the kernel instance corresponding to the target (batch_size, a, b, c, d, preci"
group1,2,2,4096,4096,2048,1,64,0.101301,0.087541,,"ERROR: Could not find hyperparameters for the kernel instance corresponding to the target (batch_size, a, b, c, d, preci"
group1,2,2,4096,4096,2048,1,128,0.101556,0.087545,,"ERROR: Could not find hyperparameters for the kernel instance corresponding to the target (batch_size, a, b, c, d, preci"
group1,2,2,4096,4096,2048,1,256,0.101315,0.087062,,"ERROR: Could not find hyperparameters for the kernel instance corresponding to the target (batch_size, a, b, c, d, preci"
group1,2,2,4096,4096,2048,1,512,0.102434,0.087822,,"ERROR: Could not find hyperparameters for the kernel instance corresponding to the target (batch_size, a, b, c, d, preci"
group1,2,2,4096,4096,2048,1,1024,0.157183,0.153083,,"ERROR: Could not find hyperparameters for the kernel instance corresponding to the target (batch_size, a, b, c, d, preci"
group1,2,2,4096,4096,2048,1,2048,0.304880,0.303580,,"ERROR: Could not find hyperparameters for the kernel instance corresponding to the target (batch_size, a, b, c, d, preci"
group1,2,2,4096,4096,2048,1,4096,0.604586,0.603038,,"ERROR: Could not find hyperparameters for the kernel instance corresponding to the target (batch_size, a, b, c, d, preci"
group1,2,4,512,1024,1,256,2,0.100543,0.134147,,"ERROR: Could not find hyperparameters for the kernel instance corresponding to the target (batch_size, a, b, c, d, preci"
group1,2,4,512,1024,1,256,4,0.100783,0.133937,,"ERROR: Could not find hyperparameters for the kernel instance corresponding to the target (batch_size, a, b, c, d, preci"
group1,2,4,512,1024,1,256,8,0.100805,0.134192,,"ERROR: Could not find hyperparameters for the kernel instance corresponding to the target (batch_size, a, b, c, d, preci"
group1,2,4,512,1024,1,256,16,0.100546,0.133969,,"ERROR: Could not find hyperparameters for the kernel instance corresponding to the target (batch_size, a, b, c, d, preci"
group1,2,4,512,1024,1,256,32,0.101221,0.134280,,"ERROR: Could not find hyperparameters for the kernel instance corresponding to the target (batch_size, a, b, c, d, preci"
group1,2,4,512,1024,1,256,64,0.101094,0.133667,,"ERROR: Could not find hyperparameters for the kernel instance corresponding to the target (batch_size, a, b, c, d, preci"
group1,2,4,512,1024,1,256,128,0.101020,0.133964,,"ERROR: Could not find hyperparameters for the kernel instance corresponding to the target (batch_size, a, b, c, d, preci"
group1,2,4,512,1024,1,256,256,0.101316,0.133948,,"ERROR: Could not find hyperparameters for the kernel instance corresponding to the target (batch_size, a, b, c, d, preci"
group1,2,4,512,1024,1,256,512,0.101681,0.134215,,"ERROR: Could not find hyperparameters for the kernel instance corresponding to the target (batch_size, a, b, c, d, preci"
group1,2,4,512,1024,1,256,1024,0.101716,0.134509,,"ERROR: Could not find hyperparameters for the kernel instance corresponding to the target (batch_size, a, b, c, d, preci"
group1,2,4,512,1024,1,256,2048,0.101767,0.134351,,"ERROR: Could not find hyperparameters for the kernel instance corresponding to the target (batch_size, a, b, c, d, preci"
group1,2,4,512,1024,1,256,4096,0.106436,0.133709,,"ERROR: Could not find hyperparameters for the kernel instance corresponding to the target (batch_size, a, b, c, d, preci"
group1,2,4,512,1024,2,128,2,0.100233,0.128894,,"ERROR: Could not find hyperparameters for the kernel instance corresponding to the target (batch_size, a, b, c, d, preci"
group1,2,4,512,1024,2,128,4,0.100600,0.129606,,"ERROR: Could not find hyperparameters for the kernel instance corresponding to the target (batch_size, a, b, c, d, preci"
group1,2,4,512,1024,2,128,8,0.100734,0.129791,,"ERROR: Could not find hyperparameters for the kernel instance corresponding to the target (batch_size, a, b, c, d, preci"
group1,2,4,512,1024,2,128,16,0.101182,0.129112,,"ERROR: Could not find hyperparameters for the kernel instance corresponding to the target (batch_size, a, b, c, d, preci"
group1,2,4,512,1024,2,128,32,0.100974,0.128958,,"ERROR: Could not find hyperparameters for the kernel instance corresponding to the target (batch_size, a, b, c, d, preci"
group1,2,4,512,1024,2,128,64,0.100910,0.129081,,"ERROR: Could not find hyperparameters for the kernel instance corresponding to the target (batch_size, a, b, c, d, preci"
group1,2,4,512,1024,2,128,128,0.101116,0.129250,,"ERROR: Could not find hyperparameters for the kernel instance corresponding to the target (batch_size, a, b, c, d, preci"
group1,2,4,512,1024,2,128,256,0.100782,0.129835,,"ERROR: Could not find hyperparameters for the kernel instance corresponding to the target (batch_size, a, b, c, d, preci"
group1,2,4,512,1024,2,128,512,0.101954,0.129280,,"ERROR: Could not find hyperparameters for the kernel instance corresponding to the target (batch_size, a, b, c, d, preci"
group1,2,4,512,1024,2,128,1024,0.101352,0.129817,,"ERROR: Could not find hyperparameters for the kernel instance corresponding to the target (batch_size, a, b, c, d, preci"
group1,2,4,512,1024,2,128,2048,0.100941,0.129726,,"ERROR: Could not find hyperparameters for the kernel instance corresponding to the target (batch_size, a, b, c, d, preci"
group1,2,4,512,1024,2,128,4096,0.106382,0.129299,,"ERROR: Could not find hyperparameters for the kernel instance corresponding to the target (batch_size, a, b, c, d, preci"
group1,2,4,512,1024,4,64,2,0.100390,0.128730,,"ERROR: Could not find hyperparameters for the kernel instance corresponding to the target (batch_size, a, b, c, d, preci"
group1,2,4,512,1024,4,64,4,0.100383,0.129826,,"ERROR: Could not find hyperparameters for the kernel instance corresponding to the target (batch_size, a, b, c, d, preci"
group1,2,4,512,1024,4,64,8,0.100159,0.129680,,"ERROR: Could not find hyperparameters for the kernel instance corresponding to the target (batch_size, a, b, c, d, preci"
group1,2,4,512,1024,4,64,16,0.100497,0.129713,,"ERROR: Could not find hyperparameters for the kernel instance corresponding to the target (batch_size, a, b, c, d, preci"
group1,2,4,512,1024,4,64,32,0.101254,0.129797,,"ERROR: Could not find hyperparameters for the kernel instance corresponding to the target (batch_size, a, b, c, d, preci"
group1,2,4,512,1024,4,64,64,0.101353,0.130186,,"ERROR: Could not find hyperparameters for the kernel instance corresponding to the target (batch_size, a, b, c, d, preci"
group1,2,4,512,1024,4,64,128,0.101498,0.129098,,"ERROR: Could not find hyperparameters for the kernel instance corresponding to the target (batch_size, a, b, c, d, preci"
group1,2,4,512,1024,4,64,256,0.101395,0.129952,,"ERROR: Could not find hyperparameters for the kernel instance corresponding to the target (batch_size, a, b, c, d, preci"
group1,2,4,512,1024,4,64,512,0.101584,0.129908,,"ERROR: Could not find hyperparameters for the kernel instance corresponding to the target (batch_size, a, b, c, d, preci"
group1,2,4,512,1024,4,64,1024,0.101865,0.130044,,"ERROR: Could not find hyperparameters for the kernel instance corresponding to the target (batch_size, a, b, c, d, preci"
group1,2,4,512,1024,4,64,2048,0.102353,0.130002,,"ERROR: Could not find hyperparameters for the kernel instance corresponding to the target (batch_size, a, b, c, d, preci"
group1,2,4,512,1024,4,64,4096,0.106404,0.130080,,"ERROR: Could not find hyperparameters for the kernel instance corresponding to the target (batch_size, a, b, c, d, preci"
group1,2,4,512,1024,8,32,2,0.100506,0.129550,,"ERROR: Could not find hyperparameters for the kernel instance corresponding to the target (batch_size, a, b, c, d, preci"
group1,2,4,512,1024,8,32,4,0.100435,0.129834,,"ERROR: Could not find hyperparameters for the kernel instance corresponding to the target (batch_size, a, b, c, d, preci"
group1,2,4,512,1024,8,32,8,0.101549,0.129316,,"ERROR: Could not find hyperparameters for the kernel instance corresponding to the target (batch_size, a, b, c, d, preci"
group1,2,4,512,1024,8,32,16,0.101309,0.129390,,"ERROR: Could not find hyperparameters for the kernel instance corresponding to the target (batch_size, a, b, c, d, preci"
group1,2,4,512,1024,8,32,32,0.100994,0.129269,,"ERROR: Could not find hyperparameters for the kernel instance corresponding to the target (batch_size, a, b, c, d, preci"
group1,2,4,512,1024,8,32,64,0.101492,0.129915,,"ERROR: Could not find hyperparameters for the kernel instance corresponding to the target (batch_size, a, b, c, d, preci"
group1,2,4,512,1024,8,32,128,0.101224,0.129622,,"ERROR: Could not find hyperparameters for the kernel instance corresponding to the target (batch_size, a, b, c, d, preci"
group1,2,4,512,1024,8,32,256,0.100672,0.129463,,"ERROR: Could not find hyperparameters for the kernel instance corresponding to the target (batch_size, a, b, c, d, preci"
group1,2,4,512,1024,8,32,512,0.101270,0.129105,,"ERROR: Could not find hyperparameters for the kernel instance corresponding to the target (batch_size, a, b, c, d, preci"
group1,2,4,512,1024,8,32,1024,0.101758,0.130362,,"ERROR: Could not find hyperparameters for the kernel instance corresponding to the target (batch_size, a, b, c, d, preci"
group1,2,4,512,1024,8,32,2048,0.101596,0.130187,,"ERROR: Could not find hyperparameters for the kernel instance corresponding to the target (batch_size, a, b, c, d, preci"
group1,2,4,512,1024,8,32,4096,0.106425,0.130193,,"ERROR: Could not find hyperparameters for the kernel instance corresponding to the target (batch_size, a, b, c, d, preci"
group1,2,4,512,1024,16,16,2,0.100847,0.129300,,"ERROR: Could not find hyperparameters for the kernel instance corresponding to the target (batch_size, a, b, c, d, preci"
group1,2,4,512,1024,16,16,4,0.101044,0.129315,,"ERROR: Could not find hyperparameters for the kernel instance corresponding to the target (batch_size, a, b, c, d, preci"
group1,2,4,512,1024,16,16,8,0.100844,0.129616,,"ERROR: Could not find hyperparameters for the kernel instance corresponding to the target (batch_size, a, b, c, d, preci"
group1,2,4,512,1024,16,16,16,0.101064,0.129856,,"ERROR: Could not find hyperparameters for the kernel instance corresponding to the target (batch_size, a, b, c, d, preci"
group1,2,4,512,1024,16,16,32,0.100824,0.129763,,"ERROR: Could not find hyperparameters for the kernel instance corresponding to the target (batch_size, a, b, c, d, preci"
group1,2,4,512,1024,16,16,64,0.101452,0.129945,,"ERROR: Could not find hyperparameters for the kernel instance corresponding to the target (batch_size, a, b, c, d, preci"
group1,2,4,512,1024,16,16,128,0.101517,0.130102,,"ERROR: Could not find hyperparameters for the kernel instance corresponding to the target (batch_size, a, b, c, d, preci"
group1,2,4,512,1024,16,16,256,0.101173,0.130206,,"ERROR: Could not find hyperparameters for the kernel instance corresponding to the target (batch_size, a, b, c, d, preci"
group1,2,4,512,1024,16,16,512,0.102013,0.129773,,"ERROR: Could not find hyperparameters for the kernel instance corresponding to the target (batch_size, a, b, c, d, preci"
group1,2,4,512,1024,16,16,1024,0.101933,0.130134,,"ERROR: Could not find hyperparameters for the kernel instance corresponding to the target (batch_size, a, b, c, d, preci"
group1,2,4,512,1024,16,16,2048,0.102255,0.129687,,"ERROR: Could not find hyperparameters for the kernel instance corresponding to the target (batch_size, a, b, c, d, preci"
group1,2,4,512,1024,16,16,4096,0.106402,0.130153,,"ERROR: Could not find hyperparameters for the kernel instance corresponding to the target (batch_size, a, b, c, d, preci"
group1,2,4,512,1024,32,8,2,0.100883,0.129333,,"ERROR: Could not find hyperparameters for the kernel instance corresponding to the target (batch_size, a, b, c, d, preci"
group1,2,4,512,1024,32,8,4,0.100582,0.130087,,"ERROR: Could not find hyperparameters for the kernel instance corresponding to the target (batch_size, a, b, c, d, preci"
group1,2,4,512,1024,32,8,8,0.101623,0.129733,,"ERROR: Could not find hyperparameters for the kernel instance corresponding to the target (batch_size, a, b, c, d, preci"
group1,2,4,512,1024,32,8,16,0.101694,0.129803,,"ERROR: Could not find hyperparameters for the kernel instance corresponding to the target (batch_size, a, b, c, d, preci"
group1,2,4,512,1024,32,8,32,0.101529,0.128973,,"ERROR: Could not find hyperparameters for the kernel instance corresponding to the target (batch_size, a, b, c, d, preci"
group1,2,4,512,1024,32,8,64,0.101516,0.129730,,"ERROR: Could not find hyperparameters for the kernel instance corresponding to the target (batch_size, a, b, c, d, preci"
group1,2,4,512,1024,32,8,128,0.101576,0.129758,,"ERROR: Could not find hyperparameters for the kernel instance corresponding to the target (batch_size, a, b, c, d, preci"
group1,2,4,512,1024,32,8,256,0.100911,0.129448,,"ERROR: Could not find hyperparameters for the kernel instance corresponding to the target (batch_size, a, b, c, d, preci"
group1,2,4,512,1024,32,8,512,0.101497,0.129002,,"ERROR: Could not find hyperparameters for the kernel instance corresponding to the target (batch_size, a, b, c, d, preci"
group1,2,4,512,1024,32,8,1024,0.101690,0.129910,,"ERROR: Could not find hyperparameters for the kernel instance corresponding to the target (batch_size, a, b, c, d, preci"
group1,2,4,512,1024,32,8,2048,0.101690,0.130067,,"ERROR: Could not find hyperparameters for the kernel instance corresponding to the target (batch_size, a, b, c, d, preci"
group1,2,4,512,1024,32,8,4096,0.106410,0.129440,,"ERROR: Could not find hyperparameters for the kernel instance corresponding to the target (batch_size, a, b, c, d, preci"
group1,2,4,512,1024,64,4,2,0.100728,0.128838,,"ERROR: Could not find hyperparameters for the kernel instance corresponding to the target (batch_size, a, b, c, d, preci"
group1,2,4,512,1024,64,4,4,0.100985,0.129098,,"ERROR: Could not find hyperparameters for the kernel instance corresponding to the target (batch_size, a, b, c, d, preci"
group1,2,4,512,1024,64,4,8,0.100344,0.129563,,"ERROR: Could not find hyperparameters for the kernel instance corresponding to the target (batch_size, a, b, c, d, preci"
group1,2,4,512,1024,64,4,16,0.101190,0.130138,,"ERROR: Could not find hyperparameters for the kernel instance corresponding to the target (batch_size, a, b, c, d, preci"
group1,2,4,512,1024,64,4,32,0.101130,0.129684,,"ERROR: Could not find hyperparameters for the kernel instance corresponding to the target (batch_size, a, b, c, d, preci"
group1,2,4,512,1024,64,4,64,0.101665,0.130073,,"ERROR: Could not find hyperparameters for the kernel instance corresponding to the target (batch_size, a, b, c, d, preci"
group1,2,4,512,1024,64,4,128,0.101641,0.129232,,"ERROR: Could not find hyperparameters for the kernel instance corresponding to the target (batch_size, a, b, c, d, preci"
group1,2,4,512,1024,64,4,256,0.101100,0.129813,,"ERROR: Could not find hyperparameters for the kernel instance corresponding to the target (batch_size, a, b, c, d, preci"
group1,2,4,512,1024,64,4,512,0.101792,0.129476,,"ERROR: Could not find hyperparameters for the kernel instance corresponding to the target (batch_size, a, b, c, d, preci"
group1,2,4,512,1024,64,4,1024,0.101683,0.129432,,"ERROR: Could not find hyperparameters for the kernel instance corresponding to the target (batch_size, a, b, c, d, preci"
group1,2,4,512,1024,64,4,2048,0.101951,0.129597,,"ERROR: Could not find hyperparameters for the kernel instance corresponding to the target (batch_size, a, b, c, d, preci"
group1,2,4,512,1024,64,4,4096,0.106463,0.129613,,"ERROR: Could not find hyperparameters for the kernel instance corresponding to the target (batch_size, a, b, c, d, preci"
group1,2,4,512,1024,128,2,2,0.100542,0.128974,,"ERROR: Could not find hyperparameters for the kernel instance corresponding to the target (batch_size, a, b, c, d, preci"
group1,2,4,512,1024,128,2,4,0.100466,0.129506,,"ERROR: Could not find hyperparameters for the kernel instance corresponding to the target (batch_size, a, b, c, d, preci"
group1,2,4,512,1024,128,2,8,0.101387,0.128880,,"ERROR: Could not find hyperparameters for the kernel instance corresponding to the target (batch_size, a, b, c, d, preci"
group1,2,4,512,1024,128,2,16,0.101242,0.129277,,"ERROR: Could not find hyperparameters for the kernel instance corresponding to the target (batch_size, a, b, c, d, preci"
group1,2,4,512,1024,128,2,32,0.100991,0.129076,,"ERROR: Could not find hyperparameters for the kernel instance corresponding to the target (batch_size, a, b, c, d, preci"
group1,2,4,512,1024,128,2,64,0.100908,0.129430,,"ERROR: Could not find hyperparameters for the kernel instance corresponding to the target (batch_size, a, b, c, d, preci"
group1,2,4,512,1024,128,2,128,0.101158,0.129291,,"ERROR: Could not find hyperparameters for the kernel instance corresponding to the target (batch_size, a, b, c, d, preci"
group1,2,4,512,1024,128,2,256,0.100518,0.129302,,"ERROR: Could not find hyperparameters for the kernel instance corresponding to the target (batch_size, a, b, c, d, preci"
group1,2,4,512,1024,128,2,512,0.101088,0.129236,,"ERROR: Could not find hyperparameters for the kernel instance corresponding to the target (batch_size, a, b, c, d, preci"
group1,2,4,512,1024,128,2,1024,0.101664,0.130432,,"ERROR: Could not find hyperparameters for the kernel instance corresponding to the target (batch_size, a, b, c, d, preci"
group1,2,4,512,1024,128,2,2048,0.101465,0.130110,,"ERROR: Could not find hyperparameters for the kernel instance corresponding to the target (batch_size, a, b, c, d, preci"
group1,2,4,512,1024,128,2,4096,0.106462,0.130031,,"ERROR: Could not find hyperparameters for the kernel instance corresponding to the target (batch_size, a, b, c, d, preci"
group1,2,4,512,1024,256,1,2,0.100949,0.087020,,"ERROR: Could not find hyperparameters for the kernel instance corresponding to the target (batch_size, a, b, c, d, preci"
group1,2,4,512,1024,256,1,4,0.100344,0.086546,,"ERROR: Could not find hyperparameters for the kernel instance corresponding to the target (batch_size, a, b, c, d, preci"
group1,2,4,512,1024,256,1,8,0.100754,0.086787,,"ERROR: Could not find hyperparameters for the kernel instance corresponding to the target (batch_size, a, b, c, d, preci"
group1,2,4,512,1024,256,1,16,0.101295,0.086677,,"ERROR: Could not find hyperparameters for the kernel instance corresponding to the target (batch_size, a, b, c, d, preci"
group1,2,4,512,1024,256,1,32,0.100909,0.087060,,"ERROR: Could not find hyperparameters for the kernel instance corresponding to the target (batch_size, a, b, c, d, preci"
group1,2,4,512,1024,256,1,64,0.101033,0.086571,,"ERROR: Could not find hyperparameters for the kernel instance corresponding to the target (batch_size, a, b, c, d, preci"
group1,2,4,512,1024,256,1,128,0.100926,0.086744,,"ERROR: Could not find hyperparameters for the kernel instance corresponding to the target (batch_size, a, b, c, d, preci"
group1,2,4,512,1024,256,1,256,0.100972,0.086871,,"ERROR: Could not find hyperparameters for the kernel instance corresponding to the target (batch_size, a, b, c, d, preci"
group1,2,4,512,1024,256,1,512,0.101347,0.086690,,"ERROR: Could not find hyperparameters for the kernel instance corresponding to the target (batch_size, a, b, c, d, preci"
group1,2,4,512,1024,256,1,1024,0.101936,0.087057,,"ERROR: Could not find hyperparameters for the kernel instance corresponding to the target (batch_size, a, b, c, d, preci"
group1,2,4,512,1024,256,1,2048,0.102060,0.087136,,"ERROR: Could not find hyperparameters for the kernel instance corresponding to the target (batch_size, a, b, c, d, preci"
group1,2,4,512,1024,256,1,4096,0.105868,0.086762,,"ERROR: Could not find hyperparameters for the kernel instance corresponding to the target (batch_size, a, b, c, d, preci"
group1,2,4,1024,2048,1,512,2,0.100725,0.133940,,"ERROR: Could not find hyperparameters for the kernel instance corresponding to the target (batch_size, a, b, c, d, preci"
group1,2,4,1024,2048,1,512,4,0.100374,0.134583,,"ERROR: Could not find hyperparameters for the kernel instance corresponding to the target (batch_size, a, b, c, d, preci"
group1,2,4,1024,2048,1,512,8,0.100647,0.134046,,"ERROR: Could not find hyperparameters for the kernel instance corresponding to the target (batch_size, a, b, c, d, preci"
group1,2,4,1024,2048,1,512,16,0.100639,0.134146,,"ERROR: Could not find hyperparameters for the kernel instance corresponding to the target (batch_size, a, b, c, d, preci"
group1,2,4,1024,2048,1,512,32,0.100769,0.134293,,"ERROR: Could not find hyperparameters for the kernel instance corresponding to the target (batch_size, a, b, c, d, preci"
group1,2,4,1024,2048,1,512,64,0.100701,0.134183,,"ERROR: Could not find hyperparameters for the kernel instance corresponding to the target (batch_size, a, b, c, d, preci"
group1,2,4,1024,2048,1,512,128,0.100811,0.134383,,"ERROR: Could not find hyperparameters for the kernel instance corresponding to the target (batch_size, a, b, c, d, preci"
group1,2,4,1024,2048,1,512,256,0.101334,0.134504,,"ERROR: Could not find hyperparameters for the kernel instance corresponding to the target (batch_size, a, b, c, d, preci"
group1,2,4,1024,2048,1,512,512,0.101801,0.135082,,"ERROR: Could not find hyperparameters for the kernel instance corresponding to the target (batch_size, a, b, c, d, preci"
group1,2,4,1024,2048,1,512,1024,0.101645,0.134818,,"ERROR: Could not find hyperparameters for the kernel instance corresponding to the target (batch_size, a, b, c, d, preci"
group1,2,4,1024,2048,1,512,2048,0.107013,0.134678,,"ERROR: Could not find hyperparameters for the kernel instance corresponding to the target (batch_size, a, b, c, d, preci"
group1,2,4,1024,2048,1,512,4096,0.205693,0.226497,,"ERROR: Could not find hyperparameters for the kernel instance corresponding to the target (batch_size, a, b, c, d, preci"
group1,2,4,1024,2048,2,256,2,0.100910,0.129622,,"ERROR: Could not find hyperparameters for the kernel instance corresponding to the target (batch_size, a, b, c, d, preci"
group1,2,4,1024,2048,2,256,4,0.100884,0.130178,,"ERROR: Could not find hyperparameters for the kernel instance corresponding to the target (batch_size, a, b, c, d, preci"
group1,2,4,1024,2048,2,256,8,0.100812,0.130057,,"ERROR: Could not find hyperparameters for the kernel instance corresponding to the target (batch_size, a, b, c, d, preci"
group1,2,4,1024,2048,2,256,16,0.101169,0.130268,,"ERROR: Could not find hyperparameters for the kernel instance corresponding to the target (batch_size, a, b, c, d, preci"
group1,2,4,1024,2048,2,256,32,0.100933,0.130079,,"ERROR: Could not find hyperparameters for the kernel instance corresponding to the target (batch_size, a, b, c, d, preci"
group1,2,4,1024,2048,2,256,64,0.100589,0.129828,,"ERROR: Could not find hyperparameters for the kernel instance corresponding to the target (batch_size, a, b, c, d, preci"
group1,2,4,1024,2048,2,256,128,0.100771,0.129025,,"ERROR: Could not find hyperparameters for the kernel instance corresponding to the target (batch_size, a, b, c, d, preci"
group1,2,4,1024,2048,2,256,256,0.101381,0.130322,,"ERROR: Could not find hyperparameters for the kernel instance corresponding to the target (batch_size, a, b, c, d, preci"
group1,2,4,1024,2048,2,256,512,0.101535,0.130231,,"ERROR: Could not find hyperparameters for the kernel instance corresponding to the target (batch_size, a, b, c, d, preci"
group1,2,4,1024,2048,2,256,1024,0.101668,0.129977,,"ERROR: Could not find hyperparameters for the kernel instance corresponding to the target (batch_size, a, b, c, d, preci"
group1,2,4,1024,2048,2,256,2048,0.106973,0.129449,,"ERROR: Could not find hyperparameters for the kernel instance corresponding to the target (batch_size, a, b, c, d, preci"
group1,2,4,1024,2048,2,256,4096,0.205608,0.223150,,"ERROR: Could not find hyperparameters for the kernel instance corresponding to the target (batch_size, a, b, c, d, preci"
group1,2,4,1024,2048,4,128,2,0.100594,0.129706,,"ERROR: Could not find hyperparameters for the kernel instance corresponding to the target (batch_size, a, b, c, d, preci"
group1,2,4,1024,2048,4,128,4,0.100511,0.130178,,"ERROR: Could not find hyperparameters for the kernel instance corresponding to the target (batch_size, a, b, c, d, preci"
group1,2,4,1024,2048,4,128,8,0.101034,0.130189,,"ERROR: Could not find hyperparameters for the kernel instance corresponding to the target (batch_size, a, b, c, d, preci"
group1,2,4,1024,2048,4,128,16,0.100715,0.130229,,"ERROR: Could not find hyperparameters for the kernel instance corresponding to the target (batch_size, a, b, c, d, preci"
group1,2,4,1024,2048,4,128,32,0.101248,0.129922,,"ERROR: Could not find hyperparameters for the kernel instance corresponding to the target (batch_size, a, b, c, d, preci"
group1,2,4,1024,2048,4,128,64,0.101545,0.130491,,"ERROR: Could not find hyperparameters for the kernel instance corresponding to the target (batch_size, a, b, c, d, preci"
group1,2,4,1024,2048,4,128,128,0.100863,0.129854,,"ERROR: Could not find hyperparameters for the kernel instance corresponding to the target (batch_size, a, b, c, d, preci"
group1,2,4,1024,2048,4,128,256,0.101426,0.130371,,"ERROR: Could not find hyperparameters for the kernel instance corresponding to the target (batch_size, a, b, c, d, preci"
group1,2,4,1024,2048,4,128,512,0.102311,0.130101,,"ERROR: Could not find hyperparameters for the kernel instance corresponding to the target (batch_size, a, b, c, d, preci"
group1,2,4,1024,2048,4,128,1024,0.102058,0.130307,,"ERROR: Could not find hyperparameters for the kernel instance corresponding to the target (batch_size, a, b, c, d, preci"
group1,2,4,1024,2048,4,128,2048,0.107006,0.130007,,"ERROR: Could not find hyperparameters for the kernel instance corresponding to the target (batch_size, a, b, c, d, preci"
group1,2,4,1024,2048,4,128,4096,0.205584,0.222300,,"ERROR: Could not find hyperparameters for the kernel instance corresponding to the target (batch_size, a, b, c, d, preci"
group1,2,4,1024,2048,8,64,2,0.101034,0.129908,,"ERROR: Could not find hyperparameters for the kernel instance corresponding to the target (batch_size, a, b, c, d, preci"
group1,2,4,1024,2048,8,64,4,0.100984,0.129870,,"ERROR: Could not find hyperparameters for the kernel instance corresponding to the target (batch_size, a, b, c, d, preci"
group1,2,4,1024,2048,8,64,8,0.101500,0.129682,,"ERROR: Could not find hyperparameters for the kernel instance corresponding to the target (batch_size, a, b, c, d, preci"
group1,2,4,1024,2048,8,64,16,0.101504,0.129715,,"ERROR: Could not find hyperparameters for the kernel instance corresponding to the target (batch_size, a, b, c, d, preci"
group1,2,4,1024,2048,8,64,32,0.101648,0.129910,,"ERROR: Could not find hyperparameters for the kernel instance corresponding to the target (batch_size, a, b, c, d, preci"
group1,2,4,1024,2048,8,64,64,0.101290,0.129711,,"ERROR: Could not find hyperparameters for the kernel instance corresponding to the target (batch_size, a, b, c, d, preci"
group1,2,4,1024,2048,8,64,128,0.100600,0.129612,,"ERROR: Could not find hyperparameters for the kernel instance corresponding to the target (batch_size, a, b, c, d, preci"
group1,2,4,1024,2048,8,64,256,0.101687,0.129376,,"ERROR: Could not find hyperparameters for the kernel instance corresponding to the target (batch_size, a, b, c, d, preci"
group1,2,4,1024,2048,8,64,512,0.101932,0.129879,,"ERROR: Could not find hyperparameters for the kernel instance corresponding to the target (batch_size, a, b, c, d, preci"
group1,2,4,1024,2048,8,64,1024,0.101569,0.130645,,"ERROR: Could not find hyperparameters for the kernel instance corresponding to the target (batch_size, a, b, c, d, preci"
group1,2,4,1024,2048,8,64,2048,0.107064,0.130137,,"ERROR: Could not find hyperparameters for the kernel instance corresponding to the target (batch_size, a, b, c, d, preci"
group1,2,4,1024,2048,8,64,4096,0.205583,0.224526,,"ERROR: Could not find hyperparameters for the kernel instance corresponding to the target (batch_size, a, b, c, d, preci"
group1,2,4,1024,2048,16,32,2,0.101182,0.129937,,"ERROR: Could not find hyperparameters for the kernel instance corresponding to the target (batch_size, a, b, c, d, preci"
group1,2,4,1024,2048,16,32,4,0.100670,0.130053,,"ERROR: Could not find hyperparameters for the kernel instance corresponding to the target (batch_size, a, b, c, d, preci"
group1,2,4,1024,2048,16,32,8,0.100662,0.129628,,"ERROR: Could not find hyperparameters for the kernel instance corresponding to the target (batch_size, a, b, c, d, preci"
group1,2,4,1024,2048,16,32,16,0.101236,0.129611,,"ERROR: Could not find hyperparameters for the kernel instance corresponding to the target (batch_size, a, b, c, d, preci"
group1,2,4,1024,2048,16,32,32,0.100733,0.130012,,"ERROR: Could not find hyperparameters for the kernel instance corresponding to the target (batch_size, a, b, c, d, preci"
group1,2,4,1024,2048,16,32,64,0.101127,0.130079,,"ERROR: Could not find hyperparameters for the kernel instance corresponding to the target (batch_size, a, b, c, d, preci"
group1,2,4,1024,2048,16,32,128,0.101417,0.130251,,"ERROR: Could not find hyperparameters for the kernel instance corresponding to the target (batch_size, a, b, c, d, preci"
group1,2,4,1024,2048,16,32,256,0.101416,0.130573,,"ERROR: Could not find hyperparameters for the kernel instance corresponding to the target (batch_size, a, b, c, d, preci"
group1,2,4,1024,2048,16,32,512,0.101817,0.130356,,"ERROR: Could not find hyperparameters for the kernel instance corresponding to the target (batch_size, a, b, c, d, preci"
group1,2,4,1024,2048,16,32,1024,0.102214,0.130772,,"ERROR: Could not find hyperparameters for the kernel instance corresponding to the target (batch_size, a, b, c, d, preci"
group1,2,4,1024,2048,16,32,2048,0.107089,0.130366,,"ERROR: Could not find hyperparameters for the kernel instance corresponding to the target (batch_size, a, b, c, d, preci"
group1,2,4,1024,2048,16,32,4096,0.205614,0.224326,,"ERROR: Could not find hyperparameters for the kernel instance corresponding to the target (batch_size, a, b, c, d, preci"
group1,2,4,1024,2048,32,16,2,0.100999,0.129466,,"ERROR: Could not find hyperparameters for the kernel instance corresponding to the target (batch_size, a, b, c, d, preci"
group1,2,4,1024,2048,32,16,4,0.101291,0.129957,,"ERROR: Could not find hyperparameters for the kernel instance corresponding to the target (batch_size, a, b, c, d, preci"
group1,2,4,1024,2048,32,16,8,0.101417,0.129762,,"ERROR: Could not find hyperparameters for the kernel instance corresponding to the target (batch_size, a, b, c, d, preci"
group1,2,4,1024,2048,32,16,16,0.101010,0.130069,,"ERROR: Could not find hyperparameters for the kernel instance corresponding to the target (batch_size, a, b, c, d, preci"
group1,2,4,1024,2048,32,16,32,0.101487,0.130307,,"ERROR: Could not find hyperparameters for the kernel instance corresponding to the target (batch_size, a, b, c, d, preci"
group1,2,4,1024,2048,32,16,64,0.100685,0.129625,,"ERROR: Could not find hyperparameters for the kernel instance corresponding to the target (batch_size, a, b, c, d, preci"
group1,2,4,1024,2048,32,16,128,0.101476,0.129999,,"ERROR: Could not find hyperparameters for the kernel instance corresponding to the target (batch_size, a, b, c, d, preci"
group1,2,4,1024,2048,32,16,256,0.101188,0.129539,,"ERROR: Could not find hyperparameters for the kernel instance corresponding to the target (batch_size, a, b, c, d, preci"
group1,2,4,1024,2048,32,16,512,0.101733,0.130419,,"ERROR: Could not find hyperparameters for the kernel instance corresponding to the target (batch_size, a, b, c, d, preci"
group1,2,4,1024,2048,32,16,1024,0.101716,0.130601,,"ERROR: Could not find hyperparameters for the kernel instance corresponding to the target (batch_size, a, b, c, d, preci"
group1,2,4,1024,2048,32,16,2048,0.107061,0.130178,,"ERROR: Could not find hyperparameters for the kernel instance corresponding to the target (batch_size, a, b, c, d, preci"
group1,2,4,1024,2048,32,16,4096,0.205605,0.224902,,"ERROR: Could not find hyperparameters for the kernel instance corresponding to the target (batch_size, a, b, c, d, preci"
group1,2,4,1024,2048,64,8,2,0.100739,0.129815,,"ERROR: Could not find hyperparameters for the kernel instance corresponding to the target (batch_size, a, b, c, d, preci"
group1,2,4,1024,2048,64,8,4,0.100729,0.130072,,"ERROR: Could not find hyperparameters for the kernel instance corresponding to the target (batch_size, a, b, c, d, preci"
group1,2,4,1024,2048,64,8,8,0.100303,0.129786,,"ERROR: Could not find hyperparameters for the kernel instance corresponding to the target (batch_size, a, b, c, d, preci"
group1,2,4,1024,2048,64,8,16,0.100523,0.130161,,"ERROR: Could not find hyperparameters for the kernel instance corresponding to the target (batch_size, a, b, c, d, preci"
group1,2,4,1024,2048,64,8,32,0.101228,0.130543,,"ERROR: Could not find hyperparameters for the kernel instance corresponding to the target (batch_size, a, b, c, d, preci"
group1,2,4,1024,2048,64,8,64,0.100587,0.129999,,"ERROR: Could not find hyperparameters for the kernel instance corresponding to the target (batch_size, a, b, c, d, preci"
group1,2,4,1024,2048,64,8,128,0.101269,0.130550,,"ERROR: Could not find hyperparameters for the kernel instance corresponding to the target (batch_size, a, b, c, d, preci"
group1,2,4,1024,2048,64,8,256,0.101084,0.130568,,"ERROR: Could not find hyperparameters for the kernel instance corresponding to the target (batch_size, a, b, c, d, preci"
group1,2,4,1024,2048,64,8,512,0.101995,0.130501,,"ERROR: Could not find hyperparameters for the kernel instance corresponding to the target (batch_size, a, b, c, d, preci"
group1,2,4,1024,2048,64,8,1024,0.102201,0.130600,,"ERROR: Could not find hyperparameters for the kernel instance corresponding to the target (batch_size, a, b, c, d, preci"
group1,2,4,1024,2048,64,8,2048,0.107015,0.130222,,"ERROR: Could not find hyperparameters for the kernel instance corresponding to the target (batch_size, a, b, c, d, preci"
group1,2,4,1024,2048,64,8,4096,0.205629,0.225854,,"ERROR: Could not find hyperparameters for the kernel instance corresponding to the target (batch_size, a, b, c, d, preci"
group1,2,4,1024,2048,128,4,2,0.100515,0.129754,,"ERROR: Could not find hyperparameters for the kernel instance corresponding to the target (batch_size, a, b, c, d, preci"
group1,2,4,1024,2048,128,4,4,0.100287,0.130271,,"ERROR: Could not find hyperparameters for the kernel instance corresponding to the target (batch_size, a, b, c, d, preci"
group1,2,4,1024,2048,128,4,8,0.101665,0.130123,,"ERROR: Could not find hyperparameters for the kernel instance corresponding to the target (batch_size, a, b, c, d, preci"
group1,2,4,1024,2048,128,4,16,0.101798,0.130387,,"ERROR: Could not find hyperparameters for the kernel instance corresponding to the target (batch_size, a, b, c, d, preci"
group1,2,4,1024,2048,128,4,32,0.101382,0.130265,,"ERROR: Could not find hyperparameters for the kernel instance corresponding to the target (batch_size, a, b, c, d, preci"
group1,2,4,1024,2048,128,4,64,0.101376,0.130379,,"ERROR: Could not find hyperparameters for the kernel instance corresponding to the target (batch_size, a, b, c, d, preci"
group1,2,4,1024,2048,128,4,128,0.101840,0.130950,,"ERROR: Could not find hyperparameters for the kernel instance corresponding to the target (batch_size, a, b, c, d, preci"
group1,2,4,1024,2048,128,4,256,0.101180,0.130444,,"ERROR: Could not find hyperparameters for the kernel instance corresponding to the target (batch_size, a, b, c, d, preci"
group1,2,4,1024,2048,128,4,512,0.102141,0.131192,,"ERROR: Could not find hyperparameters for the kernel instance corresponding to the target (batch_size, a, b, c, d, preci"
group1,2,4,1024,2048,128,4,1024,0.102302,0.130418,,"ERROR: Could not find hyperparameters for the kernel instance corresponding to the target (batch_size, a, b, c, d, preci"
group1,2,4,1024,2048,128,4,2048,0.107037,0.130855,,"ERROR: Could not find hyperparameters for the kernel instance corresponding to the target (batch_size, a, b, c, d, preci"
group1,2,4,1024,2048,128,4,4096,0.205598,0.225887,,"ERROR: Could not find hyperparameters for the kernel instance corresponding to the target (batch_size, a, b, c, d, preci"
group1,2,4,1024,2048,256,2,2,0.100982,0.129623,,"ERROR: Could not find hyperparameters for the kernel instance corresponding to the target (batch_size, a, b, c, d, preci"
group1,2,4,1024,2048,256,2,4,0.100860,0.130936,,"ERROR: Could not find hyperparameters for the kernel instance corresponding to the target (batch_size, a, b, c, d, preci"
group1,2,4,1024,2048,256,2,8,0.100680,0.130797,,"ERROR: Could not find hyperparameters for the kernel instance corresponding to the target (batch_size, a, b, c, d, preci"
group1,2,4,1024,2048,256,2,16,0.101199,0.130843,,"ERROR: Could not find hyperparameters for the kernel instance corresponding to the target (batch_size, a, b, c, d, preci"
group1,2,4,1024,2048,256,2,32,0.102191,0.130795,,"ERROR: Could not find hyperparameters for the kernel instance corresponding to the target (batch_size, a, b, c, d, preci"
group1,2,4,1024,2048,256,2,64,0.101674,0.130824,,"ERROR: Could not find hyperparameters for the kernel instance corresponding to the target (batch_size, a, b, c, d, preci"
group1,2,4,1024,2048,256,2,128,0.101990,0.130729,,"ERROR: Could not find hyperparameters for the kernel instance corresponding to the target (batch_size, a, b, c, d, preci"
group1,2,4,1024,2048,256,2,256,0.101554,0.130724,,"ERROR: Could not find hyperparameters for the kernel instance corresponding to the target (batch_size, a, b, c, d, preci"
group1,2,4,1024,2048,256,2,512,0.102184,0.130721,,"ERROR: Could not find hyperparameters for the kernel instance corresponding to the target (batch_size, a, b, c, d, preci"
group1,2,4,1024,2048,256,2,1024,0.102032,0.130739,,"ERROR: Could not find hyperparameters for the kernel instance corresponding to the target (batch_size, a, b, c, d, preci"
group1,2,4,1024,2048,256,2,2048,0.107038,0.130583,,"ERROR: Could not find hyperparameters for the kernel instance corresponding to the target (batch_size, a, b, c, d, preci"
group1,2,4,1024,2048,256,2,4096,0.205698,0.225771,,"ERROR: Could not find hyperparameters for the kernel instance corresponding to the target (batch_size, a, b, c, d, preci"
group1,2,4,1024,2048,512,1,2,0.100868,0.087160,,"ERROR: Could not find hyperparameters for the kernel instance corresponding to the target (batch_size, a, b, c, d, preci"
group1,2,4,1024,2048,512,1,4,0.101639,0.087073,,"ERROR: Could not find hyperparameters for the kernel instance corresponding to the target (batch_size, a, b, c, d, preci"
group1,2,4,1024,2048,512,1,8,0.101981,0.087329,,"ERROR: Could not find hyperparameters for the kernel instance corresponding to the target (batch_size, a, b, c, d, preci"
group1,2,4,1024,2048,512,1,16,0.101462,0.087150,,"ERROR: Could not find hyperparameters for the kernel instance corresponding to the target (batch_size, a, b, c, d, preci"
group1,2,4,1024,2048,512,1,32,0.100859,0.087271,,"ERROR: Could not find hyperparameters for the kernel instance corresponding to the target (batch_size, a, b, c, d, preci"
group1,2,4,1024,2048,512,1,64,0.100931,0.087181,,"ERROR: Could not find hyperparameters for the kernel instance corresponding to the target (batch_size, a, b, c, d, preci"
group1,2,4,1024,2048,512,1,128,0.101229,0.086355,,"ERROR: Could not find hyperparameters for the kernel instance corresponding to the target (batch_size, a, b, c, d, preci"
group1,2,4,1024,2048,512,1,256,0.101467,0.087015,,"ERROR: Could not find hyperparameters for the kernel instance corresponding to the target (batch_size, a, b, c, d, preci"
group1,2,4,1024,2048,512,1,512,0.102131,0.087334,,"ERROR: Could not find hyperparameters for the kernel instance corresponding to the target (batch_size, a, b, c, d, preci"
group1,2,4,1024,2048,512,1,1024,0.102035,0.087023,,"ERROR: Could not find hyperparameters for the kernel instance corresponding to the target (batch_size, a, b, c, d, preci"
group1,2,4,1024,2048,512,1,2048,0.106240,0.087076,,"ERROR: Could not find hyperparameters for the kernel instance corresponding to the target (batch_size, a, b, c, d, preci"
group1,2,4,1024,2048,512,1,4096,0.203922,0.163771,,"ERROR: Could not find hyperparameters for the kernel instance corresponding to the target (batch_size, a, b, c, d, preci"
group1,2,4,2048,4096,1,1024,2,0.101023,0.133508,,"ERROR: Could not find hyperparameters for the kernel instance corresponding to the target (batch_size, a, b, c, d, preci"
group1,2,4,2048,4096,1,1024,4,0.100545,0.134011,,"ERROR: Could not find hyperparameters for the kernel instance corresponding to the target (batch_size, a, b, c, d, preci"
group1,2,4,2048,4096,1,1024,8,0.101148,0.134556,,"ERROR: Could not find hyperparameters for the kernel instance corresponding to the target (batch_size, a, b, c, d, preci"
group1,2,4,2048,4096,1,1024,16,0.101100,0.134444,,"ERROR: Could not find hyperparameters for the kernel instance corresponding to the target (batch_size, a, b, c, d, preci"
group1,2,4,2048,4096,1,1024,32,0.101222,0.134875,,"ERROR: Could not find hyperparameters for the kernel instance corresponding to the target (batch_size, a, b, c, d, preci"
group1,2,4,2048,4096,1,1024,64,0.101370,0.134947,,"ERROR: Could not find hyperparameters for the kernel instance corresponding to the target (batch_size, a, b, c, d, preci"
group1,2,4,2048,4096,1,1024,128,0.101266,0.134698,,"ERROR: Could not find hyperparameters for the kernel instance corresponding to the target (batch_size, a, b, c, d, preci"
group1,2,4,2048,4096,1,1024,256,0.101194,0.135007,,"ERROR: Could not find hyperparameters for the kernel instance corresponding to the target (batch_size, a, b, c, d, preci"
group1,2,4,2048,4096,1,1024,512,0.101376,0.134485,,"ERROR: Could not find hyperparameters for the kernel instance corresponding to the target (batch_size, a, b, c, d, preci"
group1,2,4,2048,4096,1,1024,1024,0.108185,0.134724,,"ERROR: Could not find hyperparameters for the kernel instance corresponding to the target (batch_size, a, b, c, d, preci"
group1,2,4,2048,4096,1,1024,2048,0.204301,0.227424,,"ERROR: Could not find hyperparameters for the kernel instance corresponding to the target (batch_size, a, b, c, d, preci"
group1,2,4,2048,4096,1,1024,4096,0.404290,0.443552,,"ERROR: Could not find hyperparameters for the kernel instance corresponding to the target (batch_size, a, b, c, d, preci"
group1,2,4,2048,4096,2,512,2,0.101105,0.129698,,"ERROR: Could not find hyperparameters for the kernel instance corresponding to the target (batch_size, a, b, c, d, preci"
group1,2,4,2048,4096,2,512,4,0.100959,0.129959,,"ERROR: Could not find hyperparameters for the kernel instance corresponding to the target (batch_size, a, b, c, d, preci"
group1,2,4,2048,4096,2,512,8,0.100803,0.129849,,"ERROR: Could not find hyperparameters for the kernel instance corresponding to the target (batch_size, a, b, c, d, preci"
group1,2,4,2048,4096,2,512,16,0.101707,0.130474,,"ERROR: Could not find hyperparameters for the kernel instance corresponding to the target (batch_size, a, b, c, d, preci"
group1,2,4,2048,4096,2,512,32,0.101035,0.129924,,"ERROR: Could not find hyperparameters for the kernel instance corresponding to the target (batch_size, a, b, c, d, preci"
group1,2,4,2048,4096,2,512,64,0.101304,0.130194,,"ERROR: Could not find hyperparameters for the kernel instance corresponding to the target (batch_size, a, b, c, d, preci"
group1,2,4,2048,4096,2,512,128,0.101340,0.129412,,"ERROR: Could not find hyperparameters for the kernel instance corresponding to the target (batch_size, a, b, c, d, preci"
group1,2,4,2048,4096,2,512,256,0.101687,0.130191,,"ERROR: Could not find hyperparameters for the kernel instance corresponding to the target (batch_size, a, b, c, d, preci"
group1,2,4,2048,4096,2,512,512,0.101942,0.130545,,"ERROR: Could not find hyperparameters for the kernel instance corresponding to the target (batch_size, a, b, c, d, preci"
group1,2,4,2048,4096,2,512,1024,0.108214,0.130205,,"ERROR: Could not find hyperparameters for the kernel instance corresponding to the target (batch_size, a, b, c, d, preci"
group1,2,4,2048,4096,2,512,2048,0.204026,0.227387,,"ERROR: Could not find hyperparameters for the kernel instance corresponding to the target (batch_size, a, b, c, d, preci"
group1,2,4,2048,4096,2,512,4096,0.403920,0.442946,,"ERROR: Could not find hyperparameters for the kernel instance corresponding to the target (batch_size, a, b, c, d, preci"
group1,2,4,2048,4096,4,256,2,0.100976,0.129591,,"ERROR: Could not find hyperparameters for the kernel instance corresponding to the target (batch_size, a, b, c, d, preci"
group1,2,4,2048,4096,4,256,4,0.100718,0.130436,,"ERROR: Could not find hyperparameters for the kernel instance corresponding to the target (batch_size, a, b, c, d, preci"
group1,2,4,2048,4096,4,256,8,0.101380,0.129584,,"ERROR: Could not find hyperparameters for the kernel instance corresponding to the target (batch_size, a, b, c, d, preci"
group1,2,4,2048,4096,4,256,16,0.102430,0.130086,,"ERROR: Could not find hyperparameters for the kernel instance corresponding to the target (batch_size, a, b, c, d, preci"
group1,2,4,2048,4096,4,256,32,0.102073,0.130193,,"ERROR: Could not find hyperparameters for the kernel instance corresponding to the target (batch_size, a, b, c, d, preci"
group1,2,4,2048,4096,4,256,64,0.101200,0.130622,,"ERROR: Could not find hyperparameters for the kernel instance corresponding to the target (batch_size, a, b, c, d, preci"
group1,2,4,2048,4096,4,256,128,0.101281,0.130058,,"ERROR: Could not find hyperparameters for the kernel instance corresponding to the target (batch_size, a, b, c, d, preci"
group1,2,4,2048,4096,4,256,256,0.101836,0.130642,,"ERROR: Could not find hyperparameters for the kernel instance corresponding to the target (batch_size, a, b, c, d, preci"
group1,2,4,2048,4096,4,256,512,0.102203,0.130588,,"ERROR: Could not find hyperparameters for the kernel instance corresponding to the target (batch_size, a, b, c, d, preci"
group1,2,4,2048,4096,4,256,1024,0.108215,0.130588,,"ERROR: Could not find hyperparameters for the kernel instance corresponding to the target (batch_size, a, b, c, d, preci"
group1,2,4,2048,4096,4,256,2048,0.203981,0.223569,,"ERROR: Could not find hyperparameters for the kernel instance corresponding to the target (batch_size, a, b, c, d, preci"
group1,2,4,2048,4096,4,256,4096,0.403924,0.433697,,"ERROR: Could not find hyperparameters for the kernel instance corresponding to the target (batch_size, a, b, c, d, preci"
group1,2,4,2048,4096,8,128,2,0.100962,0.129156,,"ERROR: Could not find hyperparameters for the kernel instance corresponding to the target (batch_size, a, b, c, d, preci"
group1,2,4,2048,4096,8,128,4,0.101462,0.129169,,"ERROR: Could not find hyperparameters for the kernel instance corresponding to the target (batch_size, a, b, c, d, preci"
group1,2,4,2048,4096,8,128,8,0.101254,0.129708,,"ERROR: Could not find hyperparameters for the kernel instance corresponding to the target (batch_size, a, b, c, d, preci"
group1,2,4,2048,4096,8,128,16,0.101129,0.130804,,"ERROR: Could not find hyperparameters for the kernel instance corresponding to the target (batch_size, a, b, c, d, preci"
group1,2,4,2048,4096,8,128,32,0.101305,0.129366,,"ERROR: Could not find hyperparameters for the kernel instance corresponding to the target (batch_size, a, b, c, d, preci"
group1,2,4,2048,4096,8,128,64,0.101304,0.129623,,"ERROR: Could not find hyperparameters for the kernel instance corresponding to the target (batch_size, a, b, c, d, preci"
group1,2,4,2048,4096,8,128,128,0.101582,0.130063,,"ERROR: Could not find hyperparameters for the kernel instance corresponding to the target (batch_size, a, b, c, d, preci"
group1,2,4,2048,4096,8,128,256,0.101737,0.130206,,"ERROR: Could not find hyperparameters for the kernel instance corresponding to the target (batch_size, a, b, c, d, preci"
group1,2,4,2048,4096,8,128,512,0.102392,0.130706,,"ERROR: Could not find hyperparameters for the kernel instance corresponding to the target (batch_size, a, b, c, d, preci"
group1,2,4,2048,4096,8,128,1024,0.108222,0.130885,,"ERROR: Could not find hyperparameters for the kernel instance corresponding to the target (batch_size, a, b, c, d, preci"
group1,2,4,2048,4096,8,128,2048,0.203942,0.222555,,"ERROR: Could not find hyperparameters for the kernel instance corresponding to the target (batch_size, a, b, c, d, preci"
group1,2,4,2048,4096,8,128,4096,0.403904,0.431205,,"ERROR: Could not find hyperparameters for the kernel instance corresponding to the target (batch_size, a, b, c, d, preci"
group1,2,4,2048,4096,16,64,2,0.101390,0.129422,,"ERROR: Could not find hyperparameters for the kernel instance corresponding to the target (batch_size, a, b, c, d, preci"
group1,2,4,2048,4096,16,64,4,0.100906,0.129866,,"ERROR: Could not find hyperparameters for the kernel instance corresponding to the target (batch_size, a, b, c, d, preci"
group1,2,4,2048,4096,16,64,8,0.101529,0.129991,,"ERROR: Could not find hyperparameters for the kernel instance corresponding to the target (batch_size, a, b, c, d, preci"
group1,2,4,2048,4096,16,64,16,0.101407,0.129743,,"ERROR: Could not find hyperparameters for the kernel instance corresponding to the target (batch_size, a, b, c, d, preci"
group1,2,4,2048,4096,16,64,32,0.101326,0.129709,,"ERROR: Could not find hyperparameters for the kernel instance corresponding to the target (batch_size, a, b, c, d, preci"
group1,2,4,2048,4096,16,64,64,0.101211,0.130327,,"ERROR: Could not find hyperparameters for the kernel instance corresponding to the target (batch_size, a, b, c, d, preci"
group1,2,4,2048,4096,16,64,128,0.101635,0.130660,,"ERROR: Could not find hyperparameters for the kernel instance corresponding to the target (batch_size, a, b, c, d, preci"
group1,2,4,2048,4096,16,64,256,0.101453,0.129699,,"ERROR: Could not find hyperparameters for the kernel instance corresponding to the target (batch_size, a, b, c, d, preci"
group1,2,4,2048,4096,16,64,512,0.101989,0.130251,,"ERROR: Could not find hyperparameters for the kernel instance corresponding to the target (batch_size, a, b, c, d, preci"
group1,2,4,2048,4096,16,64,1024,0.108249,0.129948,,"ERROR: Could not find hyperparameters for the kernel instance corresponding to the target (batch_size, a, b, c, d, preci"
group1,2,4,2048,4096,16,64,2048,0.204008,0.225131,,"ERROR: Could not find hyperparameters for the kernel instance corresponding to the target (batch_size, a, b, c, d, preci"
group1,2,4,2048,4096,16,64,4096,0.404139,0.438633,,"ERROR: Could not find hyperparameters for the kernel instance corresponding to the target (batch_size, a, b, c, d, preci"
group1,2,4,2048,4096,32,32,2,0.100619,0.129319,,"ERROR: Could not find hyperparameters for the kernel instance corresponding to the target (batch_size, a, b, c, d, preci"
group1,2,4,2048,4096,32,32,4,0.100653,0.130180,,"ERROR: Could not find hyperparameters for the kernel instance corresponding to the target (batch_size, a, b, c, d, preci"
group1,2,4,2048,4096,32,32,8,0.101423,0.129893,,"ERROR: Could not find hyperparameters for the kernel instance corresponding to the target (batch_size, a, b, c, d, preci"
group1,2,4,2048,4096,32,32,16,0.101597,0.129751,,"ERROR: Could not find hyperparameters for the kernel instance corresponding to the target (batch_size, a, b, c, d, preci"
group1,2,4,2048,4096,32,32,32,0.101548,0.130601,,"ERROR: Could not find hyperparameters for the kernel instance corresponding to the target (batch_size, a, b, c, d, preci"
group1,2,4,2048,4096,32,32,64,0.100949,0.130667,,"ERROR: Could not find hyperparameters for the kernel instance corresponding to the target (batch_size, a, b, c, d, preci"
group1,2,4,2048,4096,32,32,128,0.101369,0.130765,,"ERROR: Could not find hyperparameters for the kernel instance corresponding to the target (batch_size, a, b, c, d, preci"
group1,2,4,2048,4096,32,32,256,0.101507,0.130172,,"ERROR: Could not find hyperparameters for the kernel instance corresponding to the target (batch_size, a, b, c, d, preci"
group1,2,4,2048,4096,32,32,512,0.101990,0.130457,,"ERROR: Could not find hyperparameters for the kernel instance corresponding to the target (batch_size, a, b, c, d, preci"
group1,2,4,2048,4096,32,32,1024,0.108256,0.131207,,"ERROR: Could not find hyperparameters for the kernel instance corresponding to the target (batch_size, a, b, c, d, preci"
group1,2,4,2048,4096,32,32,2048,0.204111,0.225150,,"ERROR: Could not find hyperparameters for the kernel instance corresponding to the target (batch_size, a, b, c, d, preci"
group1,2,4,2048,4096,32,32,4096,0.404150,0.439141,,"ERROR: Could not find hyperparameters for the kernel instance corresponding to the target (batch_size, a, b, c, d, preci"
group1,2,4,2048,4096,64,16,2,0.100883,0.129478,,"ERROR: Could not find hyperparameters for the kernel instance corresponding to the target (batch_size, a, b, c, d, preci"
group1,2,4,2048,4096,64,16,4,0.100695,0.129931,,"ERROR: Could not find hyperparameters for the kernel instance corresponding to the target (batch_size, a, b, c, d, preci"
group1,2,4,2048,4096,64,16,8,0.101066,0.129894,,"ERROR: Could not find hyperparameters for the kernel instance corresponding to the target (batch_size, a, b, c, d, preci"
group1,2,4,2048,4096,64,16,16,0.100608,0.130058,,"ERROR: Could not find hyperparameters for the kernel instance corresponding to the target (batch_size, a, b, c, d, preci"
group1,2,4,2048,4096,64,16,32,0.101189,0.129883,,"ERROR: Could not find hyperparameters for the kernel instance corresponding to the target (batch_size, a, b, c, d, preci"
group1,2,4,2048,4096,64,16,64,0.101135,0.130640,,"ERROR: Could not find hyperparameters for the kernel instance corresponding to the target (batch_size, a, b, c, d, preci"
group1,2,4,2048,4096,64,16,128,0.101066,0.130775,,"ERROR: Could not find hyperparameters for the kernel instance corresponding to the target (batch_size, a, b, c, d, preci"
group1,2,4,2048,4096,64,16,256,0.101408,0.130368,,"ERROR: Could not find hyperparameters for the kernel instance corresponding to the target (batch_size, a, b, c, d, preci"
group1,2,4,2048,4096,64,16,512,0.101799,0.130759,,"ERROR: Could not find hyperparameters for the kernel instance corresponding to the target (batch_size, a, b, c, d, preci"
group1,2,4,2048,4096,64,16,1024,0.108275,0.130277,,"ERROR: Could not find hyperparameters for the kernel instance corresponding to the target (batch_size, a, b, c, d, preci"
group1,2,4,2048,4096,64,16,2048,0.204101,0.225440,,"ERROR: Could not find hyperparameters for the kernel instance corresponding to the target (batch_size, a, b, c, d, preci"
group1,2,4,2048,4096,64,16,4096,0.404172,0.440386,,"ERROR: Could not find hyperparameters for the kernel instance corresponding to the target (batch_size, a, b, c, d, preci"
group1,2,4,2048,4096,128,8,2,0.100485,0.129880,,"ERROR: Could not find hyperparameters for the kernel instance corresponding to the target (batch_size, a, b, c, d, preci"
group1,2,4,2048,4096,128,8,4,0.100492,0.129696,,"ERROR: Could not find hyperparameters for the kernel instance corresponding to the target (batch_size, a, b, c, d, preci"
group1,2,4,2048,4096,128,8,8,0.101334,0.129913,,"ERROR: Could not find hyperparameters for the kernel instance corresponding to the target (batch_size, a, b, c, d, preci"
group1,2,4,2048,4096,128,8,16,0.100986,0.129655,,"ERROR: Could not find hyperparameters for the kernel instance corresponding to the target (batch_size, a, b, c, d, preci"
group1,2,4,2048,4096,128,8,32,0.101438,0.130188,,"ERROR: Could not find hyperparameters for the kernel instance corresponding to the target (batch_size, a, b, c, d, preci"
group1,2,4,2048,4096,128,8,64,0.101335,0.130641,,"ERROR: Could not find hyperparameters for the kernel instance corresponding to the target (batch_size, a, b, c, d, preci"
group1,2,4,2048,4096,128,8,128,0.100775,0.130449,,"ERROR: Could not find hyperparameters for the kernel instance corresponding to the target (batch_size, a, b, c, d, preci"
group1,2,4,2048,4096,128,8,256,0.100790,0.130097,,"ERROR: Could not find hyperparameters for the kernel instance corresponding to the target (batch_size, a, b, c, d, preci"
group1,2,4,2048,4096,128,8,512,0.101822,0.130565,,"ERROR: Could not find hyperparameters for the kernel instance corresponding to the target (batch_size, a, b, c, d, preci"
group1,2,4,2048,4096,128,8,1024,0.108249,0.130327,,"ERROR: Could not find hyperparameters for the kernel instance corresponding to the target (batch_size, a, b, c, d, preci"
group1,2,4,2048,4096,128,8,2048,0.204086,0.226441,,"ERROR: Could not find hyperparameters for the kernel instance corresponding to the target (batch_size, a, b, c, d, preci"
group1,2,4,2048,4096,128,8,4096,0.404164,0.441513,,"ERROR: Could not find hyperparameters for the kernel instance corresponding to the target (batch_size, a, b, c, d, preci"
group1,2,4,2048,4096,256,4,2,0.100800,0.129317,,"ERROR: Could not find hyperparameters for the kernel instance corresponding to the target (batch_size, a, b, c, d, preci"
group1,2,4,2048,4096,256,4,4,0.100924,0.129805,,"ERROR: Could not find hyperparameters for the kernel instance corresponding to the target (batch_size, a, b, c, d, preci"
group1,2,4,2048,4096,256,4,8,0.101409,0.129996,,"ERROR: Could not find hyperparameters for the kernel instance corresponding to the target (batch_size, a, b, c, d, preci"
group1,2,4,2048,4096,256,4,16,0.101005,0.130184,,"ERROR: Could not find hyperparameters for the kernel instance corresponding to the target (batch_size, a, b, c, d, preci"
group1,2,4,2048,4096,256,4,32,0.101116,0.129979,,"ERROR: Could not find hyperparameters for the kernel instance corresponding to the target (batch_size, a, b, c, d, preci"
group1,2,4,2048,4096,256,4,64,0.100959,0.130453,,"ERROR: Could not find hyperparameters for the kernel instance corresponding to the target (batch_size, a, b, c, d, preci"
group1,2,4,2048,4096,256,4,128,0.100816,0.130004,,"ERROR: Could not find hyperparameters for the kernel instance corresponding to the target (batch_size, a, b, c, d, preci"
group1,2,4,2048,4096,256,4,256,0.101113,0.130025,,"ERROR: Could not find hyperparameters for the kernel instance corresponding to the target (batch_size, a, b, c, d, preci"
group1,2,4,2048,4096,256,4,512,0.101368,0.130341,,"ERROR: Could not find hyperparameters for the kernel instance corresponding to the target (batch_size, a, b, c, d, preci"
group1,2,4,2048,4096,256,4,1024,0.108251,0.130316,,"ERROR: Could not find hyperparameters for the kernel instance corresponding to the target (batch_size, a, b, c, d, preci"
group1,2,4,2048,4096,256,4,2048,0.204088,0.226459,,"ERROR: Could not find hyperparameters for the kernel instance corresponding to the target (batch_size, a, b, c, d, preci"
group1,2,4,2048,4096,256,4,4096,0.404164,0.441448,,"ERROR: Could not find hyperparameters for the kernel instance corresponding to the target (batch_size, a, b, c, d, preci"
group1,2,4,2048,4096,512,2,2,0.101634,0.129363,,"ERROR: Could not find hyperparameters for the kernel instance corresponding to the target (batch_size, a, b, c, d, preci"
group1,2,4,2048,4096,512,2,4,0.100805,0.130403,,"ERROR: Could not find hyperparameters for the kernel instance corresponding to the target (batch_size, a, b, c, d, preci"
group1,2,4,2048,4096,512,2,8,0.101721,0.129865,,"ERROR: Could not find hyperparameters for the kernel instance corresponding to the target (batch_size, a, b, c, d, preci"
group1,2,4,2048,4096,512,2,16,0.101410,0.129090,,"ERROR: Could not find hyperparameters for the kernel instance corresponding to the target (batch_size, a, b, c, d, preci"
group1,2,4,2048,4096,512,2,32,0.101829,0.129701,,"ERROR: Could not find hyperparameters for the kernel instance corresponding to the target (batch_size, a, b, c, d, preci"
group1,2,4,2048,4096,512,2,64,0.101517,0.131130,,"ERROR: Could not find hyperparameters for the kernel instance corresponding to the target (batch_size, a, b, c, d, preci"
group1,2,4,2048,4096,512,2,128,0.100983,0.130831,,"ERROR: Could not find hyperparameters for the kernel instance corresponding to the target (batch_size, a, b, c, d, preci"
group1,2,4,2048,4096,512,2,256,0.101611,0.129430,,"ERROR: Could not find hyperparameters for the kernel instance corresponding to the target (batch_size, a, b, c, d, preci"
group1,2,4,2048,4096,512,2,512,0.101594,0.130281,,"ERROR: Could not find hyperparameters for the kernel instance corresponding to the target (batch_size, a, b, c, d, preci"
group1,2,4,2048,4096,512,2,1024,0.108281,0.129931,,"ERROR: Could not find hyperparameters for the kernel instance corresponding to the target (batch_size, a, b, c, d, preci"
group1,2,4,2048,4096,512,2,2048,0.204162,0.226364,,"ERROR: Could not find hyperparameters for the kernel instance corresponding to the target (batch_size, a, b, c, d, preci"
group1,2,4,2048,4096,512,2,4096,0.404244,0.441564,,"ERROR: Could not find hyperparameters for the kernel instance corresponding to the target (batch_size, a, b, c, d, preci"
group1,2,4,2048,4096,1024,1,2,0.100492,0.086567,,"ERROR: Could not find hyperparameters for the kernel instance corresponding to the target (batch_size, a, b, c, d, preci"
group1,2,4,2048,4096,1024,1,4,0.100868,0.087614,,"ERROR: Could not find hyperparameters for the kernel instance corresponding to the target (batch_size, a, b, c, d, preci"
group1,2,4,2048,4096,1024,1,8,0.100763,0.086570,,"ERROR: Could not find hyperparameters for the kernel instance corresponding to the target (batch_size, a, b, c, d, preci"
group1,2,4,2048,4096,1024,1,16,0.101077,0.087128,,"ERROR: Could not find hyperparameters for the kernel instance corresponding to the target (batch_size, a, b, c, d, preci"
group1,2,4,2048,4096,1024,1,32,0.101095,0.087428,,"ERROR: Could not find hyperparameters for the kernel instance corresponding to the target (batch_size, a, b, c, d, preci"
group1,2,4,2048,4096,1024,1,64,0.100815,0.087674,,"ERROR: Could not find hyperparameters for the kernel instance corresponding to the target (batch_size, a, b, c, d, preci"
group1,2,4,2048,4096,1024,1,128,0.101132,0.087419,,"ERROR: Could not find hyperparameters for the kernel instance corresponding to the target (batch_size, a, b, c, d, preci"
group1,2,4,2048,4096,1024,1,256,0.101179,0.087661,,"ERROR: Could not find hyperparameters for the kernel instance corresponding to the target (batch_size, a, b, c, d, preci"
group1,2,4,2048,4096,1024,1,512,0.101939,0.087524,,"ERROR: Could not find hyperparameters for the kernel instance corresponding to the target (batch_size, a, b, c, d, preci"
group1,2,4,2048,4096,1024,1,1024,0.107447,0.087565,,"ERROR: Could not find hyperparameters for the kernel instance corresponding to the target (batch_size, a, b, c, d, preci"
group1,2,4,2048,4096,1024,1,2048,0.202310,0.163667,,"ERROR: Could not find hyperparameters for the kernel instance corresponding to the target (batch_size, a, b, c, d, preci"
group1,2,4,2048,4096,1024,1,4096,0.400313,0.324442,,"ERROR: Could not find hyperparameters for the kernel instance corresponding to the target (batch_size, a, b, c, d, preci"
group1,2,8,512,2048,1,256,2,0.100415,0.133749,,"ERROR: Could not find hyperparameters for the kernel instance corresponding to the target (batch_size, a, b, c, d, preci"
group1,2,8,512,2048,1,256,4,0.101053,0.133801,,"ERROR: Could not find hyperparameters for the kernel instance corresponding to the target (batch_size, a, b, c, d, preci"
group1,2,8,512,2048,1,256,8,0.100591,0.134094,,"ERROR: Could not find hyperparameters for the kernel instance corresponding to the target (batch_size, a, b, c, d, preci"
group1,2,8,512,2048,1,256,16,0.100848,0.134593,,"ERROR: Could not find hyperparameters for the kernel instance corresponding to the target (batch_size, a, b, c, d, preci"
group1,2,8,512,2048,1,256,32,0.100798,0.133949,,"ERROR: Could not find hyperparameters for the kernel instance corresponding to the target (batch_size, a, b, c, d, preci"
group1,2,8,512,2048,1,256,64,0.100496,0.134317,,"ERROR: Could not find hyperparameters for the kernel instance corresponding to the target (batch_size, a, b, c, d, preci"
group1,2,8,512,2048,1,256,128,0.100638,0.133657,,"ERROR: Could not find hyperparameters for the kernel instance corresponding to the target (batch_size, a, b, c, d, preci"
group1,2,8,512,2048,1,256,256,0.100846,0.134281,,"ERROR: Could not find hyperparameters for the kernel instance corresponding to the target (batch_size, a, b, c, d, preci"
group1,2,8,512,2048,1,256,512,0.102198,0.134550,,"ERROR: Could not find hyperparameters for the kernel instance corresponding to the target (batch_size, a, b, c, d, preci"
group1,2,8,512,2048,1,256,1024,0.101968,0.134772,,"ERROR: Could not find hyperparameters for the kernel instance corresponding to the target (batch_size, a, b, c, d, preci"
group1,2,8,512,2048,1,256,2048,0.102007,0.134091,,"ERROR: Could not find hyperparameters for the kernel instance corresponding to the target (batch_size, a, b, c, d, preci"
group1,2,8,512,2048,1,256,4096,0.151289,0.145103,,"ERROR: Could not find hyperparameters for the kernel instance corresponding to the target (batch_size, a, b, c, d, preci"
group1,2,8,512,2048,2,128,2,0.101102,0.128605,,"ERROR: Could not find hyperparameters for the kernel instance corresponding to the target (batch_size, a, b, c, d, preci"
group1,2,8,512,2048,2,128,4,0.101201,0.129397,,"ERROR: Could not find hyperparameters for the kernel instance corresponding to the target (batch_size, a, b, c, d, preci"
group1,2,8,512,2048,2,128,8,0.100961,0.129420,,"ERROR: Could not find hyperparameters for the kernel instance corresponding to the target (batch_size, a, b, c, d, preci"
group1,2,8,512,2048,2,128,16,0.100943,0.129768,,"ERROR: Could not find hyperparameters for the kernel instance corresponding to the target (batch_size, a, b, c, d, preci"
group1,2,8,512,2048,2,128,32,0.101014,0.129681,,"ERROR: Could not find hyperparameters for the kernel instance corresponding to the target (batch_size, a, b, c, d, preci"
group1,2,8,512,2048,2,128,64,0.100924,0.129951,,"ERROR: Could not find hyperparameters for the kernel instance corresponding to the target (batch_size, a, b, c, d, preci"
group1,2,8,512,2048,2,128,128,0.100949,0.130196,,"ERROR: Could not find hyperparameters for the kernel instance corresponding to the target (batch_size, a, b, c, d, preci"
group1,2,8,512,2048,2,128,256,0.101465,0.130327,,"ERROR: Could not find hyperparameters for the kernel instance corresponding to the target (batch_size, a, b, c, d, preci"
group1,2,8,512,2048,2,128,512,0.102124,0.130678,,"ERROR: Could not find hyperparameters for the kernel instance corresponding to the target (batch_size, a, b, c, d, preci"
group1,2,8,512,2048,2,128,1024,0.101613,0.130294,,"ERROR: Could not find hyperparameters for the kernel instance corresponding to the target (batch_size, a, b, c, d, preci"
group1,2,8,512,2048,2,128,2048,0.101936,0.129967,,"ERROR: Could not find hyperparameters for the kernel instance corresponding to the target (batch_size, a, b, c, d, preci"
group1,2,8,512,2048,2,128,4096,0.151630,0.144608,,"ERROR: Could not find hyperparameters for the kernel instance corresponding to the target (batch_size, a, b, c, d, preci"
group1,2,8,512,2048,4,64,2,0.100315,0.129388,,"ERROR: Could not find hyperparameters for the kernel instance corresponding to the target (batch_size, a, b, c, d, preci"
group1,2,8,512,2048,4,64,4,0.100685,0.129341,,"ERROR: Could not find hyperparameters for the kernel instance corresponding to the target (batch_size, a, b, c, d, preci"
group1,2,8,512,2048,4,64,8,0.100754,0.129763,,"ERROR: Could not find hyperparameters for the kernel instance corresponding to the target (batch_size, a, b, c, d, preci"
group1,2,8,512,2048,4,64,16,0.100875,0.130284,,"ERROR: Could not find hyperparameters for the kernel instance corresponding to the target (batch_size, a, b, c, d, preci"
group1,2,8,512,2048,4,64,32,0.101028,0.129356,,"ERROR: Could not find hyperparameters for the kernel instance corresponding to the target (batch_size, a, b, c, d, preci"
group1,2,8,512,2048,4,64,64,0.101172,0.129830,,"ERROR: Could not find hyperparameters for the kernel instance corresponding to the target (batch_size, a, b, c, d, preci"
group1,2,8,512,2048,4,64,128,0.101116,0.129934,,"ERROR: Could not find hyperparameters for the kernel instance corresponding to the target (batch_size, a, b, c, d, preci"
group1,2,8,512,2048,4,64,256,0.101264,0.130427,,"ERROR: Could not find hyperparameters for the kernel instance corresponding to the target (batch_size, a, b, c, d, preci"
group1,2,8,512,2048,4,64,512,0.101924,0.130560,,"ERROR: Could not find hyperparameters for the kernel instance corresponding to the target (batch_size, a, b, c, d, preci"
group1,2,8,512,2048,4,64,1024,0.101874,0.130107,,"ERROR: Could not find hyperparameters for the kernel instance corresponding to the target (batch_size, a, b, c, d, preci"
group1,2,8,512,2048,4,64,2048,0.102474,0.130268,,"ERROR: Could not find hyperparameters for the kernel instance corresponding to the target (batch_size, a, b, c, d, preci"
group1,2,8,512,2048,4,64,4096,0.151705,0.144494,,"ERROR: Could not find hyperparameters for the kernel instance corresponding to the target (batch_size, a, b, c, d, preci"
group1,2,8,512,2048,8,32,2,0.100764,0.129513,,"ERROR: Could not find hyperparameters for the kernel instance corresponding to the target (batch_size, a, b, c, d, preci"
group1,2,8,512,2048,8,32,4,0.101303,0.129541,,"ERROR: Could not find hyperparameters for the kernel instance corresponding to the target (batch_size, a, b, c, d, preci"
group1,2,8,512,2048,8,32,8,0.100856,0.129268,,"ERROR: Could not find hyperparameters for the kernel instance corresponding to the target (batch_size, a, b, c, d, preci"
group1,2,8,512,2048,8,32,16,0.101020,0.129870,,"ERROR: Could not find hyperparameters for the kernel instance corresponding to the target (batch_size, a, b, c, d, preci"
group1,2,8,512,2048,8,32,32,0.101127,0.130072,,"ERROR: Could not find hyperparameters for the kernel instance corresponding to the target (batch_size, a, b, c, d, preci"
group1,2,8,512,2048,8,32,64,0.101184,0.130147,,"ERROR: Could not find hyperparameters for the kernel instance corresponding to the target (batch_size, a, b, c, d, preci"
group1,2,8,512,2048,8,32,128,0.101289,0.130040,,"ERROR: Could not find hyperparameters for the kernel instance corresponding to the target (batch_size, a, b, c, d, preci"
group1,2,8,512,2048,8,32,256,0.101287,0.130151,,"ERROR: Could not find hyperparameters for the kernel instance corresponding to the target (batch_size, a, b, c, d, preci"
group1,2,8,512,2048,8,32,512,0.102221,0.130251,,"ERROR: Could not find hyperparameters for the kernel instance corresponding to the target (batch_size, a, b, c, d, preci"
group1,2,8,512,2048,8,32,1024,0.101246,0.130490,,"ERROR: Could not find hyperparameters for the kernel instance corresponding to the target (batch_size, a, b, c, d, preci"
group1,2,8,512,2048,8,32,2048,0.101699,0.130107,,"ERROR: Could not find hyperparameters for the kernel instance corresponding to the target (batch_size, a, b, c, d, preci"
group1,2,8,512,2048,8,32,4096,0.151763,0.143727,,"ERROR: Could not find hyperparameters for the kernel instance corresponding to the target (batch_size, a, b, c, d, preci"
group1,2,8,512,2048,16,16,2,0.082960,0.100229,,"ERROR: Could not find hyperparameters for the kernel instance corresponding to the target (batch_size, a, b, c, d, preci"
group1,2,8,512,2048,16,16,4,0.083376,0.100578,,"ERROR: Could not find hyperparameters for the kernel instance corresponding to the target (batch_size, a, b, c, d, preci"
group1,2,8,512,2048,16,16,8,0.083488,0.100600,,"ERROR: Could not find hyperparameters for the kernel instance corresponding to the target (batch_size, a, b, c, d, preci"
group1,2,8,512,2048,16,16,16,0.084051,0.101061,,"ERROR: Could not find hyperparameters for the kernel instance corresponding to the target (batch_size, a, b, c, d, preci"
group1,2,8,512,2048,16,16,32,0.083756,0.101167,,"ERROR: Could not find hyperparameters for the kernel instance corresponding to the target (batch_size, a, b, c, d, preci"
group1,2,8,512,2048,16,16,64,0.083241,0.101486,,"ERROR: Could not find hyperparameters for the kernel instance corresponding to the target (batch_size, a, b, c, d, preci"
group1,2,8,512,2048,16,16,128,0.083717,0.101437,,"ERROR: Could not find hyperparameters for the kernel instance corresponding to the target (batch_size, a, b, c, d, preci"
group1,2,8,512,2048,16,16,256,0.083602,0.101086,,"ERROR: Could not find hyperparameters for the kernel instance corresponding to the target (batch_size, a, b, c, d, preci"
group1,2,8,512,2048,16,16,512,0.084671,0.101242,,"ERROR: Could not find hyperparameters for the kernel instance corresponding to the target (batch_size, a, b, c, d, preci"
group1,2,8,512,2048,16,16,1024,0.084826,0.101882,,"ERROR: Could not find hyperparameters for the kernel instance corresponding to the target (batch_size, a, b, c, d, preci"
group1,2,8,512,2048,16,16,2048,0.084598,0.101354,,"ERROR: Could not find hyperparameters for the kernel instance corresponding to the target (batch_size, a, b, c, d, preci"
group1,2,8,512,2048,16,16,4096,0.151532,0.146117,,"ERROR: Could not find hyperparameters for the kernel instance corresponding to the target (batch_size, a, b, c, d, preci"
group1,2,8,512,2048,32,8,2,0.083090,0.100653,,"ERROR: Could not find hyperparameters for the kernel instance corresponding to the target (batch_size, a, b, c, d, preci"
group1,2,8,512,2048,32,8,4,0.083516,0.100828,,"ERROR: Could not find hyperparameters for the kernel instance corresponding to the target (batch_size, a, b, c, d, preci"
group1,2,8,512,2048,32,8,8,0.083269,0.101316,,"ERROR: Could not find hyperparameters for the kernel instance corresponding to the target (batch_size, a, b, c, d, preci"
group1,2,8,512,2048,32,8,16,0.083813,0.101306,,"ERROR: Could not find hyperparameters for the kernel instance corresponding to the target (batch_size, a, b, c, d, preci"
group1,2,8,512,2048,32,8,32,0.083408,0.101501,,"ERROR: Could not find hyperparameters for the kernel instance corresponding to the target (batch_size, a, b, c, d, preci"
group1,2,8,512,2048,32,8,64,0.083703,0.101296,,"ERROR: Could not find hyperparameters for the kernel instance corresponding to the target (batch_size, a, b, c, d, preci"
group1,2,8,512,2048,32,8,128,0.083585,0.101487,,"ERROR: Could not find hyperparameters for the kernel instance corresponding to the target (batch_size, a, b, c, d, preci"
group1,2,8,512,2048,32,8,256,0.083578,0.100448,,"ERROR: Could not find hyperparameters for the kernel instance corresponding to the target (batch_size, a, b, c, d, preci"
group1,2,8,512,2048,32,8,512,0.084048,0.101283,,"ERROR: Could not find hyperparameters for the kernel instance corresponding to the target (batch_size, a, b, c, d, preci"
group1,2,8,512,2048,32,8,1024,0.084572,0.101349,,"ERROR: Could not find hyperparameters for the kernel instance corresponding to the target (batch_size, a, b, c, d, preci"
group1,2,8,512,2048,32,8,2048,0.084735,0.101241,,"ERROR: Could not find hyperparameters for the kernel instance corresponding to the target (batch_size, a, b, c, d, preci"
group1,2,8,512,2048,32,8,4096,0.151662,0.146435,,"ERROR: Could not find hyperparameters for the kernel instance corresponding to the target (batch_size, a, b, c, d, preci"
group1,2,8,512,2048,64,4,2,0.083674,0.100826,,"ERROR: Could not find hyperparameters for the kernel instance corresponding to the target (batch_size, a, b, c, d, preci"
group1,2,8,512,2048,64,4,4,0.084228,0.100930,,"ERROR: Could not find hyperparameters for the kernel instance corresponding to the target (batch_size, a, b, c, d, preci"
group1,2,8,512,2048,64,4,8,0.083741,0.100994,,"ERROR: Could not find hyperparameters for the kernel instance corresponding to the target (batch_size, a, b, c, d, preci"
group1,2,8,512,2048,64,4,16,0.083726,0.101148,,"ERROR: Could not find hyperparameters for the kernel instance corresponding to the target (batch_size, a, b, c, d, preci"
group1,2,8,512,2048,64,4,32,0.083320,0.100808,,"ERROR: Could not find hyperparameters for the kernel instance corresponding to the target (batch_size, a, b, c, d, preci"
group1,2,8,512,2048,64,4,64,0.083663,0.100538,,"ERROR: Could not find hyperparameters for the kernel instance corresponding to the target (batch_size, a, b, c, d, preci"
group1,2,8,512,2048,64,4,128,0.083517,0.100569,,"ERROR: Could not find hyperparameters for the kernel instance corresponding to the target (batch_size, a, b, c, d, preci"
group1,2,8,512,2048,64,4,256,0.083696,0.100771,,"ERROR: Could not find hyperparameters for the kernel instance corresponding to the target (batch_size, a, b, c, d, preci"
group1,2,8,512,2048,64,4,512,0.084759,0.101315,,"ERROR: Could not find hyperparameters for the kernel instance corresponding to the target (batch_size, a, b, c, d, preci"
group1,2,8,512,2048,64,4,1024,0.085072,0.101235,,"ERROR: Could not find hyperparameters for the kernel instance corresponding to the target (batch_size, a, b, c, d, preci"
group1,2,8,512,2048,64,4,2048,0.084790,0.101337,,"ERROR: Could not find hyperparameters for the kernel instance corresponding to the target (batch_size, a, b, c, d, preci"
group1,2,8,512,2048,64,4,4096,0.151725,0.147312,,"ERROR: Could not find hyperparameters for the kernel instance corresponding to the target (batch_size, a, b, c, d, preci"
group1,2,8,512,2048,128,2,2,0.083735,0.100746,,"ERROR: Could not find hyperparameters for the kernel instance corresponding to the target (batch_size, a, b, c, d, preci"
group1,2,8,512,2048,128,2,4,0.083878,0.100734,,"ERROR: Could not find hyperparameters for the kernel instance corresponding to the target (batch_size, a, b, c, d, preci"
group1,2,8,512,2048,128,2,8,0.084011,0.101337,,"ERROR: Could not find hyperparameters for the kernel instance corresponding to the target (batch_size, a, b, c, d, preci"
group1,2,8,512,2048,128,2,16,0.084060,0.100557,,"ERROR: Could not find hyperparameters for the kernel instance corresponding to the target (batch_size, a, b, c, d, preci"
group1,2,8,512,2048,128,2,32,0.083793,0.101771,,"ERROR: Could not find hyperparameters for the kernel instance corresponding to the target (batch_size, a, b, c, d, preci"
group1,2,8,512,2048,128,2,64,0.083935,0.101019,,"ERROR: Could not find hyperparameters for the kernel instance corresponding to the target (batch_size, a, b, c, d, preci"
group1,2,8,512,2048,128,2,128,0.084215,0.101545,,"ERROR: Could not find hyperparameters for the kernel instance corresponding to the target (batch_size, a, b, c, d, preci"
group1,2,8,512,2048,128,2,256,0.084519,0.101182,,"ERROR: Could not find hyperparameters for the kernel instance corresponding to the target (batch_size, a, b, c, d, preci"
group1,2,8,512,2048,128,2,512,0.084874,0.101364,,"ERROR: Could not find hyperparameters for the kernel instance corresponding to the target (batch_size, a, b, c, d, preci"
group1,2,8,512,2048,128,2,1024,0.084637,0.102124,,"ERROR: Could not find hyperparameters for the kernel instance corresponding to the target (batch_size, a, b, c, d, preci"
group1,2,8,512,2048,128,2,2048,0.084810,0.101722,,"ERROR: Could not find hyperparameters for the kernel instance corresponding to the target (batch_size, a, b, c, d, preci"
group1,2,8,512,2048,128,2,4096,0.151725,0.147345,,"ERROR: Could not find hyperparameters for the kernel instance corresponding to the target (batch_size, a, b, c, d, preci"
group1,2,8,512,2048,256,1,2,0.083328,0.063614,,"ERROR: Could not find hyperparameters for the kernel instance corresponding to the target (batch_size, a, b, c, d, preci"
group1,2,8,512,2048,256,1,4,0.082590,0.063383,,"ERROR: Could not find hyperparameters for the kernel instance corresponding to the target (batch_size, a, b, c, d, preci"
group1,2,8,512,2048,256,1,8,0.083410,0.063679,,"ERROR: Could not find hyperparameters for the kernel instance corresponding to the target (batch_size, a, b, c, d, preci"
group1,2,8,512,2048,256,1,16,0.082750,0.063906,,"ERROR: Could not find hyperparameters for the kernel instance corresponding to the target (batch_size, a, b, c, d, preci"
group1,2,8,512,2048,256,1,32,0.083754,0.063842,,"ERROR: Could not find hyperparameters for the kernel instance corresponding to the target (batch_size, a, b, c, d, preci"
group1,2,8,512,2048,256,1,64,0.083545,0.063421,,"ERROR: Could not find hyperparameters for the kernel instance corresponding to the target (batch_size, a, b, c, d, preci"
group1,2,8,512,2048,256,1,128,0.083748,0.063840,,"ERROR: Could not find hyperparameters for the kernel instance corresponding to the target (batch_size, a, b, c, d, preci"
group1,2,8,512,2048,256,1,256,0.083642,0.063827,,"ERROR: Could not find hyperparameters for the kernel instance corresponding to the target (batch_size, a, b, c, d, preci"
group1,2,8,512,2048,256,1,512,0.084808,0.064223,,"ERROR: Could not find hyperparameters for the kernel instance corresponding to the target (batch_size, a, b, c, d, preci"
group1,2,8,512,2048,256,1,1024,0.084560,0.063890,,"ERROR: Could not find hyperparameters for the kernel instance corresponding to the target (batch_size, a, b, c, d, preci"
group1,2,8,512,2048,256,1,2048,0.084464,0.063734,,"ERROR: Could not find hyperparameters for the kernel instance corresponding to the target (batch_size, a, b, c, d, preci"
group1,2,8,512,2048,256,1,4096,0.151403,0.094458,,"ERROR: Could not find hyperparameters for the kernel instance corresponding to the target (batch_size, a, b, c, d, preci"
group1,2,8,1024,4096,1,512,2,0.083590,0.104657,,"ERROR: Could not find hyperparameters for the kernel instance corresponding to the target (batch_size, a, b, c, d, preci"
group1,2,8,1024,4096,1,512,4,0.084271,0.104741,,"ERROR: Could not find hyperparameters for the kernel instance corresponding to the target (batch_size, a, b, c, d, preci"
group1,2,8,1024,4096,1,512,8,0.084085,0.104837,,"ERROR: Could not find hyperparameters for the kernel instance corresponding to the target (batch_size, a, b, c, d, preci"
group1,2,8,1024,4096,1,512,16,0.084278,0.105302,,"ERROR: Could not find hyperparameters for the kernel instance corresponding to the target (batch_size, a, b, c, d, preci"
group1,2,8,1024,4096,1,512,32,0.083674,0.105247,,"ERROR: Could not find hyperparameters for the kernel instance corresponding to the target (batch_size, a, b, c, d, preci"
group1,2,8,1024,4096,1,512,64,0.084331,0.105465,,"ERROR: Could not find hyperparameters for the kernel instance corresponding to the target (batch_size, a, b, c, d, preci"
group1,2,8,1024,4096,1,512,128,0.083920,0.105062,,"ERROR: Could not find hyperparameters for the kernel instance corresponding to the target (batch_size, a, b, c, d, preci"
group1,2,8,1024,4096,1,512,256,0.084351,0.105589,,"ERROR: Could not find hyperparameters for the kernel instance corresponding to the target (batch_size, a, b, c, d, preci"
group1,2,8,1024,4096,1,512,512,0.084866,0.105908,,"ERROR: Could not find hyperparameters for the kernel instance corresponding to the target (batch_size, a, b, c, d, preci"
group1,2,8,1024,4096,1,512,1024,0.085157,0.105682,,"ERROR: Could not find hyperparameters for the kernel instance corresponding to the target (batch_size, a, b, c, d, preci"
group1,2,8,1024,4096,1,512,2048,0.151366,0.146687,,"ERROR: Could not find hyperparameters for the kernel instance corresponding to the target (batch_size, a, b, c, d, preci"
group1,2,8,1024,4096,1,512,4096,0.297062,0.281542,,"ERROR: Could not find hyperparameters for the kernel instance corresponding to the target (batch_size, a, b, c, d, preci"
group1,2,8,1024,4096,2,256,2,0.083700,0.101433,,"ERROR: Could not find hyperparameters for the kernel instance corresponding to the target (batch_size, a, b, c, d, preci"
group1,2,8,1024,4096,2,256,4,0.084343,0.101269,,"ERROR: Could not find hyperparameters for the kernel instance corresponding to the target (batch_size, a, b, c, d, preci"
group1,2,8,1024,4096,2,256,8,0.084324,0.101641,,"ERROR: Could not find hyperparameters for the kernel instance corresponding to the target (batch_size, a, b, c, d, preci"
group1,2,8,1024,4096,2,256,16,0.083888,0.101843,,"ERROR: Could not find hyperparameters for the kernel instance corresponding to the target (batch_size, a, b, c, d, preci"
group1,2,8,1024,4096,2,256,32,0.083913,0.101433,,"ERROR: Could not find hyperparameters for the kernel instance corresponding to the target (batch_size, a, b, c, d, preci"
group1,2,8,1024,4096,2,256,64,0.084625,0.102004,,"ERROR: Could not find hyperparameters for the kernel instance corresponding to the target (batch_size, a, b, c, d, preci"
group1,2,8,1024,4096,2,256,128,0.084362,0.101713,,"ERROR: Could not find hyperparameters for the kernel instance corresponding to the target (batch_size, a, b, c, d, preci"
group1,2,8,1024,4096,2,256,256,0.084963,0.102166,,"ERROR: Could not find hyperparameters for the kernel instance corresponding to the target (batch_size, a, b, c, d, preci"
group1,2,8,1024,4096,2,256,512,0.085198,0.102216,,"ERROR: Could not find hyperparameters for the kernel instance corresponding to the target (batch_size, a, b, c, d, preci"
group1,2,8,1024,4096,2,256,1024,0.085291,0.102411,,"ERROR: Could not find hyperparameters for the kernel instance corresponding to the target (batch_size, a, b, c, d, preci"
group1,2,8,1024,4096,2,256,2048,0.151360,0.145115,,"ERROR: Could not find hyperparameters for the kernel instance corresponding to the target (batch_size, a, b, c, d, preci"
group1,2,8,1024,4096,2,256,4096,0.296895,0.277215,,"ERROR: Could not find hyperparameters for the kernel instance corresponding to the target (batch_size, a, b, c, d, preci"
group1,2,8,1024,4096,4,128,2,0.083813,0.101126,,"ERROR: Could not find hyperparameters for the kernel instance corresponding to the target (batch_size, a, b, c, d, preci"
group1,2,8,1024,4096,4,128,4,0.084260,0.101911,,"ERROR: Could not find hyperparameters for the kernel instance corresponding to the target (batch_size, a, b, c, d, preci"
group1,2,8,1024,4096,4,128,8,0.084696,0.101242,,"ERROR: Could not find hyperparameters for the kernel instance corresponding to the target (batch_size, a, b, c, d, preci"
group1,2,8,1024,4096,4,128,16,0.084247,0.101500,,"ERROR: Could not find hyperparameters for the kernel instance corresponding to the target (batch_size, a, b, c, d, preci"
group1,2,8,1024,4096,4,128,32,0.084497,0.101924,,"ERROR: Could not find hyperparameters for the kernel instance corresponding to the target (batch_size, a, b, c, d, preci"
group1,2,8,1024,4096,4,128,64,0.084359,0.101886,,"ERROR: Could not find hyperparameters for the kernel instance corresponding to the target (batch_size, a, b, c, d, preci"
group1,2,8,1024,4096,4,128,128,0.084128,0.100977,,"ERROR: Could not find hyperparameters for the kernel instance corresponding to the target (batch_size, a, b, c, d, preci"
group1,2,8,1024,4096,4,128,256,0.084659,0.101343,,"ERROR: Could not find hyperparameters for the kernel instance corresponding to the target (batch_size, a, b, c, d, preci"
group1,2,8,1024,4096,4,128,512,0.084936,0.101708,,"ERROR: Could not find hyperparameters for the kernel instance corresponding to the target (batch_size, a, b, c, d, preci"
group1,2,8,1024,4096,4,128,1024,0.084929,0.102207,,"ERROR: Could not find hyperparameters for the kernel instance corresponding to the target (batch_size, a, b, c, d, preci"
group1,2,8,1024,4096,4,128,2048,0.151423,0.144528,,"ERROR: Could not find hyperparameters for the kernel instance corresponding to the target (batch_size, a, b, c, d, preci"
group1,2,8,1024,4096,4,128,4096,0.296957,0.275503,,"ERROR: Could not find hyperparameters for the kernel instance corresponding to the target (batch_size, a, b, c, d, preci"
group1,2,8,1024,4096,8,64,2,0.083756,0.100842,,"ERROR: Could not find hyperparameters for the kernel instance corresponding to the target (batch_size, a, b, c, d, preci"
group1,2,8,1024,4096,8,64,4,0.084134,0.101705,,"ERROR: Could not find hyperparameters for the kernel instance corresponding to the target (batch_size, a, b, c, d, preci"
group1,2,8,1024,4096,8,64,8,0.083753,0.101396,,"ERROR: Could not find hyperparameters for the kernel instance corresponding to the target (batch_size, a, b, c, d, preci"
group1,2,8,1024,4096,8,64,16,0.084070,0.101936,,"ERROR: Could not find hyperparameters for the kernel instance corresponding to the target (batch_size, a, b, c, d, preci"
group1,2,8,1024,4096,8,64,32,0.084150,0.102133,,"ERROR: Could not find hyperparameters for the kernel instance corresponding to the target (batch_size, a, b, c, d, preci"
group1,2,8,1024,4096,8,64,64,0.083958,0.101947,,"ERROR: Could not find hyperparameters for the kernel instance corresponding to the target (batch_size, a, b, c, d, preci"
group1,2,8,1024,4096,8,64,128,0.083811,0.101398,,"ERROR: Could not find hyperparameters for the kernel instance corresponding to the target (batch_size, a, b, c, d, preci"
group1,2,8,1024,4096,8,64,256,0.084068,0.101428,,"ERROR: Could not find hyperparameters for the kernel instance corresponding to the target (batch_size, a, b, c, d, preci"
group1,2,8,1024,4096,8,64,512,0.084994,0.101751,,"ERROR: Could not find hyperparameters for the kernel instance corresponding to the target (batch_size, a, b, c, d, preci"
group1,2,8,1024,4096,8,64,1024,0.085102,0.101732,,"ERROR: Could not find hyperparameters for the kernel instance corresponding to the target (batch_size, a, b, c, d, preci"
group1,2,8,1024,4096,8,64,2048,0.151480,0.144678,,"ERROR: Could not find hyperparameters for the kernel instance corresponding to the target (batch_size, a, b, c, d, preci"
group1,2,8,1024,4096,8,64,4096,0.296951,0.277081,,"ERROR: Could not find hyperparameters for the kernel instance corresponding to the target (batch_size, a, b, c, d, preci"
group1,2,8,1024,4096,16,32,2,0.083727,0.100810,,"ERROR: Could not find hyperparameters for the kernel instance corresponding to the target (batch_size, a, b, c, d, preci"
group1,2,8,1024,4096,16,32,4,0.084064,0.101343,,"ERROR: Could not find hyperparameters for the kernel instance corresponding to the target (batch_size, a, b, c, d, preci"
group1,2,8,1024,4096,16,32,8,0.083918,0.101661,,"ERROR: Could not find hyperparameters for the kernel instance corresponding to the target (batch_size, a, b, c, d, preci"
group1,2,8,1024,4096,16,32,16,0.084730,0.101907,,"ERROR: Could not find hyperparameters for the kernel instance corresponding to the target (batch_size, a, b, c, d, preci"
group1,2,8,1024,4096,16,32,32,0.083836,0.101371,,"ERROR: Could not find hyperparameters for the kernel instance corresponding to the target (batch_size, a, b, c, d, preci"
group1,2,8,1024,4096,16,32,64,0.084179,0.101552,,"ERROR: Could not find hyperparameters for the kernel instance corresponding to the target (batch_size, a, b, c, d, preci"
group1,2,8,1024,4096,16,32,128,0.083586,0.101564,,"ERROR: Could not find hyperparameters for the kernel instance corresponding to the target (batch_size, a, b, c, d, preci"
group1,2,8,1024,4096,16,32,256,0.084540,0.101211,,"ERROR: Could not find hyperparameters for the kernel instance corresponding to the target (batch_size, a, b, c, d, preci"
group1,2,8,1024,4096,16,32,512,0.085006,0.101938,,"ERROR: Could not find hyperparameters for the kernel instance corresponding to the target (batch_size, a, b, c, d, preci"
group1,2,8,1024,4096,16,32,1024,0.085143,0.101839,,"ERROR: Could not find hyperparameters for the kernel instance corresponding to the target (batch_size, a, b, c, d, preci"
group1,2,8,1024,4096,16,32,2048,0.151447,0.144026,,"ERROR: Could not find hyperparameters for the kernel instance corresponding to the target (batch_size, a, b, c, d, preci"
group1,2,8,1024,4096,16,32,4096,0.296915,0.276673,,"ERROR: Could not find hyperparameters for the kernel instance corresponding to the target (batch_size, a, b, c, d, preci"
group1,2,8,1024,4096,32,16,2,0.083886,0.101260,,"ERROR: Could not find hyperparameters for the kernel instance corresponding to the target (batch_size, a, b, c, d, preci"
group1,2,8,1024,4096,32,16,4,0.084298,0.101419,,"ERROR: Could not find hyperparameters for the kernel instance corresponding to the target (batch_size, a, b, c, d, preci"
group1,2,8,1024,4096,32,16,8,0.083540,0.101473,,"ERROR: Could not find hyperparameters for the kernel instance corresponding to the target (batch_size, a, b, c, d, preci"
group1,2,8,1024,4096,32,16,16,0.084115,0.101236,,"ERROR: Could not find hyperparameters for the kernel instance corresponding to the target (batch_size, a, b, c, d, preci"
group1,2,8,1024,4096,32,16,32,0.084362,0.101307,,"ERROR: Could not find hyperparameters for the kernel instance corresponding to the target (batch_size, a, b, c, d, preci"
group1,2,8,1024,4096,32,16,64,0.083981,0.101398,,"ERROR: Could not find hyperparameters for the kernel instance corresponding to the target (batch_size, a, b, c, d, preci"
group1,2,8,1024,4096,32,16,128,0.083501,0.100759,,"ERROR: Could not find hyperparameters for the kernel instance corresponding to the target (batch_size, a, b, c, d, preci"
group1,2,8,1024,4096,32,16,256,0.084391,0.100944,,"ERROR: Could not find hyperparameters for the kernel instance corresponding to the target (batch_size, a, b, c, d, preci"
group1,2,8,1024,4096,32,16,512,0.084850,0.101944,,"ERROR: Could not find hyperparameters for the kernel instance corresponding to the target (batch_size, a, b, c, d, preci"
group1,2,8,1024,4096,32,16,1024,0.085081,0.101577,,"ERROR: Could not find hyperparameters for the kernel instance corresponding to the target (batch_size, a, b, c, d, preci"
group1,2,8,1024,4096,32,16,2048,0.151468,0.146654,,"ERROR: Could not find hyperparameters for the kernel instance corresponding to the target (batch_size, a, b, c, d, preci"
group1,2,8,1024,4096,32,16,4096,0.297022,0.281888,,"ERROR: Could not find hyperparameters for the kernel instance corresponding to the target (batch_size, a, b, c, d, preci"
group1,2,8,1024,4096,64,8,2,0.084036,0.100526,,"ERROR: Could not find hyperparameters for the kernel instance corresponding to the target (batch_size, a, b, c, d, preci"
group1,2,8,1024,4096,64,8,4,0.084223,0.101324,,"ERROR: Could not find hyperparameters for the kernel instance corresponding to the target (batch_size, a, b, c, d, preci"
group1,2,8,1024,4096,64,8,8,0.085002,0.101416,,"ERROR: Could not find hyperparameters for the kernel instance corresponding to the target (batch_size, a, b, c, d, preci"
group1,2,8,1024,4096,64,8,16,0.085035,0.101366,,"ERROR: Could not find hyperparameters for the kernel instance corresponding to the target (batch_size, a, b, c, d, preci"
group1,2,8,1024,4096,64,8,32,0.085159,0.102052,,"ERROR: Could not find hyperparameters for the kernel instance corresponding to the target (batch_size, a, b, c, d, preci"
group1,2,8,1024,4096,64,8,64,0.085342,0.101536,,"ERROR: Could not find hyperparameters for the kernel instance corresponding to the target (batch_size, a, b, c, d, preci"
group1,2,8,1024,4096,64,8,128,0.085440,0.101639,,"ERROR: Could not find hyperparameters for the kernel instance corresponding to the target (batch_size, a, b, c, d, preci"
group1,2,8,1024,4096,64,8,256,0.085562,0.101872,,"ERROR: Could not find hyperparameters for the kernel instance corresponding to the target (batch_size, a, b, c, d, preci"
group1,2,8,1024,4096,64,8,512,0.086037,0.102534,,"ERROR: Could not find hyperparameters for the kernel instance corresponding to the target (batch_size, a, b, c, d, preci"
group1,2,8,1024,4096,64,8,1024,0.085864,0.102299,,"ERROR: Could not find hyperparameters for the kernel instance corresponding to the target (batch_size, a, b, c, d, preci"
group1,2,8,1024,4096,64,8,2048,0.151456,0.146901,,"ERROR: Could not find hyperparameters for the kernel instance corresponding to the target (batch_size, a, b, c, d, preci"
group1,2,8,1024,4096,64,8,4096,0.297207,0.282802,,"ERROR: Could not find hyperparameters for the kernel instance corresponding to the target (batch_size, a, b, c, d, preci"
group1,2,8,1024,4096,128,4,2,0.084331,0.101310,,"ERROR: Could not find hyperparameters for the kernel instance corresponding to the target (batch_size, a, b, c, d, preci"
group1,2,8,1024,4096,128,4,4,0.084885,0.101738,,"ERROR: Could not find hyperparameters for the kernel instance corresponding to the target (batch_size, a, b, c, d, preci"
group1,2,8,1024,4096,128,4,8,0.084610,0.101426,,"ERROR: Could not find hyperparameters for the kernel instance corresponding to the target (batch_size, a, b, c, d, preci"
group1,2,8,1024,4096,128,4,16,0.084828,0.101906,,"ERROR: Could not find hyperparameters for the kernel instance corresponding to the target (batch_size, a, b, c, d, preci"
group1,2,8,1024,4096,128,4,32,0.084784,0.101715,,"ERROR: Could not find hyperparameters for the kernel instance corresponding to the target (batch_size, a, b, c, d, preci"
group1,2,8,1024,4096,128,4,64,0.085115,0.101859,,"ERROR: Could not find hyperparameters for the kernel instance corresponding to the target (batch_size, a, b, c, d, preci"
group1,2,8,1024,4096,128,4,128,0.084828,0.101253,,"ERROR: Could not find hyperparameters for the kernel instance corresponding to the target (batch_size, a, b, c, d, preci"
group1,2,8,1024,4096,128,4,256,0.085217,0.101349,,"ERROR: Could not find hyperparameters for the kernel instance corresponding to the target (batch_size, a, b, c, d, preci"
group1,2,8,1024,4096,128,4,512,0.085468,0.102089,,"ERROR: Could not find hyperparameters for the kernel instance corresponding to the target (batch_size, a, b, c, d, preci"
group1,2,8,1024,4096,128,4,1024,0.085672,0.102576,,"ERROR: Could not find hyperparameters for the kernel instance corresponding to the target (batch_size, a, b, c, d, preci"
group1,2,8,1024,4096,128,4,2048,0.151549,0.147774,,"ERROR: Could not find hyperparameters for the kernel instance corresponding to the target (batch_size, a, b, c, d, preci"
group1,2,8,1024,4096,128,4,4096,0.296945,0.283881,,"ERROR: Could not find hyperparameters for the kernel instance corresponding to the target (batch_size, a, b, c, d, preci"
group1,2,8,1024,4096,256,2,2,0.084512,0.101459,,"ERROR: Could not find hyperparameters for the kernel instance corresponding to the target (batch_size, a, b, c, d, preci"
group1,2,8,1024,4096,256,2,4,0.084873,0.102113,,"ERROR: Could not find hyperparameters for the kernel instance corresponding to the target (batch_size, a, b, c, d, preci"
group1,2,8,1024,4096,256,2,8,0.084737,0.101852,,"ERROR: Could not find hyperparameters for the kernel instance corresponding to the target (batch_size, a, b, c, d, preci"
group1,2,8,1024,4096,256,2,16,0.085001,0.101664,,"ERROR: Could not find hyperparameters for the kernel instance corresponding to the target (batch_size, a, b, c, d, preci"
group1,2,8,1024,4096,256,2,32,0.084602,0.102250,,"ERROR: Could not find hyperparameters for the kernel instance corresponding to the target (batch_size, a, b, c, d, preci"
group1,2,8,1024,4096,256,2,64,0.084702,0.101996,,"ERROR: Could not find hyperparameters for the kernel instance corresponding to the target (batch_size, a, b, c, d, preci"
group1,2,8,1024,4096,256,2,128,0.084783,0.101611,,"ERROR: Could not find hyperparameters for the kernel instance corresponding to the target (batch_size, a, b, c, d, preci"
group1,2,8,1024,4096,256,2,256,0.085571,0.101593,,"ERROR: Could not find hyperparameters for the kernel instance corresponding to the target (batch_size, a, b, c, d, preci"
group1,2,8,1024,4096,256,2,512,0.085770,0.102226,,"ERROR: Could not find hyperparameters for the kernel instance corresponding to the target (batch_size, a, b, c, d, preci"
group1,2,8,1024,4096,256,2,1024,0.085837,0.102451,,"ERROR: Could not find hyperparameters for the kernel instance corresponding to the target (batch_size, a, b, c, d, preci"
group1,2,8,1024,4096,256,2,2048,0.151479,0.147961,,"ERROR: Could not find hyperparameters for the kernel instance corresponding to the target (batch_size, a, b, c, d, preci"
group1,2,8,1024,4096,256,2,4096,0.297168,0.283885,,"ERROR: Could not find hyperparameters for the kernel instance corresponding to the target (batch_size, a, b, c, d, preci"
group1,2,8,1024,4096,512,1,2,0.084073,0.063994,,"ERROR: Could not find hyperparameters for the kernel instance corresponding to the target (batch_size, a, b, c, d, preci"
group1,2,8,1024,4096,512,1,4,0.084211,0.063676,,"ERROR: Could not find hyperparameters for the kernel instance corresponding to the target (batch_size, a, b, c, d, preci"
group1,2,8,1024,4096,512,1,8,0.084862,0.064079,,"ERROR: Could not find hyperparameters for the kernel instance corresponding to the target (batch_size, a, b, c, d, preci"
group1,2,8,1024,4096,512,1,16,0.084442,0.063787,,"ERROR: Could not find hyperparameters for the kernel instance corresponding to the target (batch_size, a, b, c, d, preci"
group1,2,8,1024,4096,512,1,32,0.084634,0.064146,,"ERROR: Could not find hyperparameters for the kernel instance corresponding to the target (batch_size, a, b, c, d, preci"
group1,2,8,1024,4096,512,1,64,0.084529,0.064128,,"ERROR: Could not find hyperparameters for the kernel instance corresponding to the target (batch_size, a, b, c, d, preci"
group1,2,8,1024,4096,512,1,128,0.084671,0.063623,,"ERROR: Could not find hyperparameters for the kernel instance corresponding to the target (batch_size, a, b, c, d, preci"
group1,2,8,1024,4096,512,1,256,0.085025,0.064045,,"ERROR: Could not find hyperparameters for the kernel instance corresponding to the target (batch_size, a, b, c, d, preci"
group1,2,8,1024,4096,512,1,512,0.085450,0.064163,,"ERROR: Could not find hyperparameters for the kernel instance corresponding to the target (batch_size, a, b, c, d, preci"
group1,2,8,1024,4096,512,1,1024,0.085297,0.063653,,"ERROR: Could not find hyperparameters for the kernel instance corresponding to the target (batch_size, a, b, c, d, preci"
group1,2,8,1024,4096,512,1,2048,0.150923,0.094343,,"ERROR: Could not find hyperparameters for the kernel instance corresponding to the target (batch_size, a, b, c, d, preci"
group1,2,8,1024,4096,512,1,4096,0.296735,0.186632,,"ERROR: Could not find hyperparameters for the kernel instance corresponding to the target (batch_size, a, b, c, d, preci"
group1,2,16,512,4096,1,256,2,0.083356,0.104175,,"ERROR: Could not find hyperparameters for the kernel instance corresponding to the target (batch_size, a, b, c, d, preci"
group1,2,16,512,4096,1,256,4,0.083608,0.104829,,"ERROR: Could not find hyperparameters for the kernel instance corresponding to the target (batch_size, a, b, c, d, preci"
group1,2,16,512,4096,1,256,8,0.083924,0.104725,,"ERROR: Could not find hyperparameters for the kernel instance corresponding to the target (batch_size, a, b, c, d, preci"
group1,2,16,512,4096,1,256,16,0.084903,0.104744,,"ERROR: Could not find hyperparameters for the kernel instance corresponding to the target (batch_size, a, b, c, d, preci"
group1,2,16,512,4096,1,256,32,0.084534,0.104833,,"ERROR: Could not find hyperparameters for the kernel instance corresponding to the target (batch_size, a, b, c, d, preci"
group1,2,16,512,4096,1,256,64,0.084146,0.104759,,"ERROR: Could not find hyperparameters for the kernel instance corresponding to the target (batch_size, a, b, c, d, preci"
group1,2,16,512,4096,1,256,128,0.083792,0.104241,,"ERROR: Could not find hyperparameters for the kernel instance corresponding to the target (batch_size, a, b, c, d, preci"
group1,2,16,512,4096,1,256,256,0.084571,0.105040,,"ERROR: Could not find hyperparameters for the kernel instance corresponding to the target (batch_size, a, b, c, d, preci"
group1,2,16,512,4096,1,256,512,0.085172,0.104848,,"ERROR: Could not find hyperparameters for the kernel instance corresponding to the target (batch_size, a, b, c, d, preci"
group1,2,16,512,4096,1,256,1024,0.085542,0.105472,,"ERROR: Could not find hyperparameters for the kernel instance corresponding to the target (batch_size, a, b, c, d, preci"
group1,2,16,512,4096,1,256,2048,0.126560,0.106035,,"ERROR: Could not find hyperparameters for the kernel instance corresponding to the target (batch_size, a, b, c, d, preci"
group1,2,16,512,4096,1,256,4096,0.250580,0.175683,,"ERROR: Could not find hyperparameters for the kernel instance corresponding to the target (batch_size, a, b, c, d, preci"
group1,2,16,512,4096,2,128,2,0.083754,0.100709,,"ERROR: Could not find hyperparameters for the kernel instance corresponding to the target (batch_size, a, b, c, d, preci"
group1,2,16,512,4096,2,128,4,0.084260,0.101583,,"ERROR: Could not find hyperparameters for the kernel instance corresponding to the target (batch_size, a, b, c, d, preci"
group1,2,16,512,4096,2,128,8,0.083975,0.101282,,"ERROR: Could not find hyperparameters for the kernel instance corresponding to the target (batch_size, a, b, c, d, preci"
group1,2,16,512,4096,2,128,16,0.084757,0.101101,,"ERROR: Could not find hyperparameters for the kernel instance corresponding to the target (batch_size, a, b, c, d, preci"
group1,2,16,512,4096,2,128,32,0.084498,0.102007,,"ERROR: Could not find hyperparameters for the kernel instance corresponding to the target (batch_size, a, b, c, d, preci"
group1,2,16,512,4096,2,128,64,0.084453,0.101204,,"ERROR: Could not find hyperparameters for the kernel instance corresponding to the target (batch_size, a, b, c, d, preci"
group1,2,16,512,4096,2,128,128,0.084048,0.101506,,"ERROR: Could not find hyperparameters for the kernel instance corresponding to the target (batch_size, a, b, c, d, preci"
group1,2,16,512,4096,2,128,256,0.084562,0.101592,,"ERROR: Could not find hyperparameters for the kernel instance corresponding to the target (batch_size, a, b, c, d, preci"
group1,2,16,512,4096,2,128,512,0.085162,0.101808,,"ERROR: Could not find hyperparameters for the kernel instance corresponding to the target (batch_size, a, b, c, d, preci"
group1,2,16,512,4096,2,128,1024,0.085458,0.101736,,"ERROR: Could not find hyperparameters for the kernel instance corresponding to the target (batch_size, a, b, c, d, preci"
group1,2,16,512,4096,2,128,2048,0.126808,0.102318,,"ERROR: Could not find hyperparameters for the kernel instance corresponding to the target (batch_size, a, b, c, d, preci"
group1,2,16,512,4096,2,128,4096,0.250605,0.175354,,"ERROR: Could not find hyperparameters for the kernel instance corresponding to the target (batch_size, a, b, c, d, preci"
group1,2,16,512,4096,4,64,2,0.083777,0.101058,,"ERROR: Could not find hyperparameters for the kernel instance corresponding to the target (batch_size, a, b, c, d, preci"
group1,2,16,512,4096,4,64,4,0.084189,0.101274,,"ERROR: Could not find hyperparameters for the kernel instance corresponding to the target (batch_size, a, b, c, d, preci"
group1,2,16,512,4096,4,64,8,0.083856,0.101378,,"ERROR: Could not find hyperparameters for the kernel instance corresponding to the target (batch_size, a, b, c, d, preci"
group1,2,16,512,4096,4,64,16,0.083994,0.101391,,"ERROR: Could not find hyperparameters for the kernel instance corresponding to the target (batch_size, a, b, c, d, preci"
group1,2,16,512,4096,4,64,32,0.083678,0.101118,,"ERROR: Could not find hyperparameters for the kernel instance corresponding to the target (batch_size, a, b, c, d, preci"
group1,2,16,512,4096,4,64,64,0.084061,0.101133,,"ERROR: Could not find hyperparameters for the kernel instance corresponding to the target (batch_size, a, b, c, d, preci"
group1,2,16,512,4096,4,64,128,0.083807,0.100981,,"ERROR: Could not find hyperparameters for the kernel instance corresponding to the target (batch_size, a, b, c, d, preci"
group1,2,16,512,4096,4,64,256,0.084212,0.101418,,"ERROR: Could not find hyperparameters for the kernel instance corresponding to the target (batch_size, a, b, c, d, preci"
group1,2,16,512,4096,4,64,512,0.085390,0.101801,,"ERROR: Could not find hyperparameters for the kernel instance corresponding to the target (batch_size, a, b, c, d, preci"
group1,2,16,512,4096,4,64,1024,0.086259,0.101915,,"ERROR: Could not find hyperparameters for the kernel instance corresponding to the target (batch_size, a, b, c, d, preci"
group1,2,16,512,4096,4,64,2048,0.126855,0.101935,,"ERROR: Could not find hyperparameters for the kernel instance corresponding to the target (batch_size, a, b, c, d, preci"
group1,2,16,512,4096,4,64,4096,0.250677,0.176768,,"ERROR: Could not find hyperparameters for the kernel instance corresponding to the target (batch_size, a, b, c, d, preci"
group1,2,16,512,4096,8,32,2,0.083575,0.100957,,"ERROR: Could not find hyperparameters for the kernel instance corresponding to the target (batch_size, a, b, c, d, preci"
group1,2,16,512,4096,8,32,4,0.084285,0.101722,,"ERROR: Could not find hyperparameters for the kernel instance corresponding to the target (batch_size, a, b, c, d, preci"
group1,2,16,512,4096,8,32,8,0.084056,0.101607,,"ERROR: Could not find hyperparameters for the kernel instance corresponding to the target (batch_size, a, b, c, d, preci"
group1,2,16,512,4096,8,32,16,0.084598,0.101112,,"ERROR: Could not find hyperparameters for the kernel instance corresponding to the target (batch_size, a, b, c, d, preci"
group1,2,16,512,4096,8,32,32,0.084179,0.101267,,"ERROR: Could not find hyperparameters for the kernel instance corresponding to the target (batch_size, a, b, c, d, preci"
group1,2,16,512,4096,8,32,64,0.084404,0.101165,,"ERROR: Could not find hyperparameters for the kernel instance corresponding to the target (batch_size, a, b, c, d, preci"
group1,2,16,512,4096,8,32,128,0.084309,0.101213,,"ERROR: Could not find hyperparameters for the kernel instance corresponding to the target (batch_size, a, b, c, d, preci"
group1,2,16,512,4096,8,32,256,0.084812,0.101539,,"ERROR: Could not find hyperparameters for the kernel instance corresponding to the target (batch_size, a, b, c, d, preci"
group1,2,16,512,4096,8,32,512,0.085809,0.102002,,"ERROR: Could not find hyperparameters for the kernel instance corresponding to the target (batch_size, a, b, c, d, preci"
group1,2,16,512,4096,8,32,1024,0.085936,0.102034,,"ERROR: Could not find hyperparameters for the kernel instance corresponding to the target (batch_size, a, b, c, d, preci"
group1,2,16,512,4096,8,32,2048,0.126835,0.102341,,"ERROR: Could not find hyperparameters for the kernel instance corresponding to the target (batch_size, a, b, c, d, preci"
group1,2,16,512,4096,8,32,4096,0.250660,0.166649,,"ERROR: Could not find hyperparameters for the kernel instance corresponding to the target (batch_size, a, b, c, d, preci"
group1,2,16,512,4096,16,16,2,0.083956,0.100824,,"ERROR: Could not find hyperparameters for the kernel instance corresponding to the target (batch_size, a, b, c, d, preci"
group1,2,16,512,4096,16,16,4,0.084498,0.101152,,"ERROR: Could not find hyperparameters for the kernel instance corresponding to the target (batch_size, a, b, c, d, preci"
group1,2,16,512,4096,16,16,8,0.084444,0.101134,,"ERROR: Could not find hyperparameters for the kernel instance corresponding to the target (batch_size, a, b, c, d, preci"
group1,2,16,512,4096,16,16,16,0.084684,0.101467,,"ERROR: Could not find hyperparameters for the kernel instance corresponding to the target (batch_size, a, b, c, d, preci"
group1,2,16,512,4096,16,16,32,0.083999,0.101448,,"ERROR: Could not find hyperparameters for the kernel instance corresponding to the target (batch_size, a, b, c, d, preci"
group1,2,16,512,4096,16,16,64,0.083971,0.100921,,"ERROR: Could not find hyperparameters for the kernel instance corresponding to the target (batch_size, a, b, c, d, preci"
group1,2,16,512,4096,16,16,128,0.084318,0.101584,,"ERROR: Could not find hyperparameters for the kernel instance corresponding to the target (batch_size, a, b, c, d, preci"
group1,2,16,512,4096,16,16,256,0.084624,0.101198,,"ERROR: Could not find hyperparameters for the kernel instance corresponding to the target (batch_size, a, b, c, d, preci"
group1,2,16,512,4096,16,16,512,0.084866,0.101193,,"ERROR: Could not find hyperparameters for the kernel instance corresponding to the target (batch_size, a, b, c, d, preci"
group1,2,16,512,4096,16,16,1024,0.085547,0.101504,,"ERROR: Could not find hyperparameters for the kernel instance corresponding to the target (batch_size, a, b, c, d, preci"
group1,2,16,512,4096,16,16,2048,0.126844,0.102065,,"ERROR: Could not find hyperparameters for the kernel instance corresponding to the target (batch_size, a, b, c, d, preci"
group1,2,16,512,4096,16,16,4096,0.250611,0.167249,,"ERROR: Could not find hyperparameters for the kernel instance corresponding to the target (batch_size, a, b, c, d, preci"
group1,2,16,512,4096,32,8,2,0.084456,0.101181,,"ERROR: Could not find hyperparameters for the kernel instance corresponding to the target (batch_size, a, b, c, d, preci"
group1,2,16,512,4096,32,8,4,0.084628,0.101366,,"ERROR: Could not find hyperparameters for the kernel instance corresponding to the target (batch_size, a, b, c, d, preci"
group1,2,16,512,4096,32,8,8,0.084279,0.101133,,"ERROR: Could not find hyperparameters for the kernel instance corresponding to the target (batch_size, a, b, c, d, preci"
group1,2,16,512,4096,32,8,16,0.084985,0.100798,,"ERROR: Could not find hyperparameters for the kernel instance corresponding to the target (batch_size, a, b, c, d, preci"
group1,2,16,512,4096,32,8,32,0.084917,0.101506,,"ERROR: Could not find hyperparameters for the kernel instance corresponding to the target (batch_size, a, b, c, d, preci"
group1,2,16,512,4096,32,8,64,0.084565,0.101641,,"ERROR: Could not find hyperparameters for the kernel instance corresponding to the target (batch_size, a, b, c, d, preci"
group1,2,16,512,4096,32,8,128,0.084654,0.101786,,"ERROR: Could not find hyperparameters for the kernel instance corresponding to the target (batch_size, a, b, c, d, preci"
group1,2,16,512,4096,32,8,256,0.084592,0.101297,,"ERROR: Could not find hyperparameters for the kernel instance corresponding to the target (batch_size, a, b, c, d, preci"
group1,2,16,512,4096,32,8,512,0.085467,0.101234,,"ERROR: Could not find hyperparameters for the kernel instance corresponding to the target (batch_size, a, b, c, d, preci"
group1,2,16,512,4096,32,8,1024,0.085950,0.101955,,"ERROR: Could not find hyperparameters for the kernel instance corresponding to the target (batch_size, a, b, c, d, preci"
group1,2,16,512,4096,32,8,2048,0.126848,0.102367,,"ERROR: Could not find hyperparameters for the kernel instance corresponding to the target (batch_size, a, b, c, d, preci"
group1,2,16,512,4096,32,8,4096,0.250524,0.181564,,"ERROR: Could not find hyperparameters for the kernel instance corresponding to the target (batch_size, a, b, c, d, preci"
group1,2,16,512,4096,64,4,2,0.083868,0.101092,,"ERROR: Could not find hyperparameters for the kernel instance corresponding to the target (batch_size, a, b, c, d, preci"
group1,2,16,512,4096,64,4,4,0.084765,0.101043,,"ERROR: Could not find hyperparameters for the kernel instance corresponding to the target (batch_size, a, b, c, d, preci"
group1,2,16,512,4096,64,4,8,0.084381,0.101553,,"ERROR: Could not find hyperparameters for the kernel instance corresponding to the target (batch_size, a, b, c, d, preci"
group1,2,16,512,4096,64,4,16,0.084510,0.101852,,"ERROR: Could not find hyperparameters for the kernel instance corresponding to the target (batch_size, a, b, c, d, preci"
group1,2,16,512,4096,64,4,32,0.084066,0.101670,,"ERROR: Could not find hyperparameters for the kernel instance corresponding to the target (batch_size, a, b, c, d, preci"
group1,2,16,512,4096,64,4,64,0.084472,0.101285,,"ERROR: Could not find hyperparameters for the kernel instance corresponding to the target (batch_size, a, b, c, d, preci"
group1,2,16,512,4096,64,4,128,0.084276,0.101846,,"ERROR: Could not find hyperparameters for the kernel instance corresponding to the target (batch_size, a, b, c, d, preci"
group1,2,16,512,4096,64,4,256,0.085252,0.101653,,"ERROR: Could not find hyperparameters for the kernel instance corresponding to the target (batch_size, a, b, c, d, preci"
group1,2,16,512,4096,64,4,512,0.085382,0.102110,,"ERROR: Could not find hyperparameters for the kernel instance corresponding to the target (batch_size, a, b, c, d, preci"
group1,2,16,512,4096,64,4,1024,0.085785,0.102576,,"ERROR: Could not find hyperparameters for the kernel instance corresponding to the target (batch_size, a, b, c, d, preci"
group1,2,16,512,4096,64,4,2048,0.126908,0.101903,,"ERROR: Could not find hyperparameters for the kernel instance corresponding to the target (batch_size, a, b, c, d, preci"
group1,2,16,512,4096,64,4,4096,0.250571,0.182311,,"ERROR: Could not find hyperparameters for the kernel instance corresponding to the target (batch_size, a, b, c, d, preci"
group1,2,16,512,4096,128,2,2,0.084269,0.101060,,"ERROR: Could not find hyperparameters for the kernel instance corresponding to the target (batch_size, a, b, c, d, preci"
group1,2,16,512,4096,128,2,4,0.084466,0.101490,,"ERROR: Could not find hyperparameters for the kernel instance corresponding to the target (batch_size, a, b, c, d, preci"
group1,2,16,512,4096,128,2,8,0.084186,0.101375,,"ERROR: Could not find hyperparameters for the kernel instance corresponding to the target (batch_size, a, b, c, d, preci"
group1,2,16,512,4096,128,2,16,0.084844,0.101438,,"ERROR: Could not find hyperparameters for the kernel instance corresponding to the target (batch_size, a, b, c, d, preci"
group1,2,16,512,4096,128,2,32,0.084480,0.101724,,"ERROR: Could not find hyperparameters for the kernel instance corresponding to the target (batch_size, a, b, c, d, preci"
group1,2,16,512,4096,128,2,64,0.084742,0.101831,,"ERROR: Could not find hyperparameters for the kernel instance corresponding to the target (batch_size, a, b, c, d, preci"
group1,2,16,512,4096,128,2,128,0.084552,0.101383,,"ERROR: Could not find hyperparameters for the kernel instance corresponding to the target (batch_size, a, b, c, d, preci"
group1,2,16,512,4096,128,2,256,0.084793,0.102293,,"ERROR: Could not find hyperparameters for the kernel instance corresponding to the target (batch_size, a, b, c, d, preci"
group1,2,16,512,4096,128,2,512,0.086129,0.102078,,"ERROR: Could not find hyperparameters for the kernel instance corresponding to the target (batch_size, a, b, c, d, preci"
group1,2,16,512,4096,128,2,1024,0.085757,0.102711,,"ERROR: Could not find hyperparameters for the kernel instance corresponding to the target (batch_size, a, b, c, d, preci"
group1,2,16,512,4096,128,2,2048,0.126907,0.102090,,"ERROR: Could not find hyperparameters for the kernel instance corresponding to the target (batch_size, a, b, c, d, preci"
group1,2,16,512,4096,128,2,4096,0.250505,0.183499,,"ERROR: Could not find hyperparameters for the kernel instance corresponding to the target (batch_size, a, b, c, d, preci"
group1,2,16,512,4096,256,1,2,0.084346,0.063744,,"ERROR: Could not find hyperparameters for the kernel instance corresponding to the target (batch_size, a, b, c, d, preci"
group1,2,16,512,4096,256,1,4,0.083952,0.063687,,"ERROR: Could not find hyperparameters for the kernel instance corresponding to the target (batch_size, a, b, c, d, preci"
group1,2,16,512,4096,256,1,8,0.084514,0.064153,,"ERROR: Could not find hyperparameters for the kernel instance corresponding to the target (batch_size, a, b, c, d, preci"
group1,2,16,512,4096,256,1,16,0.084208,0.064231,,"ERROR: Could not find hyperparameters for the kernel instance corresponding to the target (batch_size, a, b, c, d, preci"
group1,2,16,512,4096,256,1,32,0.084659,0.064080,,"ERROR: Could not find hyperparameters for the kernel instance corresponding to the target (batch_size, a, b, c, d, preci"
group1,2,16,512,4096,256,1,64,0.084977,0.064236,,"ERROR: Could not find hyperparameters for the kernel instance corresponding to the target (batch_size, a, b, c, d, preci"
group1,2,16,512,4096,256,1,128,0.084728,0.064637,,"ERROR: Could not find hyperparameters for the kernel instance corresponding to the target (batch_size, a, b, c, d, preci"
group1,2,16,512,4096,256,1,256,0.085258,0.064008,,"ERROR: Could not find hyperparameters for the kernel instance corresponding to the target (batch_size, a, b, c, d, preci"
group1,2,16,512,4096,256,1,512,0.085726,0.064668,,"ERROR: Could not find hyperparameters for the kernel instance corresponding to the target (batch_size, a, b, c, d, preci"
group1,2,16,512,4096,256,1,1024,0.086325,0.064411,,"ERROR: Could not find hyperparameters for the kernel instance corresponding to the target (batch_size, a, b, c, d, preci"
group1,2,16,512,4096,256,1,2048,0.126396,0.064176,,"ERROR: Could not find hyperparameters for the kernel instance corresponding to the target (batch_size, a, b, c, d, preci"
group1,2,16,512,4096,256,1,4096,0.249976,0.095873,,"ERROR: Could not find hyperparameters for the kernel instance corresponding to the target (batch_size, a, b, c, d, preci"
group1,4,2,1024,512,1,256,2,0.084136,0.104643,,"ERROR: Could not find hyperparameters for the kernel instance corresponding to the target (batch_size, a, b, c, d, preci"
group1,4,2,1024,512,1,256,4,0.084622,0.105268,,"ERROR: Could not find hyperparameters for the kernel instance corresponding to the target (batch_size, a, b, c, d, preci"
group1,4,2,1024,512,1,256,8,0.084469,0.105001,,"ERROR: Could not find hyperparameters for the kernel instance corresponding to the target (batch_size, a, b, c, d, preci"
group1,4,2,1024,512,1,256,16,0.085338,0.105159,,"ERROR: Could not find hyperparameters for the kernel instance corresponding to the target (batch_size, a, b, c, d, preci"
group1,4,2,1024,512,1,256,32,0.084943,0.105164,,"ERROR: Could not find hyperparameters for the kernel instance corresponding to the target (batch_size, a, b, c, d, preci"
group1,4,2,1024,512,1,256,64,0.084800,0.105224,,"ERROR: Could not find hyperparameters for the kernel instance corresponding to the target (batch_size, a, b, c, d, preci"
group1,4,2,1024,512,1,256,128,0.084625,0.105462,,"ERROR: Could not find hyperparameters for the kernel instance corresponding to the target (batch_size, a, b, c, d, preci"
group1,4,2,1024,512,1,256,256,0.084669,0.105490,,"ERROR: Could not find hyperparameters for the kernel instance corresponding to the target (batch_size, a, b, c, d, preci"
group1,4,2,1024,512,1,256,512,0.085191,0.104904,,"ERROR: Could not find hyperparameters for the kernel instance corresponding to the target (batch_size, a, b, c, d, preci"
group1,4,2,1024,512,1,256,1024,0.085140,0.106173,,"ERROR: Could not find hyperparameters for the kernel instance corresponding to the target (batch_size, a, b, c, d, preci"
group1,4,2,1024,512,1,256,2048,0.085835,0.105798,,"ERROR: Could not find hyperparameters for the kernel instance corresponding to the target (batch_size, a, b, c, d, preci"
group1,4,2,1024,512,1,256,4096,0.109432,0.107480,,"ERROR: Could not find hyperparameters for the kernel instance corresponding to the target (batch_size, a, b, c, d, preci"
group1,4,2,1024,512,2,128,2,0.084432,0.101136,,"ERROR: Could not find hyperparameters for the kernel instance corresponding to the target (batch_size, a, b, c, d, preci"
group1,4,2,1024,512,2,128,4,0.084350,0.101281,,"ERROR: Could not find hyperparameters for the kernel instance corresponding to the target (batch_size, a, b, c, d, preci"
group1,4,2,1024,512,2,128,8,0.084390,0.102001,,"ERROR: Could not find hyperparameters for the kernel instance corresponding to the target (batch_size, a, b, c, d, preci"
group1,4,2,1024,512,2,128,16,0.084746,0.101714,,"ERROR: Could not find hyperparameters for the kernel instance corresponding to the target (batch_size, a, b, c, d, preci"
group1,4,2,1024,512,2,128,32,0.084194,0.101811,,"ERROR: Could not find hyperparameters for the kernel instance corresponding to the target (batch_size, a, b, c, d, preci"
group1,4,2,1024,512,2,128,64,0.084290,0.102189,,"ERROR: Could not find hyperparameters for the kernel instance corresponding to the target (batch_size, a, b, c, d, preci"
group1,4,2,1024,512,2,128,128,0.084206,0.101386,,"ERROR: Could not find hyperparameters for the kernel instance corresponding to the target (batch_size, a, b, c, d, preci"
group1,4,2,1024,512,2,128,256,0.084317,0.101803,,"ERROR: Could not find hyperparameters for the kernel instance corresponding to the target (batch_size, a, b, c, d, preci"
group1,4,2,1024,512,2,128,512,0.085397,0.101903,,"ERROR: Could not find hyperparameters for the kernel instance corresponding to the target (batch_size, a, b, c, d, preci"
group1,4,2,1024,512,2,128,1024,0.085166,0.102210,,"ERROR: Could not find hyperparameters for the kernel instance corresponding to the target (batch_size, a, b, c, d, preci"
group1,4,2,1024,512,2,128,2048,0.085555,0.102314,,"ERROR: Could not find hyperparameters for the kernel instance corresponding to the target (batch_size, a, b, c, d, preci"
group1,4,2,1024,512,2,128,4096,0.109457,0.106742,,"ERROR: Could not find hyperparameters for the kernel instance corresponding to the target (batch_size, a, b, c, d, preci"
group1,4,2,1024,512,4,64,2,0.084180,0.101360,,"ERROR: Could not find hyperparameters for the kernel instance corresponding to the target (batch_size, a, b, c, d, preci"
group1,4,2,1024,512,4,64,4,0.083933,0.101230,,"ERROR: Could not find hyperparameters for the kernel instance corresponding to the target (batch_size, a, b, c, d, preci"
group1,4,2,1024,512,4,64,8,0.084068,0.101099,,"ERROR: Could not find hyperparameters for the kernel instance corresponding to the target (batch_size, a, b, c, d, preci"
group1,4,2,1024,512,4,64,16,0.084498,0.101281,,"ERROR: Could not find hyperparameters for the kernel instance corresponding to the target (batch_size, a, b, c, d, preci"
group1,4,2,1024,512,4,64,32,0.084029,0.100829,,"ERROR: Could not find hyperparameters for the kernel instance corresponding to the target (batch_size, a, b, c, d, preci"
group1,4,2,1024,512,4,64,64,0.084113,0.101237,,"ERROR: Could not find hyperparameters for the kernel instance corresponding to the target (batch_size, a, b, c, d, preci"
group1,4,2,1024,512,4,64,128,0.084234,0.101072,,"ERROR: Could not find hyperparameters for the kernel instance corresponding to the target (batch_size, a, b, c, d, preci"
group1,4,2,1024,512,4,64,256,0.084427,0.101617,,"ERROR: Could not find hyperparameters for the kernel instance corresponding to the target (batch_size, a, b, c, d, preci"
group1,4,2,1024,512,4,64,512,0.085307,0.101022,,"ERROR: Could not find hyperparameters for the kernel instance corresponding to the target (batch_size, a, b, c, d, preci"
group1,4,2,1024,512,4,64,1024,0.085007,0.101607,,"ERROR: Could not find hyperparameters for the kernel instance corresponding to the target (batch_size, a, b, c, d, preci"
group1,4,2,1024,512,4,64,2048,0.085590,0.101899,,"ERROR: Could not find hyperparameters for the kernel instance corresponding to the target (batch_size, a, b, c, d, preci"
group1,4,2,1024,512,4,64,4096,0.109438,0.107026,,"ERROR: Could not find hyperparameters for the kernel instance corresponding to the target (batch_size, a, b, c, d, preci"
group1,4,2,1024,512,8,32,2,0.084138,0.100773,,"ERROR: Could not find hyperparameters for the kernel instance corresponding to the target (batch_size, a, b, c, d, preci"
group1,4,2,1024,512,8,32,4,0.084228,0.101262,,"ERROR: Could not find hyperparameters for the kernel instance corresponding to the target (batch_size, a, b, c, d, preci"
group1,4,2,1024,512,8,32,8,0.084268,0.101627,,"ERROR: Could not find hyperparameters for the kernel instance corresponding to the target (batch_size, a, b, c, d, preci"
group1,4,2,1024,512,8,32,16,0.084355,0.101552,,"ERROR: Could not find hyperparameters for the kernel instance corresponding to the target (batch_size, a, b, c, d, preci"
group1,4,2,1024,512,8,32,32,0.083895,0.100865,,"ERROR: Could not find hyperparameters for the kernel instance corresponding to the target (batch_size, a, b, c, d, preci"
group1,4,2,1024,512,8,32,64,0.084478,0.101547,,"ERROR: Could not find hyperparameters for the kernel instance corresponding to the target (batch_size, a, b, c, d, preci"
group1,4,2,1024,512,8,32,128,0.084255,0.100998,,"ERROR: Could not find hyperparameters for the kernel instance corresponding to the target (batch_size, a, b, c, d, preci"
group1,4,2,1024,512,8,32,256,0.084741,0.101555,,"ERROR: Could not find hyperparameters for the kernel instance corresponding to the target (batch_size, a, b, c, d, preci"
group1,4,2,1024,512,8,32,512,0.085144,0.100934,,"ERROR: Could not find hyperparameters for the kernel instance corresponding to the target (batch_size, a, b, c, d, preci"
group1,4,2,1024,512,8,32,1024,0.085335,0.101846,,"ERROR: Could not find hyperparameters for the kernel instance corresponding to the target (batch_size, a, b, c, d, preci"
group1,4,2,1024,512,8,32,2048,0.085699,0.101558,,"ERROR: Could not find hyperparameters for the kernel instance corresponding to the target (batch_size, a, b, c, d, preci"
group1,4,2,1024,512,8,32,4096,0.109442,0.107733,,"ERROR: Could not find hyperparameters for the kernel instance corresponding to the target (batch_size, a, b, c, d, preci"
group1,4,2,1024,512,16,16,2,0.084248,0.100908,,"ERROR: Could not find hyperparameters for the kernel instance corresponding to the target (batch_size, a, b, c, d, preci"
group1,4,2,1024,512,16,16,4,0.084017,0.101015,,"ERROR: Could not find hyperparameters for the kernel instance corresponding to the target (batch_size, a, b, c, d, preci"
group1,4,2,1024,512,16,16,8,0.084248,0.101234,,"ERROR: Could not find hyperparameters for the kernel instance corresponding to the target (batch_size, a, b, c, d, preci"
group1,4,2,1024,512,16,16,16,0.085052,0.101326,,"ERROR: Could not find hyperparameters for the kernel instance corresponding to the target (batch_size, a, b, c, d, preci"
group1,4,2,1024,512,16,16,32,0.083998,0.101200,,"ERROR: Could not find hyperparameters for the kernel instance corresponding to the target (batch_size, a, b, c, d, preci"
group1,4,2,1024,512,16,16,64,0.084166,0.101268,,"ERROR: Could not find hyperparameters for the kernel instance corresponding to the target (batch_size, a, b, c, d, preci"
group1,4,2,1024,512,16,16,128,0.084060,0.101094,,"ERROR: Could not find hyperparameters for the kernel instance corresponding to the target (batch_size, a, b, c, d, preci"
group1,4,2,1024,512,16,16,256,0.084437,0.101396,,"ERROR: Could not find hyperparameters for the kernel instance corresponding to the target (batch_size, a, b, c, d, preci"
group1,4,2,1024,512,16,16,512,0.085296,0.101088,,"ERROR: Could not find hyperparameters for the kernel instance corresponding to the target (batch_size, a, b, c, d, preci"
group1,4,2,1024,512,16,16,1024,0.085169,0.101743,,"ERROR: Could not find hyperparameters for the kernel instance corresponding to the target (batch_size, a, b, c, d, preci"
group1,4,2,1024,512,16,16,2048,0.085886,0.101766,,"ERROR: Could not find hyperparameters for the kernel instance corresponding to the target (batch_size, a, b, c, d, preci"
group1,4,2,1024,512,16,16,4096,0.109391,0.107908,,"ERROR: Could not find hyperparameters for the kernel instance corresponding to the target (batch_size, a, b, c, d, preci"
group1,4,2,1024,512,32,8,2,0.083830,0.100846,,"ERROR: Could not find hyperparameters for the kernel instance corresponding to the target (batch_size, a, b, c, d, preci"
group1,4,2,1024,512,32,8,4,0.084191,0.101272,,"ERROR: Could not find hyperparameters for the kernel instance corresponding to the target (batch_size, a, b, c, d, preci"
group1,4,2,1024,512,32,8,8,0.084136,0.101658,,"ERROR: Could not find hyperparameters for the kernel instance corresponding to the target (batch_size, a, b, c, d, preci"
group1,4,2,1024,512,32,8,16,0.084060,0.101060,,"ERROR: Could not find hyperparameters for the kernel instance corresponding to the target (batch_size, a, b, c, d, preci"
group1,4,2,1024,512,32,8,32,0.083980,0.101173,,"ERROR: Could not find hyperparameters for the kernel instance corresponding to the target (batch_size, a, b, c, d, preci"
group1,4,2,1024,512,32,8,64,0.084040,0.101080,,"ERROR: Could not find hyperparameters for the kernel instance corresponding to the target (batch_size, a, b, c, d, preci"
group1,4,2,1024,512,32,8,128,0.084391,0.100927,,"ERROR: Could not find hyperparameters for the kernel instance corresponding to the target (batch_size, a, b, c, d, preci"
group1,4,2,1024,512,32,8,256,0.083852,0.101508,,"ERROR: Could not find hyperparameters for the kernel instance corresponding to the target (batch_size, a, b, c, d, preci"
group1,4,2,1024,512,32,8,512,0.085124,0.101033,,"ERROR: Could not find hyperparameters for the kernel instance corresponding to the target (batch_size, a, b, c, d, preci"
group1,4,2,1024,512,32,8,1024,0.084627,0.101947,,"ERROR: Could not find hyperparameters for the kernel instance corresponding to the target (batch_size, a, b, c, d, preci"
group1,4,2,1024,512,32,8,2048,0.085958,0.101646,,"ERROR: Could not find hyperparameters for the kernel instance corresponding to the target (batch_size, a, b, c, d, preci"
group1,4,2,1024,512,32,8,4096,0.109449,0.107937,,"ERROR: Could not find hyperparameters for the kernel instance corresponding to the target (batch_size, a, b, c, d, preci"
group1,4,2,1024,512,64,4,2,0.084629,0.100782,,"ERROR: Could not find hyperparameters for the kernel instance corresponding to the target (batch_size, a, b, c, d, preci"
group1,4,2,1024,512,64,4,4,0.083771,0.100408,,"ERROR: Could not find hyperparameters for the kernel instance corresponding to the target (batch_size, a, b, c, d, preci"
group1,4,2,1024,512,64,4,8,0.084168,0.101141,,"ERROR: Could not find hyperparameters for the kernel instance corresponding to the target (batch_size, a, b, c, d, preci"
group1,4,2,1024,512,64,4,16,0.084249,0.101261,,"ERROR: Could not find hyperparameters for the kernel instance corresponding to the target (batch_size, a, b, c, d, preci"
group1,4,2,1024,512,64,4,32,0.084216,0.101499,,"ERROR: Could not find hyperparameters for the kernel instance corresponding to the target (batch_size, a, b, c, d, preci"
group1,4,2,1024,512,64,4,64,0.083938,0.101194,,"ERROR: Could not find hyperparameters for the kernel instance corresponding to the target (batch_size, a, b, c, d, preci"
group1,4,2,1024,512,64,4,128,0.084368,0.101282,,"ERROR: Could not find hyperparameters for the kernel instance corresponding to the target (batch_size, a, b, c, d, preci"
group1,4,2,1024,512,64,4,256,0.084657,0.101382,,"ERROR: Could not find hyperparameters for the kernel instance corresponding to the target (batch_size, a, b, c, d, preci"
group1,4,2,1024,512,64,4,512,0.085365,0.101143,,"ERROR: Could not find hyperparameters for the kernel instance corresponding to the target (batch_size, a, b, c, d, preci"
group1,4,2,1024,512,64,4,1024,0.085356,0.101507,,"ERROR: Could not find hyperparameters for the kernel instance corresponding to the target (batch_size, a, b, c, d, preci"
group1,4,2,1024,512,64,4,2048,0.086519,0.102197,,"ERROR: Could not find hyperparameters for the kernel instance corresponding to the target (batch_size, a, b, c, d, preci"
group1,4,2,1024,512,64,4,4096,0.109434,0.107899,,"ERROR: Could not find hyperparameters for the kernel instance corresponding to the target (batch_size, a, b, c, d, preci"
group1,4,2,1024,512,128,2,2,0.084449,0.100795,,"ERROR: Could not find hyperparameters for the kernel instance corresponding to the target (batch_size, a, b, c, d, preci"
group1,4,2,1024,512,128,2,4,0.084166,0.101572,,"ERROR: Could not find hyperparameters for the kernel instance corresponding to the target (batch_size, a, b, c, d, preci"
group1,4,2,1024,512,128,2,8,0.084386,0.101632,,"ERROR: Could not find hyperparameters for the kernel instance corresponding to the target (batch_size, a, b, c, d, preci"
group1,4,2,1024,512,128,2,16,0.084482,0.101302,,"ERROR: Could not find hyperparameters for the kernel instance corresponding to the target (batch_size, a, b, c, d, preci"
group1,4,2,1024,512,128,2,32,0.084002,0.101617,,"ERROR: Could not find hyperparameters for the kernel instance corresponding to the target (batch_size, a, b, c, d, preci"
group1,4,2,1024,512,128,2,64,0.084328,0.101112,,"ERROR: Could not find hyperparameters for the kernel instance corresponding to the target (batch_size, a, b, c, d, preci"
group1,4,2,1024,512,128,2,128,0.084369,0.101121,,"ERROR: Could not find hyperparameters for the kernel instance corresponding to the target (batch_size, a, b, c, d, preci"
group1,4,2,1024,512,128,2,256,0.084222,0.101165,,"ERROR: Could not find hyperparameters for the kernel instance corresponding to the target (batch_size, a, b, c, d, preci"
group1,4,2,1024,512,128,2,512,0.085306,0.101126,,"ERROR: Could not find hyperparameters for the kernel instance corresponding to the target (batch_size, a, b, c, d, preci"
group1,4,2,1024,512,128,2,1024,0.085171,0.101986,,"ERROR: Could not find hyperparameters for the kernel instance corresponding to the target (batch_size, a, b, c, d, preci"
group1,4,2,1024,512,128,2,2048,0.085870,0.101802,,"ERROR: Could not find hyperparameters for the kernel instance corresponding to the target (batch_size, a, b, c, d, preci"
group1,4,2,1024,512,128,2,4096,0.109392,0.107908,,"ERROR: Could not find hyperparameters for the kernel instance corresponding to the target (batch_size, a, b, c, d, preci"
group1,4,2,1024,512,256,1,2,0.084785,0.063370,,"ERROR: Could not find hyperparameters for the kernel instance corresponding to the target (batch_size, a, b, c, d, preci"
group1,4,2,1024,512,256,1,4,0.084334,0.063934,,"ERROR: Could not find hyperparameters for the kernel instance corresponding to the target (batch_size, a, b, c, d, preci"
group1,4,2,1024,512,256,1,8,0.084137,0.064281,,"ERROR: Could not find hyperparameters for the kernel instance corresponding to the target (batch_size, a, b, c, d, preci"
group1,4,2,1024,512,256,1,16,0.084750,0.063980,,"ERROR: Could not find hyperparameters for the kernel instance corresponding to the target (batch_size, a, b, c, d, preci"
group1,4,2,1024,512,256,1,32,0.083553,0.063712,,"ERROR: Could not find hyperparameters for the kernel instance corresponding to the target (batch_size, a, b, c, d, preci"
group1,4,2,1024,512,256,1,64,0.084480,0.063792,,"ERROR: Could not find hyperparameters for the kernel instance corresponding to the target (batch_size, a, b, c, d, preci"
group1,4,2,1024,512,256,1,128,0.084214,0.063875,,"ERROR: Could not find hyperparameters for the kernel instance corresponding to the target (batch_size, a, b, c, d, preci"
group1,4,2,1024,512,256,1,256,0.084389,0.063589,,"ERROR: Could not find hyperparameters for the kernel instance corresponding to the target (batch_size, a, b, c, d, preci"
group1,4,2,1024,512,256,1,512,0.083808,0.063874,,"ERROR: Could not find hyperparameters for the kernel instance corresponding to the target (batch_size, a, b, c, d, preci"
group1,4,2,1024,512,256,1,1024,0.085622,0.063612,,"ERROR: Could not find hyperparameters for the kernel instance corresponding to the target (batch_size, a, b, c, d, preci"
group1,4,2,1024,512,256,1,2048,0.085274,0.063440,,"ERROR: Could not find hyperparameters for the kernel instance corresponding to the target (batch_size, a, b, c, d, preci"
group1,4,2,1024,512,256,1,4096,0.108435,0.078402,,"ERROR: Could not find hyperparameters for the kernel instance corresponding to the target (batch_size, a, b, c, d, preci"
group1,4,2,2048,1024,1,512,2,0.084892,0.104204,,"ERROR: Could not find hyperparameters for the kernel instance corresponding to the target (batch_size, a, b, c, d, preci"
group1,4,2,2048,1024,1,512,4,0.084413,0.104971,,"ERROR: Could not find hyperparameters for the kernel instance corresponding to the target (batch_size, a, b, c, d, preci"
group1,4,2,2048,1024,1,512,8,0.084725,0.105250,,"ERROR: Could not find hyperparameters for the kernel instance corresponding to the target (batch_size, a, b, c, d, preci"
group1,4,2,2048,1024,1,512,16,0.084461,0.105051,,"ERROR: Could not find hyperparameters for the kernel instance corresponding to the target (batch_size, a, b, c, d, preci"
group1,4,2,2048,1024,1,512,32,0.085033,0.105075,,"ERROR: Could not find hyperparameters for the kernel instance corresponding to the target (batch_size, a, b, c, d, preci"
group1,4,2,2048,1024,1,512,64,0.084433,0.104573,,"ERROR: Could not find hyperparameters for the kernel instance corresponding to the target (batch_size, a, b, c, d, preci"
group1,4,2,2048,1024,1,512,128,0.084555,0.105077,,"ERROR: Could not find hyperparameters for the kernel instance corresponding to the target (batch_size, a, b, c, d, preci"
group1,4,2,2048,1024,1,512,256,0.085519,0.105379,,"ERROR: Could not find hyperparameters for the kernel instance corresponding to the target (batch_size, a, b, c, d, preci"
group1,4,2,2048,1024,1,512,512,0.085266,0.105601,,"ERROR: Could not find hyperparameters for the kernel instance corresponding to the target (batch_size, a, b, c, d, preci"
group1,4,2,2048,1024,1,512,1024,0.085952,0.106036,,"ERROR: Could not find hyperparameters for the kernel instance corresponding to the target (batch_size, a, b, c, d, preci"
group1,4,2,2048,1024,1,512,2048,0.107282,0.108671,,"ERROR: Could not find hyperparameters for the kernel instance corresponding to the target (batch_size, a, b, c, d, preci"
group1,4,2,2048,1024,1,512,4096,0.204761,0.213426,,"ERROR: Could not find hyperparameters for the kernel instance corresponding to the target (batch_size, a, b, c, d, preci"
group1,4,2,2048,1024,2,256,2,0.084091,0.101511,,"ERROR: Could not find hyperparameters for the kernel instance corresponding to the target (batch_size, a, b, c, d, preci"
group1,4,2,2048,1024,2,256,4,0.084110,0.101219,,"ERROR: Could not find hyperparameters for the kernel instance corresponding to the target (batch_size, a, b, c, d, preci"
group1,4,2,2048,1024,2,256,8,0.084386,0.101267,,"ERROR: Could not find hyperparameters for the kernel instance corresponding to the target (batch_size, a, b, c, d, preci"
group1,4,2,2048,1024,2,256,16,0.084399,0.101208,,"ERROR: Could not find hyperparameters for the kernel instance corresponding to the target (batch_size, a, b, c, d, preci"
group1,4,2,2048,1024,2,256,32,0.084694,0.101458,,"ERROR: Could not find hyperparameters for the kernel instance corresponding to the target (batch_size, a, b, c, d, preci"
group1,4,2,2048,1024,2,256,64,0.084312,0.101117,,"ERROR: Could not find hyperparameters for the kernel instance corresponding to the target (batch_size, a, b, c, d, preci"
group1,4,2,2048,1024,2,256,128,0.085014,0.100724,,"ERROR: Could not find hyperparameters for the kernel instance corresponding to the target (batch_size, a, b, c, d, preci"
group1,4,2,2048,1024,2,256,256,0.085123,0.101141,,"ERROR: Could not find hyperparameters for the kernel instance corresponding to the target (batch_size, a, b, c, d, preci"
group1,4,2,2048,1024,2,256,512,0.085470,0.101878,,"ERROR: Could not find hyperparameters for the kernel instance corresponding to the target (batch_size, a, b, c, d, preci"
group1,4,2,2048,1024,2,256,1024,0.085732,0.102460,,"ERROR: Could not find hyperparameters for the kernel instance corresponding to the target (batch_size, a, b, c, d, preci"
group1,4,2,2048,1024,2,256,2048,0.107356,0.107309,,"ERROR: Could not find hyperparameters for the kernel instance corresponding to the target (batch_size, a, b, c, d, preci"
group1,4,2,2048,1024,2,256,4096,0.204745,0.208299,,"ERROR: Could not find hyperparameters for the kernel instance corresponding to the target (batch_size, a, b, c, d, preci"
group1,4,2,2048,1024,4,128,2,0.084507,0.101304,,"ERROR: Could not find hyperparameters for the kernel instance corresponding to the target (batch_size, a, b, c, d, preci"
group1,4,2,2048,1024,4,128,4,0.084284,0.101517,,"ERROR: Could not find hyperparameters for the kernel instance corresponding to the target (batch_size, a, b, c, d, preci"
group1,4,2,2048,1024,4,128,8,0.084422,0.101342,,"ERROR: Could not find hyperparameters for the kernel instance corresponding to the target (batch_size, a, b, c, d, preci"
group1,4,2,2048,1024,4,128,16,0.084709,0.101124,,"ERROR: Could not find hyperparameters for the kernel instance corresponding to the target (batch_size, a, b, c, d, preci"
group1,4,2,2048,1024,4,128,32,0.084328,0.101928,,"ERROR: Could not find hyperparameters for the kernel instance corresponding to the target (batch_size, a, b, c, d, preci"
group1,4,2,2048,1024,4,128,64,0.083936,0.101430,,"ERROR: Could not find hyperparameters for the kernel instance corresponding to the target (batch_size, a, b, c, d, preci"
group1,4,2,2048,1024,4,128,128,0.084672,0.101092,,"ERROR: Could not find hyperparameters for the kernel instance corresponding to the target (batch_size, a, b, c, d, preci"
group1,4,2,2048,1024,4,128,256,0.085419,0.101388,,"ERROR: Could not find hyperparameters for the kernel instance corresponding to the target (batch_size, a, b, c, d, preci"
group1,4,2,2048,1024,4,128,512,0.085388,0.102005,,"ERROR: Could not find hyperparameters for the kernel instance corresponding to the target (batch_size, a, b, c, d, preci"
group1,4,2,2048,1024,4,128,1024,0.086069,0.102086,,"ERROR: Could not find hyperparameters for the kernel instance corresponding to the target (batch_size, a, b, c, d, preci"
group1,4,2,2048,1024,4,128,2048,0.107312,0.106686,,"ERROR: Could not find hyperparameters for the kernel instance corresponding to the target (batch_size, a, b, c, d, preci"
group1,4,2,2048,1024,4,128,4096,0.204690,0.206575,,"ERROR: Could not find hyperparameters for the kernel instance corresponding to the target (batch_size, a, b, c, d, preci"
group1,4,2,2048,1024,8,64,2,0.084763,0.101010,,"ERROR: Could not find hyperparameters for the kernel instance corresponding to the target (batch_size, a, b, c, d, preci"
group1,4,2,2048,1024,8,64,4,0.084668,0.101490,,"ERROR: Could not find hyperparameters for the kernel instance corresponding to the target (batch_size, a, b, c, d, preci"
group1,4,2,2048,1024,8,64,8,0.084236,0.101350,,"ERROR: Could not find hyperparameters for the kernel instance corresponding to the target (batch_size, a, b, c, d, preci"
group1,4,2,2048,1024,8,64,16,0.084681,0.101177,,"ERROR: Could not find hyperparameters for the kernel instance corresponding to the target (batch_size, a, b, c, d, preci"
group1,4,2,2048,1024,8,64,32,0.084182,0.101446,,"ERROR: Could not find hyperparameters for the kernel instance corresponding to the target (batch_size, a, b, c, d, preci"
group1,4,2,2048,1024,8,64,64,0.083998,0.101237,,"ERROR: Could not find hyperparameters for the kernel instance corresponding to the target (batch_size, a, b, c, d, preci"
group1,4,2,2048,1024,8,64,128,0.084829,0.101023,,"ERROR: Could not find hyperparameters for the kernel instance corresponding to the target (batch_size, a, b, c, d, preci"
group1,4,2,2048,1024,8,64,256,0.085774,0.101438,,"ERROR: Could not find hyperparameters for the kernel instance corresponding to the target (batch_size, a, b, c, d, preci"
group1,4,2,2048,1024,8,64,512,0.085122,0.102002,,"ERROR: Could not find hyperparameters for the kernel instance corresponding to the target (batch_size, a, b, c, d, preci"
group1,4,2,2048,1024,8,64,1024,0.085768,0.102268,,"ERROR: Could not find hyperparameters for the kernel instance corresponding to the target (batch_size, a, b, c, d, preci"
group1,4,2,2048,1024,8,64,2048,0.107258,0.106847,,"ERROR: Could not find hyperparameters for the kernel instance corresponding to the target (batch_size, a, b, c, d, preci"
group1,4,2,2048,1024,8,64,4096,0.204567,0.207146,,"ERROR: Could not find hyperparameters for the kernel instance corresponding to the target (batch_size, a, b, c, d, preci"
group1,4,2,2048,1024,16,32,2,0.083910,0.101133,,"ERROR: Could not find hyperparameters for the kernel instance corresponding to the target (batch_size, a, b, c, d, preci"
group1,4,2,2048,1024,16,32,4,0.083940,0.101080,,"ERROR: Could not find hyperparameters for the kernel instance corresponding to the target (batch_size, a, b, c, d, preci"
group1,4,2,2048,1024,16,32,8,0.084311,0.101393,,"ERROR: Could not find hyperparameters for the kernel instance corresponding to the target (batch_size, a, b, c, d, preci"
group1,4,2,2048,1024,16,32,16,0.084515,0.101389,,"ERROR: Could not find hyperparameters for the kernel instance corresponding to the target (batch_size, a, b, c, d, preci"
group1,4,2,2048,1024,16,32,32,0.084108,0.101630,,"ERROR: Could not find hyperparameters for the kernel instance corresponding to the target (batch_size, a, b, c, d, preci"
group1,4,2,2048,1024,16,32,64,0.084162,0.101488,,"ERROR: Could not find hyperparameters for the kernel instance corresponding to the target (batch_size, a, b, c, d, preci"
group1,4,2,2048,1024,16,32,128,0.084634,0.101666,,"ERROR: Could not find hyperparameters for the kernel instance corresponding to the target (batch_size, a, b, c, d, preci"
group1,4,2,2048,1024,16,32,256,0.084945,0.101687,,"ERROR: Could not find hyperparameters for the kernel instance corresponding to the target (batch_size, a, b, c, d, preci"
group1,4,2,2048,1024,16,32,512,0.085039,0.102400,,"ERROR: Could not find hyperparameters for the kernel instance corresponding to the target (batch_size, a, b, c, d, preci"
group1,4,2,2048,1024,16,32,1024,0.085008,0.102059,,"ERROR: Could not find hyperparameters for the kernel instance corresponding to the target (batch_size, a, b, c, d, preci"
group1,4,2,2048,1024,16,32,2048,0.107313,0.107625,,"ERROR: Could not find hyperparameters for the kernel instance corresponding to the target (batch_size, a, b, c, d, preci"
group1,4,2,2048,1024,16,32,4096,0.204760,0.212036,,"ERROR: Could not find hyperparameters for the kernel instance corresponding to the target (batch_size, a, b, c, d, preci"
group1,4,2,2048,1024,32,16,2,0.084549,0.101421,,"ERROR: Could not find hyperparameters for the kernel instance corresponding to the target (batch_size, a, b, c, d, preci"
group1,4,2,2048,1024,32,16,4,0.084013,0.102012,,"ERROR: Could not find hyperparameters for the kernel instance corresponding to the target (batch_size, a, b, c, d, preci"
group1,4,2,2048,1024,32,16,8,0.084474,0.101503,,"ERROR: Could not find hyperparameters for the kernel instance corresponding to the target (batch_size, a, b, c, d, preci"
group1,4,2,2048,1024,32,16,16,0.084283,0.101744,,"ERROR: Could not find hyperparameters for the kernel instance corresponding to the target (batch_size, a, b, c, d, preci"
group1,4,2,2048,1024,32,16,32,0.083833,0.101517,,"ERROR: Could not find hyperparameters for the kernel instance corresponding to the target (batch_size, a, b, c, d, preci"
group1,4,2,2048,1024,32,16,64,0.084078,0.101774,,"ERROR: Could not find hyperparameters for the kernel instance corresponding to the target (batch_size, a, b, c, d, preci"
group1,4,2,2048,1024,32,16,128,0.084854,0.101192,,"ERROR: Could not find hyperparameters for the kernel instance corresponding to the target (batch_size, a, b, c, d, preci"
group1,4,2,2048,1024,32,16,256,0.085117,0.101846,,"ERROR: Could not find hyperparameters for the kernel instance corresponding to the target (batch_size, a, b, c, d, preci"
group1,4,2,2048,1024,32,16,512,0.085639,0.102239,,"ERROR: Could not find hyperparameters for the kernel instance corresponding to the target (batch_size, a, b, c, d, preci"
group1,4,2,2048,1024,32,16,1024,0.085704,0.102247,,"ERROR: Could not find hyperparameters for the kernel instance corresponding to the target (batch_size, a, b, c, d, preci"
group1,4,2,2048,1024,32,16,2048,0.107381,0.107751,,"ERROR: Could not find hyperparameters for the kernel instance corresponding to the target (batch_size, a, b, c, d, preci"
group1,4,2,2048,1024,32,16,4096,0.204662,0.212911,,"ERROR: Could not find hyperparameters for the kernel instance corresponding to the target (batch_size, a, b, c, d, preci"
group1,4,2,2048,1024,64,8,2,0.084087,0.101455,,"ERROR: Could not find hyperparameters for the kernel instance corresponding to the target (batch_size, a, b, c, d, preci"
group1,4,2,2048,1024,64,8,4,0.083632,0.101369,,"ERROR: Could not find hyperparameters for the kernel instance corresponding to the target (batch_size, a, b, c, d, preci"
group1,4,2,2048,1024,64,8,8,0.083976,0.101425,,"ERROR: Could not find hyperparameters for the kernel instance corresponding to the target (batch_size, a, b, c, d, preci"
group1,4,2,2048,1024,64,8,16,0.084031,0.101047,,"ERROR: Could not find hyperparameters for the kernel instance corresponding to the target (batch_size, a, b, c, d, preci"
group1,4,2,2048,1024,64,8,32,0.084175,0.101464,,"ERROR: Could not find hyperparameters for the kernel instance corresponding to the target (batch_size, a, b, c, d, preci"
group1,4,2,2048,1024,64,8,64,0.084063,0.101357,,"ERROR: Could not find hyperparameters for the kernel instance corresponding to the target (batch_size, a, b, c, d, preci"
group1,4,2,2048,1024,64,8,128,0.084637,0.101387,,"ERROR: Could not find hyperparameters for the kernel instance corresponding to the target (batch_size, a, b, c, d, preci"
group1,4,2,2048,1024,64,8,256,0.085039,0.101331,,"ERROR: Could not find hyperparameters for the kernel instance corresponding to the target (batch_size, a, b, c, d, preci"
group1,4,2,2048,1024,64,8,512,0.085015,0.101942,,"ERROR: Could not find hyperparameters for the kernel instance corresponding to the target (batch_size, a, b, c, d, preci"
group1,4,2,2048,1024,64,8,1024,0.085495,0.102153,,"ERROR: Could not find hyperparameters for the kernel instance corresponding to the target (batch_size, a, b, c, d, preci"
group1,4,2,2048,1024,64,8,2048,0.107371,0.107830,,"ERROR: Could not find hyperparameters for the kernel instance corresponding to the target (batch_size, a, b, c, d, preci"
group1,4,2,2048,1024,64,8,4096,0.204793,0.213338,,"ERROR: Could not find hyperparameters for the kernel instance corresponding to the target (batch_size, a, b, c, d, preci"
group1,4,2,2048,1024,128,4,2,0.084276,0.101343,,"ERROR: Could not find hyperparameters for the kernel instance corresponding to the target (batch_size, a, b, c, d, preci"
group1,4,2,2048,1024,128,4,4,0.084344,0.101421,,"ERROR: Could not find hyperparameters for the kernel instance corresponding to the target (batch_size, a, b, c, d, preci"
group1,4,2,2048,1024,128,4,8,0.084389,0.101551,,"ERROR: Could not find hyperparameters for the kernel instance corresponding to the target (batch_size, a, b, c, d, preci"
group1,4,2,2048,1024,128,4,16,0.084453,0.101352,,"ERROR: Could not find hyperparameters for the kernel instance corresponding to the target (batch_size, a, b, c, d, preci"
group1,4,2,2048,1024,128,4,32,0.084138,0.101770,,"ERROR: Could not find hyperparameters for the kernel instance corresponding to the target (batch_size, a, b, c, d, preci"
group1,4,2,2048,1024,128,4,64,0.084086,0.101493,,"ERROR: Could not find hyperparameters for the kernel instance corresponding to the target (batch_size, a, b, c, d, preci"
group1,4,2,2048,1024,128,4,128,0.084493,0.101352,,"ERROR: Could not find hyperparameters for the kernel instance corresponding to the target (batch_size, a, b, c, d, preci"
group1,4,2,2048,1024,128,4,256,0.085469,0.101944,,"ERROR: Could not find hyperparameters for the kernel instance corresponding to the target (batch_size, a, b, c, d, preci"
group1,4,2,2048,1024,128,4,512,0.085272,0.102383,,"ERROR: Could not find hyperparameters for the kernel instance corresponding to the target (batch_size, a, b, c, d, preci"
group1,4,2,2048,1024,128,4,1024,0.085379,0.102402,,"ERROR: Could not find hyperparameters for the kernel instance corresponding to the target (batch_size, a, b, c, d, preci"
group1,4,2,2048,1024,128,4,2048,0.107360,0.107869,,"ERROR: Could not find hyperparameters for the kernel instance corresponding to the target (batch_size, a, b, c, d, preci"
group1,4,2,2048,1024,128,4,4096,0.204652,0.213360,,"ERROR: Could not find hyperparameters for the kernel instance corresponding to the target (batch_size, a, b, c, d, preci"
group1,4,2,2048,1024,256,2,2,0.084472,0.101601,,"ERROR: Could not find hyperparameters for the kernel instance corresponding to the target (batch_size, a, b, c, d, preci"
group1,4,2,2048,1024,256,2,4,0.083930,0.101228,,"ERROR: Could not find hyperparameters for the kernel instance corresponding to the target (batch_size, a, b, c, d, preci"
group1,4,2,2048,1024,256,2,8,0.084077,0.101270,,"ERROR: Could not find hyperparameters for the kernel instance corresponding to the target (batch_size, a, b, c, d, preci"
group1,4,2,2048,1024,256,2,16,0.084172,0.101567,,"ERROR: Could not find hyperparameters for the kernel instance corresponding to the target (batch_size, a, b, c, d, preci"
group1,4,2,2048,1024,256,2,32,0.084468,0.102090,,"ERROR: Could not find hyperparameters for the kernel instance corresponding to the target (batch_size, a, b, c, d, preci"
group1,4,2,2048,1024,256,2,64,0.084121,0.101495,,"ERROR: Could not find hyperparameters for the kernel instance corresponding to the target (batch_size, a, b, c, d, preci"
group1,4,2,2048,1024,256,2,128,0.084485,0.101520,,"ERROR: Could not find hyperparameters for the kernel instance corresponding to the target (batch_size, a, b, c, d, preci"
group1,4,2,2048,1024,256,2,256,0.085420,0.102130,,"ERROR: Could not find hyperparameters for the kernel instance corresponding to the target (batch_size, a, b, c, d, preci"
group1,4,2,2048,1024,256,2,512,0.085422,0.102466,,"ERROR: Could not find hyperparameters for the kernel instance corresponding to the target (batch_size, a, b, c, d, preci"
group1,4,2,2048,1024,256,2,1024,0.085580,0.102391,,"ERROR: Could not find hyperparameters for the kernel instance corresponding to the target (batch_size, a, b, c, d, preci"
group1,4,2,2048,1024,256,2,2048,0.107290,0.107791,,"ERROR: Could not find hyperparameters for the kernel instance corresponding to the target (batch_size, a, b, c, d, preci"
group1,4,2,2048,1024,256,2,4096,0.204693,0.213349,,"ERROR: Could not find hyperparameters for the kernel instance corresponding to the target (batch_size, a, b, c, d, preci"
group1,4,2,2048,1024,512,1,2,0.084431,0.063920,,"ERROR: Could not find hyperparameters for the kernel instance corresponding to the target (batch_size, a, b, c, d, preci"
group1,4,2,2048,1024,512,1,4,0.084174,0.064325,,"ERROR: Could not find hyperparameters for the kernel instance corresponding to the target (batch_size, a, b, c, d, preci"
group1,4,2,2048,1024,512,1,8,0.084409,0.064184,,"ERROR: Could not find hyperparameters for the kernel instance corresponding to the target (batch_size, a, b, c, d, preci"
group1,4,2,2048,1024,512,1,16,0.084278,0.064062,,"ERROR: Could not find hyperparameters for the kernel instance corresponding to the target (batch_size, a, b, c, d, preci"
group1,4,2,2048,1024,512,1,32,0.083909,0.064124,,"ERROR: Could not find hyperparameters for the kernel instance corresponding to the target (batch_size, a, b, c, d, preci"
group1,4,2,2048,1024,512,1,64,0.084371,0.064251,,"ERROR: Could not find hyperparameters for the kernel instance corresponding to the target (batch_size, a, b, c, d, preci"
group1,4,2,2048,1024,512,1,128,0.084503,0.064036,,"ERROR: Could not find hyperparameters for the kernel instance corresponding to the target (batch_size, a, b, c, d, preci"
group1,4,2,2048,1024,512,1,256,0.085374,0.064118,,"ERROR: Could not find hyperparameters for the kernel instance corresponding to the target (batch_size, a, b, c, d, preci"
group1,4,2,2048,1024,512,1,512,0.085344,0.063943,,"ERROR: Could not find hyperparameters for the kernel instance corresponding to the target (batch_size, a, b, c, d, preci"
group1,4,2,2048,1024,512,1,1024,0.085458,0.063754,,"ERROR: Could not find hyperparameters for the kernel instance corresponding to the target (batch_size, a, b, c, d, preci"
group1,4,2,2048,1024,512,1,2048,0.106431,0.078308,,"ERROR: Could not find hyperparameters for the kernel instance corresponding to the target (batch_size, a, b, c, d, preci"
group1,4,2,2048,1024,512,1,4096,0.203080,0.152397,,"ERROR: Could not find hyperparameters for the kernel instance corresponding to the target (batch_size, a, b, c, d, preci"
group1,4,2,4096,2048,1,1024,2,0.083832,0.105064,,"ERROR: Could not find hyperparameters for the kernel instance corresponding to the target (batch_size, a, b, c, d, preci"
group1,4,2,4096,2048,1,1024,4,0.084180,0.105368,,"ERROR: Could not find hyperparameters for the kernel instance corresponding to the target (batch_size, a, b, c, d, preci"
group1,4,2,4096,2048,1,1024,8,0.084624,0.105590,,"ERROR: Could not find hyperparameters for the kernel instance corresponding to the target (batch_size, a, b, c, d, preci"
group1,4,2,4096,2048,1,1024,16,0.084657,0.105119,,"ERROR: Could not find hyperparameters for the kernel instance corresponding to the target (batch_size, a, b, c, d, preci"
group1,4,2,4096,2048,1,1024,32,0.083812,0.105078,,"ERROR: Could not find hyperparameters for the kernel instance corresponding to the target (batch_size, a, b, c, d, preci"
group1,4,2,4096,2048,1,1024,64,0.084727,0.105160,,"ERROR: Could not find hyperparameters for the kernel instance corresponding to the target (batch_size, a, b, c, d, preci"
group1,4,2,4096,2048,1,1024,128,0.084686,0.105611,,"ERROR: Could not find hyperparameters for the kernel instance corresponding to the target (batch_size, a, b, c, d, preci"
group1,4,2,4096,2048,1,1024,256,0.084932,0.105775,,"ERROR: Could not find hyperparameters for the kernel instance corresponding to the target (batch_size, a, b, c, d, preci"
group1,4,2,4096,2048,1,1024,512,0.085738,0.105741,,"ERROR: Could not find hyperparameters for the kernel instance corresponding to the target (batch_size, a, b, c, d, preci"
group1,4,2,4096,2048,1,1024,1024,0.107010,0.108801,,"ERROR: Could not find hyperparameters for the kernel instance corresponding to the target (batch_size, a, b, c, d, preci"
group1,4,2,4096,2048,1,1024,2048,0.205030,0.213613,,"ERROR: Could not find hyperparameters for the kernel instance corresponding to the target (batch_size, a, b, c, d, preci"
group1,4,2,4096,2048,1,1024,4096,0.403922,0.420866,,"ERROR: Could not find hyperparameters for the kernel instance corresponding to the target (batch_size, a, b, c, d, preci"
group1,4,2,4096,2048,2,512,2,0.084382,0.101221,,"ERROR: Could not find hyperparameters for the kernel instance corresponding to the target (batch_size, a, b, c, d, preci"
group1,4,2,4096,2048,2,512,4,0.084393,0.101866,,"ERROR: Could not find hyperparameters for the kernel instance corresponding to the target (batch_size, a, b, c, d, preci"
group1,4,2,4096,2048,2,512,8,0.083793,0.101758,,"ERROR: Could not find hyperparameters for the kernel instance corresponding to the target (batch_size, a, b, c, d, preci"
group1,4,2,4096,2048,2,512,16,0.084736,0.101880,,"ERROR: Could not find hyperparameters for the kernel instance corresponding to the target (batch_size, a, b, c, d, preci"
group1,4,2,4096,2048,2,512,32,0.084024,0.102292,,"ERROR: Could not find hyperparameters for the kernel instance corresponding to the target (batch_size, a, b, c, d, preci"
group1,4,2,4096,2048,2,512,64,0.083973,0.102328,,"ERROR: Could not find hyperparameters for the kernel instance corresponding to the target (batch_size, a, b, c, d, preci"
group1,4,2,4096,2048,2,512,128,0.084150,0.101377,,"ERROR: Could not find hyperparameters for the kernel instance corresponding to the target (batch_size, a, b, c, d, preci"
group1,4,2,4096,2048,2,512,256,0.085318,0.102430,,"ERROR: Could not find hyperparameters for the kernel instance corresponding to the target (batch_size, a, b, c, d, preci"
group1,4,2,4096,2048,2,512,512,0.085734,0.102268,,"ERROR: Could not find hyperparameters for the kernel instance corresponding to the target (batch_size, a, b, c, d, preci"
group1,4,2,4096,2048,2,512,1024,0.106979,0.108632,,"ERROR: Could not find hyperparameters for the kernel instance corresponding to the target (batch_size, a, b, c, d, preci"
group1,4,2,4096,2048,2,512,2048,0.205180,0.213462,,"ERROR: Could not find hyperparameters for the kernel instance corresponding to the target (batch_size, a, b, c, d, preci"
group1,4,2,4096,2048,2,512,4096,0.403445,0.420454,,"ERROR: Could not find hyperparameters for the kernel instance corresponding to the target (batch_size, a, b, c, d, preci"
group1,4,2,4096,2048,4,256,2,0.083716,0.101639,,"ERROR: Could not find hyperparameters for the kernel instance corresponding to the target (batch_size, a, b, c, d, preci"
group1,4,2,4096,2048,4,256,4,0.084132,0.101377,,"ERROR: Could not find hyperparameters for the kernel instance corresponding to the target (batch_size, a, b, c, d, preci"
group1,4,2,4096,2048,4,256,8,0.083779,0.101508,,"ERROR: Could not find hyperparameters for the kernel instance corresponding to the target (batch_size, a, b, c, d, preci"
group1,4,2,4096,2048,4,256,16,0.084310,0.101848,,"ERROR: Could not find hyperparameters for the kernel instance corresponding to the target (batch_size, a, b, c, d, preci"
group1,4,2,4096,2048,4,256,32,0.084066,0.101659,,"ERROR: Could not find hyperparameters for the kernel instance corresponding to the target (batch_size, a, b, c, d, preci"
group1,4,2,4096,2048,4,256,64,0.084536,0.101323,,"ERROR: Could not find hyperparameters for the kernel instance corresponding to the target (batch_size, a, b, c, d, preci"
group1,4,2,4096,2048,4,256,128,0.083694,0.101634,,"ERROR: Could not find hyperparameters for the kernel instance corresponding to the target (batch_size, a, b, c, d, preci"
group1,4,2,4096,2048,4,256,256,0.084126,0.102344,,"ERROR: Could not find hyperparameters for the kernel instance corresponding to the target (batch_size, a, b, c, d, preci"
group1,4,2,4096,2048,4,256,512,0.085789,0.102143,,"ERROR: Could not find hyperparameters for the kernel instance corresponding to the target (batch_size, a, b, c, d, preci"
group1,4,2,4096,2048,4,256,1024,0.106705,0.107386,,"ERROR: Could not find hyperparameters for the kernel instance corresponding to the target (batch_size, a, b, c, d, preci"
group1,4,2,4096,2048,4,256,2048,0.205298,0.208180,,"ERROR: Could not find hyperparameters for the kernel instance corresponding to the target (batch_size, a, b, c, d, preci"
group1,4,2,4096,2048,4,256,4096,0.403932,0.407473,,"ERROR: Could not find hyperparameters for the kernel instance corresponding to the target (batch_size, a, b, c, d, preci"
group1,4,2,4096,2048,8,128,2,0.083984,0.101335,,"ERROR: Could not find hyperparameters for the kernel instance corresponding to the target (batch_size, a, b, c, d, preci"
group1,4,2,4096,2048,8,128,4,0.083919,0.101726,,"ERROR: Could not find hyperparameters for the kernel instance corresponding to the target (batch_size, a, b, c, d, preci"
group1,4,2,4096,2048,8,128,8,0.084790,0.101392,,"ERROR: Could not find hyperparameters for the kernel instance corresponding to the target (batch_size, a, b, c, d, preci"
group1,4,2,4096,2048,8,128,16,0.084515,0.101560,,"ERROR: Could not find hyperparameters for the kernel instance corresponding to the target (batch_size, a, b, c, d, preci"
group1,4,2,4096,2048,8,128,32,0.084619,0.101166,,"ERROR: Could not find hyperparameters for the kernel instance corresponding to the target (batch_size, a, b, c, d, preci"
group1,4,2,4096,2048,8,128,64,0.084040,0.101937,,"ERROR: Could not find hyperparameters for the kernel instance corresponding to the target (batch_size, a, b, c, d, preci"
group1,4,2,4096,2048,8,128,128,0.084247,0.101486,,"ERROR: Could not find hyperparameters for the kernel instance corresponding to the target (batch_size, a, b, c, d, preci"
group1,4,2,4096,2048,8,128,256,0.084211,0.102209,,"ERROR: Could not find hyperparameters for the kernel instance corresponding to the target (batch_size, a, b, c, d, preci"
group1,4,2,4096,2048,8,128,512,0.085663,0.102330,,"ERROR: Could not find hyperparameters for the kernel instance corresponding to the target (batch_size, a, b, c, d, preci"
group1,4,2,4096,2048,8,128,1024,0.107017,0.106653,,"ERROR: Could not find hyperparameters for the kernel instance corresponding to the target (batch_size, a, b, c, d, preci"
group1,4,2,4096,2048,8,128,2048,0.205242,0.206414,,"ERROR: Could not find hyperparameters for the kernel instance corresponding to the target (batch_size, a, b, c, d, preci"
group1,4,2,4096,2048,8,128,4096,0.403861,0.402504,,"ERROR: Could not find hyperparameters for the kernel instance corresponding to the target (batch_size, a, b, c, d, preci"
group1,4,2,4096,2048,16,64,2,0.084514,0.100686,,"ERROR: Could not find hyperparameters for the kernel instance corresponding to the target (batch_size, a, b, c, d, preci"
group1,4,2,4096,2048,16,64,4,0.084970,0.101494,,"ERROR: Could not find hyperparameters for the kernel instance corresponding to the target (batch_size, a, b, c, d, preci"
group1,4,2,4096,2048,16,64,8,0.083848,0.101754,,"ERROR: Could not find hyperparameters for the kernel instance corresponding to the target (batch_size, a, b, c, d, preci"
group1,4,2,4096,2048,16,64,16,0.084166,0.101686,,"ERROR: Could not find hyperparameters for the kernel instance corresponding to the target (batch_size, a, b, c, d, preci"
group1,4,2,4096,2048,16,64,32,0.083803,0.102305,,"ERROR: Could not find hyperparameters for the kernel instance corresponding to the target (batch_size, a, b, c, d, preci"
group1,4,2,4096,2048,16,64,64,0.084155,0.101864,,"ERROR: Could not find hyperparameters for the kernel instance corresponding to the target (batch_size, a, b, c, d, preci"
group1,4,2,4096,2048,16,64,128,0.084460,0.101113,,"ERROR: Could not find hyperparameters for the kernel instance corresponding to the target (batch_size, a, b, c, d, preci"
group1,4,2,4096,2048,16,64,256,0.085571,0.102156,,"ERROR: Could not find hyperparameters for the kernel instance corresponding to the target (batch_size, a, b, c, d, preci"
group1,4,2,4096,2048,16,64,512,0.085880,0.102349,,"ERROR: Could not find hyperparameters for the kernel instance corresponding to the target (batch_size, a, b, c, d, preci"
group1,4,2,4096,2048,16,64,1024,0.107017,0.106938,,"ERROR: Could not find hyperparameters for the kernel instance corresponding to the target (batch_size, a, b, c, d, preci"
group1,4,2,4096,2048,16,64,2048,0.205116,0.207140,,"ERROR: Could not find hyperparameters for the kernel instance corresponding to the target (batch_size, a, b, c, d, preci"
group1,4,2,4096,2048,16,64,4096,0.403897,0.404567,,"ERROR: Could not find hyperparameters for the kernel instance corresponding to the target (batch_size, a, b, c, d, preci"
group1,4,2,4096,2048,32,32,2,0.084263,0.101137,,"ERROR: Could not find hyperparameters for the kernel instance corresponding to the target (batch_size, a, b, c, d, preci"
group1,4,2,4096,2048,32,32,4,0.084668,0.101374,,"ERROR: Could not find hyperparameters for the kernel instance corresponding to the target (batch_size, a, b, c, d, preci"
group1,4,2,4096,2048,32,32,8,0.084298,0.101448,,"ERROR: Could not find hyperparameters for the kernel instance corresponding to the target (batch_size, a, b, c, d, preci"
group1,4,2,4096,2048,32,32,16,0.084513,0.101840,,"ERROR: Could not find hyperparameters for the kernel instance corresponding to the target (batch_size, a, b, c, d, preci"
group1,4,2,4096,2048,32,32,32,0.084456,0.101413,,"ERROR: Could not find hyperparameters for the kernel instance corresponding to the target (batch_size, a, b, c, d, preci"
group1,4,2,4096,2048,32,32,64,0.084684,0.101342,,"ERROR: Could not find hyperparameters for the kernel instance corresponding to the target (batch_size, a, b, c, d, preci"
group1,4,2,4096,2048,32,32,128,0.083923,0.101665,,"ERROR: Could not find hyperparameters for the kernel instance corresponding to the target (batch_size, a, b, c, d, preci"
group1,4,2,4096,2048,32,32,256,0.084937,0.102202,,"ERROR: Could not find hyperparameters for the kernel instance corresponding to the target (batch_size, a, b, c, d, preci"
group1,4,2,4096,2048,32,32,512,0.086003,0.102660,,"ERROR: Could not find hyperparameters for the kernel instance corresponding to the target (batch_size, a, b, c, d, preci"
group1,4,2,4096,2048,32,32,1024,0.107015,0.107755,,"ERROR: Could not find hyperparameters for the kernel instance corresponding to the target (batch_size, a, b, c, d, preci"
group1,4,2,4096,2048,32,32,2048,0.205203,0.212108,,"ERROR: Could not find hyperparameters for the kernel instance corresponding to the target (batch_size, a, b, c, d, preci"
group1,4,2,4096,2048,32,32,4096,0.403841,0.419085,,"ERROR: Could not find hyperparameters for the kernel instance corresponding to the target (batch_size, a, b, c, d, preci"
group1,4,2,4096,2048,64,16,2,0.084202,0.101262,,"ERROR: Could not find hyperparameters for the kernel instance corresponding to the target (batch_size, a, b, c, d, preci"
group1,4,2,4096,2048,64,16,4,0.084562,0.101486,,"ERROR: Could not find hyperparameters for the kernel instance corresponding to the target (batch_size, a, b, c, d, preci"
group1,4,2,4096,2048,64,16,8,0.084754,0.101118,,"ERROR: Could not find hyperparameters for the kernel instance corresponding to the target (batch_size, a, b, c, d, preci"
group1,4,2,4096,2048,64,16,16,0.084886,0.101805,,"ERROR: Could not find hyperparameters for the kernel instance corresponding to the target (batch_size, a, b, c, d, preci"
group1,4,2,4096,2048,64,16,32,0.084310,0.101521,,"ERROR: Could not find hyperparameters for the kernel instance corresponding to the target (batch_size, a, b, c, d, preci"
group1,4,2,4096,2048,64,16,64,0.084669,0.101909,,"ERROR: Could not find hyperparameters for the kernel instance corresponding to the target (batch_size, a, b, c, d, preci"
group1,4,2,4096,2048,64,16,128,0.084623,0.101459,,"ERROR: Could not find hyperparameters for the kernel instance corresponding to the target (batch_size, a, b, c, d, preci"
group1,4,2,4096,2048,64,16,256,0.084615,0.101788,,"ERROR: Could not find hyperparameters for the kernel instance corresponding to the target (batch_size, a, b, c, d, preci"
group1,4,2,4096,2048,64,16,512,0.085900,0.101964,,"ERROR: Could not find hyperparameters for the kernel instance corresponding to the target (batch_size, a, b, c, d, preci"
group1,4,2,4096,2048,64,16,1024,0.106696,0.107879,,"ERROR: Could not find hyperparameters for the kernel instance corresponding to the target (batch_size, a, b, c, d, preci"
group1,4,2,4096,2048,64,16,2048,0.205026,0.212908,,"ERROR: Could not find hyperparameters for the kernel instance corresponding to the target (batch_size, a, b, c, d, preci"
group1,4,2,4096,2048,64,16,4096,0.403862,0.420453,,"ERROR: Could not find hyperparameters for the kernel instance corresponding to the target (batch_size, a, b, c, d, preci"
group1,4,2,4096,2048,128,8,2,0.084365,0.101351,,"ERROR: Could not find hyperparameters for the kernel instance corresponding to the target (batch_size, a, b, c, d, preci"
group1,4,2,4096,2048,128,8,4,0.084886,0.101624,,"ERROR: Could not find hyperparameters for the kernel instance corresponding to the target (batch_size, a, b, c, d, preci"
group1,4,2,4096,2048,128,8,8,0.084093,0.101611,,"ERROR: Could not find hyperparameters for the kernel instance corresponding to the target (batch_size, a, b, c, d, preci"
group1,4,2,4096,2048,128,8,16,0.085442,0.101170,,"ERROR: Could not find hyperparameters for the kernel instance corresponding to the target (batch_size, a, b, c, d, preci"
group1,4,2,4096,2048,128,8,32,0.084132,0.102039,,"ERROR: Could not find hyperparameters for the kernel instance corresponding to the target (batch_size, a, b, c, d, preci"
group1,4,2,4096,2048,128,8,64,0.084538,0.102515,,"ERROR: Could not find hyperparameters for the kernel instance corresponding to the target (batch_size, a, b, c, d, preci"
group1,4,2,4096,2048,128,8,128,0.084432,0.101369,,"ERROR: Could not find hyperparameters for the kernel instance corresponding to the target (batch_size, a, b, c, d, preci"
group1,4,2,4096,2048,128,8,256,0.085173,0.102215,,"ERROR: Could not find hyperparameters for the kernel instance corresponding to the target (batch_size, a, b, c, d, preci"
group1,4,2,4096,2048,128,8,512,0.086342,0.102732,,"ERROR: Could not find hyperparameters for the kernel instance corresponding to the target (batch_size, a, b, c, d, preci"
group1,4,2,4096,2048,128,8,1024,0.106907,0.108091,,"ERROR: Could not find hyperparameters for the kernel instance corresponding to the target (batch_size, a, b, c, d, preci"
group1,4,2,4096,2048,128,8,2048,0.205250,0.213335,,"ERROR: Could not find hyperparameters for the kernel instance corresponding to the target (batch_size, a, b, c, d, preci"
group1,4,2,4096,2048,128,8,4096,0.403882,0.421943,,"ERROR: Could not find hyperparameters for the kernel instance corresponding to the target (batch_size, a, b, c, d, preci"
group1,4,2,4096,2048,256,4,2,0.084320,0.101565,,"ERROR: Could not find hyperparameters for the kernel instance corresponding to the target (batch_size, a, b, c, d, preci"
group1,4,2,4096,2048,256,4,4,0.084078,0.102017,,"ERROR: Could not find hyperparameters for the kernel instance corresponding to the target (batch_size, a, b, c, d, preci"
group1,4,2,4096,2048,256,4,8,0.084276,0.101593,,"ERROR: Could not find hyperparameters for the kernel instance corresponding to the target (batch_size, a, b, c, d, preci"
group1,4,2,4096,2048,256,4,16,0.084919,0.102058,,"ERROR: Could not find hyperparameters for the kernel instance corresponding to the target (batch_size, a, b, c, d, preci"
group1,4,2,4096,2048,256,4,32,0.084351,0.101953,,"ERROR: Could not find hyperparameters for the kernel instance corresponding to the target (batch_size, a, b, c, d, preci"
group1,4,2,4096,2048,256,4,64,0.084497,0.101758,,"ERROR: Could not find hyperparameters for the kernel instance corresponding to the target (batch_size, a, b, c, d, preci"
group1,4,2,4096,2048,256,4,128,0.084007,0.101626,,"ERROR: Could not find hyperparameters for the kernel instance corresponding to the target (batch_size, a, b, c, d, preci"
group1,4,2,4096,2048,256,4,256,0.084521,0.102382,,"ERROR: Could not find hyperparameters for the kernel instance corresponding to the target (batch_size, a, b, c, d, preci"
group1,4,2,4096,2048,256,4,512,0.085802,0.102475,,"ERROR: Could not find hyperparameters for the kernel instance corresponding to the target (batch_size, a, b, c, d, preci"
group1,4,2,4096,2048,256,4,1024,0.106851,0.108013,,"ERROR: Could not find hyperparameters for the kernel instance corresponding to the target (batch_size, a, b, c, d, preci"
group1,4,2,4096,2048,256,4,2048,0.205000,0.213415,,"ERROR: Could not find hyperparameters for the kernel instance corresponding to the target (batch_size, a, b, c, d, preci"
group1,4,2,4096,2048,256,4,4096,0.403922,0.421776,,"ERROR: Could not find hyperparameters for the kernel instance corresponding to the target (batch_size, a, b, c, d, preci"
group1,4,2,4096,2048,512,2,2,0.084165,0.101438,,"ERROR: Could not find hyperparameters for the kernel instance corresponding to the target (batch_size, a, b, c, d, preci"
group1,4,2,4096,2048,512,2,4,0.084202,0.102118,,"ERROR: Could not find hyperparameters for the kernel instance corresponding to the target (batch_size, a, b, c, d, preci"
group1,4,2,4096,2048,512,2,8,0.084452,0.101306,,"ERROR: Could not find hyperparameters for the kernel instance corresponding to the target (batch_size, a, b, c, d, preci"
group1,4,2,4096,2048,512,2,16,0.085455,0.102208,,"ERROR: Could not find hyperparameters for the kernel instance corresponding to the target (batch_size, a, b, c, d, preci"
group1,4,2,4096,2048,512,2,32,0.084728,0.101946,,"ERROR: Could not find hyperparameters for the kernel instance corresponding to the target (batch_size, a, b, c, d, preci"
group1,4,2,4096,2048,512,2,64,0.084445,0.102216,,"ERROR: Could not find hyperparameters for the kernel instance corresponding to the target (batch_size, a, b, c, d, preci"
group1,4,2,4096,2048,512,2,128,0.084687,0.101860,,"ERROR: Could not find hyperparameters for the kernel instance corresponding to the target (batch_size, a, b, c, d, preci"
group1,4,2,4096,2048,512,2,256,0.084872,0.102334,,"ERROR: Could not find hyperparameters for the kernel instance corresponding to the target (batch_size, a, b, c, d, preci"
group1,4,2,4096,2048,512,2,512,0.085928,0.102795,,"ERROR: Could not find hyperparameters for the kernel instance corresponding to the target (batch_size, a, b, c, d, preci"
group1,4,2,4096,2048,512,2,1024,0.106988,0.107925,,"ERROR: Could not find hyperparameters for the kernel instance corresponding to the target (batch_size, a, b, c, d, preci"
group1,4,2,4096,2048,512,2,2048,0.205293,0.213484,,"ERROR: Could not find hyperparameters for the kernel instance corresponding to the target (batch_size, a, b, c, d, preci"
group1,4,2,4096,2048,512,2,4096,0.403816,0.421868,,"ERROR: Could not find hyperparameters for the kernel instance corresponding to the target (batch_size, a, b, c, d, preci"
group1,4,2,4096,2048,1024,1,2,0.084166,0.064001,,"ERROR: Could not find hyperparameters for the kernel instance corresponding to the target (batch_size, a, b, c, d, preci"
group1,4,2,4096,2048,1024,1,4,0.084670,0.064006,,"ERROR: Could not find hyperparameters for the kernel instance corresponding to the target (batch_size, a, b, c, d, preci"
group1,4,2,4096,2048,1024,1,8,0.084743,0.064049,,"ERROR: Could not find hyperparameters for the kernel instance corresponding to the target (batch_size, a, b, c, d, preci"
group1,4,2,4096,2048,1024,1,16,0.084550,0.064091,,"ERROR: Could not find hyperparameters for the kernel instance corresponding to the target (batch_size, a, b, c, d, preci"
group1,4,2,4096,2048,1024,1,32,0.084052,0.064023,,"ERROR: Could not find hyperparameters for the kernel instance corresponding to the target (batch_size, a, b, c, d, preci"
group1,4,2,4096,2048,1024,1,64,0.083968,0.064202,,"ERROR: Could not find hyperparameters for the kernel instance corresponding to the target (batch_size, a, b, c, d, preci"
group1,4,2,4096,2048,1024,1,128,0.084145,0.064537,,"ERROR: Could not find hyperparameters for the kernel instance corresponding to the target (batch_size, a, b, c, d, preci"
group1,4,2,4096,2048,1024,1,256,0.085028,0.064147,,"ERROR: Could not find hyperparameters for the kernel instance corresponding to the target (batch_size, a, b, c, d, preci"
group1,4,2,4096,2048,1024,1,512,0.085809,0.063931,,"ERROR: Could not find hyperparameters for the kernel instance corresponding to the target (batch_size, a, b, c, d, preci"
group1,4,2,4096,2048,1024,1,1024,0.106128,0.078306,,"ERROR: Could not find hyperparameters for the kernel instance corresponding to the target (batch_size, a, b, c, d, preci"
group1,4,2,4096,2048,1024,1,2048,0.203624,0.152414,,"ERROR: Could not find hyperparameters for the kernel instance corresponding to the target (batch_size, a, b, c, d, preci"
group1,4,2,4096,2048,1024,1,4096,0.400477,0.303489,,"ERROR: Could not find hyperparameters for the kernel instance corresponding to the target (batch_size, a, b, c, d, preci"
group1,4,4,512,512,1,128,2,0.083490,0.104533,,"ERROR: Could not find hyperparameters for the kernel instance corresponding to the target (batch_size, a, b, c, d, preci"
group1,4,4,512,512,1,128,4,0.083467,0.104629,,"ERROR: Could not find hyperparameters for the kernel instance corresponding to the target (batch_size, a, b, c, d, preci"
group1,4,4,512,512,1,128,8,0.083381,0.105126,,"ERROR: Could not find hyperparameters for the kernel instance corresponding to the target (batch_size, a, b, c, d, preci"
group1,4,4,512,512,1,128,16,0.083883,0.104488,,"ERROR: Could not find hyperparameters for the kernel instance corresponding to the target (batch_size, a, b, c, d, preci"
group1,4,4,512,512,1,128,32,0.083801,0.105018,,"ERROR: Could not find hyperparameters for the kernel instance corresponding to the target (batch_size, a, b, c, d, preci"
group1,4,4,512,512,1,128,64,0.084170,0.105039,,"ERROR: Could not find hyperparameters for the kernel instance corresponding to the target (batch_size, a, b, c, d, preci"
group1,4,4,512,512,1,128,128,0.083885,0.105202,,"ERROR: Could not find hyperparameters for the kernel instance corresponding to the target (batch_size, a, b, c, d, preci"
group1,4,4,512,512,1,128,256,0.084345,0.104562,,"ERROR: Could not find hyperparameters for the kernel instance corresponding to the target (batch_size, a, b, c, d, preci"
group1,4,4,512,512,1,128,512,0.084304,0.104788,,"ERROR: Could not find hyperparameters for the kernel instance corresponding to the target (batch_size, a, b, c, d, preci"
group1,4,4,512,512,1,128,1024,0.083956,0.104346,,"ERROR: Could not find hyperparameters for the kernel instance corresponding to the target (batch_size, a, b, c, d, preci"
group1,4,4,512,512,1,128,2048,0.085227,0.105231,,"ERROR: Could not find hyperparameters for the kernel instance corresponding to the target (batch_size, a, b, c, d, preci"
group1,4,4,512,512,1,128,4096,0.085545,0.105808,,"ERROR: Could not find hyperparameters for the kernel instance corresponding to the target (batch_size, a, b, c, d, preci"
group1,4,4,512,512,2,64,2,0.083292,0.100883,,"ERROR: Could not find hyperparameters for the kernel instance corresponding to the target (batch_size, a, b, c, d, preci"
group1,4,4,512,512,2,64,4,0.083618,0.100869,,"ERROR: Could not find hyperparameters for the kernel instance corresponding to the target (batch_size, a, b, c, d, preci"
group1,4,4,512,512,2,64,8,0.083838,0.101428,,"ERROR: Could not find hyperparameters for the kernel instance corresponding to the target (batch_size, a, b, c, d, preci"
group1,4,4,512,512,2,64,16,0.083381,0.101220,,"ERROR: Could not find hyperparameters for the kernel instance corresponding to the target (batch_size, a, b, c, d, preci"
group1,4,4,512,512,2,64,32,0.083809,0.100851,,"ERROR: Could not find hyperparameters for the kernel instance corresponding to the target (batch_size, a, b, c, d, preci"
group1,4,4,512,512,2,64,64,0.083962,0.101347,,"ERROR: Could not find hyperparameters for the kernel instance corresponding to the target (batch_size, a, b, c, d, preci"
group1,4,4,512,512,2,64,128,0.083852,0.100875,,"ERROR: Could not find hyperparameters for the kernel instance corresponding to the target (batch_size, a, b, c, d, preci"
group1,4,4,512,512,2,64,256,0.084121,0.101083,,"ERROR: Could not find hyperparameters for the kernel instance corresponding to the target (batch_size, a, b, c, d, preci"
group1,4,4,512,512,2,64,512,0.084196,0.100854,,"ERROR: Could not find hyperparameters for the kernel instance corresponding to the target (batch_size, a, b, c, d, preci"
group1,4,4,512,512,2,64,1024,0.084852,0.101406,,"ERROR: Could not find hyperparameters for the kernel instance corresponding to the target (batch_size, a, b, c, d, preci"
group1,4,4,512,512,2,64,2048,0.085209,0.101819,,"ERROR: Could not find hyperparameters for the kernel instance corresponding to the target (batch_size, a, b, c, d, preci"
group1,4,4,512,512,2,64,4096,0.085978,0.102257,,"ERROR: Could not find hyperparameters for the kernel instance corresponding to the target (batch_size, a, b, c, d, preci"
group1,4,4,512,512,4,32,2,0.083463,0.100993,,"ERROR: Could not find hyperparameters for the kernel instance corresponding to the target (batch_size, a, b, c, d, preci"
group1,4,4,512,512,4,32,4,0.083761,0.101024,,"ERROR: Could not find hyperparameters for the kernel instance corresponding to the target (batch_size, a, b, c, d, preci"
group1,4,4,512,512,4,32,8,0.083853,0.101202,,"ERROR: Could not find hyperparameters for the kernel instance corresponding to the target (batch_size, a, b, c, d, preci"
group1,4,4,512,512,4,32,16,0.084100,0.101569,,"ERROR: Could not find hyperparameters for the kernel instance corresponding to the target (batch_size, a, b, c, d, preci"
group1,4,4,512,512,4,32,32,0.084056,0.101395,,"ERROR: Could not find hyperparameters for the kernel instance corresponding to the target (batch_size, a, b, c, d, preci"
group1,4,4,512,512,4,32,64,0.084298,0.101073,,"ERROR: Could not find hyperparameters for the kernel instance corresponding to the target (batch_size, a, b, c, d, preci"
group1,4,4,512,512,4,32,128,0.084498,0.101256,,"ERROR: Could not find hyperparameters for the kernel instance corresponding to the target (batch_size, a, b, c, d, preci"
group1,4,4,512,512,4,32,256,0.084054,0.101520,,"ERROR: Could not find hyperparameters for the kernel instance corresponding to the target (batch_size, a, b, c, d, preci"
group1,4,4,512,512,4,32,512,0.085163,0.101439,,"ERROR: Could not find hyperparameters for the kernel instance corresponding to the target (batch_size, a, b, c, d, preci"
group1,4,4,512,512,4,32,1024,0.084576,0.101310,,"ERROR: Could not find hyperparameters for the kernel instance corresponding to the target (batch_size, a, b, c, d, preci"
group1,4,4,512,512,4,32,2048,0.085088,0.101785,,"ERROR: Could not find hyperparameters for the kernel instance corresponding to the target (batch_size, a, b, c, d, preci"
group1,4,4,512,512,4,32,4096,0.085681,0.102080,,"ERROR: Could not find hyperparameters for the kernel instance corresponding to the target (batch_size, a, b, c, d, preci"
group1,4,4,512,512,8,16,2,0.083621,0.100770,,"ERROR: Could not find hyperparameters for the kernel instance corresponding to the target (batch_size, a, b, c, d, preci"
group1,4,4,512,512,8,16,4,0.083801,0.100995,,"ERROR: Could not find hyperparameters for the kernel instance corresponding to the target (batch_size, a, b, c, d, preci"
group1,4,4,512,512,8,16,8,0.083839,0.100946,,"ERROR: Could not find hyperparameters for the kernel instance corresponding to the target (batch_size, a, b, c, d, preci"
group1,4,4,512,512,8,16,16,0.084286,0.101469,,"ERROR: Could not find hyperparameters for the kernel instance corresponding to the target (batch_size, a, b, c, d, preci"
group1,4,4,512,512,8,16,32,0.083635,0.101172,,"ERROR: Could not find hyperparameters for the kernel instance corresponding to the target (batch_size, a, b, c, d, preci"
group1,4,4,512,512,8,16,64,0.083644,0.100914,,"ERROR: Could not find hyperparameters for the kernel instance corresponding to the target (batch_size, a, b, c, d, preci"
group1,4,4,512,512,8,16,128,0.084159,0.101498,,"ERROR: Could not find hyperparameters for the kernel instance corresponding to the target (batch_size, a, b, c, d, preci"
group1,4,4,512,512,8,16,256,0.083957,0.101521,,"ERROR: Could not find hyperparameters for the kernel instance corresponding to the target (batch_size, a, b, c, d, preci"
group1,4,4,512,512,8,16,512,0.084574,0.101222,,"ERROR: Could not find hyperparameters for the kernel instance corresponding to the target (batch_size, a, b, c, d, preci"
group1,4,4,512,512,8,16,1024,0.084232,0.101251,,"ERROR: Could not find hyperparameters for the kernel instance corresponding to the target (batch_size, a, b, c, d, preci"
group1,4,4,512,512,8,16,2048,0.085345,0.101352,,"ERROR: Could not find hyperparameters for the kernel instance corresponding to the target (batch_size, a, b, c, d, preci"
group1,4,4,512,512,8,16,4096,0.085297,0.102048,,"ERROR: Could not find hyperparameters for the kernel instance corresponding to the target (batch_size, a, b, c, d, preci"
group1,4,4,512,512,16,8,2,0.083594,0.100837,,"ERROR: Could not find hyperparameters for the kernel instance corresponding to the target (batch_size, a, b, c, d, preci"
group1,4,4,512,512,16,8,4,0.083504,0.100919,,"ERROR: Could not find hyperparameters for the kernel instance corresponding to the target (batch_size, a, b, c, d, preci"
group1,4,4,512,512,16,8,8,0.083969,0.101007,,"ERROR: Could not find hyperparameters for the kernel instance corresponding to the target (batch_size, a, b, c, d, preci"
group1,4,4,512,512,16,8,16,0.084015,0.101522,,"ERROR: Could not find hyperparameters for the kernel instance corresponding to the target (batch_size, a, b, c, d, preci"
group1,4,4,512,512,16,8,32,0.084151,0.101358,,"ERROR: Could not find hyperparameters for the kernel instance corresponding to the target (batch_size, a, b, c, d, preci"
group1,4,4,512,512,16,8,64,0.083863,0.101126,,"ERROR: Could not find hyperparameters for the kernel instance corresponding to the target (batch_size, a, b, c, d, preci"
group1,4,4,512,512,16,8,128,0.084267,0.100978,,"ERROR: Could not find hyperparameters for the kernel instance corresponding to the target (batch_size, a, b, c, d, preci"
group1,4,4,512,512,16,8,256,0.084413,0.101665,,"ERROR: Could not find hyperparameters for the kernel instance corresponding to the target (batch_size, a, b, c, d, preci"
group1,4,4,512,512,16,8,512,0.085010,0.101378,,"ERROR: Could not find hyperparameters for the kernel instance corresponding to the target (batch_size, a, b, c, d, preci"
group1,4,4,512,512,16,8,1024,0.084517,0.101447,,"ERROR: Could not find hyperparameters for the kernel instance corresponding to the target (batch_size, a, b, c, d, preci"
group1,4,4,512,512,16,8,2048,0.085348,0.101235,,"ERROR: Could not find hyperparameters for the kernel instance corresponding to the target (batch_size, a, b, c, d, preci"
group1,4,4,512,512,16,8,4096,0.086056,0.101935,,"ERROR: Could not find hyperparameters for the kernel instance corresponding to the target (batch_size, a, b, c, d, preci"
group1,4,4,512,512,32,4,2,0.083534,0.101012,,"ERROR: Could not find hyperparameters for the kernel instance corresponding to the target (batch_size, a, b, c, d, preci"
group1,4,4,512,512,32,4,4,0.083432,0.101011,,"ERROR: Could not find hyperparameters for the kernel instance corresponding to the target (batch_size, a, b, c, d, preci"
group1,4,4,512,512,32,4,8,0.084134,0.101091,,"ERROR: Could not find hyperparameters for the kernel instance corresponding to the target (batch_size, a, b, c, d, preci"
group1,4,4,512,512,32,4,16,0.083578,0.101425,,"ERROR: Could not find hyperparameters for the kernel instance corresponding to the target (batch_size, a, b, c, d, preci"
group1,4,4,512,512,32,4,32,0.083361,0.101357,,"ERROR: Could not find hyperparameters for the kernel instance corresponding to the target (batch_size, a, b, c, d, preci"
group1,4,4,512,512,32,4,64,0.083446,0.100989,,"ERROR: Could not find hyperparameters for the kernel instance corresponding to the target (batch_size, a, b, c, d, preci"
group1,4,4,512,512,32,4,128,0.084150,0.100963,,"ERROR: Could not find hyperparameters for the kernel instance corresponding to the target (batch_size, a, b, c, d, preci"
group1,4,4,512,512,32,4,256,0.083678,0.101127,,"ERROR: Could not find hyperparameters for the kernel instance corresponding to the target (batch_size, a, b, c, d, preci"
group1,4,4,512,512,32,4,512,0.084673,0.101082,,"ERROR: Could not find hyperparameters for the kernel instance corresponding to the target (batch_size, a, b, c, d, preci"
group1,4,4,512,512,32,4,1024,0.084320,0.101225,,"ERROR: Could not find hyperparameters for the kernel instance corresponding to the target (batch_size, a, b, c, d, preci"
group1,4,4,512,512,32,4,2048,0.085134,0.101491,,"ERROR: Could not find hyperparameters for the kernel instance corresponding to the target (batch_size, a, b, c, d, preci"
group1,4,4,512,512,32,4,4096,0.085183,0.101864,,"ERROR: Could not find hyperparameters for the kernel instance corresponding to the target (batch_size, a, b, c, d, preci"
group1,4,4,512,512,64,2,2,0.083553,0.100700,,"ERROR: Could not find hyperparameters for the kernel instance corresponding to the target (batch_size, a, b, c, d, preci"
group1,4,4,512,512,64,2,4,0.083546,0.101057,,"ERROR: Could not find hyperparameters for the kernel instance corresponding to the target (batch_size, a, b, c, d, preci"
group1,4,4,512,512,64,2,8,0.083686,0.101228,,"ERROR: Could not find hyperparameters for the kernel instance corresponding to the target (batch_size, a, b, c, d, preci"
group1,4,4,512,512,64,2,16,0.083631,0.101473,,"ERROR: Could not find hyperparameters for the kernel instance corresponding to the target (batch_size, a, b, c, d, preci"
group1,4,4,512,512,64,2,32,0.083921,0.101519,,"ERROR: Could not find hyperparameters for the kernel instance corresponding to the target (batch_size, a, b, c, d, preci"
group1,4,4,512,512,64,2,64,0.084032,0.101043,,"ERROR: Could not find hyperparameters for the kernel instance corresponding to the target (batch_size, a, b, c, d, preci"
group1,4,4,512,512,64,2,128,0.083975,0.101228,,"ERROR: Could not find hyperparameters for the kernel instance corresponding to the target (batch_size, a, b, c, d, preci"
group1,4,4,512,512,64,2,256,0.084431,0.101671,,"ERROR: Could not find hyperparameters for the kernel instance corresponding to the target (batch_size, a, b, c, d, preci"
group1,4,4,512,512,64,2,512,0.084990,0.101240,,"ERROR: Could not find hyperparameters for the kernel instance corresponding to the target (batch_size, a, b, c, d, preci"
group1,4,4,512,512,64,2,1024,0.084704,0.101409,,"ERROR: Could not find hyperparameters for the kernel instance corresponding to the target (batch_size, a, b, c, d, preci"
group1,4,4,512,512,64,2,2048,0.085385,0.101754,,"ERROR: Could not find hyperparameters for the kernel instance corresponding to the target (batch_size, a, b, c, d, preci"
group1,4,4,512,512,64,2,4096,0.085364,0.102182,,"ERROR: Could not find hyperparameters for the kernel instance corresponding to the target (batch_size, a, b, c, d, preci"
group1,4,4,512,512,128,1,2,0.083677,0.063930,,"ERROR: Could not find hyperparameters for the kernel instance corresponding to the target (batch_size, a, b, c, d, preci"
group1,4,4,512,512,128,1,4,0.084015,0.063828,,"ERROR: Could not find hyperparameters for the kernel instance corresponding to the target (batch_size, a, b, c, d, preci"
group1,4,4,512,512,128,1,8,0.083691,0.063942,,"ERROR: Could not find hyperparameters for the kernel instance corresponding to the target (batch_size, a, b, c, d, preci"
group1,4,4,512,512,128,1,16,0.084028,0.063677,,"ERROR: Could not find hyperparameters for the kernel instance corresponding to the target (batch_size, a, b, c, d, preci"
group1,4,4,512,512,128,1,32,0.083822,0.064151,,"ERROR: Could not find hyperparameters for the kernel instance corresponding to the target (batch_size, a, b, c, d, preci"
group1,4,4,512,512,128,1,64,0.083602,0.064171,,"ERROR: Could not find hyperparameters for the kernel instance corresponding to the target (batch_size, a, b, c, d, preci"
group1,4,4,512,512,128,1,128,0.084261,0.063924,,"ERROR: Could not find hyperparameters for the kernel instance corresponding to the target (batch_size, a, b, c, d, preci"
group1,4,4,512,512,128,1,256,0.084481,0.064167,,"ERROR: Could not find hyperparameters for the kernel instance corresponding to the target (batch_size, a, b, c, d, preci"
group1,4,4,512,512,128,1,512,0.084469,0.064618,,"ERROR: Could not find hyperparameters for the kernel instance corresponding to the target (batch_size, a, b, c, d, preci"
group1,4,4,512,512,128,1,1024,0.084551,0.063810,,"ERROR: Could not find hyperparameters for the kernel instance corresponding to the target (batch_size, a, b, c, d, preci"
group1,4,4,512,512,128,1,2048,0.085007,0.064049,,"ERROR: Could not find hyperparameters for the kernel instance corresponding to the target (batch_size, a, b, c, d, preci"
group1,4,4,512,512,128,1,4096,0.085885,0.064129,,"ERROR: Could not find hyperparameters for the kernel instance corresponding to the target (batch_size, a, b, c, d, preci"
group1,4,4,1024,1024,1,256,2,0.083522,0.104381,,"ERROR: Could not find hyperparameters for the kernel instance corresponding to the target (batch_size, a, b, c, d, preci"
group1,4,4,1024,1024,1,256,4,0.084204,0.104557,,"ERROR: Could not find hyperparameters for the kernel instance corresponding to the target (batch_size, a, b, c, d, preci"
group1,4,4,1024,1024,1,256,8,0.083761,0.104776,,"ERROR: Could not find hyperparameters for the kernel instance corresponding to the target (batch_size, a, b, c, d, preci"
group1,4,4,1024,1024,1,256,16,0.084433,0.105134,,"ERROR: Could not find hyperparameters for the kernel instance corresponding to the target (batch_size, a, b, c, d, preci"
group1,4,4,1024,1024,1,256,32,0.084272,0.104634,,"ERROR: Could not find hyperparameters for the kernel instance corresponding to the target (batch_size, a, b, c, d, preci"
group1,4,4,1024,1024,1,256,64,0.083930,0.105174,,"ERROR: Could not find hyperparameters for the kernel instance corresponding to the target (batch_size, a, b, c, d, preci"
group1,4,4,1024,1024,1,256,128,0.083995,0.105105,,"ERROR: Could not find hyperparameters for the kernel instance corresponding to the target (batch_size, a, b, c, d, preci"
group1,4,4,1024,1024,1,256,256,0.083917,0.104562,,"ERROR: Could not find hyperparameters for the kernel instance corresponding to the target (batch_size, a, b, c, d, preci"
group1,4,4,1024,1024,1,256,512,0.084619,0.105077,,"ERROR: Could not find hyperparameters for the kernel instance corresponding to the target (batch_size, a, b, c, d, preci"
group1,4,4,1024,1024,1,256,1024,0.085031,0.104970,,"ERROR: Could not find hyperparameters for the kernel instance corresponding to the target (batch_size, a, b, c, d, preci"
group1,4,4,1024,1024,1,256,2048,0.085802,0.105652,,"ERROR: Could not find hyperparameters for the kernel instance corresponding to the target (batch_size, a, b, c, d, preci"
group1,4,4,1024,1024,1,256,4096,0.128568,0.122780,,"ERROR: Could not find hyperparameters for the kernel instance corresponding to the target (batch_size, a, b, c, d, preci"
group1,4,4,1024,1024,2,128,2,0.083948,0.101059,,"ERROR: Could not find hyperparameters for the kernel instance corresponding to the target (batch_size, a, b, c, d, preci"
group1,4,4,1024,1024,2,128,4,0.083650,0.101074,,"ERROR: Could not find hyperparameters for the kernel instance corresponding to the target (batch_size, a, b, c, d, preci"
group1,4,4,1024,1024,2,128,8,0.084254,0.101737,,"ERROR: Could not find hyperparameters for the kernel instance corresponding to the target (batch_size, a, b, c, d, preci"
group1,4,4,1024,1024,2,128,16,0.084333,0.101263,,"ERROR: Could not find hyperparameters for the kernel instance corresponding to the target (batch_size, a, b, c, d, preci"
group1,4,4,1024,1024,2,128,32,0.084110,0.100834,,"ERROR: Could not find hyperparameters for the kernel instance corresponding to the target (batch_size, a, b, c, d, preci"
group1,4,4,1024,1024,2,128,64,0.084623,0.101274,,"ERROR: Could not find hyperparameters for the kernel instance corresponding to the target (batch_size, a, b, c, d, preci"
group1,4,4,1024,1024,2,128,128,0.083850,0.101474,,"ERROR: Could not find hyperparameters for the kernel instance corresponding to the target (batch_size, a, b, c, d, preci"
group1,4,4,1024,1024,2,128,256,0.084033,0.101119,,"ERROR: Could not find hyperparameters for the kernel instance corresponding to the target (batch_size, a, b, c, d, preci"
group1,4,4,1024,1024,2,128,512,0.084849,0.101355,,"ERROR: Could not find hyperparameters for the kernel instance corresponding to the target (batch_size, a, b, c, d, preci"
group1,4,4,1024,1024,2,128,1024,0.085302,0.101504,,"ERROR: Could not find hyperparameters for the kernel instance corresponding to the target (batch_size, a, b, c, d, preci"
group1,4,4,1024,1024,2,128,2048,0.085942,0.102011,,"ERROR: Could not find hyperparameters for the kernel instance corresponding to the target (batch_size, a, b, c, d, preci"
group1,4,4,1024,1024,2,128,4096,0.128655,0.122014,,"ERROR: Could not find hyperparameters for the kernel instance corresponding to the target (batch_size, a, b, c, d, preci"
group1,4,4,1024,1024,4,64,2,0.083667,0.100410,,"ERROR: Could not find hyperparameters for the kernel instance corresponding to the target (batch_size, a, b, c, d, preci"
group1,4,4,1024,1024,4,64,4,0.083640,0.101441,,"ERROR: Could not find hyperparameters for the kernel instance corresponding to the target (batch_size, a, b, c, d, preci"
group1,4,4,1024,1024,4,64,8,0.083951,0.101511,,"ERROR: Could not find hyperparameters for the kernel instance corresponding to the target (batch_size, a, b, c, d, preci"
group1,4,4,1024,1024,4,64,16,0.084086,0.101427,,"ERROR: Could not find hyperparameters for the kernel instance corresponding to the target (batch_size, a, b, c, d, preci"
group1,4,4,1024,1024,4,64,32,0.083865,0.101444,,"ERROR: Could not find hyperparameters for the kernel instance corresponding to the target (batch_size, a, b, c, d, preci"
group1,4,4,1024,1024,4,64,64,0.083757,0.101780,,"ERROR: Could not find hyperparameters for the kernel instance corresponding to the target (batch_size, a, b, c, d, preci"
group1,4,4,1024,1024,4,64,128,0.084296,0.101203,,"ERROR: Could not find hyperparameters for the kernel instance corresponding to the target (batch_size, a, b, c, d, preci"
group1,4,4,1024,1024,4,64,256,0.083805,0.101010,,"ERROR: Could not find hyperparameters for the kernel instance corresponding to the target (batch_size, a, b, c, d, preci"
group1,4,4,1024,1024,4,64,512,0.084670,0.101135,,"ERROR: Could not find hyperparameters for the kernel instance corresponding to the target (batch_size, a, b, c, d, preci"
group1,4,4,1024,1024,4,64,1024,0.085170,0.101730,,"ERROR: Could not find hyperparameters for the kernel instance corresponding to the target (batch_size, a, b, c, d, preci"
group1,4,4,1024,1024,4,64,2048,0.085590,0.102126,,"ERROR: Could not find hyperparameters for the kernel instance corresponding to the target (batch_size, a, b, c, d, preci"
group1,4,4,1024,1024,4,64,4096,0.128544,0.122460,,"ERROR: Could not find hyperparameters for the kernel instance corresponding to the target (batch_size, a, b, c, d, preci"
group1,4,4,1024,1024,8,32,2,0.083539,0.101276,,"ERROR: Could not find hyperparameters for the kernel instance corresponding to the target (batch_size, a, b, c, d, preci"
group1,4,4,1024,1024,8,32,4,0.083525,0.100500,,"ERROR: Could not find hyperparameters for the kernel instance corresponding to the target (batch_size, a, b, c, d, preci"
group1,4,4,1024,1024,8,32,8,0.083614,0.101373,,"ERROR: Could not find hyperparameters for the kernel instance corresponding to the target (batch_size, a, b, c, d, preci"
group1,4,4,1024,1024,8,32,16,0.084211,0.100881,,"ERROR: Could not find hyperparameters for the kernel instance corresponding to the target (batch_size, a, b, c, d, preci"
group1,4,4,1024,1024,8,32,32,0.084092,0.101065,,"ERROR: Could not find hyperparameters for the kernel instance corresponding to the target (batch_size, a, b, c, d, preci"
group1,4,4,1024,1024,8,32,64,0.084359,0.101390,,"ERROR: Could not find hyperparameters for the kernel instance corresponding to the target (batch_size, a, b, c, d, preci"
group1,4,4,1024,1024,8,32,128,0.084158,0.101387,,"ERROR: Could not find hyperparameters for the kernel instance corresponding to the target (batch_size, a, b, c, d, preci"
group1,4,4,1024,1024,8,32,256,0.084337,0.100944,,"ERROR: Could not find hyperparameters for the kernel instance corresponding to the target (batch_size, a, b, c, d, preci"
group1,4,4,1024,1024,8,32,512,0.085013,0.101551,,"ERROR: Could not find hyperparameters for the kernel instance corresponding to the target (batch_size, a, b, c, d, preci"
group1,4,4,1024,1024,8,32,1024,0.085519,0.101590,,"ERROR: Could not find hyperparameters for the kernel instance corresponding to the target (batch_size, a, b, c, d, preci"
group1,4,4,1024,1024,8,32,2048,0.085835,0.101921,,"ERROR: Could not find hyperparameters for the kernel instance corresponding to the target (batch_size, a, b, c, d, preci"
group1,4,4,1024,1024,8,32,4096,0.128683,0.123450,,"ERROR: Could not find hyperparameters for the kernel instance corresponding to the target (batch_size, a, b, c, d, preci"
group1,4,4,1024,1024,16,16,2,0.083106,0.100439,,"ERROR: Could not find hyperparameters for the kernel instance corresponding to the target (batch_size, a, b, c, d, preci"
group1,4,4,1024,1024,16,16,4,0.083334,0.100979,,"ERROR: Could not find hyperparameters for the kernel instance corresponding to the target (batch_size, a, b, c, d, preci"
group1,4,4,1024,1024,16,16,8,0.083839,0.101285,,"ERROR: Could not find hyperparameters for the kernel instance corresponding to the target (batch_size, a, b, c, d, preci"
group1,4,4,1024,1024,16,16,16,0.084526,0.100950,,"ERROR: Could not find hyperparameters for the kernel instance corresponding to the target (batch_size, a, b, c, d, preci"
group1,4,4,1024,1024,16,16,32,0.084181,0.101013,,"ERROR: Could not find hyperparameters for the kernel instance corresponding to the target (batch_size, a, b, c, d, preci"
group1,4,4,1024,1024,16,16,64,0.083805,0.100818,,"ERROR: Could not find hyperparameters for the kernel instance corresponding to the target (batch_size, a, b, c, d, preci"
group1,4,4,1024,1024,16,16,128,0.083920,0.100563,,"ERROR: Could not find hyperparameters for the kernel instance corresponding to the target (batch_size, a, b, c, d, preci"
group1,4,4,1024,1024,16,16,256,0.083930,0.100841,,"ERROR: Could not find hyperparameters for the kernel instance corresponding to the target (batch_size, a, b, c, d, preci"
group1,4,4,1024,1024,16,16,512,0.084836,0.100394,,"ERROR: Could not find hyperparameters for the kernel instance corresponding to the target (batch_size, a, b, c, d, preci"
group1,4,4,1024,1024,16,16,1024,0.085391,0.101366,,"ERROR: Could not find hyperparameters for the kernel instance corresponding to the target (batch_size, a, b, c, d, preci"
group1,4,4,1024,1024,16,16,2048,0.085943,0.101618,,"ERROR: Could not find hyperparameters for the kernel instance corresponding to the target (batch_size, a, b, c, d, preci"
group1,4,4,1024,1024,16,16,4096,0.128714,0.123876,,"ERROR: Could not find hyperparameters for the kernel instance corresponding to the target (batch_size, a, b, c, d, preci"
group1,4,4,1024,1024,32,8,2,0.084227,0.100718,,"ERROR: Could not find hyperparameters for the kernel instance corresponding to the target (batch_size, a, b, c, d, preci"
group1,4,4,1024,1024,32,8,4,0.083562,0.100939,,"ERROR: Could not find hyperparameters for the kernel instance corresponding to the target (batch_size, a, b, c, d, preci"
group1,4,4,1024,1024,32,8,8,0.084504,0.101156,,"ERROR: Could not find hyperparameters for the kernel instance corresponding to the target (batch_size, a, b, c, d, preci"
group1,4,4,1024,1024,32,8,16,0.084070,0.101015,,"ERROR: Could not find hyperparameters for the kernel instance corresponding to the target (batch_size, a, b, c, d, preci"
group1,4,4,1024,1024,32,8,32,0.084297,0.101502,,"ERROR: Could not find hyperparameters for the kernel instance corresponding to the target (batch_size, a, b, c, d, preci"
group1,4,4,1024,1024,32,8,64,0.084671,0.101576,,"ERROR: Could not find hyperparameters for the kernel instance corresponding to the target (batch_size, a, b, c, d, preci"
group1,4,4,1024,1024,32,8,128,0.084420,0.100713,,"ERROR: Could not find hyperparameters for the kernel instance corresponding to the target (batch_size, a, b, c, d, preci"
group1,4,4,1024,1024,32,8,256,0.084258,0.101532,,"ERROR: Could not find hyperparameters for the kernel instance corresponding to the target (batch_size, a, b, c, d, preci"
group1,4,4,1024,1024,32,8,512,0.084735,0.101140,,"ERROR: Could not find hyperparameters for the kernel instance corresponding to the target (batch_size, a, b, c, d, preci"
group1,4,4,1024,1024,32,8,1024,0.085159,0.101677,,"ERROR: Could not find hyperparameters for the kernel instance corresponding to the target (batch_size, a, b, c, d, preci"
group1,4,4,1024,1024,32,8,2048,0.085578,0.102037,,"ERROR: Could not find hyperparameters for the kernel instance corresponding to the target (batch_size, a, b, c, d, preci"
group1,4,4,1024,1024,32,8,4096,0.128789,0.124043,,"ERROR: Could not find hyperparameters for the kernel instance corresponding to the target (batch_size, a, b, c, d, preci"
group1,4,4,1024,1024,64,4,2,0.083842,0.100786,,"ERROR: Could not find hyperparameters for the kernel instance corresponding to the target (batch_size, a, b, c, d, preci"
group1,4,4,1024,1024,64,4,4,0.083894,0.100982,,"ERROR: Could not find hyperparameters for the kernel instance corresponding to the target (batch_size, a, b, c, d, preci"
group1,4,4,1024,1024,64,4,8,0.084019,0.101283,,"ERROR: Could not find hyperparameters for the kernel instance corresponding to the target (batch_size, a, b, c, d, preci"
group1,4,4,1024,1024,64,4,16,0.084356,0.100808,,"ERROR: Could not find hyperparameters for the kernel instance corresponding to the target (batch_size, a, b, c, d, preci"
group1,4,4,1024,1024,64,4,32,0.084372,0.101244,,"ERROR: Could not find hyperparameters for the kernel instance corresponding to the target (batch_size, a, b, c, d, preci"
group1,4,4,1024,1024,64,4,64,0.084481,0.101348,,"ERROR: Could not find hyperparameters for the kernel instance corresponding to the target (batch_size, a, b, c, d, preci"
group1,4,4,1024,1024,64,4,128,0.084081,0.100908,,"ERROR: Could not find hyperparameters for the kernel instance corresponding to the target (batch_size, a, b, c, d, preci"
group1,4,4,1024,1024,64,4,256,0.084778,0.101293,,"ERROR: Could not find hyperparameters for the kernel instance corresponding to the target (batch_size, a, b, c, d, preci"
group1,4,4,1024,1024,64,4,512,0.084779,0.100816,,"ERROR: Could not find hyperparameters for the kernel instance corresponding to the target (batch_size, a, b, c, d, preci"
group1,4,4,1024,1024,64,4,1024,0.085759,0.101598,,"ERROR: Could not find hyperparameters for the kernel instance corresponding to the target (batch_size, a, b, c, d, preci"
group1,4,4,1024,1024,64,4,2048,0.085696,0.102184,,"ERROR: Could not find hyperparameters for the kernel instance corresponding to the target (batch_size, a, b, c, d, preci"
group1,4,4,1024,1024,64,4,4096,0.128697,0.124036,,"ERROR: Could not find hyperparameters for the kernel instance corresponding to the target (batch_size, a, b, c, d, preci"
group1,4,4,1024,1024,128,2,2,0.084129,0.101126,,"ERROR: Could not find hyperparameters for the kernel instance corresponding to the target (batch_size, a, b, c, d, preci"
group1,4,4,1024,1024,128,2,4,0.084080,0.101184,,"ERROR: Could not find hyperparameters for the kernel instance corresponding to the target (batch_size, a, b, c, d, preci"
group1,4,4,1024,1024,128,2,8,0.084147,0.101277,,"ERROR: Could not find hyperparameters for the kernel instance corresponding to the target (batch_size, a, b, c, d, preci"
group1,4,4,1024,1024,128,2,16,0.084151,0.101721,,"ERROR: Could not find hyperparameters for the kernel instance corresponding to the target (batch_size, a, b, c, d, preci"
group1,4,4,1024,1024,128,2,32,0.084261,0.101503,,"ERROR: Could not find hyperparameters for the kernel instance corresponding to the target (batch_size, a, b, c, d, preci"
group1,4,4,1024,1024,128,2,64,0.084210,0.101660,,"ERROR: Could not find hyperparameters for the kernel instance corresponding to the target (batch_size, a, b, c, d, preci"
group1,4,4,1024,1024,128,2,128,0.084078,0.101133,,"ERROR: Could not find hyperparameters for the kernel instance corresponding to the target (batch_size, a, b, c, d, preci"
group1,4,4,1024,1024,128,2,256,0.083787,0.101661,,"ERROR: Could not find hyperparameters for the kernel instance corresponding to the target (batch_size, a, b, c, d, preci"
group1,4,4,1024,1024,128,2,512,0.084470,0.101339,,"ERROR: Could not find hyperparameters for the kernel instance corresponding to the target (batch_size, a, b, c, d, preci"
group1,4,4,1024,1024,128,2,1024,0.085142,0.101865,,"ERROR: Could not find hyperparameters for the kernel instance corresponding to the target (batch_size, a, b, c, d, preci"
group1,4,4,1024,1024,128,2,2048,0.085993,0.101944,,"ERROR: Could not find hyperparameters for the kernel instance corresponding to the target (batch_size, a, b, c, d, preci"
group1,4,4,1024,1024,128,2,4096,0.128745,0.124034,,"ERROR: Could not find hyperparameters for the kernel instance corresponding to the target (batch_size, a, b, c, d, preci"
group1,4,4,1024,1024,256,1,2,0.083677,0.063350,,"ERROR: Could not find hyperparameters for the kernel instance corresponding to the target (batch_size, a, b, c, d, preci"
group1,4,4,1024,1024,256,1,4,0.083808,0.063146,,"ERROR: Could not find hyperparameters for the kernel instance corresponding to the target (batch_size, a, b, c, d, preci"
group1,4,4,1024,1024,256,1,8,0.083387,0.063682,,"ERROR: Could not find hyperparameters for the kernel instance corresponding to the target (batch_size, a, b, c, d, preci"
group1,4,4,1024,1024,256,1,16,0.084021,0.063741,,"ERROR: Could not find hyperparameters for the kernel instance corresponding to the target (batch_size, a, b, c, d, preci"
group1,4,4,1024,1024,256,1,32,0.083827,0.063781,,"ERROR: Could not find hyperparameters for the kernel instance corresponding to the target (batch_size, a, b, c, d, preci"
group1,4,4,1024,1024,256,1,64,0.083813,0.063836,,"ERROR: Could not find hyperparameters for the kernel instance corresponding to the target (batch_size, a, b, c, d, preci"
group1,4,4,1024,1024,256,1,128,0.084304,0.063974,,"ERROR: Could not find hyperparameters for the kernel instance corresponding to the target (batch_size, a, b, c, d, preci"
group1,4,4,1024,1024,256,1,256,0.084326,0.063871,,"ERROR: Could not find hyperparameters for the kernel instance corresponding to the target (batch_size, a, b, c, d, preci"
group1,4,4,1024,1024,256,1,512,0.085168,0.064052,,"ERROR: Could not find hyperparameters for the kernel instance corresponding to the target (batch_size, a, b, c, d, preci"
group1,4,4,1024,1024,256,1,1024,0.085252,0.063788,,"ERROR: Could not find hyperparameters for the kernel instance corresponding to the target (batch_size, a, b, c, d, preci"
group1,4,4,1024,1024,256,1,2048,0.085776,0.063934,,"ERROR: Could not find hyperparameters for the kernel instance corresponding to the target (batch_size, a, b, c, d, preci"
group1,4,4,1024,1024,256,1,4096,0.127832,0.083009,,"ERROR: Could not find hyperparameters for the kernel instance corresponding to the target (batch_size, a, b, c, d, preci"
group1,4,4,2048,2048,1,512,2,0.083965,0.104652,,"ERROR: Could not find hyperparameters for the kernel instance corresponding to the target (batch_size, a, b, c, d, preci"
group1,4,4,2048,2048,1,512,4,0.084321,0.104836,,"ERROR: Could not find hyperparameters for the kernel instance corresponding to the target (batch_size, a, b, c, d, preci"
group1,4,4,2048,2048,1,512,8,0.084388,0.105090,,"ERROR: Could not find hyperparameters for the kernel instance corresponding to the target (batch_size, a, b, c, d, preci"
group1,4,4,2048,2048,1,512,16,0.084386,0.105408,,"ERROR: Could not find hyperparameters for the kernel instance corresponding to the target (batch_size, a, b, c, d, preci"
group1,4,4,2048,2048,1,512,32,0.084526,0.105373,,"ERROR: Could not find hyperparameters for the kernel instance corresponding to the target (batch_size, a, b, c, d, preci"
group1,4,4,2048,2048,1,512,64,0.084503,0.105130,,"ERROR: Could not find hyperparameters for the kernel instance corresponding to the target (batch_size, a, b, c, d, preci"
group1,4,4,2048,2048,1,512,128,0.084046,0.105046,,"ERROR: Could not find hyperparameters for the kernel instance corresponding to the target (batch_size, a, b, c, d, preci"
group1,4,4,2048,2048,1,512,256,0.084772,0.104669,,"ERROR: Could not find hyperparameters for the kernel instance corresponding to the target (batch_size, a, b, c, d, preci"
group1,4,4,2048,2048,1,512,512,0.085759,0.105401,,"ERROR: Could not find hyperparameters for the kernel instance corresponding to the target (batch_size, a, b, c, d, preci"
group1,4,4,2048,2048,1,512,1024,0.086328,0.105857,,"ERROR: Could not find hyperparameters for the kernel instance corresponding to the target (batch_size, a, b, c, d, preci"
group1,4,4,2048,2048,1,512,2048,0.129379,0.124998,,"ERROR: Could not find hyperparameters for the kernel instance corresponding to the target (batch_size, a, b, c, d, preci"
group1,4,4,2048,2048,1,512,4096,0.249842,0.245626,,"ERROR: Could not find hyperparameters for the kernel instance corresponding to the target (batch_size, a, b, c, d, preci"
group1,4,4,2048,2048,2,256,2,0.083368,0.100786,,"ERROR: Could not find hyperparameters for the kernel instance corresponding to the target (batch_size, a, b, c, d, preci"
group1,4,4,2048,2048,2,256,4,0.084211,0.100785,,"ERROR: Could not find hyperparameters for the kernel instance corresponding to the target (batch_size, a, b, c, d, preci"
group1,4,4,2048,2048,2,256,8,0.084585,0.101413,,"ERROR: Could not find hyperparameters for the kernel instance corresponding to the target (batch_size, a, b, c, d, preci"
group1,4,4,2048,2048,2,256,16,0.084012,0.100976,,"ERROR: Could not find hyperparameters for the kernel instance corresponding to the target (batch_size, a, b, c, d, preci"
group1,4,4,2048,2048,2,256,32,0.084405,0.101322,,"ERROR: Could not find hyperparameters for the kernel instance corresponding to the target (batch_size, a, b, c, d, preci"
group1,4,4,2048,2048,2,256,64,0.083863,0.101071,,"ERROR: Could not find hyperparameters for the kernel instance corresponding to the target (batch_size, a, b, c, d, preci"
group1,4,4,2048,2048,2,256,128,0.084341,0.100774,,"ERROR: Could not find hyperparameters for the kernel instance corresponding to the target (batch_size, a, b, c, d, preci"
group1,4,4,2048,2048,2,256,256,0.084722,0.101069,,"ERROR: Could not find hyperparameters for the kernel instance corresponding to the target (batch_size, a, b, c, d, preci"
group1,4,4,2048,2048,2,256,512,0.085120,0.101494,,"ERROR: Could not find hyperparameters for the kernel instance corresponding to the target (batch_size, a, b, c, d, preci"
group1,4,4,2048,2048,2,256,1024,0.086025,0.101943,,"ERROR: Could not find hyperparameters for the kernel instance corresponding to the target (batch_size, a, b, c, d, preci"
group1,4,4,2048,2048,2,256,2048,0.129340,0.123350,,"ERROR: Could not find hyperparameters for the kernel instance corresponding to the target (batch_size, a, b, c, d, preci"
group1,4,4,2048,2048,2,256,4096,0.249757,0.238114,,"ERROR: Could not find hyperparameters for the kernel instance corresponding to the target (batch_size, a, b, c, d, preci"
group1,4,4,2048,2048,4,128,2,0.084088,0.101061,,"ERROR: Could not find hyperparameters for the kernel instance corresponding to the target (batch_size, a, b, c, d, preci"
group1,4,4,2048,2048,4,128,4,0.084837,0.101282,,"ERROR: Could not find hyperparameters for the kernel instance corresponding to the target (batch_size, a, b, c, d, preci"
group1,4,4,2048,2048,4,128,8,0.084366,0.100660,,"ERROR: Could not find hyperparameters for the kernel instance corresponding to the target (batch_size, a, b, c, d, preci"
group1,4,4,2048,2048,4,128,16,0.084614,0.101381,,"ERROR: Could not find hyperparameters for the kernel instance corresponding to the target (batch_size, a, b, c, d, preci"
group1,4,4,2048,2048,4,128,32,0.083978,0.101358,,"ERROR: Could not find hyperparameters for the kernel instance corresponding to the target (batch_size, a, b, c, d, preci"
group1,4,4,2048,2048,4,128,64,0.084714,0.101634,,"ERROR: Could not find hyperparameters for the kernel instance corresponding to the target (batch_size, a, b, c, d, preci"
group1,4,4,2048,2048,4,128,128,0.084151,0.101012,,"ERROR: Could not find hyperparameters for the kernel instance corresponding to the target (batch_size, a, b, c, d, preci"
group1,4,4,2048,2048,4,128,256,0.085283,0.101548,,"ERROR: Could not find hyperparameters for the kernel instance corresponding to the target (batch_size, a, b, c, d, preci"
group1,4,4,2048,2048,4,128,512,0.085531,0.101733,,"ERROR: Could not find hyperparameters for the kernel instance corresponding to the target (batch_size, a, b, c, d, preci"
group1,4,4,2048,2048,4,128,1024,0.086385,0.102154,,"ERROR: Could not find hyperparameters for the kernel instance corresponding to the target (batch_size, a, b, c, d, preci"
group1,4,4,2048,2048,4,128,2048,0.129279,0.122467,,"ERROR: Could not find hyperparameters for the kernel instance corresponding to the target (batch_size, a, b, c, d, preci"
group1,4,4,2048,2048,4,128,4096,0.250034,0.235305,,"ERROR: Could not find hyperparameters for the kernel instance corresponding to the target (batch_size, a, b, c, d, preci"
group1,4,4,2048,2048,8,64,2,0.083875,0.100745,,"ERROR: Could not find hyperparameters for the kernel instance corresponding to the target (batch_size, a, b, c, d, preci"
group1,4,4,2048,2048,8,64,4,0.083933,0.101082,,"ERROR: Could not find hyperparameters for the kernel instance corresponding to the target (batch_size, a, b, c, d, preci"
group1,4,4,2048,2048,8,64,8,0.084235,0.101300,,"ERROR: Could not find hyperparameters for the kernel instance corresponding to the target (batch_size, a, b, c, d, preci"
group1,4,4,2048,2048,8,64,16,0.084663,0.101857,,"ERROR: Could not find hyperparameters for the kernel instance corresponding to the target (batch_size, a, b, c, d, preci"
group1,4,4,2048,2048,8,64,32,0.084713,0.101384,,"ERROR: Could not find hyperparameters for the kernel instance corresponding to the target (batch_size, a, b, c, d, preci"
group1,4,4,2048,2048,8,64,64,0.084612,0.101599,,"ERROR: Could not find hyperparameters for the kernel instance corresponding to the target (batch_size, a, b, c, d, preci"
group1,4,4,2048,2048,8,64,128,0.084547,0.101725,,"ERROR: Could not find hyperparameters for the kernel instance corresponding to the target (batch_size, a, b, c, d, preci"
group1,4,4,2048,2048,8,64,256,0.085421,0.101395,,"ERROR: Could not find hyperparameters for the kernel instance corresponding to the target (batch_size, a, b, c, d, preci"
group1,4,4,2048,2048,8,64,512,0.085595,0.101647,,"ERROR: Could not find hyperparameters for the kernel instance corresponding to the target (batch_size, a, b, c, d, preci"
group1,4,4,2048,2048,8,64,1024,0.085887,0.102475,,"ERROR: Could not find hyperparameters for the kernel instance corresponding to the target (batch_size, a, b, c, d, preci"
group1,4,4,2048,2048,8,64,2048,0.129303,0.122846,,"ERROR: Could not find hyperparameters for the kernel instance corresponding to the target (batch_size, a, b, c, d, preci"
group1,4,4,2048,2048,8,64,4096,0.249783,0.236172,,"ERROR: Could not find hyperparameters for the kernel instance corresponding to the target (batch_size, a, b, c, d, preci"
group1,4,4,2048,2048,16,32,2,0.084244,0.101804,,"ERROR: Could not find hyperparameters for the kernel instance corresponding to the target (batch_size, a, b, c, d, preci"
group1,4,4,2048,2048,16,32,4,0.084000,0.101762,,"ERROR: Could not find hyperparameters for the kernel instance corresponding to the target (batch_size, a, b, c, d, preci"
group1,4,4,2048,2048,16,32,8,0.084056,0.101919,,"ERROR: Could not find hyperparameters for the kernel instance corresponding to the target (batch_size, a, b, c, d, preci"
group1,4,4,2048,2048,16,32,16,0.084389,0.101802,,"ERROR: Could not find hyperparameters for the kernel instance corresponding to the target (batch_size, a, b, c, d, preci"
group1,4,4,2048,2048,16,32,32,0.084549,0.102159,,"ERROR: Could not find hyperparameters for the kernel instance corresponding to the target (batch_size, a, b, c, d, preci"
group1,4,4,2048,2048,16,32,64,0.084404,0.102290,,"ERROR: Could not find hyperparameters for the kernel instance corresponding to the target (batch_size, a, b, c, d, preci"
group1,4,4,2048,2048,16,32,128,0.084351,0.101914,,"ERROR: Could not find hyperparameters for the kernel instance corresponding to the target (batch_size, a, b, c, d, preci"
group1,4,4,2048,2048,16,32,256,0.085207,0.101717,,"ERROR: Could not find hyperparameters for the kernel instance corresponding to the target (batch_size, a, b, c, d, preci"
group1,4,4,2048,2048,16,32,512,0.085723,0.102276,,"ERROR: Could not find hyperparameters for the kernel instance corresponding to the target (batch_size, a, b, c, d, preci"
group1,4,4,2048,2048,16,32,1024,0.085840,0.102826,,"ERROR: Could not find hyperparameters for the kernel instance corresponding to the target (batch_size, a, b, c, d, preci"
group1,4,4,2048,2048,16,32,2048,0.129164,0.123977,,"ERROR: Could not find hyperparameters for the kernel instance corresponding to the target (batch_size, a, b, c, d, preci"
group1,4,4,2048,2048,16,32,4096,0.249947,0.243091,,"ERROR: Could not find hyperparameters for the kernel instance corresponding to the target (batch_size, a, b, c, d, preci"
group1,4,4,2048,2048,32,16,2,0.082010,0.098797,,"ERROR: Could not find hyperparameters for the kernel instance corresponding to the target (batch_size, a, b, c, d, preci"
group1,4,4,2048,2048,32,16,4,0.082237,0.098645,,"ERROR: Could not find hyperparameters for the kernel instance corresponding to the target (batch_size, a, b, c, d, preci"
group1,4,4,2048,2048,32,16,8,0.082173,0.099351,,"ERROR: Could not find hyperparameters for the kernel instance corresponding to the target (batch_size, a, b, c, d, preci"
group1,4,4,2048,2048,32,16,16,0.082935,0.099421,,"ERROR: Could not find hyperparameters for the kernel instance corresponding to the target (batch_size, a, b, c, d, preci"
group1,4,4,2048,2048,32,16,32,0.082804,0.098600,,"ERROR: Could not find hyperparameters for the kernel instance corresponding to the target (batch_size, a, b, c, d, preci"
group1,4,4,2048,2048,32,16,64,0.082288,0.099201,,"ERROR: Could not find hyperparameters for the kernel instance corresponding to the target (batch_size, a, b, c, d, preci"
group1,4,4,2048,2048,32,16,128,0.082284,0.099287,,"ERROR: Could not find hyperparameters for the kernel instance corresponding to the target (batch_size, a, b, c, d, preci"
group1,4,4,2048,2048,32,16,256,0.082639,0.098939,,"ERROR: Could not find hyperparameters for the kernel instance corresponding to the target (batch_size, a, b, c, d, preci"
group1,4,4,2048,2048,32,16,512,0.083646,0.100077,,"ERROR: Could not find hyperparameters for the kernel instance corresponding to the target (batch_size, a, b, c, d, preci"
group1,4,4,2048,2048,32,16,1024,0.084256,0.099811,,"ERROR: Could not find hyperparameters for the kernel instance corresponding to the target (batch_size, a, b, c, d, preci"
group1,4,4,2048,2048,32,16,2048,0.127732,0.123714,,"ERROR: Could not find hyperparameters for the kernel instance corresponding to the target (batch_size, a, b, c, d, preci"
group1,4,4,2048,2048,32,16,4096,0.248830,0.243883,,"ERROR: Could not find hyperparameters for the kernel instance corresponding to the target (batch_size, a, b, c, d, preci"
group1,4,4,2048,2048,64,8,2,0.082633,0.099360,,"ERROR: Could not find hyperparameters for the kernel instance corresponding to the target (batch_size, a, b, c, d, preci"
group1,4,4,2048,2048,64,8,4,0.082684,0.099044,,"ERROR: Could not find hyperparameters for the kernel instance corresponding to the target (batch_size, a, b, c, d, preci"
group1,4,4,2048,2048,64,8,8,0.082506,0.098860,,"ERROR: Could not find hyperparameters for the kernel instance corresponding to the target (batch_size, a, b, c, d, preci"
group1,4,4,2048,2048,64,8,16,0.082649,0.099045,,"ERROR: Could not find hyperparameters for the kernel instance corresponding to the target (batch_size, a, b, c, d, preci"
group1,4,4,2048,2048,64,8,32,0.082988,0.099119,,"ERROR: Could not find hyperparameters for the kernel instance corresponding to the target (batch_size, a, b, c, d, preci"
group1,4,4,2048,2048,64,8,64,0.083186,0.099248,,"ERROR: Could not find hyperparameters for the kernel instance corresponding to the target (batch_size, a, b, c, d, preci"
group1,4,4,2048,2048,64,8,128,0.082710,0.099388,,"ERROR: Could not find hyperparameters for the kernel instance corresponding to the target (batch_size, a, b, c, d, preci"
group1,4,4,2048,2048,64,8,256,0.082787,0.099788,,"ERROR: Could not find hyperparameters for the kernel instance corresponding to the target (batch_size, a, b, c, d, preci"
group1,4,4,2048,2048,64,8,512,0.083734,0.099398,,"ERROR: Could not find hyperparameters for the kernel instance corresponding to the target (batch_size, a, b, c, d, preci"
group1,4,4,2048,2048,64,8,1024,0.084173,0.100212,,"ERROR: Could not find hyperparameters for the kernel instance corresponding to the target (batch_size, a, b, c, d, preci"
group1,4,4,2048,2048,64,8,2048,0.129300,0.124416,,"ERROR: Could not find hyperparameters for the kernel instance corresponding to the target (batch_size, a, b, c, d, preci"
group1,4,4,2048,2048,64,8,4096,0.249295,0.245107,,"ERROR: Could not find hyperparameters for the kernel instance corresponding to the target (batch_size, a, b, c, d, preci"
group1,4,4,2048,2048,128,4,2,0.082405,0.099059,,"ERROR: Could not find hyperparameters for the kernel instance corresponding to the target (batch_size, a, b, c, d, preci"
group1,4,4,2048,2048,128,4,4,0.082448,0.099220,,"ERROR: Could not find hyperparameters for the kernel instance corresponding to the target (batch_size, a, b, c, d, preci"
group1,4,4,2048,2048,128,4,8,0.083102,0.099269,,"ERROR: Could not find hyperparameters for the kernel instance corresponding to the target (batch_size, a, b, c, d, preci"
group1,4,4,2048,2048,128,4,16,0.082815,0.099434,,"ERROR: Could not find hyperparameters for the kernel instance corresponding to the target (batch_size, a, b, c, d, preci"
group1,4,4,2048,2048,128,4,32,0.082901,0.099001,,"ERROR: Could not find hyperparameters for the kernel instance corresponding to the target (batch_size, a, b, c, d, preci"
group1,4,4,2048,2048,128,4,64,0.083195,0.099833,,"ERROR: Could not find hyperparameters for the kernel instance corresponding to the target (batch_size, a, b, c, d, preci"
group1,4,4,2048,2048,128,4,128,0.082319,0.099519,,"ERROR: Could not find hyperparameters for the kernel instance corresponding to the target (batch_size, a, b, c, d, preci"
group1,4,4,2048,2048,128,4,256,0.083012,0.099446,,"ERROR: Could not find hyperparameters for the kernel instance corresponding to the target (batch_size, a, b, c, d, preci"
group1,4,4,2048,2048,128,4,512,0.082873,0.099545,,"ERROR: Could not find hyperparameters for the kernel instance corresponding to the target (batch_size, a, b, c, d, preci"
group1,4,4,2048,2048,128,4,1024,0.083930,0.099840,,"ERROR: Could not find hyperparameters for the kernel instance corresponding to the target (batch_size, a, b, c, d, preci"
group1,4,4,2048,2048,128,4,2048,0.129261,0.124428,,"ERROR: Could not find hyperparameters for the kernel instance corresponding to the target (batch_size, a, b, c, d, preci"
group1,4,4,2048,2048,128,4,4096,0.249319,0.245155,,"ERROR: Could not find hyperparameters for the kernel instance corresponding to the target (batch_size, a, b, c, d, preci"
group1,4,4,2048,2048,256,2,2,0.082193,0.098926,,"ERROR: Could not find hyperparameters for the kernel instance corresponding to the target (batch_size, a, b, c, d, preci"
group1,4,4,2048,2048,256,2,4,0.082068,0.098966,,"ERROR: Could not find hyperparameters for the kernel instance corresponding to the target (batch_size, a, b, c, d, preci"
group1,4,4,2048,2048,256,2,8,0.082141,0.098917,,"ERROR: Could not find hyperparameters for the kernel instance corresponding to the target (batch_size, a, b, c, d, preci"
group1,4,4,2048,2048,256,2,16,0.082819,0.099657,,"ERROR: Could not find hyperparameters for the kernel instance corresponding to the target (batch_size, a, b, c, d, preci"
group1,4,4,2048,2048,256,2,32,0.083090,0.099549,,"ERROR: Could not find hyperparameters for the kernel instance corresponding to the target (batch_size, a, b, c, d, preci"
group1,4,4,2048,2048,256,2,64,0.083310,0.099552,,"ERROR: Could not find hyperparameters for the kernel instance corresponding to the target (batch_size, a, b, c, d, preci"
group1,4,4,2048,2048,256,2,128,0.082874,0.099573,,"ERROR: Could not find hyperparameters for the kernel instance corresponding to the target (batch_size, a, b, c, d, preci"
group1,4,4,2048,2048,256,2,256,0.083226,0.099383,,"ERROR: Could not find hyperparameters for the kernel instance corresponding to the target (batch_size, a, b, c, d, preci"
group1,4,4,2048,2048,256,2,512,0.083735,0.099684,,"ERROR: Could not find hyperparameters for the kernel instance corresponding to the target (batch_size, a, b, c, d, preci"
group1,4,4,2048,2048,256,2,1024,0.084513,0.100248,,"ERROR: Could not find hyperparameters for the kernel instance corresponding to the target (batch_size, a, b, c, d, preci"
group1,4,4,2048,2048,256,2,2048,0.129266,0.124399,,"ERROR: Could not find hyperparameters for the kernel instance corresponding to the target (batch_size, a, b, c, d, preci"
group1,4,4,2048,2048,256,2,4096,0.249342,0.245239,,"ERROR: Could not find hyperparameters for the kernel instance corresponding to the target (batch_size, a, b, c, d, preci"
group1,4,4,2048,2048,512,1,2,0.083232,0.063479,,"ERROR: Could not find hyperparameters for the kernel instance corresponding to the target (batch_size, a, b, c, d, preci"
group1,4,4,2048,2048,512,1,4,0.082818,0.063797,,"ERROR: Could not find hyperparameters for the kernel instance corresponding to the target (batch_size, a, b, c, d, preci"
group1,4,4,2048,2048,512,1,8,0.082874,0.063741,,"ERROR: Could not find hyperparameters for the kernel instance corresponding to the target (batch_size, a, b, c, d, preci"
group1,4,4,2048,2048,512,1,16,0.083170,0.063672,,"ERROR: Could not find hyperparameters for the kernel instance corresponding to the target (batch_size, a, b, c, d, preci"
group1,4,4,2048,2048,512,1,32,0.083361,0.063671,,"ERROR: Could not find hyperparameters for the kernel instance corresponding to the target (batch_size, a, b, c, d, preci"
group1,4,4,2048,2048,512,1,64,0.083033,0.063340,,"ERROR: Could not find hyperparameters for the kernel instance corresponding to the target (batch_size, a, b, c, d, preci"
group1,4,4,2048,2048,512,1,128,0.083086,0.063804,,"ERROR: Could not find hyperparameters for the kernel instance corresponding to the target (batch_size, a, b, c, d, preci"
group1,4,4,2048,2048,512,1,256,0.083402,0.063008,,"ERROR: Could not find hyperparameters for the kernel instance corresponding to the target (batch_size, a, b, c, d, preci"
group1,4,4,2048,2048,512,1,512,0.083839,0.063600,,"ERROR: Could not find hyperparameters for the kernel instance corresponding to the target (batch_size, a, b, c, d, preci"
group1,4,4,2048,2048,512,1,1024,0.084192,0.063364,,"ERROR: Could not find hyperparameters for the kernel instance corresponding to the target (batch_size, a, b, c, d, preci"
group1,4,4,2048,2048,512,1,2048,0.128392,0.083468,,"ERROR: Could not find hyperparameters for the kernel instance corresponding to the target (batch_size, a, b, c, d, preci"
group1,4,4,2048,2048,512,1,4096,0.247791,0.164741,,"ERROR: Could not find hyperparameters for the kernel instance corresponding to the target (batch_size, a, b, c, d, preci"
group1,4,4,4096,4096,1,1024,2,0.082277,0.102128,,"ERROR: Could not find hyperparameters for the kernel instance corresponding to the target (batch_size, a, b, c, d, preci"
group1,4,4,4096,4096,1,1024,4,0.083167,0.102639,,"ERROR: Could not find hyperparameters for the kernel instance corresponding to the target (batch_size, a, b, c, d, preci"
group1,4,4,4096,4096,1,1024,8,0.083368,0.102362,,"ERROR: Could not find hyperparameters for the kernel instance corresponding to the target (batch_size, a, b, c, d, preci"
group1,4,4,4096,4096,1,1024,16,0.082826,0.102291,,"ERROR: Could not find hyperparameters for the kernel instance corresponding to the target (batch_size, a, b, c, d, preci"
group1,4,4,4096,4096,1,1024,32,0.083148,0.103080,,"ERROR: Could not find hyperparameters for the kernel instance corresponding to the target (batch_size, a, b, c, d, preci"
group1,4,4,4096,4096,1,1024,64,0.083329,0.102707,,"ERROR: Could not find hyperparameters for the kernel instance corresponding to the target (batch_size, a, b, c, d, preci"
group1,4,4,4096,4096,1,1024,128,0.082767,0.102232,,"ERROR: Could not find hyperparameters for the kernel instance corresponding to the target (batch_size, a, b, c, d, preci"
group1,4,4,4096,4096,1,1024,256,0.082921,0.102306,,"ERROR: Could not find hyperparameters for the kernel instance corresponding to the target (batch_size, a, b, c, d, preci"
group1,4,4,4096,4096,1,1024,512,0.084370,0.103485,,"ERROR: Could not find hyperparameters for the kernel instance corresponding to the target (batch_size, a, b, c, d, preci"
group1,4,4,4096,4096,1,1024,1024,0.129222,0.125162,,"ERROR: Could not find hyperparameters for the kernel instance corresponding to the target (batch_size, a, b, c, d, preci"
group1,4,4,4096,4096,1,1024,2048,0.247457,0.247218,,"ERROR: Could not find hyperparameters for the kernel instance corresponding to the target (batch_size, a, b, c, d, preci"
group1,4,4,4096,4096,1,1024,4096,0.488989,0.480578,,"ERROR: Could not find hyperparameters for the kernel instance corresponding to the target (batch_size, a, b, c, d, preci"
group1,4,4,4096,4096,2,512,2,0.082629,0.099141,,"ERROR: Could not find hyperparameters for the kernel instance corresponding to the target (batch_size, a, b, c, d, preci"
group1,4,4,4096,4096,2,512,4,0.082423,0.099438,,"ERROR: Could not find hyperparameters for the kernel instance corresponding to the target (batch_size, a, b, c, d, preci"
group1,4,4,4096,4096,2,512,8,0.082891,0.099101,,"ERROR: Could not find hyperparameters for the kernel instance corresponding to the target (batch_size, a, b, c, d, preci"
group1,4,4,4096,4096,2,512,16,0.083639,0.099848,,"ERROR: Could not find hyperparameters for the kernel instance corresponding to the target (batch_size, a, b, c, d, preci"
group1,4,4,4096,4096,2,512,32,0.083203,0.099811,,"ERROR: Could not find hyperparameters for the kernel instance corresponding to the target (batch_size, a, b, c, d, preci"
group1,4,4,4096,4096,2,512,64,0.082825,0.099653,,"ERROR: Could not find hyperparameters for the kernel instance corresponding to the target (batch_size, a, b, c, d, preci"
group1,4,4,4096,4096,2,512,128,0.082922,0.099532,,"ERROR: Could not find hyperparameters for the kernel instance corresponding to the target (batch_size, a, b, c, d, preci"
group1,4,4,4096,4096,2,512,256,0.083132,0.099680,,"ERROR: Could not find hyperparameters for the kernel instance corresponding to the target (batch_size, a, b, c, d, preci"
group1,4,4,4096,4096,2,512,512,0.084131,0.100167,,"ERROR: Could not find hyperparameters for the kernel instance corresponding to the target (batch_size, a, b, c, d, preci"
group1,4,4,4096,4096,2,512,1024,0.129111,0.124984,,"ERROR: Could not find hyperparameters for the kernel instance corresponding to the target (batch_size, a, b, c, d, preci"
group1,4,4,4096,4096,2,512,2048,0.247507,0.246973,,"ERROR: Could not find hyperparameters for the kernel instance corresponding to the target (batch_size, a, b, c, d, preci"
group1,4,4,4096,4096,2,512,4096,0.488928,0.480289,,"ERROR: Could not find hyperparameters for the kernel instance corresponding to the target (batch_size, a, b, c, d, preci"
group1,4,4,4096,4096,4,256,2,0.082513,0.098826,,"ERROR: Could not find hyperparameters for the kernel instance corresponding to the target (batch_size, a, b, c, d, preci"
group1,4,4,4096,4096,4,256,4,0.082295,0.099518,,"ERROR: Could not find hyperparameters for the kernel instance corresponding to the target (batch_size, a, b, c, d, preci"
group1,4,4,4096,4096,4,256,8,0.083038,0.099472,,"ERROR: Could not find hyperparameters for the kernel instance corresponding to the target (batch_size, a, b, c, d, preci"
group1,4,4,4096,4096,4,256,16,0.082921,0.099581,,"ERROR: Could not find hyperparameters for the kernel instance corresponding to the target (batch_size, a, b, c, d, preci"
group1,4,4,4096,4096,4,256,32,0.082967,0.099932,,"ERROR: Could not find hyperparameters for the kernel instance corresponding to the target (batch_size, a, b, c, d, preci"
group1,4,4,4096,4096,4,256,64,0.083064,0.099916,,"ERROR: Could not find hyperparameters for the kernel instance corresponding to the target (batch_size, a, b, c, d, preci"
group1,4,4,4096,4096,4,256,128,0.082908,0.100113,,"ERROR: Could not find hyperparameters for the kernel instance corresponding to the target (batch_size, a, b, c, d, preci"
group1,4,4,4096,4096,4,256,256,0.083187,0.099409,,"ERROR: Could not find hyperparameters for the kernel instance corresponding to the target (batch_size, a, b, c, d, preci"
group1,4,4,4096,4096,4,256,512,0.084001,0.100120,,"ERROR: Could not find hyperparameters for the kernel instance corresponding to the target (batch_size, a, b, c, d, preci"
group1,4,4,4096,4096,4,256,1024,0.129079,0.123011,,"ERROR: Could not find hyperparameters for the kernel instance corresponding to the target (batch_size, a, b, c, d, preci"
group1,4,4,4096,4096,4,256,2048,0.247512,0.239379,,"ERROR: Could not find hyperparameters for the kernel instance corresponding to the target (batch_size, a, b, c, d, preci"
group1,4,4,4096,4096,4,256,4096,0.488961,0.464366,,"ERROR: Could not find hyperparameters for the kernel instance corresponding to the target (batch_size, a, b, c, d, preci"
group1,4,4,4096,4096,8,128,2,0.082879,0.099629,,"ERROR: Could not find hyperparameters for the kernel instance corresponding to the target (batch_size, a, b, c, d, preci"
group1,4,4,4096,4096,8,128,4,0.082801,0.099676,,"ERROR: Could not find hyperparameters for the kernel instance corresponding to the target (batch_size, a, b, c, d, preci"
group1,4,4,4096,4096,8,128,8,0.082860,0.099958,,"ERROR: Could not find hyperparameters for the kernel instance corresponding to the target (batch_size, a, b, c, d, preci"
group1,4,4,4096,4096,8,128,16,0.082896,0.099814,,"ERROR: Could not find hyperparameters for the kernel instance corresponding to the target (batch_size, a, b, c, d, preci"
group1,4,4,4096,4096,8,128,32,0.082935,0.100215,,"ERROR: Could not find hyperparameters for the kernel instance corresponding to the target (batch_size, a, b, c, d, preci"
group1,4,4,4096,4096,8,128,64,0.082852,0.100055,,"ERROR: Could not find hyperparameters for the kernel instance corresponding to the target (batch_size, a, b, c, d, preci"
group1,4,4,4096,4096,8,128,128,0.083024,0.100340,,"ERROR: Could not find hyperparameters for the kernel instance corresponding to the target (batch_size, a, b, c, d, preci"
group1,4,4,4096,4096,8,128,256,0.082960,0.099981,,"ERROR: Could not find hyperparameters for the kernel instance corresponding to the target (batch_size, a, b, c, d, preci"
group1,4,4,4096,4096,8,128,512,0.084119,0.100332,,"ERROR: Could not find hyperparameters for the kernel instance corresponding to the target (batch_size, a, b, c, d, preci"
group1,4,4,4096,4096,8,128,1024,0.129125,0.122119,,"ERROR: Could not find hyperparameters for the kernel instance corresponding to the target (batch_size, a, b, c, d, preci"
group1,4,4,4096,4096,8,128,2048,0.247558,0.236334,,"ERROR: Could not find hyperparameters for the kernel instance corresponding to the target (batch_size, a, b, c, d, preci"
group1,4,4,4096,4096,8,128,4096,0.488960,0.458472,,"ERROR: Could not find hyperparameters for the kernel instance corresponding to the target (batch_size, a, b, c, d, preci"
group1,4,4,4096,4096,16,64,2,0.082479,0.098885,,"ERROR: Could not find hyperparameters for the kernel instance corresponding to the target (batch_size, a, b, c, d, preci"
group1,4,4,4096,4096,16,64,4,0.082094,0.098861,,"ERROR: Could not find hyperparameters for the kernel instance corresponding to the target (batch_size, a, b, c, d, preci"
group1,4,4,4096,4096,16,64,8,0.082701,0.099651,,"ERROR: Could not find hyperparameters for the kernel instance corresponding to the target (batch_size, a, b, c, d, preci"
group1,4,4,4096,4096,16,64,16,0.083096,0.099388,,"ERROR: Could not find hyperparameters for the kernel instance corresponding to the target (batch_size, a, b, c, d, preci"
group1,4,4,4096,4096,16,64,32,0.083184,0.100363,,"ERROR: Could not find hyperparameters for the kernel instance corresponding to the target (batch_size, a, b, c, d, preci"
group1,4,4,4096,4096,16,64,64,0.082890,0.099206,,"ERROR: Could not find hyperparameters for the kernel instance corresponding to the target (batch_size, a, b, c, d, preci"
group1,4,4,4096,4096,16,64,128,0.083005,0.099568,,"ERROR: Could not find hyperparameters for the kernel instance corresponding to the target (batch_size, a, b, c, d, preci"
group1,4,4,4096,4096,16,64,256,0.083664,0.100005,,"ERROR: Could not find hyperparameters for the kernel instance corresponding to the target (batch_size, a, b, c, d, preci"
group1,4,4,4096,4096,16,64,512,0.084420,0.100068,,"ERROR: Could not find hyperparameters for the kernel instance corresponding to the target (batch_size, a, b, c, d, preci"
group1,4,4,4096,4096,16,64,1024,0.129123,0.122560,,"ERROR: Could not find hyperparameters for the kernel instance corresponding to the target (batch_size, a, b, c, d, preci"
group1,4,4,4096,4096,16,64,2048,0.247597,0.237276,,"ERROR: Could not find hyperparameters for the kernel instance corresponding to the target (batch_size, a, b, c, d, preci"
group1,4,4,4096,4096,16,64,4096,0.488981,0.460124,,"ERROR: Could not find hyperparameters for the kernel instance corresponding to the target (batch_size, a, b, c, d, preci"
group1,4,4,4096,4096,32,32,2,0.082752,0.099510,,"ERROR: Could not find hyperparameters for the kernel instance corresponding to the target (batch_size, a, b, c, d, preci"
group1,4,4,4096,4096,32,32,4,0.082600,0.099312,,"ERROR: Could not find hyperparameters for the kernel instance corresponding to the target (batch_size, a, b, c, d, preci"
group1,4,4,4096,4096,32,32,8,0.082891,0.099570,,"ERROR: Could not find hyperparameters for the kernel instance corresponding to the target (batch_size, a, b, c, d, preci"
group1,4,4,4096,4096,32,32,16,0.082504,0.099538,,"ERROR: Could not find hyperparameters for the kernel instance corresponding to the target (batch_size, a, b, c, d, preci"
group1,4,4,4096,4096,32,32,32,0.082869,0.100062,,"ERROR: Could not find hyperparameters for the kernel instance corresponding to the target (batch_size, a, b, c, d, preci"
group1,4,4,4096,4096,32,32,64,0.083142,0.099987,,"ERROR: Could not find hyperparameters for the kernel instance corresponding to the target (batch_size, a, b, c, d, preci"
group1,4,4,4096,4096,32,32,128,0.082911,0.099809,,"ERROR: Could not find hyperparameters for the kernel instance corresponding to the target (batch_size, a, b, c, d, preci"
group1,4,4,4096,4096,32,32,256,0.082824,0.099547,,"ERROR: Could not find hyperparameters for the kernel instance corresponding to the target (batch_size, a, b, c, d, preci"
group1,4,4,4096,4096,32,32,512,0.084441,0.100324,,"ERROR: Could not find hyperparameters for the kernel instance corresponding to the target (batch_size, a, b, c, d, preci"
group1,4,4,4096,4096,32,32,1024,0.129099,0.123689,,"ERROR: Could not find hyperparameters for the kernel instance corresponding to the target (batch_size, a, b, c, d, preci"
group1,4,4,4096,4096,32,32,2048,0.247620,0.244039,,"ERROR: Could not find hyperparameters for the kernel instance corresponding to the target (batch_size, a, b, c, d, preci"
group1,4,4,4096,4096,32,32,4096,0.488998,0.475705,,"ERROR: Could not find hyperparameters for the kernel instance corresponding to the target (batch_size, a, b, c, d, preci"
group1,4,4,4096,4096,64,16,2,0.082911,0.099037,,"ERROR: Could not find hyperparameters for the kernel instance corresponding to the target (batch_size, a, b, c, d, preci"
group1,4,4,4096,4096,64,16,4,0.082872,0.099350,,"ERROR: Could not find hyperparameters for the kernel instance corresponding to the target (batch_size, a, b, c, d, preci"
group1,4,4,4096,4096,64,16,8,0.083666,0.099595,,"ERROR: Could not find hyperparameters for the kernel instance corresponding to the target (batch_size, a, b, c, d, preci"
group1,4,4,4096,4096,64,16,16,0.083350,0.099796,,"ERROR: Could not find hyperparameters for the kernel instance corresponding to the target (batch_size, a, b, c, d, preci"
group1,4,4,4096,4096,64,16,32,0.083494,0.100615,,"ERROR: Could not find hyperparameters for the kernel instance corresponding to the target (batch_size, a, b, c, d, preci"
group1,4,4,4096,4096,64,16,64,0.083339,0.100320,,"ERROR: Could not find hyperparameters for the kernel instance corresponding to the target (batch_size, a, b, c, d, preci"
group1,4,4,4096,4096,64,16,128,0.083537,0.100622,,"ERROR: Could not find hyperparameters for the kernel instance corresponding to the target (batch_size, a, b, c, d, preci"
group1,4,4,4096,4096,64,16,256,0.083593,0.100593,,"ERROR: Could not find hyperparameters for the kernel instance corresponding to the target (batch_size, a, b, c, d, preci"
group1,4,4,4096,4096,64,16,512,0.084836,0.100099,,"ERROR: Could not find hyperparameters for the kernel instance corresponding to the target (batch_size, a, b, c, d, preci"
group1,4,4,4096,4096,64,16,1024,0.129169,0.123849,,"ERROR: Could not find hyperparameters for the kernel instance corresponding to the target (batch_size, a, b, c, d, preci"
group1,4,4,4096,4096,64,16,2048,0.247591,0.244854,,"ERROR: Could not find hyperparameters for the kernel instance corresponding to the target (batch_size, a, b, c, d, preci"
group1,4,4,4096,4096,64,16,4096,0.488968,0.477200,,"ERROR: Could not find hyperparameters for the kernel instance corresponding to the target (batch_size, a, b, c, d, preci"
group1,4,4,4096,4096,128,8,2,0.083168,0.099947,,"ERROR: Could not find hyperparameters for the kernel instance corresponding to the target (batch_size, a, b, c, d, preci"
group1,4,4,4096,4096,128,8,4,0.083471,0.099509,,"ERROR: Could not find hyperparameters for the kernel instance corresponding to the target (batch_size, a, b, c, d, preci"
group1,4,4,4096,4096,128,8,8,0.083557,0.100348,,"ERROR: Could not find hyperparameters for the kernel instance corresponding to the target (batch_size, a, b, c, d, preci"
group1,4,4,4096,4096,128,8,16,0.083341,0.100277,,"ERROR: Could not find hyperparameters for the kernel instance corresponding to the target (batch_size, a, b, c, d, preci"
group1,4,4,4096,4096,128,8,32,0.083402,0.100277,,"ERROR: Could not find hyperparameters for the kernel instance corresponding to the target (batch_size, a, b, c, d, preci"
group1,4,4,4096,4096,128,8,64,0.083571,0.100625,,"ERROR: Could not find hyperparameters for the kernel instance corresponding to the target (batch_size, a, b, c, d, preci"
group1,4,4,4096,4096,128,8,128,0.083453,0.100467,,"ERROR: Could not find hyperparameters for the kernel instance corresponding to the target (batch_size, a, b, c, d, preci"
group1,4,4,4096,4096,128,8,256,0.083818,0.100052,,"ERROR: Could not find hyperparameters for the kernel instance corresponding to the target (batch_size, a, b, c, d, preci"
group1,4,4,4096,4096,128,8,512,0.085149,0.101048,,"ERROR: Could not find hyperparameters for the kernel instance corresponding to the target (batch_size, a, b, c, d, preci"
group1,4,4,4096,4096,128,8,1024,0.129108,0.124281,,"ERROR: Could not find hyperparameters for the kernel instance corresponding to the target (batch_size, a, b, c, d, preci"
group1,4,4,4096,4096,128,8,2048,0.247603,0.246156,,"ERROR: Could not find hyperparameters for the kernel instance corresponding to the target (batch_size, a, b, c, d, preci"
group1,4,4,4096,4096,128,8,4096,0.488968,0.479358,,"ERROR: Could not find hyperparameters for the kernel instance corresponding to the target (batch_size, a, b, c, d, preci"
group1,4,4,4096,4096,256,4,2,0.083452,0.100096,,"ERROR: Could not find hyperparameters for the kernel instance corresponding to the target (batch_size, a, b, c, d, preci"
group1,4,4,4096,4096,256,4,4,0.083523,0.099905,,"ERROR: Could not find hyperparameters for the kernel instance corresponding to the target (batch_size, a, b, c, d, preci"
group1,4,4,4096,4096,256,4,8,0.083695,0.100554,,"ERROR: Could not find hyperparameters for the kernel instance corresponding to the target (batch_size, a, b, c, d, preci"
group1,4,4,4096,4096,256,4,16,0.083437,0.099968,,"ERROR: Could not find hyperparameters for the kernel instance corresponding to the target (batch_size, a, b, c, d, preci"
group1,4,4,4096,4096,256,4,32,0.083937,0.100584,,"ERROR: Could not find hyperparameters for the kernel instance corresponding to the target (batch_size, a, b, c, d, preci"
group1,4,4,4096,4096,256,4,64,0.084198,0.100173,,"ERROR: Could not find hyperparameters for the kernel instance corresponding to the target (batch_size, a, b, c, d, preci"
group1,4,4,4096,4096,256,4,128,0.083290,0.100453,,"ERROR: Could not find hyperparameters for the kernel instance corresponding to the target (batch_size, a, b, c, d, preci"
group1,4,4,4096,4096,256,4,256,0.084165,0.100106,,"ERROR: Could not find hyperparameters for the kernel instance corresponding to the target (batch_size, a, b, c, d, preci"
group1,4,4,4096,4096,256,4,512,0.085241,0.101338,,"ERROR: Could not find hyperparameters for the kernel instance corresponding to the target (batch_size, a, b, c, d, preci"
group1,4,4,4096,4096,256,4,1024,0.129080,0.124286,,"ERROR: Could not find hyperparameters for the kernel instance corresponding to the target (batch_size, a, b, c, d, preci"
group1,4,4,4096,4096,256,4,2048,0.247606,0.246117,,"ERROR: Could not find hyperparameters for the kernel instance corresponding to the target (batch_size, a, b, c, d, preci"
group1,4,4,4096,4096,256,4,4096,0.488989,0.479323,,"ERROR: Could not find hyperparameters for the kernel instance corresponding to the target (batch_size, a, b, c, d, preci"
group1,4,4,4096,4096,512,2,2,0.083423,0.099788,,"ERROR: Could not find hyperparameters for the kernel instance corresponding to the target (batch_size, a, b, c, d, preci"
group1,4,4,4096,4096,512,2,4,0.083080,0.100239,,"ERROR: Could not find hyperparameters for the kernel instance corresponding to the target (batch_size, a, b, c, d, preci"
group1,4,4,4096,4096,512,2,8,0.083855,0.101199,,"ERROR: Could not find hyperparameters for the kernel instance corresponding to the target (batch_size, a, b, c, d, preci"
group1,4,4,4096,4096,512,2,16,0.083578,0.100794,,"ERROR: Could not find hyperparameters for the kernel instance corresponding to the target (batch_size, a, b, c, d, preci"
group1,4,4,4096,4096,512,2,32,0.083692,0.100621,,"ERROR: Could not find hyperparameters for the kernel instance corresponding to the target (batch_size, a, b, c, d, preci"
group1,4,4,4096,4096,512,2,64,0.083810,0.099984,,"ERROR: Could not find hyperparameters for the kernel instance corresponding to the target (batch_size, a, b, c, d, preci"
group1,4,4,4096,4096,512,2,128,0.083631,0.100111,,"ERROR: Could not find hyperparameters for the kernel instance corresponding to the target (batch_size, a, b, c, d, preci"
group1,4,4,4096,4096,512,2,256,0.083696,0.099982,,"ERROR: Could not find hyperparameters for the kernel instance corresponding to the target (batch_size, a, b, c, d, preci"
group1,4,4,4096,4096,512,2,512,0.085050,0.100864,,"ERROR: Could not find hyperparameters for the kernel instance corresponding to the target (batch_size, a, b, c, d, preci"
group1,4,4,4096,4096,512,2,1024,0.129070,0.124265,,"ERROR: Could not find hyperparameters for the kernel instance corresponding to the target (batch_size, a, b, c, d, preci"
group1,4,4,4096,4096,512,2,2048,0.247605,0.246136,,"ERROR: Could not find hyperparameters for the kernel instance corresponding to the target (batch_size, a, b, c, d, preci"
group1,4,4,4096,4096,512,2,4096,0.489061,0.479348,,"ERROR: Could not find hyperparameters for the kernel instance corresponding to the target (batch_size, a, b, c, d, preci"
group1,4,4,4096,4096,1024,1,2,0.083103,0.063208,,"ERROR: Could not find hyperparameters for the kernel instance corresponding to the target (batch_size, a, b, c, d, preci"
group1,4,4,4096,4096,1024,1,4,0.083654,0.063292,,"ERROR: Could not find hyperparameters for the kernel instance corresponding to the target (batch_size, a, b, c, d, preci"
group1,4,4,4096,4096,1024,1,8,0.083114,0.063455,,"ERROR: Could not find hyperparameters for the kernel instance corresponding to the target (batch_size, a, b, c, d, preci"
group1,4,4,4096,4096,1024,1,16,0.083494,0.063906,,"ERROR: Could not find hyperparameters for the kernel instance corresponding to the target (batch_size, a, b, c, d, preci"
group1,4,4,4096,4096,1024,1,32,0.083623,0.063842,,"ERROR: Could not find hyperparameters for the kernel instance corresponding to the target (batch_size, a, b, c, d, preci"
group1,4,4,4096,4096,1024,1,64,0.083362,0.063506,,"ERROR: Could not find hyperparameters for the kernel instance corresponding to the target (batch_size, a, b, c, d, preci"
group1,4,4,4096,4096,1024,1,128,0.083451,0.063720,,"ERROR: Could not find hyperparameters for the kernel instance corresponding to the target (batch_size, a, b, c, d, preci"
group1,4,4,4096,4096,1024,1,256,0.083198,0.063753,,"ERROR: Could not find hyperparameters for the kernel instance corresponding to the target (batch_size, a, b, c, d, preci"
group1,4,4,4096,4096,1024,1,512,0.084959,0.063991,,"ERROR: Could not find hyperparameters for the kernel instance corresponding to the target (batch_size, a, b, c, d, preci"
group1,4,4,4096,4096,1024,1,1024,0.128298,0.083250,,"ERROR: Could not find hyperparameters for the kernel instance corresponding to the target (batch_size, a, b, c, d, preci"
group1,4,4,4096,4096,1024,1,2048,0.246078,0.165600,,"ERROR: Could not find hyperparameters for the kernel instance corresponding to the target (batch_size, a, b, c, d, preci"
group1,4,4,4096,4096,1024,1,4096,0.487200,0.325288,,"ERROR: Could not find hyperparameters for the kernel instance corresponding to the target (batch_size, a, b, c, d, preci"
group1,4,8,512,1024,1,128,2,0.082433,0.101855,,"ERROR: Could not find hyperparameters for the kernel instance corresponding to the target (batch_size, a, b, c, d, preci"
group1,4,8,512,1024,1,128,4,0.082296,0.102291,,"ERROR: Could not find hyperparameters for the kernel instance corresponding to the target (batch_size, a, b, c, d, preci"
group1,4,8,512,1024,1,128,8,0.082917,0.102335,,"ERROR: Could not find hyperparameters for the kernel instance corresponding to the target (batch_size, a, b, c, d, preci"
group1,4,8,512,1024,1,128,16,0.082670,0.101474,,"ERROR: Could not find hyperparameters for the kernel instance corresponding to the target (batch_size, a, b, c, d, preci"
group1,4,8,512,1024,1,128,32,0.083272,0.102244,,"ERROR: Could not find hyperparameters for the kernel instance corresponding to the target (batch_size, a, b, c, d, preci"
group1,4,8,512,1024,1,128,64,0.082870,0.102155,,"ERROR: Could not find hyperparameters for the kernel instance corresponding to the target (batch_size, a, b, c, d, preci"
group1,4,8,512,1024,1,128,128,0.082741,0.101696,,"ERROR: Could not find hyperparameters for the kernel instance corresponding to the target (batch_size, a, b, c, d, preci"
group1,4,8,512,1024,1,128,256,0.082716,0.102638,,"ERROR: Could not find hyperparameters for the kernel instance corresponding to the target (batch_size, a, b, c, d, preci"
group1,4,8,512,1024,1,128,512,0.083586,0.102450,,"ERROR: Could not find hyperparameters for the kernel instance corresponding to the target (batch_size, a, b, c, d, preci"
group1,4,8,512,1024,1,128,1024,0.083105,0.102078,,"ERROR: Could not find hyperparameters for the kernel instance corresponding to the target (batch_size, a, b, c, d, preci"
group1,4,8,512,1024,1,128,2048,0.083860,0.103247,,"ERROR: Could not find hyperparameters for the kernel instance corresponding to the target (batch_size, a, b, c, d, preci"
group1,4,8,512,1024,1,128,4096,0.091191,0.102850,,"ERROR: Could not find hyperparameters for the kernel instance corresponding to the target (batch_size, a, b, c, d, preci"
group1,4,8,512,1024,2,64,2,0.082752,0.099080,,"ERROR: Could not find hyperparameters for the kernel instance corresponding to the target (batch_size, a, b, c, d, preci"
group1,4,8,512,1024,2,64,4,0.083214,0.099452,,"ERROR: Could not find hyperparameters for the kernel instance corresponding to the target (batch_size, a, b, c, d, preci"
group1,4,8,512,1024,2,64,8,0.083159,0.099633,,"ERROR: Could not find hyperparameters for the kernel instance corresponding to the target (batch_size, a, b, c, d, preci"
group1,4,8,512,1024,2,64,16,0.082842,0.099956,,"ERROR: Could not find hyperparameters for the kernel instance corresponding to the target (batch_size, a, b, c, d, preci"
group1,4,8,512,1024,2,64,32,0.083527,0.099929,,"ERROR: Could not find hyperparameters for the kernel instance corresponding to the target (batch_size, a, b, c, d, preci"
group1,4,8,512,1024,2,64,64,0.083117,0.099095,,"ERROR: Could not find hyperparameters for the kernel instance corresponding to the target (batch_size, a, b, c, d, preci"
group1,4,8,512,1024,2,64,128,0.082976,0.099253,,"ERROR: Could not find hyperparameters for the kernel instance corresponding to the target (batch_size, a, b, c, d, preci"
group1,4,8,512,1024,2,64,256,0.083029,0.099791,,"ERROR: Could not find hyperparameters for the kernel instance corresponding to the target (batch_size, a, b, c, d, preci"
group1,4,8,512,1024,2,64,512,0.083473,0.099538,,"ERROR: Could not find hyperparameters for the kernel instance corresponding to the target (batch_size, a, b, c, d, preci"
group1,4,8,512,1024,2,64,1024,0.083885,0.099555,,"ERROR: Could not find hyperparameters for the kernel instance corresponding to the target (batch_size, a, b, c, d, preci"
group1,4,8,512,1024,2,64,2048,0.084322,0.099748,,"ERROR: Could not find hyperparameters for the kernel instance corresponding to the target (batch_size, a, b, c, d, preci"
group1,4,8,512,1024,2,64,4096,0.091092,0.099748,,"ERROR: Could not find hyperparameters for the kernel instance corresponding to the target (batch_size, a, b, c, d, preci"
group1,4,8,512,1024,4,32,2,0.082723,0.098822,,"ERROR: Could not find hyperparameters for the kernel instance corresponding to the target (batch_size, a, b, c, d, preci"
group1,4,8,512,1024,4,32,4,0.082542,0.099321,,"ERROR: Could not find hyperparameters for the kernel instance corresponding to the target (batch_size, a, b, c, d, preci"
group1,4,8,512,1024,4,32,8,0.082656,0.099340,,"ERROR: Could not find hyperparameters for the kernel instance corresponding to the target (batch_size, a, b, c, d, preci"
group1,4,8,512,1024,4,32,16,0.082308,0.099473,,"ERROR: Could not find hyperparameters for the kernel instance corresponding to the target (batch_size, a, b, c, d, preci"
group1,4,8,512,1024,4,32,32,0.082967,0.099276,,"ERROR: Could not find hyperparameters for the kernel instance corresponding to the target (batch_size, a, b, c, d, preci"
group1,4,8,512,1024,4,32,64,0.083001,0.099363,,"ERROR: Could not find hyperparameters for the kernel instance corresponding to the target (batch_size, a, b, c, d, preci"
group1,4,8,512,1024,4,32,128,0.083347,0.099241,,"ERROR: Could not find hyperparameters for the kernel instance corresponding to the target (batch_size, a, b, c, d, preci"
group1,4,8,512,1024,4,32,256,0.083243,0.100152,,"ERROR: Could not find hyperparameters for the kernel instance corresponding to the target (batch_size, a, b, c, d, preci"
group1,4,8,512,1024,4,32,512,0.083732,0.099743,,"ERROR: Could not find hyperparameters for the kernel instance corresponding to the target (batch_size, a, b, c, d, preci"
group1,4,8,512,1024,4,32,1024,0.083943,0.099190,,"ERROR: Could not find hyperparameters for the kernel instance corresponding to the target (batch_size, a, b, c, d, preci"
group1,4,8,512,1024,4,32,2048,0.083499,0.100095,,"ERROR: Could not find hyperparameters for the kernel instance corresponding to the target (batch_size, a, b, c, d, preci"
group1,4,8,512,1024,4,32,4096,0.091083,0.099768,,"ERROR: Could not find hyperparameters for the kernel instance corresponding to the target (batch_size, a, b, c, d, preci"
group1,4,8,512,1024,8,16,2,0.082403,0.099314,,"ERROR: Could not find hyperparameters for the kernel instance corresponding to the target (batch_size, a, b, c, d, preci"
group1,4,8,512,1024,8,16,4,0.082392,0.099362,,"ERROR: Could not find hyperparameters for the kernel instance corresponding to the target (batch_size, a, b, c, d, preci"
group1,4,8,512,1024,8,16,8,0.083338,0.099073,,"ERROR: Could not find hyperparameters for the kernel instance corresponding to the target (batch_size, a, b, c, d, preci"
group1,4,8,512,1024,8,16,16,0.081943,0.099127,,"ERROR: Could not find hyperparameters for the kernel instance corresponding to the target (batch_size, a, b, c, d, preci"
group1,4,8,512,1024,8,16,32,0.082961,0.099281,,"ERROR: Could not find hyperparameters for the kernel instance corresponding to the target (batch_size, a, b, c, d, preci"
group1,4,8,512,1024,8,16,64,0.083130,0.098900,,"ERROR: Could not find hyperparameters for the kernel instance corresponding to the target (batch_size, a, b, c, d, preci"
group1,4,8,512,1024,8,16,128,0.083049,0.099495,,"ERROR: Could not find hyperparameters for the kernel instance corresponding to the target (batch_size, a, b, c, d, preci"
group1,4,8,512,1024,8,16,256,0.082913,0.099429,,"ERROR: Could not find hyperparameters for the kernel instance corresponding to the target (batch_size, a, b, c, d, preci"
group1,4,8,512,1024,8,16,512,0.083764,0.099437,,"ERROR: Could not find hyperparameters for the kernel instance corresponding to the target (batch_size, a, b, c, d, preci"
group1,4,8,512,1024,8,16,1024,0.083610,0.099403,,"ERROR: Could not find hyperparameters for the kernel instance corresponding to the target (batch_size, a, b, c, d, preci"
group1,4,8,512,1024,8,16,2048,0.083983,0.099609,,"ERROR: Could not find hyperparameters for the kernel instance corresponding to the target (batch_size, a, b, c, d, preci"
group1,4,8,512,1024,8,16,4096,0.091116,0.099733,,"ERROR: Could not find hyperparameters for the kernel instance corresponding to the target (batch_size, a, b, c, d, preci"
group1,4,8,512,1024,16,8,2,0.082645,0.098853,,"ERROR: Could not find hyperparameters for the kernel instance corresponding to the target (batch_size, a, b, c, d, preci"
group1,4,8,512,1024,16,8,4,0.083125,0.099497,,"ERROR: Could not find hyperparameters for the kernel instance corresponding to the target (batch_size, a, b, c, d, preci"
group1,4,8,512,1024,16,8,8,0.082601,0.099863,,"ERROR: Could not find hyperparameters for the kernel instance corresponding to the target (batch_size, a, b, c, d, preci"
group1,4,8,512,1024,16,8,16,0.082686,0.099657,,"ERROR: Could not find hyperparameters for the kernel instance corresponding to the target (batch_size, a, b, c, d, preci"
group1,4,8,512,1024,16,8,32,0.082960,0.100217,,"ERROR: Could not find hyperparameters for the kernel instance corresponding to the target (batch_size, a, b, c, d, preci"
group1,4,8,512,1024,16,8,64,0.083256,0.099708,,"ERROR: Could not find hyperparameters for the kernel instance corresponding to the target (batch_size, a, b, c, d, preci"
group1,4,8,512,1024,16,8,128,0.082934,0.099971,,"ERROR: Could not find hyperparameters for the kernel instance corresponding to the target (batch_size, a, b, c, d, preci"
group1,4,8,512,1024,16,8,256,0.083174,0.099890,,"ERROR: Could not find hyperparameters for the kernel instance corresponding to the target (batch_size, a, b, c, d, preci"
group1,4,8,512,1024,16,8,512,0.083451,0.100125,,"ERROR: Could not find hyperparameters for the kernel instance corresponding to the target (batch_size, a, b, c, d, preci"
group1,4,8,512,1024,16,8,1024,0.083732,0.099379,,"ERROR: Could not find hyperparameters for the kernel instance corresponding to the target (batch_size, a, b, c, d, preci"
group1,4,8,512,1024,16,8,2048,0.083823,0.100012,,"ERROR: Could not find hyperparameters for the kernel instance corresponding to the target (batch_size, a, b, c, d, preci"
group1,4,8,512,1024,16,8,4096,0.091092,0.100248,,"ERROR: Could not find hyperparameters for the kernel instance corresponding to the target (batch_size, a, b, c, d, preci"
group1,4,8,512,1024,32,4,2,0.082303,0.099305,,"ERROR: Could not find hyperparameters for the kernel instance corresponding to the target (batch_size, a, b, c, d, preci"
group1,4,8,512,1024,32,4,4,0.083032,0.099418,,"ERROR: Could not find hyperparameters for the kernel instance corresponding to the target (batch_size, a, b, c, d, preci"
group1,4,8,512,1024,32,4,8,0.082526,0.099626,,"ERROR: Could not find hyperparameters for the kernel instance corresponding to the target (batch_size, a, b, c, d, preci"
group1,4,8,512,1024,32,4,16,0.083295,0.099727,,"ERROR: Could not find hyperparameters for the kernel instance corresponding to the target (batch_size, a, b, c, d, preci"
group1,4,8,512,1024,32,4,32,0.083081,0.099310,,"ERROR: Could not find hyperparameters for the kernel instance corresponding to the target (batch_size, a, b, c, d, preci"
group1,4,8,512,1024,32,4,64,0.083516,0.099260,,"ERROR: Could not find hyperparameters for the kernel instance corresponding to the target (batch_size, a, b, c, d, preci"
group1,4,8,512,1024,32,4,128,0.083340,0.099343,,"ERROR: Could not find hyperparameters for the kernel instance corresponding to the target (batch_size, a, b, c, d, preci"
group1,4,8,512,1024,32,4,256,0.083016,0.099336,,"ERROR: Could not find hyperparameters for the kernel instance corresponding to the target (batch_size, a, b, c, d, preci"
group1,4,8,512,1024,32,4,512,0.084115,0.099492,,"ERROR: Could not find hyperparameters for the kernel instance corresponding to the target (batch_size, a, b, c, d, preci"
group1,4,8,512,1024,32,4,1024,0.084035,0.099428,,"ERROR: Could not find hyperparameters for the kernel instance corresponding to the target (batch_size, a, b, c, d, preci"
group1,4,8,512,1024,32,4,2048,0.084427,0.100325,,"ERROR: Could not find hyperparameters for the kernel instance corresponding to the target (batch_size, a, b, c, d, preci"
group1,4,8,512,1024,32,4,4096,0.091109,0.100170,,"ERROR: Could not find hyperparameters for the kernel instance corresponding to the target (batch_size, a, b, c, d, preci"
group1,4,8,512,1024,64,2,2,0.083169,0.099558,,"ERROR: Could not find hyperparameters for the kernel instance corresponding to the target (batch_size, a, b, c, d, preci"
group1,4,8,512,1024,64,2,4,0.083307,0.099558,,"ERROR: Could not find hyperparameters for the kernel instance corresponding to the target (batch_size, a, b, c, d, preci"
group1,4,8,512,1024,64,2,8,0.083085,0.099616,,"ERROR: Could not find hyperparameters for the kernel instance corresponding to the target (batch_size, a, b, c, d, preci"
group1,4,8,512,1024,64,2,16,0.083552,0.099770,,"ERROR: Could not find hyperparameters for the kernel instance corresponding to the target (batch_size, a, b, c, d, preci"
group1,4,8,512,1024,64,2,32,0.083644,0.100257,,"ERROR: Could not find hyperparameters for the kernel instance corresponding to the target (batch_size, a, b, c, d, preci"
group1,4,8,512,1024,64,2,64,0.083458,0.099666,,"ERROR: Could not find hyperparameters for the kernel instance corresponding to the target (batch_size, a, b, c, d, preci"
group1,4,8,512,1024,64,2,128,0.083333,0.100094,,"ERROR: Could not find hyperparameters for the kernel instance corresponding to the target (batch_size, a, b, c, d, preci"
group1,4,8,512,1024,64,2,256,0.083975,0.100323,,"ERROR: Could not find hyperparameters for the kernel instance corresponding to the target (batch_size, a, b, c, d, preci"
group1,4,8,512,1024,64,2,512,0.084157,0.099864,,"ERROR: Could not find hyperparameters for the kernel instance corresponding to the target (batch_size, a, b, c, d, preci"
group1,4,8,512,1024,64,2,1024,0.084294,0.099347,,"ERROR: Could not find hyperparameters for the kernel instance corresponding to the target (batch_size, a, b, c, d, preci"
group1,4,8,512,1024,64,2,2048,0.084812,0.099964,,"ERROR: Could not find hyperparameters for the kernel instance corresponding to the target (batch_size, a, b, c, d, preci"
group1,4,8,512,1024,64,2,4096,0.091100,0.100009,,"ERROR: Could not find hyperparameters for the kernel instance corresponding to the target (batch_size, a, b, c, d, preci"
group1,4,8,512,1024,128,1,2,0.083384,0.062940,,"ERROR: Could not find hyperparameters for the kernel instance corresponding to the target (batch_size, a, b, c, d, preci"
group1,4,8,512,1024,128,1,4,0.083526,0.062871,,"ERROR: Could not find hyperparameters for the kernel instance corresponding to the target (batch_size, a, b, c, d, preci"
group1,4,8,512,1024,128,1,8,0.083346,0.063235,,"ERROR: Could not find hyperparameters for the kernel instance corresponding to the target (batch_size, a, b, c, d, preci"
group1,4,8,512,1024,128,1,16,0.083788,0.063391,,"ERROR: Could not find hyperparameters for the kernel instance corresponding to the target (batch_size, a, b, c, d, preci"
group1,4,8,512,1024,128,1,32,0.082756,0.063155,,"ERROR: Could not find hyperparameters for the kernel instance corresponding to the target (batch_size, a, b, c, d, preci"
group1,4,8,512,1024,128,1,64,0.083657,0.063573,,"ERROR: Could not find hyperparameters for the kernel instance corresponding to the target (batch_size, a, b, c, d, preci"
group1,4,8,512,1024,128,1,128,0.083294,0.063156,,"ERROR: Could not find hyperparameters for the kernel instance corresponding to the target (batch_size, a, b, c, d, preci"
group1,4,8,512,1024,128,1,256,0.083347,0.063175,,"ERROR: Could not find hyperparameters for the kernel instance corresponding to the target (batch_size, a, b, c, d, preci"
group1,4,8,512,1024,128,1,512,0.083910,0.063166,,"ERROR: Could not find hyperparameters for the kernel instance corresponding to the target (batch_size, a, b, c, d, preci"
group1,4,8,512,1024,128,1,1024,0.084633,0.063703,,"ERROR: Could not find hyperparameters for the kernel instance corresponding to the target (batch_size, a, b, c, d, preci"
group1,4,8,512,1024,128,1,2048,0.084572,0.063423,,"ERROR: Could not find hyperparameters for the kernel instance corresponding to the target (batch_size, a, b, c, d, preci"
group1,4,8,512,1024,128,1,4096,0.090790,0.063169,,"ERROR: Could not find hyperparameters for the kernel instance corresponding to the target (batch_size, a, b, c, d, preci"
group1,4,8,1024,2048,1,256,2,0.082503,0.102084,,"ERROR: Could not find hyperparameters for the kernel instance corresponding to the target (batch_size, a, b, c, d, preci"
group1,4,8,1024,2048,1,256,4,0.083206,0.102718,,"ERROR: Could not find hyperparameters for the kernel instance corresponding to the target (batch_size, a, b, c, d, preci"
group1,4,8,1024,2048,1,256,8,0.083038,0.102735,,"ERROR: Could not find hyperparameters for the kernel instance corresponding to the target (batch_size, a, b, c, d, preci"
group1,4,8,1024,2048,1,256,16,0.083123,0.102693,,"ERROR: Could not find hyperparameters for the kernel instance corresponding to the target (batch_size, a, b, c, d, preci"
group1,4,8,1024,2048,1,256,32,0.082999,0.102673,,"ERROR: Could not find hyperparameters for the kernel instance corresponding to the target (batch_size, a, b, c, d, preci"
group1,4,8,1024,2048,1,256,64,0.082606,0.102087,,"ERROR: Could not find hyperparameters for the kernel instance corresponding to the target (batch_size, a, b, c, d, preci"
group1,4,8,1024,2048,1,256,128,0.082884,0.102544,,"ERROR: Could not find hyperparameters for the kernel instance corresponding to the target (batch_size, a, b, c, d, preci"
group1,4,8,1024,2048,1,256,256,0.082281,0.101683,,"ERROR: Could not find hyperparameters for the kernel instance corresponding to the target (batch_size, a, b, c, d, preci"
group1,4,8,1024,2048,1,256,512,0.083859,0.102366,,"ERROR: Could not find hyperparameters for the kernel instance corresponding to the target (batch_size, a, b, c, d, preci"
group1,4,8,1024,2048,1,256,1024,0.083920,0.103403,,"ERROR: Could not find hyperparameters for the kernel instance corresponding to the target (batch_size, a, b, c, d, preci"
group1,4,8,1024,2048,1,256,2048,0.091844,0.102680,,"ERROR: Could not find hyperparameters for the kernel instance corresponding to the target (batch_size, a, b, c, d, preci"
group1,4,8,1024,2048,1,256,4096,0.175044,0.152880,,"ERROR: Could not find hyperparameters for the kernel instance corresponding to the target (batch_size, a, b, c, d, preci"
group1,4,8,1024,2048,2,128,2,0.082801,0.098926,,"ERROR: Could not find hyperparameters for the kernel instance corresponding to the target (batch_size, a, b, c, d, preci"
group1,4,8,1024,2048,2,128,4,0.082934,0.100015,,"ERROR: Could not find hyperparameters for the kernel instance corresponding to the target (batch_size, a, b, c, d, preci"
group1,4,8,1024,2048,2,128,8,0.082994,0.099883,,"ERROR: Could not find hyperparameters for the kernel instance corresponding to the target (batch_size, a, b, c, d, preci"
group1,4,8,1024,2048,2,128,16,0.083749,0.099279,,"ERROR: Could not find hyperparameters for the kernel instance corresponding to the target (batch_size, a, b, c, d, preci"
group1,4,8,1024,2048,2,128,32,0.083837,0.099801,,"ERROR: Could not find hyperparameters for the kernel instance corresponding to the target (batch_size, a, b, c, d, preci"
group1,4,8,1024,2048,2,128,64,0.083667,0.099726,,"ERROR: Could not find hyperparameters for the kernel instance corresponding to the target (batch_size, a, b, c, d, preci"
group1,4,8,1024,2048,2,128,128,0.083871,0.100326,,"ERROR: Could not find hyperparameters for the kernel instance corresponding to the target (batch_size, a, b, c, d, preci"
group1,4,8,1024,2048,2,128,256,0.083356,0.100172,,"ERROR: Could not find hyperparameters for the kernel instance corresponding to the target (batch_size, a, b, c, d, preci"
group1,4,8,1024,2048,2,128,512,0.083541,0.099729,,"ERROR: Could not find hyperparameters for the kernel instance corresponding to the target (batch_size, a, b, c, d, preci"
group1,4,8,1024,2048,2,128,1024,0.084174,0.100613,,"ERROR: Could not find hyperparameters for the kernel instance corresponding to the target (batch_size, a, b, c, d, preci"
group1,4,8,1024,2048,2,128,2048,0.091875,0.100407,,"ERROR: Could not find hyperparameters for the kernel instance corresponding to the target (batch_size, a, b, c, d, preci"
group1,4,8,1024,2048,2,128,4096,0.175130,0.151874,,"ERROR: Could not find hyperparameters for the kernel instance corresponding to the target (batch_size, a, b, c, d, preci"
group1,4,8,1024,2048,4,64,2,0.082652,0.099290,,"ERROR: Could not find hyperparameters for the kernel instance corresponding to the target (batch_size, a, b, c, d, preci"
group1,4,8,1024,2048,4,64,4,0.083121,0.099848,,"ERROR: Could not find hyperparameters for the kernel instance corresponding to the target (batch_size, a, b, c, d, preci"
group1,4,8,1024,2048,4,64,8,0.082860,0.099269,,"ERROR: Could not find hyperparameters for the kernel instance corresponding to the target (batch_size, a, b, c, d, preci"
group1,4,8,1024,2048,4,64,16,0.082775,0.099536,,"ERROR: Could not find hyperparameters for the kernel instance corresponding to the target (batch_size, a, b, c, d, preci"
group1,4,8,1024,2048,4,64,32,0.083212,0.099748,,"ERROR: Could not find hyperparameters for the kernel instance corresponding to the target (batch_size, a, b, c, d, preci"
group1,4,8,1024,2048,4,64,64,0.083484,0.099742,,"ERROR: Could not find hyperparameters for the kernel instance corresponding to the target (batch_size, a, b, c, d, preci"
group1,4,8,1024,2048,4,64,128,0.083166,0.099944,,"ERROR: Could not find hyperparameters for the kernel instance corresponding to the target (batch_size, a, b, c, d, preci"
group1,4,8,1024,2048,4,64,256,0.082755,0.099314,,"ERROR: Could not find hyperparameters for the kernel instance corresponding to the target (batch_size, a, b, c, d, preci"
group1,4,8,1024,2048,4,64,512,0.083937,0.099737,,"ERROR: Could not find hyperparameters for the kernel instance corresponding to the target (batch_size, a, b, c, d, preci"
group1,4,8,1024,2048,4,64,1024,0.084003,0.100077,,"ERROR: Could not find hyperparameters for the kernel instance corresponding to the target (batch_size, a, b, c, d, preci"
group1,4,8,1024,2048,4,64,2048,0.091852,0.099699,,"ERROR: Could not find hyperparameters for the kernel instance corresponding to the target (batch_size, a, b, c, d, preci"
group1,4,8,1024,2048,4,64,4096,0.175186,0.151570,,"ERROR: Could not find hyperparameters for the kernel instance corresponding to the target (batch_size, a, b, c, d, preci"
group1,4,8,1024,2048,8,32,2,0.082635,0.099137,,"ERROR: Could not find hyperparameters for the kernel instance corresponding to the target (batch_size, a, b, c, d, preci"
group1,4,8,1024,2048,8,32,4,0.083018,0.099873,,"ERROR: Could not find hyperparameters for the kernel instance corresponding to the target (batch_size, a, b, c, d, preci"
group1,4,8,1024,2048,8,32,8,0.083016,0.099985,,"ERROR: Could not find hyperparameters for the kernel instance corresponding to the target (batch_size, a, b, c, d, preci"
group1,4,8,1024,2048,8,32,16,0.083370,0.100122,,"ERROR: Could not find hyperparameters for the kernel instance corresponding to the target (batch_size, a, b, c, d, preci"
group1,4,8,1024,2048,8,32,32,0.083025,0.099561,,"ERROR: Could not find hyperparameters for the kernel instance corresponding to the target (batch_size, a, b, c, d, preci"
group1,4,8,1024,2048,8,32,64,0.083454,0.099010,,"ERROR: Could not find hyperparameters for the kernel instance corresponding to the target (batch_size, a, b, c, d, preci"
group1,4,8,1024,2048,8,32,128,0.083680,0.099465,,"ERROR: Could not find hyperparameters for the kernel instance corresponding to the target (batch_size, a, b, c, d, preci"
group1,4,8,1024,2048,8,32,256,0.084078,0.099598,,"ERROR: Could not find hyperparameters for the kernel instance corresponding to the target (batch_size, a, b, c, d, preci"
group1,4,8,1024,2048,8,32,512,0.084202,0.099532,,"ERROR: Could not find hyperparameters for the kernel instance corresponding to the target (batch_size, a, b, c, d, preci"
group1,4,8,1024,2048,8,32,1024,0.084539,0.100852,,"ERROR: Could not find hyperparameters for the kernel instance corresponding to the target (batch_size, a, b, c, d, preci"
group1,4,8,1024,2048,8,32,2048,0.091835,0.099825,,"ERROR: Could not find hyperparameters for the kernel instance corresponding to the target (batch_size, a, b, c, d, preci"
group1,4,8,1024,2048,8,32,4096,0.175213,0.153263,,"ERROR: Could not find hyperparameters for the kernel instance corresponding to the target (batch_size, a, b, c, d, preci"
group1,4,8,1024,2048,16,16,2,0.083428,0.099101,,"ERROR: Could not find hyperparameters for the kernel instance corresponding to the target (batch_size, a, b, c, d, preci"
group1,4,8,1024,2048,16,16,4,0.083199,0.099100,,"ERROR: Could not find hyperparameters for the kernel instance corresponding to the target (batch_size, a, b, c, d, preci"
group1,4,8,1024,2048,16,16,8,0.083341,0.099007,,"ERROR: Could not find hyperparameters for the kernel instance corresponding to the target (batch_size, a, b, c, d, preci"
group1,4,8,1024,2048,16,16,16,0.083340,0.099569,,"ERROR: Could not find hyperparameters for the kernel instance corresponding to the target (batch_size, a, b, c, d, preci"
group1,4,8,1024,2048,16,16,32,0.083415,0.099467,,"ERROR: Could not find hyperparameters for the kernel instance corresponding to the target (batch_size, a, b, c, d, preci"
group1,4,8,1024,2048,16,16,64,0.083544,0.099250,,"ERROR: Could not find hyperparameters for the kernel instance corresponding to the target (batch_size, a, b, c, d, preci"
group1,4,8,1024,2048,16,16,128,0.083137,0.099281,,"ERROR: Could not find hyperparameters for the kernel instance corresponding to the target (batch_size, a, b, c, d, preci"
group1,4,8,1024,2048,16,16,256,0.083615,0.100152,,"ERROR: Could not find hyperparameters for the kernel instance corresponding to the target (batch_size, a, b, c, d, preci"
group1,4,8,1024,2048,16,16,512,0.084169,0.099805,,"ERROR: Could not find hyperparameters for the kernel instance corresponding to the target (batch_size, a, b, c, d, preci"
group1,4,8,1024,2048,16,16,1024,0.083969,0.100252,,"ERROR: Could not find hyperparameters for the kernel instance corresponding to the target (batch_size, a, b, c, d, preci"
group1,4,8,1024,2048,16,16,2048,0.091871,0.100270,,"ERROR: Could not find hyperparameters for the kernel instance corresponding to the target (batch_size, a, b, c, d, preci"
group1,4,8,1024,2048,16,16,4096,0.175176,0.155653,,"ERROR: Could not find hyperparameters for the kernel instance corresponding to the target (batch_size, a, b, c, d, preci"
group1,4,8,1024,2048,32,8,2,0.083694,0.099227,,"ERROR: Could not find hyperparameters for the kernel instance corresponding to the target (batch_size, a, b, c, d, preci"
group1,4,8,1024,2048,32,8,4,0.083214,0.099170,,"ERROR: Could not find hyperparameters for the kernel instance corresponding to the target (batch_size, a, b, c, d, preci"
group1,4,8,1024,2048,32,8,8,0.083750,0.099334,,"ERROR: Could not find hyperparameters for the kernel instance corresponding to the target (batch_size, a, b, c, d, preci"
group1,4,8,1024,2048,32,8,16,0.083138,0.100250,,"ERROR: Could not find hyperparameters for the kernel instance corresponding to the target (batch_size, a, b, c, d, preci"
group1,4,8,1024,2048,32,8,32,0.083359,0.099374,,"ERROR: Could not find hyperparameters for the kernel instance corresponding to the target (batch_size, a, b, c, d, preci"
group1,4,8,1024,2048,32,8,64,0.083297,0.099063,,"ERROR: Could not find hyperparameters for the kernel instance corresponding to the target (batch_size, a, b, c, d, preci"
group1,4,8,1024,2048,32,8,128,0.083371,0.099295,,"ERROR: Could not find hyperparameters for the kernel instance corresponding to the target (batch_size, a, b, c, d, preci"
group1,4,8,1024,2048,32,8,256,0.083600,0.099096,,"ERROR: Could not find hyperparameters for the kernel instance corresponding to the target (batch_size, a, b, c, d, preci"
group1,4,8,1024,2048,32,8,512,0.084158,0.099960,,"ERROR: Could not find hyperparameters for the kernel instance corresponding to the target (batch_size, a, b, c, d, preci"
group1,4,8,1024,2048,32,8,1024,0.084485,0.100036,,"ERROR: Could not find hyperparameters for the kernel instance corresponding to the target (batch_size, a, b, c, d, preci"
group1,4,8,1024,2048,32,8,2048,0.091876,0.099945,,"ERROR: Could not find hyperparameters for the kernel instance corresponding to the target (batch_size, a, b, c, d, preci"
group1,4,8,1024,2048,32,8,4096,0.175192,0.156281,,"ERROR: Could not find hyperparameters for the kernel instance corresponding to the target (batch_size, a, b, c, d, preci"
group1,4,8,1024,2048,64,4,2,0.083588,0.099212,,"ERROR: Could not find hyperparameters for the kernel instance corresponding to the target (batch_size, a, b, c, d, preci"
group1,4,8,1024,2048,64,4,4,0.083289,0.099168,,"ERROR: Could not find hyperparameters for the kernel instance corresponding to the target (batch_size, a, b, c, d, preci"
group1,4,8,1024,2048,64,4,8,0.083393,0.099130,,"ERROR: Could not find hyperparameters for the kernel instance corresponding to the target (batch_size, a, b, c, d, preci"
group1,4,8,1024,2048,64,4,16,0.083923,0.099815,,"ERROR: Could not find hyperparameters for the kernel instance corresponding to the target (batch_size, a, b, c, d, preci"
group1,4,8,1024,2048,64,4,32,0.083609,0.099492,,"ERROR: Could not find hyperparameters for the kernel instance corresponding to the target (batch_size, a, b, c, d, preci"
group1,4,8,1024,2048,64,4,64,0.083411,0.099213,,"ERROR: Could not find hyperparameters for the kernel instance corresponding to the target (batch_size, a, b, c, d, preci"
group1,4,8,1024,2048,64,4,128,0.083667,0.099555,,"ERROR: Could not find hyperparameters for the kernel instance corresponding to the target (batch_size, a, b, c, d, preci"
group1,4,8,1024,2048,64,4,256,0.083665,0.099418,,"ERROR: Could not find hyperparameters for the kernel instance corresponding to the target (batch_size, a, b, c, d, preci"
group1,4,8,1024,2048,64,4,512,0.084325,0.099362,,"ERROR: Could not find hyperparameters for the kernel instance corresponding to the target (batch_size, a, b, c, d, preci"
group1,4,8,1024,2048,64,4,1024,0.084501,0.100494,,"ERROR: Could not find hyperparameters for the kernel instance corresponding to the target (batch_size, a, b, c, d, preci"
group1,4,8,1024,2048,64,4,2048,0.091884,0.100423,,"ERROR: Could not find hyperparameters for the kernel instance corresponding to the target (batch_size, a, b, c, d, preci"
group1,4,8,1024,2048,64,4,4096,0.175237,0.157236,,"ERROR: Could not find hyperparameters for the kernel instance corresponding to the target (batch_size, a, b, c, d, preci"
group1,4,8,1024,2048,128,2,2,0.083643,0.099324,,"ERROR: Could not find hyperparameters for the kernel instance corresponding to the target (batch_size, a, b, c, d, preci"
group1,4,8,1024,2048,128,2,4,0.083196,0.099561,,"ERROR: Could not find hyperparameters for the kernel instance corresponding to the target (batch_size, a, b, c, d, preci"
group1,4,8,1024,2048,128,2,8,0.083281,0.098741,,"ERROR: Could not find hyperparameters for the kernel instance corresponding to the target (batch_size, a, b, c, d, preci"
group1,4,8,1024,2048,128,2,16,0.083497,0.099463,,"ERROR: Could not find hyperparameters for the kernel instance corresponding to the target (batch_size, a, b, c, d, preci"
group1,4,8,1024,2048,128,2,32,0.083335,0.099984,,"ERROR: Could not find hyperparameters for the kernel instance corresponding to the target (batch_size, a, b, c, d, preci"
group1,4,8,1024,2048,128,2,64,0.083407,0.099256,,"ERROR: Could not find hyperparameters for the kernel instance corresponding to the target (batch_size, a, b, c, d, preci"
group1,4,8,1024,2048,128,2,128,0.083319,0.099329,,"ERROR: Could not find hyperparameters for the kernel instance corresponding to the target (batch_size, a, b, c, d, preci"
group1,4,8,1024,2048,128,2,256,0.083293,0.099743,,"ERROR: Could not find hyperparameters for the kernel instance corresponding to the target (batch_size, a, b, c, d, preci"
group1,4,8,1024,2048,128,2,512,0.083632,0.099917,,"ERROR: Could not find hyperparameters for the kernel instance corresponding to the target (batch_size, a, b, c, d, preci"
group1,4,8,1024,2048,128,2,1024,0.084247,0.100036,,"ERROR: Could not find hyperparameters for the kernel instance corresponding to the target (batch_size, a, b, c, d, preci"
group1,4,8,1024,2048,128,2,2048,0.091862,0.100209,,"ERROR: Could not find hyperparameters for the kernel instance corresponding to the target (batch_size, a, b, c, d, preci"
group1,4,8,1024,2048,128,2,4096,0.175255,0.157207,,"ERROR: Could not find hyperparameters for the kernel instance corresponding to the target (batch_size, a, b, c, d, preci"
group1,4,8,1024,2048,256,1,2,0.082984,0.063341,,"ERROR: Could not find hyperparameters for the kernel instance corresponding to the target (batch_size, a, b, c, d, preci"
group1,4,8,1024,2048,256,1,4,0.082971,0.063306,,"ERROR: Could not find hyperparameters for the kernel instance corresponding to the target (batch_size, a, b, c, d, preci"
group1,4,8,1024,2048,256,1,8,0.083317,0.063637,,"ERROR: Could not find hyperparameters for the kernel instance corresponding to the target (batch_size, a, b, c, d, preci"
group1,4,8,1024,2048,256,1,16,0.083239,0.063282,,"ERROR: Could not find hyperparameters for the kernel instance corresponding to the target (batch_size, a, b, c, d, preci"
group1,4,8,1024,2048,256,1,32,0.083578,0.063655,,"ERROR: Could not find hyperparameters for the kernel instance corresponding to the target (batch_size, a, b, c, d, preci"
group1,4,8,1024,2048,256,1,64,0.083263,0.063232,,"ERROR: Could not find hyperparameters for the kernel instance corresponding to the target (batch_size, a, b, c, d, preci"
group1,4,8,1024,2048,256,1,128,0.083070,0.063355,,"ERROR: Could not find hyperparameters for the kernel instance corresponding to the target (batch_size, a, b, c, d, preci"
group1,4,8,1024,2048,256,1,256,0.082839,0.063250,,"ERROR: Could not find hyperparameters for the kernel instance corresponding to the target (batch_size, a, b, c, d, preci"
group1,4,8,1024,2048,256,1,512,0.083497,0.063382,,"ERROR: Could not find hyperparameters for the kernel instance corresponding to the target (batch_size, a, b, c, d, preci"
group1,4,8,1024,2048,256,1,1024,0.084066,0.063366,,"ERROR: Could not find hyperparameters for the kernel instance corresponding to the target (batch_size, a, b, c, d, preci"
group1,4,8,1024,2048,256,1,2048,0.091502,0.063131,,"ERROR: Could not find hyperparameters for the kernel instance corresponding to the target (batch_size, a, b, c, d, preci"
group1,4,8,1024,2048,256,1,4096,0.174603,0.095241,,"ERROR: Could not find hyperparameters for the kernel instance corresponding to the target (batch_size, a, b, c, d, preci"
group1,4,8,2048,4096,1,512,2,0.083092,0.102417,,"ERROR: Could not find hyperparameters for the kernel instance corresponding to the target (batch_size, a, b, c, d, preci"
group1,4,8,2048,4096,1,512,4,0.083424,0.102885,,"ERROR: Could not find hyperparameters for the kernel instance corresponding to the target (batch_size, a, b, c, d, preci"
group1,4,8,2048,4096,1,512,8,0.083380,0.102803,,"ERROR: Could not find hyperparameters for the kernel instance corresponding to the target (batch_size, a, b, c, d, preci"
group1,4,8,2048,4096,1,512,16,0.084012,0.103371,,"ERROR: Could not find hyperparameters for the kernel instance corresponding to the target (batch_size, a, b, c, d, preci"
group1,4,8,2048,4096,1,512,32,0.083617,0.103371,,"ERROR: Could not find hyperparameters for the kernel instance corresponding to the target (batch_size, a, b, c, d, preci"
group1,4,8,2048,4096,1,512,64,0.083403,0.103054,,"ERROR: Could not find hyperparameters for the kernel instance corresponding to the target (batch_size, a, b, c, d, preci"
group1,4,8,2048,4096,1,512,128,0.083700,0.103496,,"ERROR: Could not find hyperparameters for the kernel instance corresponding to the target (batch_size, a, b, c, d, preci"
group1,4,8,2048,4096,1,512,256,0.084445,0.102722,,"ERROR: Could not find hyperparameters for the kernel instance corresponding to the target (batch_size, a, b, c, d, preci"
group1,4,8,2048,4096,1,512,512,0.083874,0.104045,,"ERROR: Could not find hyperparameters for the kernel instance corresponding to the target (batch_size, a, b, c, d, preci"
group1,4,8,2048,4096,1,512,1024,0.093315,0.103562,,"ERROR: Could not find hyperparameters for the kernel instance corresponding to the target (batch_size, a, b, c, d, preci"
group1,4,8,2048,4096,1,512,2048,0.173505,0.155683,,"ERROR: Could not find hyperparameters for the kernel instance corresponding to the target (batch_size, a, b, c, d, preci"
group1,4,8,2048,4096,1,512,4096,0.343287,0.301472,,"ERROR: Could not find hyperparameters for the kernel instance corresponding to the target (batch_size, a, b, c, d, preci"
group1,4,8,2048,4096,2,256,2,0.083097,0.099597,,"ERROR: Could not find hyperparameters for the kernel instance corresponding to the target (batch_size, a, b, c, d, preci"
group1,4,8,2048,4096,2,256,4,0.082778,0.099945,,"ERROR: Could not find hyperparameters for the kernel instance corresponding to the target (batch_size, a, b, c, d, preci"
group1,4,8,2048,4096,2,256,8,0.083257,0.099683,,"ERROR: Could not find hyperparameters for the kernel instance corresponding to the target (batch_size, a, b, c, d, preci"
group1,4,8,2048,4096,2,256,16,0.083551,0.099492,,"ERROR: Could not find hyperparameters for the kernel instance corresponding to the target (batch_size, a, b, c, d, preci"
group1,4,8,2048,4096,2,256,32,0.083525,0.099820,,"ERROR: Could not find hyperparameters for the kernel instance corresponding to the target (batch_size, a, b, c, d, preci"
group1,4,8,2048,4096,2,256,64,0.082770,0.099774,,"ERROR: Could not find hyperparameters for the kernel instance corresponding to the target (batch_size, a, b, c, d, preci"
group1,4,8,2048,4096,2,256,128,0.083609,0.100035,,"ERROR: Could not find hyperparameters for the kernel instance corresponding to the target (batch_size, a, b, c, d, preci"
group1,4,8,2048,4096,2,256,256,0.083783,0.100106,,"ERROR: Could not find hyperparameters for the kernel instance corresponding to the target (batch_size, a, b, c, d, preci"
group1,4,8,2048,4096,2,256,512,0.083907,0.100644,,"ERROR: Could not find hyperparameters for the kernel instance corresponding to the target (batch_size, a, b, c, d, preci"
group1,4,8,2048,4096,2,256,1024,0.093210,0.100509,,"ERROR: Could not find hyperparameters for the kernel instance corresponding to the target (batch_size, a, b, c, d, preci"
group1,4,8,2048,4096,2,256,2048,0.173589,0.152642,,"ERROR: Could not find hyperparameters for the kernel instance corresponding to the target (batch_size, a, b, c, d, preci"
group1,4,8,2048,4096,2,256,4096,0.343305,0.293387,,"ERROR: Could not find hyperparameters for the kernel instance corresponding to the target (batch_size, a, b, c, d, preci"
group1,4,8,2048,4096,4,128,2,0.083165,0.099050,,"ERROR: Could not find hyperparameters for the kernel instance corresponding to the target (batch_size, a, b, c, d, preci"
group1,4,8,2048,4096,4,128,4,0.083908,0.099906,,"ERROR: Could not find hyperparameters for the kernel instance corresponding to the target (batch_size, a, b, c, d, preci"
group1,4,8,2048,4096,4,128,8,0.083316,0.099940,,"ERROR: Could not find hyperparameters for the kernel instance corresponding to the target (batch_size, a, b, c, d, preci"
group1,4,8,2048,4096,4,128,16,0.083983,0.099478,,"ERROR: Could not find hyperparameters for the kernel instance corresponding to the target (batch_size, a, b, c, d, preci"
group1,4,8,2048,4096,4,128,32,0.083533,0.100195,,"ERROR: Could not find hyperparameters for the kernel instance corresponding to the target (batch_size, a, b, c, d, preci"
group1,4,8,2048,4096,4,128,64,0.083797,0.100268,,"ERROR: Could not find hyperparameters for the kernel instance corresponding to the target (batch_size, a, b, c, d, preci"
group1,4,8,2048,4096,4,128,128,0.083155,0.099914,,"ERROR: Could not find hyperparameters for the kernel instance corresponding to the target (batch_size, a, b, c, d, preci"
group1,4,8,2048,4096,4,128,256,0.083758,0.100135,,"ERROR: Could not find hyperparameters for the kernel instance corresponding to the target (batch_size, a, b, c, d, preci"
group1,4,8,2048,4096,4,128,512,0.083877,0.100810,,"ERROR: Could not find hyperparameters for the kernel instance corresponding to the target (batch_size, a, b, c, d, preci"
group1,4,8,2048,4096,4,128,1024,0.093261,0.100252,,"ERROR: Could not find hyperparameters for the kernel instance corresponding to the target (batch_size, a, b, c, d, preci"
group1,4,8,2048,4096,4,128,2048,0.173631,0.151620,,"ERROR: Could not find hyperparameters for the kernel instance corresponding to the target (batch_size, a, b, c, d, preci"
group1,4,8,2048,4096,4,128,4096,0.343434,0.290160,,"ERROR: Could not find hyperparameters for the kernel instance corresponding to the target (batch_size, a, b, c, d, preci"
group1,4,8,2048,4096,8,64,2,0.083760,0.099797,,"ERROR: Could not find hyperparameters for the kernel instance corresponding to the target (batch_size, a, b, c, d, preci"
group1,4,8,2048,4096,8,64,4,0.083389,0.099425,,"ERROR: Could not find hyperparameters for the kernel instance corresponding to the target (batch_size, a, b, c, d, preci"
group1,4,8,2048,4096,8,64,8,0.083919,0.099309,,"ERROR: Could not find hyperparameters for the kernel instance corresponding to the target (batch_size, a, b, c, d, preci"
group1,4,8,2048,4096,8,64,16,0.083679,0.099588,,"ERROR: Could not find hyperparameters for the kernel instance corresponding to the target (batch_size, a, b, c, d, preci"
group1,4,8,2048,4096,8,64,32,0.083507,0.099659,,"ERROR: Could not find hyperparameters for the kernel instance corresponding to the target (batch_size, a, b, c, d, preci"
group1,4,8,2048,4096,8,64,64,0.083751,0.100878,,"ERROR: Could not find hyperparameters for the kernel instance corresponding to the target (batch_size, a, b, c, d, preci"
group1,4,8,2048,4096,8,64,128,0.083784,0.099608,,"ERROR: Could not find hyperparameters for the kernel instance corresponding to the target (batch_size, a, b, c, d, preci"
group1,4,8,2048,4096,8,64,256,0.084052,0.099999,,"ERROR: Could not find hyperparameters for the kernel instance corresponding to the target (batch_size, a, b, c, d, preci"
group1,4,8,2048,4096,8,64,512,0.084707,0.100953,,"ERROR: Could not find hyperparameters for the kernel instance corresponding to the target (batch_size, a, b, c, d, preci"
group1,4,8,2048,4096,8,64,1024,0.093270,0.100294,,"ERROR: Could not find hyperparameters for the kernel instance corresponding to the target (batch_size, a, b, c, d, preci"
group1,4,8,2048,4096,8,64,2048,0.173674,0.151321,,"ERROR: Could not find hyperparameters for the kernel instance corresponding to the target (batch_size, a, b, c, d, preci"
group1,4,8,2048,4096,8,64,4096,0.343457,0.289574,,"ERROR: Could not find hyperparameters for the kernel instance corresponding to the target (batch_size, a, b, c, d, preci"
group1,4,8,2048,4096,16,32,2,0.083194,0.099861,,"ERROR: Could not find hyperparameters for the kernel instance corresponding to the target (batch_size, a, b, c, d, preci"
group1,4,8,2048,4096,16,32,4,0.083587,0.100326,,"ERROR: Could not find hyperparameters for the kernel instance corresponding to the target (batch_size, a, b, c, d, preci"
group1,4,8,2048,4096,16,32,8,0.083741,0.100227,,"ERROR: Could not find hyperparameters for the kernel instance corresponding to the target (batch_size, a, b, c, d, preci"
group1,4,8,2048,4096,16,32,16,0.083848,0.100666,,"ERROR: Could not find hyperparameters for the kernel instance corresponding to the target (batch_size, a, b, c, d, preci"
group1,4,8,2048,4096,16,32,32,0.083448,0.099987,,"ERROR: Could not find hyperparameters for the kernel instance corresponding to the target (batch_size, a, b, c, d, preci"
group1,4,8,2048,4096,16,32,64,0.083566,0.100087,,"ERROR: Could not find hyperparameters for the kernel instance corresponding to the target (batch_size, a, b, c, d, preci"
group1,4,8,2048,4096,16,32,128,0.083823,0.099738,,"ERROR: Could not find hyperparameters for the kernel instance corresponding to the target (batch_size, a, b, c, d, preci"
group1,4,8,2048,4096,16,32,256,0.084009,0.100158,,"ERROR: Could not find hyperparameters for the kernel instance corresponding to the target (batch_size, a, b, c, d, preci"
group1,4,8,2048,4096,16,32,512,0.084356,0.100508,,"ERROR: Could not find hyperparameters for the kernel instance corresponding to the target (batch_size, a, b, c, d, preci"
group1,4,8,2048,4096,16,32,1024,0.093221,0.100643,,"ERROR: Could not find hyperparameters for the kernel instance corresponding to the target (batch_size, a, b, c, d, preci"
group1,4,8,2048,4096,16,32,2048,0.173669,0.153248,,"ERROR: Could not find hyperparameters for the kernel instance corresponding to the target (batch_size, a, b, c, d, preci"
group1,4,8,2048,4096,16,32,4096,0.343383,0.295819,,"ERROR: Could not find hyperparameters for the kernel instance corresponding to the target (batch_size, a, b, c, d, preci"
group1,4,8,2048,4096,32,16,2,0.082489,0.099495,,"ERROR: Could not find hyperparameters for the kernel instance corresponding to the target (batch_size, a, b, c, d, preci"
group1,4,8,2048,4096,32,16,4,0.083038,0.100164,,"ERROR: Could not find hyperparameters for the kernel instance corresponding to the target (batch_size, a, b, c, d, preci"
group1,4,8,2048,4096,32,16,8,0.083376,0.099942,,"ERROR: Could not find hyperparameters for the kernel instance corresponding to the target (batch_size, a, b, c, d, preci"
group1,4,8,2048,4096,32,16,16,0.083214,0.100227,,"ERROR: Could not find hyperparameters for the kernel instance corresponding to the target (batch_size, a, b, c, d, preci"
group1,4,8,2048,4096,32,16,32,0.082916,0.100214,,"ERROR: Could not find hyperparameters for the kernel instance corresponding to the target (batch_size, a, b, c, d, preci"
group1,4,8,2048,4096,32,16,64,0.083454,0.100107,,"ERROR: Could not find hyperparameters for the kernel instance corresponding to the target (batch_size, a, b, c, d, preci"
group1,4,8,2048,4096,32,16,128,0.084021,0.099181,,"ERROR: Could not find hyperparameters for the kernel instance corresponding to the target (batch_size, a, b, c, d, preci"
group1,4,8,2048,4096,32,16,256,0.084010,0.100224,,"ERROR: Could not find hyperparameters for the kernel instance corresponding to the target (batch_size, a, b, c, d, preci"
group1,4,8,2048,4096,32,16,512,0.084165,0.100949,,"ERROR: Could not find hyperparameters for the kernel instance corresponding to the target (batch_size, a, b, c, d, preci"
group1,4,8,2048,4096,32,16,1024,0.093256,0.100795,,"ERROR: Could not find hyperparameters for the kernel instance corresponding to the target (batch_size, a, b, c, d, preci"
group1,4,8,2048,4096,32,16,2048,0.173671,0.155905,,"ERROR: Could not find hyperparameters for the kernel instance corresponding to the target (batch_size, a, b, c, d, preci"
group1,4,8,2048,4096,32,16,4096,0.343514,0.301290,,"ERROR: Could not find hyperparameters for the kernel instance corresponding to the target (batch_size, a, b, c, d, preci"
group1,4,8,2048,4096,64,8,2,0.083160,0.099598,,"ERROR: Could not find hyperparameters for the kernel instance corresponding to the target (batch_size, a, b, c, d, preci"
group1,4,8,2048,4096,64,8,4,0.083576,0.100558,,"ERROR: Could not find hyperparameters for the kernel instance corresponding to the target (batch_size, a, b, c, d, preci"
group1,4,8,2048,4096,64,8,8,0.083707,0.100184,,"ERROR: Could not find hyperparameters for the kernel instance corresponding to the target (batch_size, a, b, c, d, preci"
group1,4,8,2048,4096,64,8,16,0.083950,0.100257,,"ERROR: Could not find hyperparameters for the kernel instance corresponding to the target (batch_size, a, b, c, d, preci"
group1,4,8,2048,4096,64,8,32,0.083731,0.100685,,"ERROR: Could not find hyperparameters for the kernel instance corresponding to the target (batch_size, a, b, c, d, preci"
group1,4,8,2048,4096,64,8,64,0.083483,0.100124,,"ERROR: Could not find hyperparameters for the kernel instance corresponding to the target (batch_size, a, b, c, d, preci"
group1,4,8,2048,4096,64,8,128,0.083995,0.099398,,"ERROR: Could not find hyperparameters for the kernel instance corresponding to the target (batch_size, a, b, c, d, preci"
group1,4,8,2048,4096,64,8,256,0.083827,0.099922,,"ERROR: Could not find hyperparameters for the kernel instance corresponding to the target (batch_size, a, b, c, d, preci"
group1,4,8,2048,4096,64,8,512,0.084440,0.100690,,"ERROR: Could not find hyperparameters for the kernel instance corresponding to the target (batch_size, a, b, c, d, preci"
group1,4,8,2048,4096,64,8,1024,0.093255,0.100367,,"ERROR: Could not find hyperparameters for the kernel instance corresponding to the target (batch_size, a, b, c, d, preci"
group1,4,8,2048,4096,64,8,2048,0.173663,0.156520,,"ERROR: Could not find hyperparameters for the kernel instance corresponding to the target (batch_size, a, b, c, d, preci"
group1,4,8,2048,4096,64,8,4096,0.343431,0.302610,,"ERROR: Could not find hyperparameters for the kernel instance corresponding to the target (batch_size, a, b, c, d, preci"
group1,4,8,2048,4096,128,4,2,0.083425,0.099412,,"ERROR: Could not find hyperparameters for the kernel instance corresponding to the target (batch_size, a, b, c, d, preci"
group1,4,8,2048,4096,128,4,4,0.083392,0.099869,,"ERROR: Could not find hyperparameters for the kernel instance corresponding to the target (batch_size, a, b, c, d, preci"
group1,4,8,2048,4096,128,4,8,0.083260,0.099817,,"ERROR: Could not find hyperparameters for the kernel instance corresponding to the target (batch_size, a, b, c, d, preci"
group1,4,8,2048,4096,128,4,16,0.083335,0.099672,,"ERROR: Could not find hyperparameters for the kernel instance corresponding to the target (batch_size, a, b, c, d, preci"
group1,4,8,2048,4096,128,4,32,0.083131,0.099808,,"ERROR: Could not find hyperparameters for the kernel instance corresponding to the target (batch_size, a, b, c, d, preci"
group1,4,8,2048,4096,128,4,64,0.083201,0.099727,,"ERROR: Could not find hyperparameters for the kernel instance corresponding to the target (batch_size, a, b, c, d, preci"
group1,4,8,2048,4096,128,4,128,0.083701,0.099503,,"ERROR: Could not find hyperparameters for the kernel instance corresponding to the target (batch_size, a, b, c, d, preci"
group1,4,8,2048,4096,128,4,256,0.084048,0.099717,,"ERROR: Could not find hyperparameters for the kernel instance corresponding to the target (batch_size, a, b, c, d, preci"
group1,4,8,2048,4096,128,4,512,0.084193,0.100992,,"ERROR: Could not find hyperparameters for the kernel instance corresponding to the target (batch_size, a, b, c, d, preci"
group1,4,8,2048,4096,128,4,1024,0.093257,0.100308,,"ERROR: Could not find hyperparameters for the kernel instance corresponding to the target (batch_size, a, b, c, d, preci"
group1,4,8,2048,4096,128,4,2048,0.173751,0.157400,,"ERROR: Could not find hyperparameters for the kernel instance corresponding to the target (batch_size, a, b, c, d, preci"
group1,4,8,2048,4096,128,4,4096,0.343453,0.303768,,"ERROR: Could not find hyperparameters for the kernel instance corresponding to the target (batch_size, a, b, c, d, preci"
group1,4,8,2048,4096,256,2,2,0.083668,0.099504,,"ERROR: Could not find hyperparameters for the kernel instance corresponding to the target (batch_size, a, b, c, d, preci"
group1,4,8,2048,4096,256,2,4,0.083953,0.099888,,"ERROR: Could not find hyperparameters for the kernel instance corresponding to the target (batch_size, a, b, c, d, preci"
group1,4,8,2048,4096,256,2,8,0.084063,0.099875,,"ERROR: Could not find hyperparameters for the kernel instance corresponding to the target (batch_size, a, b, c, d, preci"
group1,4,8,2048,4096,256,2,16,0.084162,0.100261,,"ERROR: Could not find hyperparameters for the kernel instance corresponding to the target (batch_size, a, b, c, d, preci"
group1,4,8,2048,4096,256,2,32,0.083699,0.099782,,"ERROR: Could not find hyperparameters for the kernel instance corresponding to the target (batch_size, a, b, c, d, preci"
group1,4,8,2048,4096,256,2,64,0.084045,0.099937,,"ERROR: Could not find hyperparameters for the kernel instance corresponding to the target (batch_size, a, b, c, d, preci"
group1,4,8,2048,4096,256,2,128,0.084496,0.099956,,"ERROR: Could not find hyperparameters for the kernel instance corresponding to the target (batch_size, a, b, c, d, preci"
group1,4,8,2048,4096,256,2,256,0.084495,0.100098,,"ERROR: Could not find hyperparameters for the kernel instance corresponding to the target (batch_size, a, b, c, d, preci"
group1,4,8,2048,4096,256,2,512,0.084797,0.100897,,"ERROR: Could not find hyperparameters for the kernel instance corresponding to the target (batch_size, a, b, c, d, preci"
group1,4,8,2048,4096,256,2,1024,0.093273,0.100124,,"ERROR: Could not find hyperparameters for the kernel instance corresponding to the target (batch_size, a, b, c, d, preci"
group1,4,8,2048,4096,256,2,2048,0.173741,0.157410,,"ERROR: Could not find hyperparameters for the kernel instance corresponding to the target (batch_size, a, b, c, d, preci"
group1,4,8,2048,4096,256,2,4096,0.343561,0.303773,,"ERROR: Could not find hyperparameters for the kernel instance corresponding to the target (batch_size, a, b, c, d, preci"
group1,4,8,2048,4096,512,1,2,0.083440,0.063681,,"ERROR: Could not find hyperparameters for the kernel instance corresponding to the target (batch_size, a, b, c, d, preci"
group1,4,8,2048,4096,512,1,4,0.083869,0.063540,,"ERROR: Could not find hyperparameters for the kernel instance corresponding to the target (batch_size, a, b, c, d, preci"
group1,4,8,2048,4096,512,1,8,0.084153,0.063033,,"ERROR: Could not find hyperparameters for the kernel instance corresponding to the target (batch_size, a, b, c, d, preci"
group1,4,8,2048,4096,512,1,16,0.084224,0.063543,,"ERROR: Could not find hyperparameters for the kernel instance corresponding to the target (batch_size, a, b, c, d, preci"
group1,4,8,2048,4096,512,1,32,0.083295,0.063269,,"ERROR: Could not find hyperparameters for the kernel instance corresponding to the target (batch_size, a, b, c, d, preci"
group1,4,8,2048,4096,512,1,64,0.083454,0.063350,,"ERROR: Could not find hyperparameters for the kernel instance corresponding to the target (batch_size, a, b, c, d, preci"
group1,4,8,2048,4096,512,1,128,0.083786,0.063127,,"ERROR: Could not find hyperparameters for the kernel instance corresponding to the target (batch_size, a, b, c, d, preci"
group1,4,8,2048,4096,512,1,256,0.084580,0.063455,,"ERROR: Could not find hyperparameters for the kernel instance corresponding to the target (batch_size, a, b, c, d, preci"
group1,4,8,2048,4096,512,1,512,0.084870,0.063337,,"ERROR: Could not find hyperparameters for the kernel instance corresponding to the target (batch_size, a, b, c, d, preci"
group1,4,8,2048,4096,512,1,1024,0.092670,0.063240,,"ERROR: Could not find hyperparameters for the kernel instance corresponding to the target (batch_size, a, b, c, d, preci"
group1,4,8,2048,4096,512,1,2048,0.173114,0.094768,,"ERROR: Could not find hyperparameters for the kernel instance corresponding to the target (batch_size, a, b, c, d, preci"
group1,4,8,2048,4096,512,1,4096,0.342613,0.186909,,"ERROR: Could not find hyperparameters for the kernel instance corresponding to the target (batch_size, a, b, c, d, preci"
group1,4,16,512,2048,1,128,2,0.083164,0.102032,,"ERROR: Could not find hyperparameters for the kernel instance corresponding to the target (batch_size, a, b, c, d, preci"
group1,4,16,512,2048,1,128,4,0.083195,0.102511,,"ERROR: Could not find hyperparameters for the kernel instance corresponding to the target (batch_size, a, b, c, d, preci"
group1,4,16,512,2048,1,128,8,0.083398,0.102760,,"ERROR: Could not find hyperparameters for the kernel instance corresponding to the target (batch_size, a, b, c, d, preci"
group1,4,16,512,2048,1,128,16,0.084279,0.102340,,"ERROR: Could not find hyperparameters for the kernel instance corresponding to the target (batch_size, a, b, c, d, preci"
group1,4,16,512,2048,1,128,32,0.083143,0.102292,,"ERROR: Could not find hyperparameters for the kernel instance corresponding to the target (batch_size, a, b, c, d, preci"
group1,4,16,512,2048,1,128,64,0.083244,0.102723,,"ERROR: Could not find hyperparameters for the kernel instance corresponding to the target (batch_size, a, b, c, d, preci"
group1,4,16,512,2048,1,128,128,0.083095,0.103134,,"ERROR: Could not find hyperparameters for the kernel instance corresponding to the target (batch_size, a, b, c, d, preci"
group1,4,16,512,2048,1,128,256,0.083341,0.102062,,"ERROR: Could not find hyperparameters for the kernel instance corresponding to the target (batch_size, a, b, c, d, preci"
group1,4,16,512,2048,1,128,512,0.084780,0.103094,,"ERROR: Could not find hyperparameters for the kernel instance corresponding to the target (batch_size, a, b, c, d, preci"
group1,4,16,512,2048,1,128,1024,0.084690,0.102567,,"ERROR: Could not find hyperparameters for the kernel instance corresponding to the target (batch_size, a, b, c, d, preci"
group1,4,16,512,2048,1,128,2048,0.085147,0.103130,,"ERROR: Could not find hyperparameters for the kernel instance corresponding to the target (batch_size, a, b, c, d, preci"
group1,4,16,512,2048,1,128,4096,0.137635,0.103201,,"ERROR: Could not find hyperparameters for the kernel instance corresponding to the target (batch_size, a, b, c, d, preci"
group1,4,16,512,2048,2,64,2,0.083281,0.099308,,"ERROR: Could not find hyperparameters for the kernel instance corresponding to the target (batch_size, a, b, c, d, preci"
group1,4,16,512,2048,2,64,4,0.083526,0.099760,,"ERROR: Could not find hyperparameters for the kernel instance corresponding to the target (batch_size, a, b, c, d, preci"
group1,4,16,512,2048,2,64,8,0.084328,0.099629,,"ERROR: Could not find hyperparameters for the kernel instance corresponding to the target (batch_size, a, b, c, d, preci"
group1,4,16,512,2048,2,64,16,0.083730,0.099353,,"ERROR: Could not find hyperparameters for the kernel instance corresponding to the target (batch_size, a, b, c, d, preci"
group1,4,16,512,2048,2,64,32,0.083860,0.100368,,"ERROR: Could not find hyperparameters for the kernel instance corresponding to the target (batch_size, a, b, c, d, preci"
group1,4,16,512,2048,2,64,64,0.083484,0.100374,,"ERROR: Could not find hyperparameters for the kernel instance corresponding to the target (batch_size, a, b, c, d, preci"
group1,4,16,512,2048,2,64,128,0.083673,0.100084,,"ERROR: Could not find hyperparameters for the kernel instance corresponding to the target (batch_size, a, b, c, d, preci"
group1,4,16,512,2048,2,64,256,0.083483,0.100264,,"ERROR: Could not find hyperparameters for the kernel instance corresponding to the target (batch_size, a, b, c, d, preci"
group1,4,16,512,2048,2,64,512,0.085060,0.100563,,"ERROR: Could not find hyperparameters for the kernel instance corresponding to the target (batch_size, a, b, c, d, preci"
group1,4,16,512,2048,2,64,1024,0.084803,0.099670,,"ERROR: Could not find hyperparameters for the kernel instance corresponding to the target (batch_size, a, b, c, d, preci"
group1,4,16,512,2048,2,64,2048,0.084423,0.100186,,"ERROR: Could not find hyperparameters for the kernel instance corresponding to the target (batch_size, a, b, c, d, preci"
group1,4,16,512,2048,2,64,4096,0.137845,0.100202,,"ERROR: Could not find hyperparameters for the kernel instance corresponding to the target (batch_size, a, b, c, d, preci"
group1,4,16,512,2048,4,32,2,0.083208,0.099295,,"ERROR: Could not find hyperparameters for the kernel instance corresponding to the target (batch_size, a, b, c, d, preci"
group1,4,16,512,2048,4,32,4,0.083224,0.100192,,"ERROR: Could not find hyperparameters for the kernel instance corresponding to the target (batch_size, a, b, c, d, preci"
group1,4,16,512,2048,4,32,8,0.083468,0.099215,,"ERROR: Could not find hyperparameters for the kernel instance corresponding to the target (batch_size, a, b, c, d, preci"
group1,4,16,512,2048,4,32,16,0.083515,0.099892,,"ERROR: Could not find hyperparameters for the kernel instance corresponding to the target (batch_size, a, b, c, d, preci"
group1,4,16,512,2048,4,32,32,0.083183,0.099734,,"ERROR: Could not find hyperparameters for the kernel instance corresponding to the target (batch_size, a, b, c, d, preci"
group1,4,16,512,2048,4,32,64,0.083603,0.100146,,"ERROR: Could not find hyperparameters for the kernel instance corresponding to the target (batch_size, a, b, c, d, preci"
group1,4,16,512,2048,4,32,128,0.083296,0.100340,,"ERROR: Could not find hyperparameters for the kernel instance corresponding to the target (batch_size, a, b, c, d, preci"
group1,4,16,512,2048,4,32,256,0.083645,0.100548,,"ERROR: Could not find hyperparameters for the kernel instance corresponding to the target (batch_size, a, b, c, d, preci"
group1,4,16,512,2048,4,32,512,0.084187,0.100213,,"ERROR: Could not find hyperparameters for the kernel instance corresponding to the target (batch_size, a, b, c, d, preci"
group1,4,16,512,2048,4,32,1024,0.084227,0.099707,,"ERROR: Could not find hyperparameters for the kernel instance corresponding to the target (batch_size, a, b, c, d, preci"
group1,4,16,512,2048,4,32,2048,0.084260,0.100179,,"ERROR: Could not find hyperparameters for the kernel instance corresponding to the target (batch_size, a, b, c, d, preci"
group1,4,16,512,2048,4,32,4096,0.137893,0.099725,,"ERROR: Could not find hyperparameters for the kernel instance corresponding to the target (batch_size, a, b, c, d, preci"
group1,4,16,512,2048,8,16,2,0.082802,0.099019,,"ERROR: Could not find hyperparameters for the kernel instance corresponding to the target (batch_size, a, b, c, d, preci"
group1,4,16,512,2048,8,16,4,0.082764,0.099772,,"ERROR: Could not find hyperparameters for the kernel instance corresponding to the target (batch_size, a, b, c, d, preci"
group1,4,16,512,2048,8,16,8,0.082787,0.099730,,"ERROR: Could not find hyperparameters for the kernel instance corresponding to the target (batch_size, a, b, c, d, preci"
group1,4,16,512,2048,8,16,16,0.083262,0.099794,,"ERROR: Could not find hyperparameters for the kernel instance corresponding to the target (batch_size, a, b, c, d, preci"
group1,4,16,512,2048,8,16,32,0.083310,0.099777,,"ERROR: Could not find hyperparameters for the kernel instance corresponding to the target (batch_size, a, b, c, d, preci"
group1,4,16,512,2048,8,16,64,0.083771,0.099906,,"ERROR: Could not find hyperparameters for the kernel instance corresponding to the target (batch_size, a, b, c, d, preci"
group1,4,16,512,2048,8,16,128,0.083652,0.100087,,"ERROR: Could not find hyperparameters for the kernel instance corresponding to the target (batch_size, a, b, c, d, preci"
group1,4,16,512,2048,8,16,256,0.083191,0.099971,,"ERROR: Could not find hyperparameters for the kernel instance corresponding to the target (batch_size, a, b, c, d, preci"
group1,4,16,512,2048,8,16,512,0.084521,0.100076,,"ERROR: Could not find hyperparameters for the kernel instance corresponding to the target (batch_size, a, b, c, d, preci"
group1,4,16,512,2048,8,16,1024,0.084023,0.099649,,"ERROR: Could not find hyperparameters for the kernel instance corresponding to the target (batch_size, a, b, c, d, preci"
group1,4,16,512,2048,8,16,2048,0.084856,0.100110,,"ERROR: Could not find hyperparameters for the kernel instance corresponding to the target (batch_size, a, b, c, d, preci"
group1,4,16,512,2048,8,16,4096,0.137968,0.100032,,"ERROR: Could not find hyperparameters for the kernel instance corresponding to the target (batch_size, a, b, c, d, preci"
group1,4,16,512,2048,16,8,2,0.083079,0.099838,,"ERROR: Could not find hyperparameters for the kernel instance corresponding to the target (batch_size, a, b, c, d, preci"
group1,4,16,512,2048,16,8,4,0.083930,0.099887,,"ERROR: Could not find hyperparameters for the kernel instance corresponding to the target (batch_size, a, b, c, d, preci"
group1,4,16,512,2048,16,8,8,0.083356,0.099702,,"ERROR: Could not find hyperparameters for the kernel instance corresponding to the target (batch_size, a, b, c, d, preci"
group1,4,16,512,2048,16,8,16,0.084047,0.100153,,"ERROR: Could not find hyperparameters for the kernel instance corresponding to the target (batch_size, a, b, c, d, preci"
group1,4,16,512,2048,16,8,32,0.083468,0.099716,,"ERROR: Could not find hyperparameters for the kernel instance corresponding to the target (batch_size, a, b, c, d, preci"
group1,4,16,512,2048,16,8,64,0.083242,0.100233,,"ERROR: Could not find hyperparameters for the kernel instance corresponding to the target (batch_size, a, b, c, d, preci"
group1,4,16,512,2048,16,8,128,0.083375,0.099803,,"ERROR: Could not find hyperparameters for the kernel instance corresponding to the target (batch_size, a, b, c, d, preci"
group1,4,16,512,2048,16,8,256,0.082763,0.099927,,"ERROR: Could not find hyperparameters for the kernel instance corresponding to the target (batch_size, a, b, c, d, preci"
group1,4,16,512,2048,16,8,512,0.084499,0.100770,,"ERROR: Could not find hyperparameters for the kernel instance corresponding to the target (batch_size, a, b, c, d, preci"
group1,4,16,512,2048,16,8,1024,0.083875,0.099761,,"ERROR: Could not find hyperparameters for the kernel instance corresponding to the target (batch_size, a, b, c, d, preci"
group1,4,16,512,2048,16,8,2048,0.084214,0.100122,,"ERROR: Could not find hyperparameters for the kernel instance corresponding to the target (batch_size, a, b, c, d, preci"
group1,4,16,512,2048,16,8,4096,0.137868,0.100972,,"ERROR: Could not find hyperparameters for the kernel instance corresponding to the target (batch_size, a, b, c, d, preci"
group1,4,16,512,2048,32,4,2,0.082846,0.099414,,"ERROR: Could not find hyperparameters for the kernel instance corresponding to the target (batch_size, a, b, c, d, preci"
group1,4,16,512,2048,32,4,4,0.082555,0.099838,,"ERROR: Could not find hyperparameters for the kernel instance corresponding to the target (batch_size, a, b, c, d, preci"
group1,4,16,512,2048,32,4,8,0.083703,0.099726,,"ERROR: Could not find hyperparameters for the kernel instance corresponding to the target (batch_size, a, b, c, d, preci"
group1,4,16,512,2048,32,4,16,0.083731,0.099716,,"ERROR: Could not find hyperparameters for the kernel instance corresponding to the target (batch_size, a, b, c, d, preci"
group1,4,16,512,2048,32,4,32,0.083518,0.100076,,"ERROR: Could not find hyperparameters for the kernel instance corresponding to the target (batch_size, a, b, c, d, preci"
group1,4,16,512,2048,32,4,64,0.083700,0.099726,,"ERROR: Could not find hyperparameters for the kernel instance corresponding to the target (batch_size, a, b, c, d, preci"
group1,4,16,512,2048,32,4,128,0.084035,0.099641,,"ERROR: Could not find hyperparameters for the kernel instance corresponding to the target (batch_size, a, b, c, d, preci"
group1,4,16,512,2048,32,4,256,0.083905,0.099617,,"ERROR: Could not find hyperparameters for the kernel instance corresponding to the target (batch_size, a, b, c, d, preci"
group1,4,16,512,2048,32,4,512,0.084656,0.099969,,"ERROR: Could not find hyperparameters for the kernel instance corresponding to the target (batch_size, a, b, c, d, preci"
group1,4,16,512,2048,32,4,1024,0.084384,0.099752,,"ERROR: Could not find hyperparameters for the kernel instance corresponding to the target (batch_size, a, b, c, d, preci"
group1,4,16,512,2048,32,4,2048,0.084713,0.099881,,"ERROR: Could not find hyperparameters for the kernel instance corresponding to the target (batch_size, a, b, c, d, preci"
group1,4,16,512,2048,32,4,4096,0.137923,0.101361,,"ERROR: Could not find hyperparameters for the kernel instance corresponding to the target (batch_size, a, b, c, d, preci"
group1,4,16,512,2048,64,2,2,0.083339,0.099126,,"ERROR: Could not find hyperparameters for the kernel instance corresponding to the target (batch_size, a, b, c, d, preci"
group1,4,16,512,2048,64,2,4,0.083246,0.099789,,"ERROR: Could not find hyperparameters for the kernel instance corresponding to the target (batch_size, a, b, c, d, preci"
group1,4,16,512,2048,64,2,8,0.083873,0.099630,,"ERROR: Could not find hyperparameters for the kernel instance corresponding to the target (batch_size, a, b, c, d, preci"
group1,4,16,512,2048,64,2,16,0.083505,0.099508,,"ERROR: Could not find hyperparameters for the kernel instance corresponding to the target (batch_size, a, b, c, d, preci"
group1,4,16,512,2048,64,2,32,0.083842,0.100022,,"ERROR: Could not find hyperparameters for the kernel instance corresponding to the target (batch_size, a, b, c, d, preci"
group1,4,16,512,2048,64,2,64,0.083516,0.099697,,"ERROR: Could not find hyperparameters for the kernel instance corresponding to the target (batch_size, a, b, c, d, preci"
group1,4,16,512,2048,64,2,128,0.083903,0.099148,,"ERROR: Could not find hyperparameters for the kernel instance corresponding to the target (batch_size, a, b, c, d, preci"
group1,4,16,512,2048,64,2,256,0.083963,0.100122,,"ERROR: Could not find hyperparameters for the kernel instance corresponding to the target (batch_size, a, b, c, d, preci"
group1,4,16,512,2048,64,2,512,0.084618,0.099755,,"ERROR: Could not find hyperparameters for the kernel instance corresponding to the target (batch_size, a, b, c, d, preci"
group1,4,16,512,2048,64,2,1024,0.084198,0.099655,,"ERROR: Could not find hyperparameters for the kernel instance corresponding to the target (batch_size, a, b, c, d, preci"
group1,4,16,512,2048,64,2,2048,0.084873,0.099832,,"ERROR: Could not find hyperparameters for the kernel instance corresponding to the target (batch_size, a, b, c, d, preci"
group1,4,16,512,2048,64,2,4096,0.137916,0.102277,,"ERROR: Could not find hyperparameters for the kernel instance corresponding to the target (batch_size, a, b, c, d, preci"
group1,4,16,512,2048,128,1,2,0.083326,0.063032,,"ERROR: Could not find hyperparameters for the kernel instance corresponding to the target (batch_size, a, b, c, d, preci"
group1,4,16,512,2048,128,1,4,0.083245,0.063063,,"ERROR: Could not find hyperparameters for the kernel instance corresponding to the target (batch_size, a, b, c, d, preci"
group1,4,16,512,2048,128,1,8,0.083386,0.062802,,"ERROR: Could not find hyperparameters for the kernel instance corresponding to the target (batch_size, a, b, c, d, preci"
group1,4,16,512,2048,128,1,16,0.083622,0.063360,,"ERROR: Could not find hyperparameters for the kernel instance corresponding to the target (batch_size, a, b, c, d, preci"
group1,4,16,512,2048,128,1,32,0.083160,0.063218,,"ERROR: Could not find hyperparameters for the kernel instance corresponding to the target (batch_size, a, b, c, d, preci"
group1,4,16,512,2048,128,1,64,0.083571,0.063244,,"ERROR: Could not find hyperparameters for the kernel instance corresponding to the target (batch_size, a, b, c, d, preci"
group1,4,16,512,2048,128,1,128,0.083480,0.062677,,"ERROR: Could not find hyperparameters for the kernel instance corresponding to the target (batch_size, a, b, c, d, preci"
group1,4,16,512,2048,128,1,256,0.083160,0.063235,,"ERROR: Could not find hyperparameters for the kernel instance corresponding to the target (batch_size, a, b, c, d, preci"
group1,4,16,512,2048,128,1,512,0.084362,0.063004,,"ERROR: Could not find hyperparameters for the kernel instance corresponding to the target (batch_size, a, b, c, d, preci"
group1,4,16,512,2048,128,1,1024,0.084404,0.063440,,"ERROR: Could not find hyperparameters for the kernel instance corresponding to the target (batch_size, a, b, c, d, preci"
group1,4,16,512,2048,128,1,2048,0.084910,0.063117,,"ERROR: Could not find hyperparameters for the kernel instance corresponding to the target (batch_size, a, b, c, d, preci"
group1,4,16,512,2048,128,1,4096,0.137509,0.063003,,"ERROR: Could not find hyperparameters for the kernel instance corresponding to the target (batch_size, a, b, c, d, preci"
group1,4,16,1024,4096,1,256,2,0.083156,0.102180,,"ERROR: Could not find hyperparameters for the kernel instance corresponding to the target (batch_size, a, b, c, d, preci"
group1,4,16,1024,4096,1,256,4,0.082842,0.102849,,"ERROR: Could not find hyperparameters for the kernel instance corresponding to the target (batch_size, a, b, c, d, preci"
group1,4,16,1024,4096,1,256,8,0.083666,0.103110,,"ERROR: Could not find hyperparameters for the kernel instance corresponding to the target (batch_size, a, b, c, d, preci"
group1,4,16,1024,4096,1,256,16,0.083213,0.102546,,"ERROR: Could not find hyperparameters for the kernel instance corresponding to the target (batch_size, a, b, c, d, preci"
group1,4,16,1024,4096,1,256,32,0.083590,0.103029,,"ERROR: Could not find hyperparameters for the kernel instance corresponding to the target (batch_size, a, b, c, d, preci"
group1,4,16,1024,4096,1,256,64,0.083757,0.102998,,"ERROR: Could not find hyperparameters for the kernel instance corresponding to the target (batch_size, a, b, c, d, preci"
group1,4,16,1024,4096,1,256,128,0.084058,0.102195,,"ERROR: Could not find hyperparameters for the kernel instance corresponding to the target (batch_size, a, b, c, d, preci"
group1,4,16,1024,4096,1,256,256,0.084179,0.102979,,"ERROR: Could not find hyperparameters for the kernel instance corresponding to the target (batch_size, a, b, c, d, preci"
group1,4,16,1024,4096,1,256,512,0.084546,0.103583,,"ERROR: Could not find hyperparameters for the kernel instance corresponding to the target (batch_size, a, b, c, d, preci"
group1,4,16,1024,4096,1,256,1024,0.085072,0.103558,,"ERROR: Could not find hyperparameters for the kernel instance corresponding to the target (batch_size, a, b, c, d, preci"
group1,4,16,1024,4096,1,256,2048,0.137684,0.102945,,"ERROR: Could not find hyperparameters for the kernel instance corresponding to the target (batch_size, a, b, c, d, preci"
group1,4,16,1024,4096,1,256,4096,0.273772,0.182795,,"ERROR: Could not find hyperparameters for the kernel instance corresponding to the target (batch_size, a, b, c, d, preci"
group1,4,16,1024,4096,2,128,2,0.083319,0.099251,,"ERROR: Could not find hyperparameters for the kernel instance corresponding to the target (batch_size, a, b, c, d, preci"
group1,4,16,1024,4096,2,128,4,0.083378,0.099735,,"ERROR: Could not find hyperparameters for the kernel instance corresponding to the target (batch_size, a, b, c, d, preci"
group1,4,16,1024,4096,2,128,8,0.083731,0.099495,,"ERROR: Could not find hyperparameters for the kernel instance corresponding to the target (batch_size, a, b, c, d, preci"
group1,4,16,1024,4096,2,128,16,0.083712,0.100005,,"ERROR: Could not find hyperparameters for the kernel instance corresponding to the target (batch_size, a, b, c, d, preci"
group1,4,16,1024,4096,2,128,32,0.084090,0.099894,,"ERROR: Could not find hyperparameters for the kernel instance corresponding to the target (batch_size, a, b, c, d, preci"
group1,4,16,1024,4096,2,128,64,0.083865,0.099616,,"ERROR: Could not find hyperparameters for the kernel instance corresponding to the target (batch_size, a, b, c, d, preci"
group1,4,16,1024,4096,2,128,128,0.083500,0.099750,,"ERROR: Could not find hyperparameters for the kernel instance corresponding to the target (batch_size, a, b, c, d, preci"
group1,4,16,1024,4096,2,128,256,0.084153,0.099601,,"ERROR: Could not find hyperparameters for the kernel instance corresponding to the target (batch_size, a, b, c, d, preci"
group1,4,16,1024,4096,2,128,512,0.084444,0.100120,,"ERROR: Could not find hyperparameters for the kernel instance corresponding to the target (batch_size, a, b, c, d, preci"
group1,4,16,1024,4096,2,128,1024,0.085304,0.100051,,"ERROR: Could not find hyperparameters for the kernel instance corresponding to the target (batch_size, a, b, c, d, preci"
group1,4,16,1024,4096,2,128,2048,0.137909,0.100229,,"ERROR: Could not find hyperparameters for the kernel instance corresponding to the target (batch_size, a, b, c, d, preci"
group1,4,16,1024,4096,2,128,4096,0.273852,0.182194,,"ERROR: Could not find hyperparameters for the kernel instance corresponding to the target (batch_size, a, b, c, d, preci"
group1,4,16,1024,4096,4,64,2,0.082954,0.099268,,"ERROR: Could not find hyperparameters for the kernel instance corresponding to the target (batch_size, a, b, c, d, preci"
group1,4,16,1024,4096,4,64,4,0.082934,0.099218,,"ERROR: Could not find hyperparameters for the kernel instance corresponding to the target (batch_size, a, b, c, d, preci"
group1,4,16,1024,4096,4,64,8,0.083800,0.099367,,"ERROR: Could not find hyperparameters for the kernel instance corresponding to the target (batch_size, a, b, c, d, preci"
group1,4,16,1024,4096,4,64,16,0.084158,0.099460,,"ERROR: Could not find hyperparameters for the kernel instance corresponding to the target (batch_size, a, b, c, d, preci"
group1,4,16,1024,4096,4,64,32,0.084244,0.100236,,"ERROR: Could not find hyperparameters for the kernel instance corresponding to the target (batch_size, a, b, c, d, preci"
group1,4,16,1024,4096,4,64,64,0.083290,0.099540,,"ERROR: Could not find hyperparameters for the kernel instance corresponding to the target (batch_size, a, b, c, d, preci"
group1,4,16,1024,4096,4,64,128,0.083795,0.099898,,"ERROR: Could not find hyperparameters for the kernel instance corresponding to the target (batch_size, a, b, c, d, preci"
group1,4,16,1024,4096,4,64,256,0.084550,0.099705,,"ERROR: Could not find hyperparameters for the kernel instance corresponding to the target (batch_size, a, b, c, d, preci"
group1,4,16,1024,4096,4,64,512,0.084684,0.099871,,"ERROR: Could not find hyperparameters for the kernel instance corresponding to the target (batch_size, a, b, c, d, preci"
group1,4,16,1024,4096,4,64,1024,0.085180,0.100437,,"ERROR: Could not find hyperparameters for the kernel instance corresponding to the target (batch_size, a, b, c, d, preci"
group1,4,16,1024,4096,4,64,2048,0.137920,0.100082,,"ERROR: Could not find hyperparameters for the kernel instance corresponding to the target (batch_size, a, b, c, d, preci"
group1,4,16,1024,4096,4,64,4096,0.273919,0.182222,,"ERROR: Could not find hyperparameters for the kernel instance corresponding to the target (batch_size, a, b, c, d, preci"
group1,4,16,1024,4096,8,32,2,0.083177,0.099514,,"ERROR: Could not find hyperparameters for the kernel instance corresponding to the target (batch_size, a, b, c, d, preci"
group1,4,16,1024,4096,8,32,4,0.082932,0.099952,,"ERROR: Could not find hyperparameters for the kernel instance corresponding to the target (batch_size, a, b, c, d, preci"
group1,4,16,1024,4096,8,32,8,0.084010,0.099785,,"ERROR: Could not find hyperparameters for the kernel instance corresponding to the target (batch_size, a, b, c, d, preci"
group1,4,16,1024,4096,8,32,16,0.083303,0.099504,,"ERROR: Could not find hyperparameters for the kernel instance corresponding to the target (batch_size, a, b, c, d, preci"
group1,4,16,1024,4096,8,32,32,0.084037,0.099992,,"ERROR: Could not find hyperparameters for the kernel instance corresponding to the target (batch_size, a, b, c, d, preci"
group1,4,16,1024,4096,8,32,64,0.083465,0.099718,,"ERROR: Could not find hyperparameters for the kernel instance corresponding to the target (batch_size, a, b, c, d, preci"
group1,4,16,1024,4096,8,32,128,0.083645,0.100138,,"ERROR: Could not find hyperparameters for the kernel instance corresponding to the target (batch_size, a, b, c, d, preci"
group1,4,16,1024,4096,8,32,256,0.083581,0.100557,,"ERROR: Could not find hyperparameters for the kernel instance corresponding to the target (batch_size, a, b, c, d, preci"
group1,4,16,1024,4096,8,32,512,0.084298,0.100310,,"ERROR: Could not find hyperparameters for the kernel instance corresponding to the target (batch_size, a, b, c, d, preci"
group1,4,16,1024,4096,8,32,1024,0.084519,0.100831,,"ERROR: Could not find hyperparameters for the kernel instance corresponding to the target (batch_size, a, b, c, d, preci"
group1,4,16,1024,4096,8,32,2048,0.137979,0.100611,,"ERROR: Could not find hyperparameters for the kernel instance corresponding to the target (batch_size, a, b, c, d, preci"
group1,4,16,1024,4096,8,32,4096,0.273942,0.175510,,"ERROR: Could not find hyperparameters for the kernel instance corresponding to the target (batch_size, a, b, c, d, preci"
group1,4,16,1024,4096,16,16,2,0.083404,0.099676,,"ERROR: Could not find hyperparameters for the kernel instance corresponding to the target (batch_size, a, b, c, d, preci"
group1,4,16,1024,4096,16,16,4,0.083274,0.099982,,"ERROR: Could not find hyperparameters for the kernel instance corresponding to the target (batch_size, a, b, c, d, preci"
group1,4,16,1024,4096,16,16,8,0.084072,0.100239,,"ERROR: Could not find hyperparameters for the kernel instance corresponding to the target (batch_size, a, b, c, d, preci"
group1,4,16,1024,4096,16,16,16,0.084204,0.099816,,"ERROR: Could not find hyperparameters for the kernel instance corresponding to the target (batch_size, a, b, c, d, preci"
group1,4,16,1024,4096,16,16,32,0.084173,0.099854,,"ERROR: Could not find hyperparameters for the kernel instance corresponding to the target (batch_size, a, b, c, d, preci"
group1,4,16,1024,4096,16,16,64,0.082993,0.099659,,"ERROR: Could not find hyperparameters for the kernel instance corresponding to the target (batch_size, a, b, c, d, preci"
group1,4,16,1024,4096,16,16,128,0.084130,0.099835,,"ERROR: Could not find hyperparameters for the kernel instance corresponding to the target (batch_size, a, b, c, d, preci"
group1,4,16,1024,4096,16,16,256,0.084027,0.099718,,"ERROR: Could not find hyperparameters for the kernel instance corresponding to the target (batch_size, a, b, c, d, preci"
group1,4,16,1024,4096,16,16,512,0.084214,0.100043,,"ERROR: Could not find hyperparameters for the kernel instance corresponding to the target (batch_size, a, b, c, d, preci"
group1,4,16,1024,4096,16,16,1024,0.085390,0.100384,,"ERROR: Could not find hyperparameters for the kernel instance corresponding to the target (batch_size, a, b, c, d, preci"
group1,4,16,1024,4096,16,16,2048,0.137983,0.100476,,"ERROR: Could not find hyperparameters for the kernel instance corresponding to the target (batch_size, a, b, c, d, preci"
group1,4,16,1024,4096,16,16,4096,0.273910,0.175954,,"ERROR: Could not find hyperparameters for the kernel instance corresponding to the target (batch_size, a, b, c, d, preci"
group1,4,16,1024,4096,32,8,2,0.083502,0.099837,,"ERROR: Could not find hyperparameters for the kernel instance corresponding to the target (batch_size, a, b, c, d, preci"
group1,4,16,1024,4096,32,8,4,0.083149,0.100085,,"ERROR: Could not find hyperparameters for the kernel instance corresponding to the target (batch_size, a, b, c, d, preci"
group1,4,16,1024,4096,32,8,8,0.084024,0.100188,,"ERROR: Could not find hyperparameters for the kernel instance corresponding to the target (batch_size, a, b, c, d, preci"
group1,4,16,1024,4096,32,8,16,0.083583,0.099753,,"ERROR: Could not find hyperparameters for the kernel instance corresponding to the target (batch_size, a, b, c, d, preci"
group1,4,16,1024,4096,32,8,32,0.083750,0.100478,,"ERROR: Could not find hyperparameters for the kernel instance corresponding to the target (batch_size, a, b, c, d, preci"
group1,4,16,1024,4096,32,8,64,0.082797,0.099876,,"ERROR: Could not find hyperparameters for the kernel instance corresponding to the target (batch_size, a, b, c, d, preci"
group1,4,16,1024,4096,32,8,128,0.082931,0.099881,,"ERROR: Could not find hyperparameters for the kernel instance corresponding to the target (batch_size, a, b, c, d, preci"
group1,4,16,1024,4096,32,8,256,0.083696,0.099860,,"ERROR: Could not find hyperparameters for the kernel instance corresponding to the target (batch_size, a, b, c, d, preci"
group1,4,16,1024,4096,32,8,512,0.084068,0.099773,,"ERROR: Could not find hyperparameters for the kernel instance corresponding to the target (batch_size, a, b, c, d, preci"
group1,4,16,1024,4096,32,8,1024,0.084336,0.099878,,"ERROR: Could not find hyperparameters for the kernel instance corresponding to the target (batch_size, a, b, c, d, preci"
group1,4,16,1024,4096,32,8,2048,0.138003,0.101514,,"ERROR: Could not find hyperparameters for the kernel instance corresponding to the target (batch_size, a, b, c, d, preci"
group1,4,16,1024,4096,32,8,4096,0.273866,0.191159,,"ERROR: Could not find hyperparameters for the kernel instance corresponding to the target (batch_size, a, b, c, d, preci"
group1,4,16,1024,4096,64,4,2,0.083477,0.099705,,"ERROR: Could not find hyperparameters for the kernel instance corresponding to the target (batch_size, a, b, c, d, preci"
group1,4,16,1024,4096,64,4,4,0.083162,0.099744,,"ERROR: Could not find hyperparameters for the kernel instance corresponding to the target (batch_size, a, b, c, d, preci"
group1,4,16,1024,4096,64,4,8,0.083612,0.099539,,"ERROR: Could not find hyperparameters for the kernel instance corresponding to the target (batch_size, a, b, c, d, preci"
group1,4,16,1024,4096,64,4,16,0.083788,0.099931,,"ERROR: Could not find hyperparameters for the kernel instance corresponding to the target (batch_size, a, b, c, d, preci"
group1,4,16,1024,4096,64,4,32,0.083887,0.099943,,"ERROR: Could not find hyperparameters for the kernel instance corresponding to the target (batch_size, a, b, c, d, preci"
group1,4,16,1024,4096,64,4,64,0.083488,0.099617,,"ERROR: Could not find hyperparameters for the kernel instance corresponding to the target (batch_size, a, b, c, d, preci"
group1,4,16,1024,4096,64,4,128,0.083661,0.100214,,"ERROR: Could not find hyperparameters for the kernel instance corresponding to the target (batch_size, a, b, c, d, preci"
group1,4,16,1024,4096,64,4,256,0.084174,0.099672,,"ERROR: Could not find hyperparameters for the kernel instance corresponding to the target (batch_size, a, b, c, d, preci"
group1,4,16,1024,4096,64,4,512,0.084558,0.100158,,"ERROR: Could not find hyperparameters for the kernel instance corresponding to the target (batch_size, a, b, c, d, preci"
group1,4,16,1024,4096,64,4,1024,0.084853,0.100406,,"ERROR: Could not find hyperparameters for the kernel instance corresponding to the target (batch_size, a, b, c, d, preci"
group1,4,16,1024,4096,64,4,2048,0.138033,0.101869,,"ERROR: Could not find hyperparameters for the kernel instance corresponding to the target (batch_size, a, b, c, d, preci"
group1,4,16,1024,4096,64,4,4096,0.273834,0.191883,,"ERROR: Could not find hyperparameters for the kernel instance corresponding to the target (batch_size, a, b, c, d, preci"
group1,4,16,1024,4096,128,2,2,0.082869,0.099484,,"ERROR: Could not find hyperparameters for the kernel instance corresponding to the target (batch_size, a, b, c, d, preci"
group1,4,16,1024,4096,128,2,4,0.083143,0.100146,,"ERROR: Could not find hyperparameters for the kernel instance corresponding to the target (batch_size, a, b, c, d, preci"
group1,4,16,1024,4096,128,2,8,0.083954,0.100392,,"ERROR: Could not find hyperparameters for the kernel instance corresponding to the target (batch_size, a, b, c, d, preci"
group1,4,16,1024,4096,128,2,16,0.084026,0.100023,,"ERROR: Could not find hyperparameters for the kernel instance corresponding to the target (batch_size, a, b, c, d, preci"
group1,4,16,1024,4096,128,2,32,0.083847,0.100232,,"ERROR: Could not find hyperparameters for the kernel instance corresponding to the target (batch_size, a, b, c, d, preci"
group1,4,16,1024,4096,128,2,64,0.083359,0.099650,,"ERROR: Could not find hyperparameters for the kernel instance corresponding to the target (batch_size, a, b, c, d, preci"
group1,4,16,1024,4096,128,2,128,0.083506,0.100047,,"ERROR: Could not find hyperparameters for the kernel instance corresponding to the target (batch_size, a, b, c, d, preci"
group1,4,16,1024,4096,128,2,256,0.084106,0.099994,,"ERROR: Could not find hyperparameters for the kernel instance corresponding to the target (batch_size, a, b, c, d, preci"
group1,4,16,1024,4096,128,2,512,0.084589,0.100369,,"ERROR: Could not find hyperparameters for the kernel instance corresponding to the target (batch_size, a, b, c, d, preci"
group1,4,16,1024,4096,128,2,1024,0.084809,0.100078,,"ERROR: Could not find hyperparameters for the kernel instance corresponding to the target (batch_size, a, b, c, d, preci"
group1,4,16,1024,4096,128,2,2048,0.138077,0.102792,,"ERROR: Could not find hyperparameters for the kernel instance corresponding to the target (batch_size, a, b, c, d, preci"
group1,4,16,1024,4096,128,2,4096,0.273728,0.193060,,"ERROR: Could not find hyperparameters for the kernel instance corresponding to the target (batch_size, a, b, c, d, preci"
group1,4,16,1024,4096,256,1,2,0.083496,0.063498,,"ERROR: Could not find hyperparameters for the kernel instance corresponding to the target (batch_size, a, b, c, d, preci"
group1,4,16,1024,4096,256,1,4,0.083203,0.063467,,"ERROR: Could not find hyperparameters for the kernel instance corresponding to the target (batch_size, a, b, c, d, preci"
group1,4,16,1024,4096,256,1,8,0.083618,0.063065,,"ERROR: Could not find hyperparameters for the kernel instance corresponding to the target (batch_size, a, b, c, d, preci"
group1,4,16,1024,4096,256,1,16,0.083569,0.063349,,"ERROR: Could not find hyperparameters for the kernel instance corresponding to the target (batch_size, a, b, c, d, preci"
group1,4,16,1024,4096,256,1,32,0.083304,0.063615,,"ERROR: Could not find hyperparameters for the kernel instance corresponding to the target (batch_size, a, b, c, d, preci"
group1,4,16,1024,4096,256,1,64,0.083464,0.063327,,"ERROR: Could not find hyperparameters for the kernel instance corresponding to the target (batch_size, a, b, c, d, preci"
group1,4,16,1024,4096,256,1,128,0.083519,0.062803,,"ERROR: Could not find hyperparameters for the kernel instance corresponding to the target (batch_size, a, b, c, d, preci"
group1,4,16,1024,4096,256,1,256,0.084238,0.063248,,"ERROR: Could not find hyperparameters for the kernel instance corresponding to the target (batch_size, a, b, c, d, preci"
group1,4,16,1024,4096,256,1,512,0.084507,0.063381,,"ERROR: Could not find hyperparameters for the kernel instance corresponding to the target (batch_size, a, b, c, d, preci"
group1,4,16,1024,4096,256,1,1024,0.085044,0.063304,,"ERROR: Could not find hyperparameters for the kernel instance corresponding to the target (batch_size, a, b, c, d, preci"
group1,4,16,1024,4096,256,1,2048,0.137658,0.063583,,"ERROR: Could not find hyperparameters for the kernel instance corresponding to the target (batch_size, a, b, c, d, preci"
group1,4,16,1024,4096,256,1,4096,0.273456,0.096026,,"ERROR: Could not find hyperparameters for the kernel instance corresponding to the target (batch_size, a, b, c, d, preci"
group1,4,32,512,4096,1,128,2,0.082927,0.102728,,"ERROR: Could not find hyperparameters for the kernel instance corresponding to the target (batch_size, a, b, c, d, preci"
group1,4,32,512,4096,1,128,4,0.083166,0.102607,,"ERROR: Could not find hyperparameters for the kernel instance corresponding to the target (batch_size, a, b, c, d, preci"
group1,4,32,512,4096,1,128,8,0.083515,0.102757,,"ERROR: Could not find hyperparameters for the kernel instance corresponding to the target (batch_size, a, b, c, d, preci"
group1,4,32,512,4096,1,128,16,0.083234,0.102863,,"ERROR: Could not find hyperparameters for the kernel instance corresponding to the target (batch_size, a, b, c, d, preci"
group1,4,32,512,4096,1,128,32,0.083253,0.103044,,"ERROR: Could not find hyperparameters for the kernel instance corresponding to the target (batch_size, a, b, c, d, preci"
group1,4,32,512,4096,1,128,64,0.083491,0.103271,,"ERROR: Could not find hyperparameters for the kernel instance corresponding to the target (batch_size, a, b, c, d, preci"
group1,4,32,512,4096,1,128,128,0.082577,0.102657,,"ERROR: Could not find hyperparameters for the kernel instance corresponding to the target (batch_size, a, b, c, d, preci"
group1,4,32,512,4096,1,128,256,0.083212,0.103257,,"ERROR: Could not find hyperparameters for the kernel instance corresponding to the target (batch_size, a, b, c, d, preci"
group1,4,32,512,4096,1,128,512,0.084402,0.103874,,"ERROR: Could not find hyperparameters for the kernel instance corresponding to the target (batch_size, a, b, c, d, preci"
group1,4,32,512,4096,1,128,1024,0.084214,0.103860,,"ERROR: Could not find hyperparameters for the kernel instance corresponding to the target (batch_size, a, b, c, d, preci"
group1,4,32,512,4096,1,128,2048,0.130533,0.103545,,"ERROR: Could not find hyperparameters for the kernel instance corresponding to the target (batch_size, a, b, c, d, preci"
group1,4,32,512,4096,1,128,4096,0.257161,0.189811,,"ERROR: Could not find hyperparameters for the kernel instance corresponding to the target (batch_size, a, b, c, d, preci"
group1,4,32,512,4096,2,64,2,0.082706,0.099687,,"ERROR: Could not find hyperparameters for the kernel instance corresponding to the target (batch_size, a, b, c, d, preci"
group1,4,32,512,4096,2,64,4,0.082685,0.099682,,"ERROR: Could not find hyperparameters for the kernel instance corresponding to the target (batch_size, a, b, c, d, preci"
group1,4,32,512,4096,2,64,8,0.083370,0.099792,,"ERROR: Could not find hyperparameters for the kernel instance corresponding to the target (batch_size, a, b, c, d, preci"
group1,4,32,512,4096,2,64,16,0.082974,0.099715,,"ERROR: Could not find hyperparameters for the kernel instance corresponding to the target (batch_size, a, b, c, d, preci"
group1,4,32,512,4096,2,64,32,0.083700,0.100011,,"ERROR: Could not find hyperparameters for the kernel instance corresponding to the target (batch_size, a, b, c, d, preci"
group1,4,32,512,4096,2,64,64,0.083136,0.099452,,"ERROR: Could not find hyperparameters for the kernel instance corresponding to the target (batch_size, a, b, c, d, preci"
group1,4,32,512,4096,2,64,128,0.083617,0.099858,,"ERROR: Could not find hyperparameters for the kernel instance corresponding to the target (batch_size, a, b, c, d, preci"
group1,4,32,512,4096,2,64,256,0.083419,0.099968,,"ERROR: Could not find hyperparameters for the kernel instance corresponding to the target (batch_size, a, b, c, d, preci"
group1,4,32,512,4096,2,64,512,0.084533,0.099962,,"ERROR: Could not find hyperparameters for the kernel instance corresponding to the target (batch_size, a, b, c, d, preci"
group1,4,32,512,4096,2,64,1024,0.084526,0.100351,,"ERROR: Could not find hyperparameters for the kernel instance corresponding to the target (batch_size, a, b, c, d, preci"
group1,4,32,512,4096,2,64,2048,0.130481,0.100840,,"ERROR: Could not find hyperparameters for the kernel instance corresponding to the target (batch_size, a, b, c, d, preci"
group1,4,32,512,4096,2,64,4096,0.257242,0.189754,,"ERROR: Could not find hyperparameters for the kernel instance corresponding to the target (batch_size, a, b, c, d, preci"
group1,4,32,512,4096,4,32,2,0.083182,0.099394,,"ERROR: Could not find hyperparameters for the kernel instance corresponding to the target (batch_size, a, b, c, d, preci"
group1,4,32,512,4096,4,32,4,0.083807,0.099540,,"ERROR: Could not find hyperparameters for the kernel instance corresponding to the target (batch_size, a, b, c, d, preci"
group1,4,32,512,4096,4,32,8,0.083824,0.099599,,"ERROR: Could not find hyperparameters for the kernel instance corresponding to the target (batch_size, a, b, c, d, preci"
group1,4,32,512,4096,4,32,16,0.083604,0.099710,,"ERROR: Could not find hyperparameters for the kernel instance corresponding to the target (batch_size, a, b, c, d, preci"
group1,4,32,512,4096,4,32,32,0.083826,0.099941,,"ERROR: Could not find hyperparameters for the kernel instance corresponding to the target (batch_size, a, b, c, d, preci"
group1,4,32,512,4096,4,32,64,0.083356,0.100121,,"ERROR: Could not find hyperparameters for the kernel instance corresponding to the target (batch_size, a, b, c, d, preci"
group1,4,32,512,4096,4,32,128,0.083460,0.099304,,"ERROR: Could not find hyperparameters for the kernel instance corresponding to the target (batch_size, a, b, c, d, preci"
group1,4,32,512,4096,4,32,256,0.084055,0.099644,,"ERROR: Could not find hyperparameters for the kernel instance corresponding to the target (batch_size, a, b, c, d, preci"
group1,4,32,512,4096,4,32,512,0.085105,0.100326,,"ERROR: Could not find hyperparameters for the kernel instance corresponding to the target (batch_size, a, b, c, d, preci"
group1,4,32,512,4096,4,32,1024,0.085030,0.099682,,"ERROR: Could not find hyperparameters for the kernel instance corresponding to the target (batch_size, a, b, c, d, preci"
group1,4,32,512,4096,4,32,2048,0.130395,0.100576,,"ERROR: Could not find hyperparameters for the kernel instance corresponding to the target (batch_size, a, b, c, d, preci"
group1,4,32,512,4096,4,32,4096,0.257333,0.132486,,"ERROR: Could not find hyperparameters for the kernel instance corresponding to the target (batch_size, a, b, c, d, preci"
group1,4,32,512,4096,8,16,2,0.083554,0.099016,,"ERROR: Could not find hyperparameters for the kernel instance corresponding to the target (batch_size, a, b, c, d, preci"
group1,4,32,512,4096,8,16,4,0.083270,0.099740,,"ERROR: Could not find hyperparameters for the kernel instance corresponding to the target (batch_size, a, b, c, d, preci"
group1,4,32,512,4096,8,16,8,0.083877,0.100147,,"ERROR: Could not find hyperparameters for the kernel instance corresponding to the target (batch_size, a, b, c, d, preci"
group1,4,32,512,4096,8,16,16,0.084239,0.099736,,"ERROR: Could not find hyperparameters for the kernel instance corresponding to the target (batch_size, a, b, c, d, preci"
group1,4,32,512,4096,8,16,32,0.083489,0.099978,,"ERROR: Could not find hyperparameters for the kernel instance corresponding to the target (batch_size, a, b, c, d, preci"
group1,4,32,512,4096,8,16,64,0.083348,0.099690,,"ERROR: Could not find hyperparameters for the kernel instance corresponding to the target (batch_size, a, b, c, d, preci"
group1,4,32,512,4096,8,16,128,0.083419,0.100038,,"ERROR: Could not find hyperparameters for the kernel instance corresponding to the target (batch_size, a, b, c, d, preci"
group1,4,32,512,4096,8,16,256,0.083730,0.099766,,"ERROR: Could not find hyperparameters for the kernel instance corresponding to the target (batch_size, a, b, c, d, preci"
group1,4,32,512,4096,8,16,512,0.084931,0.100039,,"ERROR: Could not find hyperparameters for the kernel instance corresponding to the target (batch_size, a, b, c, d, preci"
group1,4,32,512,4096,8,16,1024,0.084799,0.099474,,"ERROR: Could not find hyperparameters for the kernel instance corresponding to the target (batch_size, a, b, c, d, preci"
group1,4,32,512,4096,8,16,2048,0.130310,0.100741,,"ERROR: Could not find hyperparameters for the kernel instance corresponding to the target (batch_size, a, b, c, d, preci"
group1,4,32,512,4096,8,16,4096,0.257207,0.121949,,"ERROR: Could not find hyperparameters for the kernel instance corresponding to the target (batch_size, a, b, c, d, preci"
group1,4,32,512,4096,16,8,2,0.083126,0.098938,,"ERROR: Could not find hyperparameters for the kernel instance corresponding to the target (batch_size, a, b, c, d, preci"
group1,4,32,512,4096,16,8,4,0.082816,0.099987,,"ERROR: Could not find hyperparameters for the kernel instance corresponding to the target (batch_size, a, b, c, d, preci"
group1,4,32,512,4096,16,8,8,0.083907,0.099889,,"ERROR: Could not find hyperparameters for the kernel instance corresponding to the target (batch_size, a, b, c, d, preci"
group1,4,32,512,4096,16,8,16,0.083007,0.099738,,"ERROR: Could not find hyperparameters for the kernel instance corresponding to the target (batch_size, a, b, c, d, preci"
group1,4,32,512,4096,16,8,32,0.084175,0.099844,,"ERROR: Could not find hyperparameters for the kernel instance corresponding to the target (batch_size, a, b, c, d, preci"
group1,4,32,512,4096,16,8,64,0.083486,0.099877,,"ERROR: Could not find hyperparameters for the kernel instance corresponding to the target (batch_size, a, b, c, d, preci"
group1,4,32,512,4096,16,8,128,0.083539,0.099636,,"ERROR: Could not find hyperparameters for the kernel instance corresponding to the target (batch_size, a, b, c, d, preci"
group1,4,32,512,4096,16,8,256,0.083857,0.099368,,"ERROR: Could not find hyperparameters for the kernel instance corresponding to the target (batch_size, a, b, c, d, preci"
group1,4,32,512,4096,16,8,512,0.084492,0.100148,,"ERROR: Could not find hyperparameters for the kernel instance corresponding to the target (batch_size, a, b, c, d, preci"
group1,4,32,512,4096,16,8,1024,0.084381,0.099796,,"ERROR: Could not find hyperparameters for the kernel instance corresponding to the target (batch_size, a, b, c, d, preci"
group1,4,32,512,4096,16,8,2048,0.130332,0.100646,,"ERROR: Could not find hyperparameters for the kernel instance corresponding to the target (batch_size, a, b, c, d, preci"
group1,4,32,512,4096,16,8,4096,0.257187,0.123274,,"ERROR: Could not find hyperparameters for the kernel instance corresponding to the target (batch_size, a, b, c, d, preci"
group1,4,32,512,4096,32,4,2,0.082932,0.099118,,"ERROR: Could not find hyperparameters for the kernel instance corresponding to the target (batch_size, a, b, c, d, preci"
group1,4,32,512,4096,32,4,4,0.083086,0.099913,,"ERROR: Could not find hyperparameters for the kernel instance corresponding to the target (batch_size, a, b, c, d, preci"
group1,4,32,512,4096,32,4,8,0.083370,0.099525,,"ERROR: Could not find hyperparameters for the kernel instance corresponding to the target (batch_size, a, b, c, d, preci"
group1,4,32,512,4096,32,4,16,0.083447,0.099628,,"ERROR: Could not find hyperparameters for the kernel instance corresponding to the target (batch_size, a, b, c, d, preci"
group1,4,32,512,4096,32,4,32,0.083614,0.100370,,"ERROR: Could not find hyperparameters for the kernel instance corresponding to the target (batch_size, a, b, c, d, preci"
group1,4,32,512,4096,32,4,64,0.083227,0.099821,,"ERROR: Could not find hyperparameters for the kernel instance corresponding to the target (batch_size, a, b, c, d, preci"
group1,4,32,512,4096,32,4,128,0.083304,0.099488,,"ERROR: Could not find hyperparameters for the kernel instance corresponding to the target (batch_size, a, b, c, d, preci"
group1,4,32,512,4096,32,4,256,0.083531,0.099846,,"ERROR: Could not find hyperparameters for the kernel instance corresponding to the target (batch_size, a, b, c, d, preci"
group1,4,32,512,4096,32,4,512,0.084743,0.100726,,"ERROR: Could not find hyperparameters for the kernel instance corresponding to the target (batch_size, a, b, c, d, preci"
group1,4,32,512,4096,32,4,1024,0.084808,0.099646,,"ERROR: Could not find hyperparameters for the kernel instance corresponding to the target (batch_size, a, b, c, d, preci"
group1,4,32,512,4096,32,4,2048,0.130339,0.101040,,"ERROR: Could not find hyperparameters for the kernel instance corresponding to the target (batch_size, a, b, c, d, preci"
group1,4,32,512,4096,32,4,4096,0.257221,0.137921,,"ERROR: Could not find hyperparameters for the kernel instance corresponding to the target (batch_size, a, b, c, d, preci"
group1,4,32,512,4096,64,2,2,0.083017,0.099184,,"ERROR: Could not find hyperparameters for the kernel instance corresponding to the target (batch_size, a, b, c, d, preci"
group1,4,32,512,4096,64,2,4,0.083100,0.100026,,"ERROR: Could not find hyperparameters for the kernel instance corresponding to the target (batch_size, a, b, c, d, preci"
group1,4,32,512,4096,64,2,8,0.083340,0.100045,,"ERROR: Could not find hyperparameters for the kernel instance corresponding to the target (batch_size, a, b, c, d, preci"
group1,4,32,512,4096,64,2,16,0.083339,0.099511,,"ERROR: Could not find hyperparameters for the kernel instance corresponding to the target (batch_size, a, b, c, d, preci"
group1,4,32,512,4096,64,2,32,0.083886,0.100042,,"ERROR: Could not find hyperparameters for the kernel instance corresponding to the target (batch_size, a, b, c, d, preci"
group1,4,32,512,4096,64,2,64,0.083503,0.099438,,"ERROR: Could not find hyperparameters for the kernel instance corresponding to the target (batch_size, a, b, c, d, preci"
group1,4,32,512,4096,64,2,128,0.083483,0.099896,,"ERROR: Could not find hyperparameters for the kernel instance corresponding to the target (batch_size, a, b, c, d, preci"
group1,4,32,512,4096,64,2,256,0.083869,0.099527,,"ERROR: Could not find hyperparameters for the kernel instance corresponding to the target (batch_size, a, b, c, d, preci"
group1,4,32,512,4096,64,2,512,0.084801,0.100200,,"ERROR: Could not find hyperparameters for the kernel instance corresponding to the target (batch_size, a, b, c, d, preci"
group1,4,32,512,4096,64,2,1024,0.084330,0.099583,,"ERROR: Could not find hyperparameters for the kernel instance corresponding to the target (batch_size, a, b, c, d, preci"
group1,4,32,512,4096,64,2,2048,0.130304,0.100534,,"ERROR: Could not find hyperparameters for the kernel instance corresponding to the target (batch_size, a, b, c, d, preci"
group1,4,32,512,4096,64,2,4096,0.257144,0.138825,,"ERROR: Could not find hyperparameters for the kernel instance corresponding to the target (batch_size, a, b, c, d, preci"
group1,4,32,512,4096,128,1,2,0.083317,0.063176,,"ERROR: Could not find hyperparameters for the kernel instance corresponding to the target (batch_size, a, b, c, d, preci"
group1,4,32,512,4096,128,1,4,0.083222,0.063517,,"ERROR: Could not find hyperparameters for the kernel instance corresponding to the target (batch_size, a, b, c, d, preci"
group1,4,32,512,4096,128,1,8,0.082715,0.063262,,"ERROR: Could not find hyperparameters for the kernel instance corresponding to the target (batch_size, a, b, c, d, preci"
group1,4,32,512,4096,128,1,16,0.082767,0.063013,,"ERROR: Could not find hyperparameters for the kernel instance corresponding to the target (batch_size, a, b, c, d, preci"
group1,4,32,512,4096,128,1,32,0.082668,0.063262,,"ERROR: Could not find hyperparameters for the kernel instance corresponding to the target (batch_size, a, b, c, d, preci"
group1,4,32,512,4096,128,1,64,0.083831,0.063103,,"ERROR: Could not find hyperparameters for the kernel instance corresponding to the target (batch_size, a, b, c, d, preci"
group1,4,32,512,4096,128,1,128,0.083999,0.063125,,"ERROR: Could not find hyperparameters for the kernel instance corresponding to the target (batch_size, a, b, c, d, preci"
group1,4,32,512,4096,128,1,256,0.083624,0.063734,,"ERROR: Could not find hyperparameters for the kernel instance corresponding to the target (batch_size, a, b, c, d, preci"
group1,4,32,512,4096,128,1,512,0.084165,0.063634,,"ERROR: Could not find hyperparameters for the kernel instance corresponding to the target (batch_size, a, b, c, d, preci"
group1,4,32,512,4096,128,1,1024,0.084508,0.063757,,"ERROR: Could not find hyperparameters for the kernel instance corresponding to the target (batch_size, a, b, c, d, preci"
group1,4,32,512,4096,128,1,2048,0.130056,0.063370,,"ERROR: Could not find hyperparameters for the kernel instance corresponding to the target (batch_size, a, b, c, d, preci"
group1,4,32,512,4096,128,1,4096,0.256295,0.063321,,"ERROR: Could not find hyperparameters for the kernel instance corresponding to the target (batch_size, a, b, c, d, preci"
group1,8,2,2048,512,1,256,2,0.082691,0.102169,,"ERROR: Could not find hyperparameters for the kernel instance corresponding to the target (batch_size, a, b, c, d, preci"
group1,8,2,2048,512,1,256,4,0.083618,0.102683,,"ERROR: Could not find hyperparameters for the kernel instance corresponding to the target (batch_size, a, b, c, d, preci"
group1,8,2,2048,512,1,256,8,0.083372,0.102711,,"ERROR: Could not find hyperparameters for the kernel instance corresponding to the target (batch_size, a, b, c, d, preci"
group1,8,2,2048,512,1,256,16,0.083430,0.102728,,"ERROR: Could not find hyperparameters for the kernel instance corresponding to the target (batch_size, a, b, c, d, preci"
group1,8,2,2048,512,1,256,32,0.083580,0.102624,,"ERROR: Could not find hyperparameters for the kernel instance corresponding to the target (batch_size, a, b, c, d, preci"
group1,8,2,2048,512,1,256,64,0.083948,0.102623,,"ERROR: Could not find hyperparameters for the kernel instance corresponding to the target (batch_size, a, b, c, d, preci"
group1,8,2,2048,512,1,256,128,0.083419,0.103003,,"ERROR: Could not find hyperparameters for the kernel instance corresponding to the target (batch_size, a, b, c, d, preci"
group1,8,2,2048,512,1,256,256,0.084071,0.102319,,"ERROR: Could not find hyperparameters for the kernel instance corresponding to the target (batch_size, a, b, c, d, preci"
group1,8,2,2048,512,1,256,512,0.084151,0.102814,,"ERROR: Could not find hyperparameters for the kernel instance corresponding to the target (batch_size, a, b, c, d, preci"
group1,8,2,2048,512,1,256,1024,0.084599,0.103576,,"ERROR: Could not find hyperparameters for the kernel instance corresponding to the target (batch_size, a, b, c, d, preci"
group1,8,2,2048,512,1,256,2048,0.084328,0.103246,,"ERROR: Could not find hyperparameters for the kernel instance corresponding to the target (batch_size, a, b, c, d, preci"
group1,8,2,2048,512,1,256,4096,0.154821,0.125783,,"ERROR: Could not find hyperparameters for the kernel instance corresponding to the target (batch_size, a, b, c, d, preci"
group1,8,2,2048,512,2,128,2,0.083128,0.099558,,"ERROR: Could not find hyperparameters for the kernel instance corresponding to the target (batch_size, a, b, c, d, preci"
group1,8,2,2048,512,2,128,4,0.083481,0.099703,,"ERROR: Could not find hyperparameters for the kernel instance corresponding to the target (batch_size, a, b, c, d, preci"
group1,8,2,2048,512,2,128,8,0.083352,0.099701,,"ERROR: Could not find hyperparameters for the kernel instance corresponding to the target (batch_size, a, b, c, d, preci"
group1,8,2,2048,512,2,128,16,0.083415,0.099801,,"ERROR: Could not find hyperparameters for the kernel instance corresponding to the target (batch_size, a, b, c, d, preci"
group1,8,2,2048,512,2,128,32,0.083145,0.100093,,"ERROR: Could not find hyperparameters for the kernel instance corresponding to the target (batch_size, a, b, c, d, preci"
group1,8,2,2048,512,2,128,64,0.083422,0.099339,,"ERROR: Could not find hyperparameters for the kernel instance corresponding to the target (batch_size, a, b, c, d, preci"
group1,8,2,2048,512,2,128,128,0.083273,0.099482,,"ERROR: Could not find hyperparameters for the kernel instance corresponding to the target (batch_size, a, b, c, d, preci"
group1,8,2,2048,512,2,128,256,0.083968,0.100362,,"ERROR: Could not find hyperparameters for the kernel instance corresponding to the target (batch_size, a, b, c, d, preci"
group1,8,2,2048,512,2,128,512,0.084356,0.099766,,"ERROR: Could not find hyperparameters for the kernel instance corresponding to the target (batch_size, a, b, c, d, preci"
group1,8,2,2048,512,2,128,1024,0.084648,0.100220,,"ERROR: Could not find hyperparameters for the kernel instance corresponding to the target (batch_size, a, b, c, d, preci"
group1,8,2,2048,512,2,128,2048,0.084488,0.100715,,"ERROR: Could not find hyperparameters for the kernel instance corresponding to the target (batch_size, a, b, c, d, preci"
group1,8,2,2048,512,2,128,4096,0.154872,0.123286,,"ERROR: Could not find hyperparameters for the kernel instance corresponding to the target (batch_size, a, b, c, d, preci"
group1,8,2,2048,512,4,64,2,0.082918,0.099628,,"ERROR: Could not find hyperparameters for the kernel instance corresponding to the target (batch_size, a, b, c, d, preci"
group1,8,2,2048,512,4,64,4,0.083271,0.099534,,"ERROR: Could not find hyperparameters for the kernel instance corresponding to the target (batch_size, a, b, c, d, preci"
group1,8,2,2048,512,4,64,8,0.082907,0.099596,,"ERROR: Could not find hyperparameters for the kernel instance corresponding to the target (batch_size, a, b, c, d, preci"
group1,8,2,2048,512,4,64,16,0.083267,0.099581,,"ERROR: Could not find hyperparameters for the kernel instance corresponding to the target (batch_size, a, b, c, d, preci"
group1,8,2,2048,512,4,64,32,0.083386,0.099735,,"ERROR: Could not find hyperparameters for the kernel instance corresponding to the target (batch_size, a, b, c, d, preci"
group1,8,2,2048,512,4,64,64,0.083264,0.099623,,"ERROR: Could not find hyperparameters for the kernel instance corresponding to the target (batch_size, a, b, c, d, preci"
group1,8,2,2048,512,4,64,128,0.083795,0.099669,,"ERROR: Could not find hyperparameters for the kernel instance corresponding to the target (batch_size, a, b, c, d, preci"
group1,8,2,2048,512,4,64,256,0.084040,0.099271,,"ERROR: Could not find hyperparameters for the kernel instance corresponding to the target (batch_size, a, b, c, d, preci"
group1,8,2,2048,512,4,64,512,0.084222,0.099703,,"ERROR: Could not find hyperparameters for the kernel instance corresponding to the target (batch_size, a, b, c, d, preci"
group1,8,2,2048,512,4,64,1024,0.084531,0.100465,,"ERROR: Could not find hyperparameters for the kernel instance corresponding to the target (batch_size, a, b, c, d, preci"
group1,8,2,2048,512,4,64,2048,0.084251,0.099838,,"ERROR: Could not find hyperparameters for the kernel instance corresponding to the target (batch_size, a, b, c, d, preci"
group1,8,2,2048,512,4,64,4096,0.154858,0.122906,,"ERROR: Could not find hyperparameters for the kernel instance corresponding to the target (batch_size, a, b, c, d, preci"
group1,8,2,2048,512,8,32,2,0.082599,0.099160,,"ERROR: Could not find hyperparameters for the kernel instance corresponding to the target (batch_size, a, b, c, d, preci"
group1,8,2,2048,512,8,32,4,0.082692,0.099708,,"ERROR: Could not find hyperparameters for the kernel instance corresponding to the target (batch_size, a, b, c, d, preci"
group1,8,2,2048,512,8,32,8,0.083252,0.100523,,"ERROR: Could not find hyperparameters for the kernel instance corresponding to the target (batch_size, a, b, c, d, preci"
group1,8,2,2048,512,8,32,16,0.083311,0.099693,,"ERROR: Could not find hyperparameters for the kernel instance corresponding to the target (batch_size, a, b, c, d, preci"
group1,8,2,2048,512,8,32,32,0.083441,0.099825,,"ERROR: Could not find hyperparameters for the kernel instance corresponding to the target (batch_size, a, b, c, d, preci"
group1,8,2,2048,512,8,32,64,0.083056,0.098894,,"ERROR: Could not find hyperparameters for the kernel instance corresponding to the target (batch_size, a, b, c, d, preci"
group1,8,2,2048,512,8,32,128,0.083780,0.099934,,"ERROR: Could not find hyperparameters for the kernel instance corresponding to the target (batch_size, a, b, c, d, preci"
group1,8,2,2048,512,8,32,256,0.083302,0.099940,,"ERROR: Could not find hyperparameters for the kernel instance corresponding to the target (batch_size, a, b, c, d, preci"
group1,8,2,2048,512,8,32,512,0.084262,0.099557,,"ERROR: Could not find hyperparameters for the kernel instance corresponding to the target (batch_size, a, b, c, d, preci"
group1,8,2,2048,512,8,32,1024,0.084606,0.100375,,"ERROR: Could not find hyperparameters for the kernel instance corresponding to the target (batch_size, a, b, c, d, preci"
group1,8,2,2048,512,8,32,2048,0.084594,0.100469,,"ERROR: Could not find hyperparameters for the kernel instance corresponding to the target (batch_size, a, b, c, d, preci"
group1,8,2,2048,512,8,32,4096,0.154858,0.123612,,"ERROR: Could not find hyperparameters for the kernel instance corresponding to the target (batch_size, a, b, c, d, preci"
group1,8,2,2048,512,16,16,2,0.083621,0.099416,,"ERROR: Could not find hyperparameters for the kernel instance corresponding to the target (batch_size, a, b, c, d, preci"
group1,8,2,2048,512,16,16,4,0.083111,0.100123,,"ERROR: Could not find hyperparameters for the kernel instance corresponding to the target (batch_size, a, b, c, d, preci"
group1,8,2,2048,512,16,16,8,0.083033,0.099866,,"ERROR: Could not find hyperparameters for the kernel instance corresponding to the target (batch_size, a, b, c, d, preci"
group1,8,2,2048,512,16,16,16,0.083503,0.099552,,"ERROR: Could not find hyperparameters for the kernel instance corresponding to the target (batch_size, a, b, c, d, preci"
group1,8,2,2048,512,16,16,32,0.083478,0.099245,,"ERROR: Could not find hyperparameters for the kernel instance corresponding to the target (batch_size, a, b, c, d, preci"
group1,8,2,2048,512,16,16,64,0.083353,0.099201,,"ERROR: Could not find hyperparameters for the kernel instance corresponding to the target (batch_size, a, b, c, d, preci"
group1,8,2,2048,512,16,16,128,0.083125,0.099896,,"ERROR: Could not find hyperparameters for the kernel instance corresponding to the target (batch_size, a, b, c, d, preci"
group1,8,2,2048,512,16,16,256,0.083941,0.099593,,"ERROR: Could not find hyperparameters for the kernel instance corresponding to the target (batch_size, a, b, c, d, preci"
group1,8,2,2048,512,16,16,512,0.084107,0.099165,,"ERROR: Could not find hyperparameters for the kernel instance corresponding to the target (batch_size, a, b, c, d, preci"
group1,8,2,2048,512,16,16,1024,0.084480,0.100209,,"ERROR: Could not find hyperparameters for the kernel instance corresponding to the target (batch_size, a, b, c, d, preci"
group1,8,2,2048,512,16,16,2048,0.084714,0.100345,,"ERROR: Could not find hyperparameters for the kernel instance corresponding to the target (batch_size, a, b, c, d, preci"
group1,8,2,2048,512,16,16,4096,0.154873,0.127827,,"ERROR: Could not find hyperparameters for the kernel instance corresponding to the target (batch_size, a, b, c, d, preci"
group1,8,2,2048,512,32,8,2,0.083657,0.099742,,"ERROR: Could not find hyperparameters for the kernel instance corresponding to the target (batch_size, a, b, c, d, preci"
group1,8,2,2048,512,32,8,4,0.083541,0.100156,,"ERROR: Could not find hyperparameters for the kernel instance corresponding to the target (batch_size, a, b, c, d, preci"
group1,8,2,2048,512,32,8,8,0.083159,0.100027,,"ERROR: Could not find hyperparameters for the kernel instance corresponding to the target (batch_size, a, b, c, d, preci"
group1,8,2,2048,512,32,8,16,0.083477,0.099896,,"ERROR: Could not find hyperparameters for the kernel instance corresponding to the target (batch_size, a, b, c, d, preci"
group1,8,2,2048,512,32,8,32,0.083071,0.099691,,"ERROR: Could not find hyperparameters for the kernel instance corresponding to the target (batch_size, a, b, c, d, preci"
group1,8,2,2048,512,32,8,64,0.083466,0.100398,,"ERROR: Could not find hyperparameters for the kernel instance corresponding to the target (batch_size, a, b, c, d, preci"
group1,8,2,2048,512,32,8,128,0.083561,0.099991,,"ERROR: Could not find hyperparameters for the kernel instance corresponding to the target (batch_size, a, b, c, d, preci"
group1,8,2,2048,512,32,8,256,0.084318,0.100149,,"ERROR: Could not find hyperparameters for the kernel instance corresponding to the target (batch_size, a, b, c, d, preci"
group1,8,2,2048,512,32,8,512,0.084335,0.100494,,"ERROR: Could not find hyperparameters for the kernel instance corresponding to the target (batch_size, a, b, c, d, preci"
group1,8,2,2048,512,32,8,1024,0.084718,0.101115,,"ERROR: Could not find hyperparameters for the kernel instance corresponding to the target (batch_size, a, b, c, d, preci"
group1,8,2,2048,512,32,8,2048,0.084651,0.100528,,"ERROR: Could not find hyperparameters for the kernel instance corresponding to the target (batch_size, a, b, c, d, preci"
group1,8,2,2048,512,32,8,4096,0.154898,0.128177,,"ERROR: Could not find hyperparameters for the kernel instance corresponding to the target (batch_size, a, b, c, d, preci"
group1,8,2,2048,512,64,4,2,0.083021,0.099530,,"ERROR: Could not find hyperparameters for the kernel instance corresponding to the target (batch_size, a, b, c, d, preci"
group1,8,2,2048,512,64,4,4,0.083761,0.099669,,"ERROR: Could not find hyperparameters for the kernel instance corresponding to the target (batch_size, a, b, c, d, preci"
group1,8,2,2048,512,64,4,8,0.083568,0.099954,,"ERROR: Could not find hyperparameters for the kernel instance corresponding to the target (batch_size, a, b, c, d, preci"
group1,8,2,2048,512,64,4,16,0.083997,0.099674,,"ERROR: Could not find hyperparameters for the kernel instance corresponding to the target (batch_size, a, b, c, d, preci"
group1,8,2,2048,512,64,4,32,0.083386,0.100108,,"ERROR: Could not find hyperparameters for the kernel instance corresponding to the target (batch_size, a, b, c, d, preci"
group1,8,2,2048,512,64,4,64,0.109981,0.099723,,"ERROR: Could not find hyperparameters for the kernel instance corresponding to the target (batch_size, a, b, c, d, preci"
group1,8,2,2048,512,64,4,128,0.086234,0.102765,,"ERROR: Could not find hyperparameters for the kernel instance corresponding to the target (batch_size, a, b, c, d, preci"
group1,8,2,2048,512,64,4,256,0.086545,0.103064,,"ERROR: Could not find hyperparameters for the kernel instance corresponding to the target (batch_size, a, b, c, d, preci"
group1,8,2,2048,512,64,4,512,0.087129,0.102108,,"ERROR: Could not find hyperparameters for the kernel instance corresponding to the target (batch_size, a, b, c, d, preci"
group1,8,2,2048,512,64,4,1024,0.087290,0.103824,,"ERROR: Could not find hyperparameters for the kernel instance corresponding to the target (batch_size, a, b, c, d, preci"
group1,8,2,2048,512,64,4,2048,0.087361,0.103335,,"ERROR: Could not find hyperparameters for the kernel instance corresponding to the target (batch_size, a, b, c, d, preci"
group1,8,2,2048,512,64,4,4096,0.154854,0.128632,,"ERROR: Could not find hyperparameters for the kernel instance corresponding to the target (batch_size, a, b, c, d, preci"
group1,8,2,2048,512,128,2,2,0.085862,0.102112,,"ERROR: Could not find hyperparameters for the kernel instance corresponding to the target (batch_size, a, b, c, d, preci"
group1,8,2,2048,512,128,2,4,0.085948,0.102486,,"ERROR: Could not find hyperparameters for the kernel instance corresponding to the target (batch_size, a, b, c, d, preci"
group1,8,2,2048,512,128,2,8,0.086014,0.102306,,"ERROR: Could not find hyperparameters for the kernel instance corresponding to the target (batch_size, a, b, c, d, preci"
group1,8,2,2048,512,128,2,16,0.086388,0.102704,,"ERROR: Could not find hyperparameters for the kernel instance corresponding to the target (batch_size, a, b, c, d, preci"
group1,8,2,2048,512,128,2,32,0.086338,0.102861,,"ERROR: Could not find hyperparameters for the kernel instance corresponding to the target (batch_size, a, b, c, d, preci"
group1,8,2,2048,512,128,2,64,0.086283,0.102311,,"ERROR: Could not find hyperparameters for the kernel instance corresponding to the target (batch_size, a, b, c, d, preci"
group1,8,2,2048,512,128,2,128,0.086594,0.102762,,"ERROR: Could not find hyperparameters for the kernel instance corresponding to the target (batch_size, a, b, c, d, preci"
group1,8,2,2048,512,128,2,256,0.088016,0.101991,,"ERROR: Could not find hyperparameters for the kernel instance corresponding to the target (batch_size, a, b, c, d, preci"
group1,8,2,2048,512,128,2,512,0.087679,0.103395,,"ERROR: Could not find hyperparameters for the kernel instance corresponding to the target (batch_size, a, b, c, d, preci"
group1,8,2,2048,512,128,2,1024,0.087926,0.103640,,"ERROR: Could not find hyperparameters for the kernel instance corresponding to the target (batch_size, a, b, c, d, preci"
group1,8,2,2048,512,128,2,2048,0.087812,0.103396,,"ERROR: Could not find hyperparameters for the kernel instance corresponding to the target (batch_size, a, b, c, d, preci"
group1,8,2,2048,512,128,2,4096,0.154883,0.128638,,"ERROR: Could not find hyperparameters for the kernel instance corresponding to the target (batch_size, a, b, c, d, preci"
group1,8,2,2048,512,256,1,2,0.084938,0.063457,,"ERROR: Could not find hyperparameters for the kernel instance corresponding to the target (batch_size, a, b, c, d, preci"
group1,8,2,2048,512,256,1,4,0.085300,0.063846,,"ERROR: Could not find hyperparameters for the kernel instance corresponding to the target (batch_size, a, b, c, d, preci"
group1,8,2,2048,512,256,1,8,0.085079,0.063788,,"ERROR: Could not find hyperparameters for the kernel instance corresponding to the target (batch_size, a, b, c, d, preci"
group1,8,2,2048,512,256,1,16,0.084848,0.063818,,"ERROR: Could not find hyperparameters for the kernel instance corresponding to the target (batch_size, a, b, c, d, preci"
group1,8,2,2048,512,256,1,32,0.085321,0.064079,,"ERROR: Could not find hyperparameters for the kernel instance corresponding to the target (batch_size, a, b, c, d, preci"
group1,8,2,2048,512,256,1,64,0.084894,0.064117,,"ERROR: Could not find hyperparameters for the kernel instance corresponding to the target (batch_size, a, b, c, d, preci"
group1,8,2,2048,512,256,1,128,0.084852,0.063757,,"ERROR: Could not find hyperparameters for the kernel instance corresponding to the target (batch_size, a, b, c, d, preci"
group1,8,2,2048,512,256,1,256,0.085196,0.064176,,"ERROR: Could not find hyperparameters for the kernel instance corresponding to the target (batch_size, a, b, c, d, preci"
group1,8,2,2048,512,256,1,512,0.085514,0.064260,,"ERROR: Could not find hyperparameters for the kernel instance corresponding to the target (batch_size, a, b, c, d, preci"
group1,8,2,2048,512,256,1,1024,0.085926,0.064337,,"ERROR: Could not find hyperparameters for the kernel instance corresponding to the target (batch_size, a, b, c, d, preci"
group1,8,2,2048,512,256,1,2048,0.085943,0.064356,,"ERROR: Could not find hyperparameters for the kernel instance corresponding to the target (batch_size, a, b, c, d, preci"
group1,8,2,2048,512,256,1,4096,0.152725,0.078580,,"ERROR: Could not find hyperparameters for the kernel instance corresponding to the target (batch_size, a, b, c, d, preci"
group1,8,2,4096,1024,1,512,2,0.084742,0.105847,,"ERROR: Could not find hyperparameters for the kernel instance corresponding to the target (batch_size, a, b, c, d, preci"
group1,8,2,4096,1024,1,512,4,0.085005,0.106161,,"ERROR: Could not find hyperparameters for the kernel instance corresponding to the target (batch_size, a, b, c, d, preci"
group1,8,2,4096,1024,1,512,8,0.085384,0.106149,,"ERROR: Could not find hyperparameters for the kernel instance corresponding to the target (batch_size, a, b, c, d, preci"
group1,8,2,4096,1024,1,512,16,0.085536,0.105970,,"ERROR: Could not find hyperparameters for the kernel instance corresponding to the target (batch_size, a, b, c, d, preci"
group1,8,2,4096,1024,1,512,32,0.085422,0.105777,,"ERROR: Could not find hyperparameters for the kernel instance corresponding to the target (batch_size, a, b, c, d, preci"
group1,8,2,4096,1024,1,512,64,0.085917,0.106634,,"ERROR: Could not find hyperparameters for the kernel instance corresponding to the target (batch_size, a, b, c, d, preci"
group1,8,2,4096,1024,1,512,128,0.085472,0.106518,,"ERROR: Could not find hyperparameters for the kernel instance corresponding to the target (batch_size, a, b, c, d, preci"
group1,8,2,4096,1024,1,512,256,0.086332,0.105796,,"ERROR: Could not find hyperparameters for the kernel instance corresponding to the target (batch_size, a, b, c, d, preci"
group1,8,2,4096,1024,1,512,512,0.086885,0.107602,,"ERROR: Could not find hyperparameters for the kernel instance corresponding to the target (batch_size, a, b, c, d, preci"
group1,8,2,4096,1024,1,512,1024,0.086825,0.106847,,"ERROR: Could not find hyperparameters for the kernel instance corresponding to the target (batch_size, a, b, c, d, preci"
group1,8,2,4096,1024,1,512,2048,0.152403,0.131236,,"ERROR: Could not find hyperparameters for the kernel instance corresponding to the target (batch_size, a, b, c, d, preci"
group1,8,2,4096,1024,1,512,4096,0.297054,0.255217,,"ERROR: Could not find hyperparameters for the kernel instance corresponding to the target (batch_size, a, b, c, d, preci"
group1,8,2,4096,1024,2,256,2,0.085446,0.102187,,"ERROR: Could not find hyperparameters for the kernel instance corresponding to the target (batch_size, a, b, c, d, preci"
group1,8,2,4096,1024,2,256,4,0.085806,0.102274,,"ERROR: Could not find hyperparameters for the kernel instance corresponding to the target (batch_size, a, b, c, d, preci"
group1,8,2,4096,1024,2,256,8,0.085255,0.101772,,"ERROR: Could not find hyperparameters for the kernel instance corresponding to the target (batch_size, a, b, c, d, preci"
group1,8,2,4096,1024,2,256,16,0.085577,0.102288,,"ERROR: Could not find hyperparameters for the kernel instance corresponding to the target (batch_size, a, b, c, d, preci"
group1,8,2,4096,1024,2,256,32,0.085282,0.102249,,"ERROR: Could not find hyperparameters for the kernel instance corresponding to the target (batch_size, a, b, c, d, preci"
group1,8,2,4096,1024,2,256,64,0.085279,0.103048,,"ERROR: Could not find hyperparameters for the kernel instance corresponding to the target (batch_size, a, b, c, d, preci"
group1,8,2,4096,1024,2,256,128,0.086113,0.103058,,"ERROR: Could not find hyperparameters for the kernel instance corresponding to the target (batch_size, a, b, c, d, preci"
group1,8,2,4096,1024,2,256,256,0.085758,0.102438,,"ERROR: Could not find hyperparameters for the kernel instance corresponding to the target (batch_size, a, b, c, d, preci"
group1,8,2,4096,1024,2,256,512,0.086878,0.103712,,"ERROR: Could not find hyperparameters for the kernel instance corresponding to the target (batch_size, a, b, c, d, preci"
group1,8,2,4096,1024,2,256,1024,0.086435,0.103269,,"ERROR: Could not find hyperparameters for the kernel instance corresponding to the target (batch_size, a, b, c, d, preci"
group1,8,2,4096,1024,2,256,2048,0.152623,0.125604,,"ERROR: Could not find hyperparameters for the kernel instance corresponding to the target (batch_size, a, b, c, d, preci"
group1,8,2,4096,1024,2,256,4096,0.297101,0.242072,,"ERROR: Could not find hyperparameters for the kernel instance corresponding to the target (batch_size, a, b, c, d, preci"
group1,8,2,4096,1024,4,128,2,0.085386,0.102401,,"ERROR: Could not find hyperparameters for the kernel instance corresponding to the target (batch_size, a, b, c, d, preci"
group1,8,2,4096,1024,4,128,4,0.084837,0.103230,,"ERROR: Could not find hyperparameters for the kernel instance corresponding to the target (batch_size, a, b, c, d, preci"
group1,8,2,4096,1024,4,128,8,0.085299,0.102902,,"ERROR: Could not find hyperparameters for the kernel instance corresponding to the target (batch_size, a, b, c, d, preci"
group1,8,2,4096,1024,4,128,16,0.085445,0.102145,,"ERROR: Could not find hyperparameters for the kernel instance corresponding to the target (batch_size, a, b, c, d, preci"
group1,8,2,4096,1024,4,128,32,0.085857,0.102601,,"ERROR: Could not find hyperparameters for the kernel instance corresponding to the target (batch_size, a, b, c, d, preci"
group1,8,2,4096,1024,4,128,64,0.086008,0.103031,,"ERROR: Could not find hyperparameters for the kernel instance corresponding to the target (batch_size, a, b, c, d, preci"
group1,8,2,4096,1024,4,128,128,0.085857,0.102603,,"ERROR: Could not find hyperparameters for the kernel instance corresponding to the target (batch_size, a, b, c, d, preci"
group1,8,2,4096,1024,4,128,256,0.086086,0.102468,,"ERROR: Could not find hyperparameters for the kernel instance corresponding to the target (batch_size, a, b, c, d, preci"
group1,8,2,4096,1024,4,128,512,0.087129,0.104005,,"ERROR: Could not find hyperparameters for the kernel instance corresponding to the target (batch_size, a, b, c, d, preci"
group1,8,2,4096,1024,4,128,1024,0.086864,0.103029,,"ERROR: Could not find hyperparameters for the kernel instance corresponding to the target (batch_size, a, b, c, d, preci"
group1,8,2,4096,1024,4,128,2048,0.152650,0.123251,,"ERROR: Could not find hyperparameters for the kernel instance corresponding to the target (batch_size, a, b, c, d, preci"
group1,8,2,4096,1024,4,128,4096,0.297084,0.236142,,"ERROR: Could not find hyperparameters for the kernel instance corresponding to the target (batch_size, a, b, c, d, preci"
group1,8,2,4096,1024,8,64,2,0.085018,0.102313,,"ERROR: Could not find hyperparameters for the kernel instance corresponding to the target (batch_size, a, b, c, d, preci"
group1,8,2,4096,1024,8,64,4,0.085133,0.102339,,"ERROR: Could not find hyperparameters for the kernel instance corresponding to the target (batch_size, a, b, c, d, preci"
group1,8,2,4096,1024,8,64,8,0.085168,0.103013,,"ERROR: Could not find hyperparameters for the kernel instance corresponding to the target (batch_size, a, b, c, d, preci"
group1,8,2,4096,1024,8,64,16,0.085812,0.102276,,"ERROR: Could not find hyperparameters for the kernel instance corresponding to the target (batch_size, a, b, c, d, preci"
group1,8,2,4096,1024,8,64,32,0.085460,0.103060,,"ERROR: Could not find hyperparameters for the kernel instance corresponding to the target (batch_size, a, b, c, d, preci"
group1,8,2,4096,1024,8,64,64,0.085850,0.103100,,"ERROR: Could not find hyperparameters for the kernel instance corresponding to the target (batch_size, a, b, c, d, preci"
group1,8,2,4096,1024,8,64,128,0.085736,0.102708,,"ERROR: Could not find hyperparameters for the kernel instance corresponding to the target (batch_size, a, b, c, d, preci"
group1,8,2,4096,1024,8,64,256,0.086098,0.102495,,"ERROR: Could not find hyperparameters for the kernel instance corresponding to the target (batch_size, a, b, c, d, preci"
group1,8,2,4096,1024,8,64,512,0.086483,0.104182,,"ERROR: Could not find hyperparameters for the kernel instance corresponding to the target (batch_size, a, b, c, d, preci"
group1,8,2,4096,1024,8,64,1024,0.086403,0.103471,,"ERROR: Could not find hyperparameters for the kernel instance corresponding to the target (batch_size, a, b, c, d, preci"
group1,8,2,4096,1024,8,64,2048,0.152463,0.123066,,"ERROR: Could not find hyperparameters for the kernel instance corresponding to the target (batch_size, a, b, c, d, preci"
group1,8,2,4096,1024,8,64,4096,0.297006,0.235786,,"ERROR: Could not find hyperparameters for the kernel instance corresponding to the target (batch_size, a, b, c, d, preci"
group1,8,2,4096,1024,16,32,2,0.085814,0.102281,,"ERROR: Could not find hyperparameters for the kernel instance corresponding to the target (batch_size, a, b, c, d, preci"
group1,8,2,4096,1024,16,32,4,0.085701,0.102616,,"ERROR: Could not find hyperparameters for the kernel instance corresponding to the target (batch_size, a, b, c, d, preci"
group1,8,2,4096,1024,16,32,8,0.086189,0.102939,,"ERROR: Could not find hyperparameters for the kernel instance corresponding to the target (batch_size, a, b, c, d, preci"
group1,8,2,4096,1024,16,32,16,0.086183,0.102712,,"ERROR: Could not find hyperparameters for the kernel instance corresponding to the target (batch_size, a, b, c, d, preci"
group1,8,2,4096,1024,16,32,32,0.086191,0.102414,,"ERROR: Could not find hyperparameters for the kernel instance corresponding to the target (batch_size, a, b, c, d, preci"
group1,8,2,4096,1024,16,32,64,0.086310,0.102066,,"ERROR: Could not find hyperparameters for the kernel instance corresponding to the target (batch_size, a, b, c, d, preci"
group1,8,2,4096,1024,16,32,128,0.086345,0.102815,,"ERROR: Could not find hyperparameters for the kernel instance corresponding to the target (batch_size, a, b, c, d, preci"
group1,8,2,4096,1024,16,32,256,0.085872,0.102753,,"ERROR: Could not find hyperparameters for the kernel instance corresponding to the target (batch_size, a, b, c, d, preci"
group1,8,2,4096,1024,16,32,512,0.087426,0.103700,,"ERROR: Could not find hyperparameters for the kernel instance corresponding to the target (batch_size, a, b, c, d, preci"
group1,8,2,4096,1024,16,32,1024,0.086557,0.103438,,"ERROR: Could not find hyperparameters for the kernel instance corresponding to the target (batch_size, a, b, c, d, preci"
group1,8,2,4096,1024,16,32,2048,0.152586,0.123514,,"ERROR: Could not find hyperparameters for the kernel instance corresponding to the target (batch_size, a, b, c, d, preci"
group1,8,2,4096,1024,16,32,4096,0.296999,0.237638,,"ERROR: Could not find hyperparameters for the kernel instance corresponding to the target (batch_size, a, b, c, d, preci"
group1,8,2,4096,1024,32,16,2,0.085689,0.102498,,"ERROR: Could not find hyperparameters for the kernel instance corresponding to the target (batch_size, a, b, c, d, preci"
group1,8,2,4096,1024,32,16,4,0.085960,0.102610,,"ERROR: Could not find hyperparameters for the kernel instance corresponding to the target (batch_size, a, b, c, d, preci"
group1,8,2,4096,1024,32,16,8,0.086114,0.103122,,"ERROR: Could not find hyperparameters for the kernel instance corresponding to the target (batch_size, a, b, c, d, preci"
group1,8,2,4096,1024,32,16,16,0.086194,0.102624,,"ERROR: Could not find hyperparameters for the kernel instance corresponding to the target (batch_size, a, b, c, d, preci"
group1,8,2,4096,1024,32,16,32,0.086548,0.102562,,"ERROR: Could not find hyperparameters for the kernel instance corresponding to the target (batch_size, a, b, c, d, preci"
group1,8,2,4096,1024,32,16,64,0.085805,0.102051,,"ERROR: Could not find hyperparameters for the kernel instance corresponding to the target (batch_size, a, b, c, d, preci"
group1,8,2,4096,1024,32,16,128,0.087182,0.103263,,"ERROR: Could not find hyperparameters for the kernel instance corresponding to the target (batch_size, a, b, c, d, preci"
group1,8,2,4096,1024,32,16,256,0.086244,0.102633,,"ERROR: Could not find hyperparameters for the kernel instance corresponding to the target (batch_size, a, b, c, d, preci"
group1,8,2,4096,1024,32,16,512,0.087178,0.103960,,"ERROR: Could not find hyperparameters for the kernel instance corresponding to the target (batch_size, a, b, c, d, preci"
group1,8,2,4096,1024,32,16,1024,0.086912,0.103716,,"ERROR: Could not find hyperparameters for the kernel instance corresponding to the target (batch_size, a, b, c, d, preci"
group1,8,2,4096,1024,32,16,2048,0.152588,0.127909,,"ERROR: Could not find hyperparameters for the kernel instance corresponding to the target (batch_size, a, b, c, d, preci"
group1,8,2,4096,1024,32,16,4096,0.297012,0.251969,,"ERROR: Could not find hyperparameters for the kernel instance corresponding to the target (batch_size, a, b, c, d, preci"
group1,8,2,4096,1024,64,8,2,0.085638,0.102386,,"ERROR: Could not find hyperparameters for the kernel instance corresponding to the target (batch_size, a, b, c, d, preci"
group1,8,2,4096,1024,64,8,4,0.085817,0.102586,,"ERROR: Could not find hyperparameters for the kernel instance corresponding to the target (batch_size, a, b, c, d, preci"
group1,8,2,4096,1024,64,8,8,0.085752,0.102534,,"ERROR: Could not find hyperparameters for the kernel instance corresponding to the target (batch_size, a, b, c, d, preci"
group1,8,2,4096,1024,64,8,16,0.085844,0.102659,,"ERROR: Could not find hyperparameters for the kernel instance corresponding to the target (batch_size, a, b, c, d, preci"
group1,8,2,4096,1024,64,8,32,0.085863,0.102559,,"ERROR: Could not find hyperparameters for the kernel instance corresponding to the target (batch_size, a, b, c, d, preci"
group1,8,2,4096,1024,64,8,64,0.086173,0.102944,,"ERROR: Could not find hyperparameters for the kernel instance corresponding to the target (batch_size, a, b, c, d, preci"
group1,8,2,4096,1024,64,8,128,0.086402,0.102970,,"ERROR: Could not find hyperparameters for the kernel instance corresponding to the target (batch_size, a, b, c, d, preci"
group1,8,2,4096,1024,64,8,256,0.086444,0.102946,,"ERROR: Could not find hyperparameters for the kernel instance corresponding to the target (batch_size, a, b, c, d, preci"
group1,8,2,4096,1024,64,8,512,0.087569,0.103794,,"ERROR: Could not find hyperparameters for the kernel instance corresponding to the target (batch_size, a, b, c, d, preci"
group1,8,2,4096,1024,64,8,1024,0.086944,0.103489,,"ERROR: Could not find hyperparameters for the kernel instance corresponding to the target (batch_size, a, b, c, d, preci"
group1,8,2,4096,1024,64,8,2048,0.152656,0.128208,,"ERROR: Could not find hyperparameters for the kernel instance corresponding to the target (batch_size, a, b, c, d, preci"
group1,8,2,4096,1024,64,8,4096,0.297078,0.252978,,"ERROR: Could not find hyperparameters for the kernel instance corresponding to the target (batch_size, a, b, c, d, preci"
group1,8,2,4096,1024,128,4,2,0.086081,0.102978,,"ERROR: Could not find hyperparameters for the kernel instance corresponding to the target (batch_size, a, b, c, d, preci"
group1,8,2,4096,1024,128,4,4,0.086026,0.102813,,"ERROR: Could not find hyperparameters for the kernel instance corresponding to the target (batch_size, a, b, c, d, preci"
group1,8,2,4096,1024,128,4,8,0.086481,0.102658,,"ERROR: Could not find hyperparameters for the kernel instance corresponding to the target (batch_size, a, b, c, d, preci"
group1,8,2,4096,1024,128,4,16,0.085772,0.102058,,"ERROR: Could not find hyperparameters for the kernel instance corresponding to the target (batch_size, a, b, c, d, preci"
group1,8,2,4096,1024,128,4,32,0.086384,0.102599,,"ERROR: Could not find hyperparameters for the kernel instance corresponding to the target (batch_size, a, b, c, d, preci"
group1,8,2,4096,1024,128,4,64,0.086210,0.103222,,"ERROR: Could not find hyperparameters for the kernel instance corresponding to the target (batch_size, a, b, c, d, preci"
group1,8,2,4096,1024,128,4,128,0.086133,0.103071,,"ERROR: Could not find hyperparameters for the kernel instance corresponding to the target (batch_size, a, b, c, d, preci"
group1,8,2,4096,1024,128,4,256,0.086821,0.103174,,"ERROR: Could not find hyperparameters for the kernel instance corresponding to the target (batch_size, a, b, c, d, preci"
group1,8,2,4096,1024,128,4,512,0.087716,0.103743,,"ERROR: Could not find hyperparameters for the kernel instance corresponding to the target (batch_size, a, b, c, d, preci"
group1,8,2,4096,1024,128,4,1024,0.087142,0.103695,,"ERROR: Could not find hyperparameters for the kernel instance corresponding to the target (batch_size, a, b, c, d, preci"
group1,8,2,4096,1024,128,4,2048,0.152386,0.128621,,"ERROR: Could not find hyperparameters for the kernel instance corresponding to the target (batch_size, a, b, c, d, preci"
group1,8,2,4096,1024,128,4,4096,0.297016,0.254283,,"ERROR: Could not find hyperparameters for the kernel instance corresponding to the target (batch_size, a, b, c, d, preci"
group1,8,2,4096,1024,256,2,2,0.085463,0.102232,,"ERROR: Could not find hyperparameters for the kernel instance corresponding to the target (batch_size, a, b, c, d, preci"
group1,8,2,4096,1024,256,2,4,0.085608,0.102643,,"ERROR: Could not find hyperparameters for the kernel instance corresponding to the target (batch_size, a, b, c, d, preci"
group1,8,2,4096,1024,256,2,8,0.085989,0.102754,,"ERROR: Could not find hyperparameters for the kernel instance corresponding to the target (batch_size, a, b, c, d, preci"
group1,8,2,4096,1024,256,2,16,0.086161,0.102718,,"ERROR: Could not find hyperparameters for the kernel instance corresponding to the target (batch_size, a, b, c, d, preci"
group1,8,2,4096,1024,256,2,32,0.086109,0.102984,,"ERROR: Could not find hyperparameters for the kernel instance corresponding to the target (batch_size, a, b, c, d, preci"
group1,8,2,4096,1024,256,2,64,0.086434,0.103459,,"ERROR: Could not find hyperparameters for the kernel instance corresponding to the target (batch_size, a, b, c, d, preci"
group1,8,2,4096,1024,256,2,128,0.086212,0.103091,,"ERROR: Could not find hyperparameters for the kernel instance corresponding to the target (batch_size, a, b, c, d, preci"
group1,8,2,4096,1024,256,2,256,0.086681,0.102493,,"ERROR: Could not find hyperparameters for the kernel instance corresponding to the target (batch_size, a, b, c, d, preci"
group1,8,2,4096,1024,256,2,512,0.087155,0.104416,,"ERROR: Could not find hyperparameters for the kernel instance corresponding to the target (batch_size, a, b, c, d, preci"
group1,8,2,4096,1024,256,2,1024,0.086996,0.104006,,"ERROR: Could not find hyperparameters for the kernel instance corresponding to the target (batch_size, a, b, c, d, preci"
group1,8,2,4096,1024,256,2,2048,0.152354,0.128786,,"ERROR: Could not find hyperparameters for the kernel instance corresponding to the target (batch_size, a, b, c, d, preci"
group1,8,2,4096,1024,256,2,4096,0.297066,0.254090,,"ERROR: Could not find hyperparameters for the kernel instance corresponding to the target (batch_size, a, b, c, d, preci"
group1,8,2,4096,1024,512,1,2,0.086512,0.064202,,"ERROR: Could not find hyperparameters for the kernel instance corresponding to the target (batch_size, a, b, c, d, preci"
group1,8,2,4096,1024,512,1,4,0.086370,0.064475,,"ERROR: Could not find hyperparameters for the kernel instance corresponding to the target (batch_size, a, b, c, d, preci"
group1,8,2,4096,1024,512,1,8,0.086855,0.064381,,"ERROR: Could not find hyperparameters for the kernel instance corresponding to the target (batch_size, a, b, c, d, preci"
group1,8,2,4096,1024,512,1,16,0.086479,0.064775,,"ERROR: Could not find hyperparameters for the kernel instance corresponding to the target (batch_size, a, b, c, d, preci"
group1,8,2,4096,1024,512,1,32,0.086350,0.065097,,"ERROR: Could not find hyperparameters for the kernel instance corresponding to the target (batch_size, a, b, c, d, preci"
group1,8,2,4096,1024,512,1,64,0.085964,0.065010,,"ERROR: Could not find hyperparameters for the kernel instance corresponding to the target (batch_size, a, b, c, d, preci"
group1,8,2,4096,1024,512,1,128,0.086215,0.064403,,"ERROR: Could not find hyperparameters for the kernel instance corresponding to the target (batch_size, a, b, c, d, preci"
group1,8,2,4096,1024,512,1,256,0.086643,0.064842,,"ERROR: Could not find hyperparameters for the kernel instance corresponding to the target (batch_size, a, b, c, d, preci"
group1,8,2,4096,1024,512,1,512,0.087089,0.064995,,"ERROR: Could not find hyperparameters for the kernel instance corresponding to the target (batch_size, a, b, c, d, preci"
group1,8,2,4096,1024,512,1,1024,0.087156,0.064989,,"ERROR: Could not find hyperparameters for the kernel instance corresponding to the target (batch_size, a, b, c, d, preci"
group1,8,2,4096,1024,512,1,2048,0.151547,0.078382,,"ERROR: Could not find hyperparameters for the kernel instance corresponding to the target (batch_size, a, b, c, d, preci"
group1,8,2,4096,1024,512,1,4096,0.295406,0.154804,,"ERROR: Could not find hyperparameters for the kernel instance corresponding to the target (batch_size, a, b, c, d, preci"
group1,8,4,1024,512,1,128,2,0.085375,0.105966,,"ERROR: Could not find hyperparameters for the kernel instance corresponding to the target (batch_size, a, b, c, d, preci"
group1,8,4,1024,512,1,128,4,0.086299,0.106685,,"ERROR: Could not find hyperparameters for the kernel instance corresponding to the target (batch_size, a, b, c, d, preci"
group1,8,4,1024,512,1,128,8,0.085941,0.106606,,"ERROR: Could not find hyperparameters for the kernel instance corresponding to the target (batch_size, a, b, c, d, preci"
group1,8,4,1024,512,1,128,16,0.085583,0.106549,,"ERROR: Could not find hyperparameters for the kernel instance corresponding to the target (batch_size, a, b, c, d, preci"
group1,8,4,1024,512,1,128,32,0.085792,0.106800,,"ERROR: Could not find hyperparameters for the kernel instance corresponding to the target (batch_size, a, b, c, d, preci"
group1,8,4,1024,512,1,128,64,0.085703,0.106313,,"ERROR: Could not find hyperparameters for the kernel instance corresponding to the target (batch_size, a, b, c, d, preci"
group1,8,4,1024,512,1,128,128,0.085771,0.106249,,"ERROR: Could not find hyperparameters for the kernel instance corresponding to the target (batch_size, a, b, c, d, preci"
group1,8,4,1024,512,1,128,256,0.086082,0.106937,,"ERROR: Could not find hyperparameters for the kernel instance corresponding to the target (batch_size, a, b, c, d, preci"
group1,8,4,1024,512,1,128,512,0.086216,0.106344,,"ERROR: Could not find hyperparameters for the kernel instance corresponding to the target (batch_size, a, b, c, d, preci"
group1,8,4,1024,512,1,128,1024,0.086701,0.106689,,"ERROR: Could not find hyperparameters for the kernel instance corresponding to the target (batch_size, a, b, c, d, preci"
group1,8,4,1024,512,1,128,2048,0.086821,0.107181,,"ERROR: Could not find hyperparameters for the kernel instance corresponding to the target (batch_size, a, b, c, d, preci"
group1,8,4,1024,512,1,128,4096,0.092198,0.107609,,"ERROR: Could not find hyperparameters for the kernel instance corresponding to the target (batch_size, a, b, c, d, preci"
group1,8,4,1024,512,2,64,2,0.085981,0.102843,,"ERROR: Could not find hyperparameters for the kernel instance corresponding to the target (batch_size, a, b, c, d, preci"
group1,8,4,1024,512,2,64,4,0.085331,0.102339,,"ERROR: Could not find hyperparameters for the kernel instance corresponding to the target (batch_size, a, b, c, d, preci"
group1,8,4,1024,512,2,64,8,0.085908,0.102582,,"ERROR: Could not find hyperparameters for the kernel instance corresponding to the target (batch_size, a, b, c, d, preci"
group1,8,4,1024,512,2,64,16,0.086281,0.103111,,"ERROR: Could not find hyperparameters for the kernel instance corresponding to the target (batch_size, a, b, c, d, preci"
group1,8,4,1024,512,2,64,32,0.086060,0.102724,,"ERROR: Could not find hyperparameters for the kernel instance corresponding to the target (batch_size, a, b, c, d, preci"
group1,8,4,1024,512,2,64,64,0.085465,0.102773,,"ERROR: Could not find hyperparameters for the kernel instance corresponding to the target (batch_size, a, b, c, d, preci"
group1,8,4,1024,512,2,64,128,0.086220,0.102894,,"ERROR: Could not find hyperparameters for the kernel instance corresponding to the target (batch_size, a, b, c, d, preci"
group1,8,4,1024,512,2,64,256,0.086019,0.102705,,"ERROR: Could not find hyperparameters for the kernel instance corresponding to the target (batch_size, a, b, c, d, preci"
group1,8,4,1024,512,2,64,512,0.087003,0.102712,,"ERROR: Could not find hyperparameters for the kernel instance corresponding to the target (batch_size, a, b, c, d, preci"
group1,8,4,1024,512,2,64,1024,0.086533,0.102440,,"ERROR: Could not find hyperparameters for the kernel instance corresponding to the target (batch_size, a, b, c, d, preci"
group1,8,4,1024,512,2,64,2048,0.087348,0.103484,,"ERROR: Could not find hyperparameters for the kernel instance corresponding to the target (batch_size, a, b, c, d, preci"
group1,8,4,1024,512,2,64,4096,0.092202,0.103722,,"ERROR: Could not find hyperparameters for the kernel instance corresponding to the target (batch_size, a, b, c, d, preci"
group1,8,4,1024,512,4,32,2,0.086050,0.102867,,"ERROR: Could not find hyperparameters for the kernel instance corresponding to the target (batch_size, a, b, c, d, preci"
group1,8,4,1024,512,4,32,4,0.086299,0.102501,,"ERROR: Could not find hyperparameters for the kernel instance corresponding to the target (batch_size, a, b, c, d, preci"
group1,8,4,1024,512,4,32,8,0.086005,0.102308,,"ERROR: Could not find hyperparameters for the kernel instance corresponding to the target (batch_size, a, b, c, d, preci"
group1,8,4,1024,512,4,32,16,0.085993,0.102572,,"ERROR: Could not find hyperparameters for the kernel instance corresponding to the target (batch_size, a, b, c, d, preci"
group1,8,4,1024,512,4,32,32,0.085365,0.102170,,"ERROR: Could not find hyperparameters for the kernel instance corresponding to the target (batch_size, a, b, c, d, preci"
group1,8,4,1024,512,4,32,64,0.086146,0.102550,,"ERROR: Could not find hyperparameters for the kernel instance corresponding to the target (batch_size, a, b, c, d, preci"
group1,8,4,1024,512,4,32,128,0.085539,0.102423,,"ERROR: Could not find hyperparameters for the kernel instance corresponding to the target (batch_size, a, b, c, d, preci"
group1,8,4,1024,512,4,32,256,0.085610,0.102447,,"ERROR: Could not find hyperparameters for the kernel instance corresponding to the target (batch_size, a, b, c, d, preci"
group1,8,4,1024,512,4,32,512,0.086896,0.102835,,"ERROR: Could not find hyperparameters for the kernel instance corresponding to the target (batch_size, a, b, c, d, preci"
group1,8,4,1024,512,4,32,1024,0.086988,0.102421,,"ERROR: Could not find hyperparameters for the kernel instance corresponding to the target (batch_size, a, b, c, d, preci"
group1,8,4,1024,512,4,32,2048,0.087573,0.103452,,"ERROR: Could not find hyperparameters for the kernel instance corresponding to the target (batch_size, a, b, c, d, preci"
group1,8,4,1024,512,4,32,4096,0.092196,0.103613,,"ERROR: Could not find hyperparameters for the kernel instance corresponding to the target (batch_size, a, b, c, d, preci"
group1,8,4,1024,512,8,16,2,0.085535,0.102374,,"ERROR: Could not find hyperparameters for the kernel instance corresponding to the target (batch_size, a, b, c, d, preci"
group1,8,4,1024,512,8,16,4,0.086266,0.102463,,"ERROR: Could not find hyperparameters for the kernel instance corresponding to the target (batch_size, a, b, c, d, preci"
group1,8,4,1024,512,8,16,8,0.085480,0.102650,,"ERROR: Could not find hyperparameters for the kernel instance corresponding to the target (batch_size, a, b, c, d, preci"
group1,8,4,1024,512,8,16,16,0.086091,0.102520,,"ERROR: Could not find hyperparameters for the kernel instance corresponding to the target (batch_size, a, b, c, d, preci"
group1,8,4,1024,512,8,16,32,0.086286,0.102693,,"ERROR: Could not find hyperparameters for the kernel instance corresponding to the target (batch_size, a, b, c, d, preci"
group1,8,4,1024,512,8,16,64,0.086619,0.102794,,"ERROR: Could not find hyperparameters for the kernel instance corresponding to the target (batch_size, a, b, c, d, preci"
group1,8,4,1024,512,8,16,128,0.085695,0.101909,,"ERROR: Could not find hyperparameters for the kernel instance corresponding to the target (batch_size, a, b, c, d, preci"
group1,8,4,1024,512,8,16,256,0.086311,0.102737,,"ERROR: Could not find hyperparameters for the kernel instance corresponding to the target (batch_size, a, b, c, d, preci"
group1,8,4,1024,512,8,16,512,0.087075,0.102668,,"ERROR: Could not find hyperparameters for the kernel instance corresponding to the target (batch_size, a, b, c, d, preci"
group1,8,4,1024,512,8,16,1024,0.086300,0.102330,,"ERROR: Could not find hyperparameters for the kernel instance corresponding to the target (batch_size, a, b, c, d, preci"
group1,8,4,1024,512,8,16,2048,0.087158,0.102977,,"ERROR: Could not find hyperparameters for the kernel instance corresponding to the target (batch_size, a, b, c, d, preci"
group1,8,4,1024,512,8,16,4096,0.092208,0.103606,,"ERROR: Could not find hyperparameters for the kernel instance corresponding to the target (batch_size, a, b, c, d, preci"
group1,8,4,1024,512,16,8,2,0.086260,0.102401,,"ERROR: Could not find hyperparameters for the kernel instance corresponding to the target (batch_size, a, b, c, d, preci"
group1,8,4,1024,512,16,8,4,0.086856,0.102482,,"ERROR: Could not find hyperparameters for the kernel instance corresponding to the target (batch_size, a, b, c, d, preci"
group1,8,4,1024,512,16,8,8,0.086363,0.102136,,"ERROR: Could not find hyperparameters for the kernel instance corresponding to the target (batch_size, a, b, c, d, preci"
group1,8,4,1024,512,16,8,16,0.086202,0.102693,,"ERROR: Could not find hyperparameters for the kernel instance corresponding to the target (batch_size, a, b, c, d, preci"
group1,8,4,1024,512,16,8,32,0.085466,0.102841,,"ERROR: Could not find hyperparameters for the kernel instance corresponding to the target (batch_size, a, b, c, d, preci"
group1,8,4,1024,512,16,8,64,0.086129,0.102752,,"ERROR: Could not find hyperparameters for the kernel instance corresponding to the target (batch_size, a, b, c, d, preci"
group1,8,4,1024,512,16,8,128,0.085769,0.102620,,"ERROR: Could not find hyperparameters for the kernel instance corresponding to the target (batch_size, a, b, c, d, preci"
group1,8,4,1024,512,16,8,256,0.085961,0.102599,,"ERROR: Could not find hyperparameters for the kernel instance corresponding to the target (batch_size, a, b, c, d, preci"
group1,8,4,1024,512,16,8,512,0.086362,0.102187,,"ERROR: Could not find hyperparameters for the kernel instance corresponding to the target (batch_size, a, b, c, d, preci"
group1,8,4,1024,512,16,8,1024,0.086674,0.102183,,"ERROR: Could not find hyperparameters for the kernel instance corresponding to the target (batch_size, a, b, c, d, preci"
group1,8,4,1024,512,16,8,2048,0.087478,0.103298,,"ERROR: Could not find hyperparameters for the kernel instance corresponding to the target (batch_size, a, b, c, d, preci"
group1,8,4,1024,512,16,8,4096,0.092205,0.106337,,"ERROR: Could not find hyperparameters for the kernel instance corresponding to the target (batch_size, a, b, c, d, preci"
group1,8,4,1024,512,32,4,2,0.085555,0.102328,,"ERROR: Could not find hyperparameters for the kernel instance corresponding to the target (batch_size, a, b, c, d, preci"
group1,8,4,1024,512,32,4,4,0.086355,0.101994,,"ERROR: Could not find hyperparameters for the kernel instance corresponding to the target (batch_size, a, b, c, d, preci"
group1,8,4,1024,512,32,4,8,0.085414,0.102562,,"ERROR: Could not find hyperparameters for the kernel instance corresponding to the target (batch_size, a, b, c, d, preci"
group1,8,4,1024,512,32,4,16,0.086103,0.102266,,"ERROR: Could not find hyperparameters for the kernel instance corresponding to the target (batch_size, a, b, c, d, preci"
group1,8,4,1024,512,32,4,32,0.086459,0.102816,,"ERROR: Could not find hyperparameters for the kernel instance corresponding to the target (batch_size, a, b, c, d, preci"
group1,8,4,1024,512,32,4,64,0.086730,0.102932,,"ERROR: Could not find hyperparameters for the kernel instance corresponding to the target (batch_size, a, b, c, d, preci"
group1,8,4,1024,512,32,4,128,0.085865,0.102127,,"ERROR: Could not find hyperparameters for the kernel instance corresponding to the target (batch_size, a, b, c, d, preci"
group1,8,4,1024,512,32,4,256,0.086024,0.103162,,"ERROR: Could not find hyperparameters for the kernel instance corresponding to the target (batch_size, a, b, c, d, preci"
group1,8,4,1024,512,32,4,512,0.087079,0.102985,,"ERROR: Could not find hyperparameters for the kernel instance corresponding to the target (batch_size, a, b, c, d, preci"
group1,8,4,1024,512,32,4,1024,0.086891,0.102514,,"ERROR: Could not find hyperparameters for the kernel instance corresponding to the target (batch_size, a, b, c, d, preci"
group1,8,4,1024,512,32,4,2048,0.087294,0.103436,,"ERROR: Could not find hyperparameters for the kernel instance corresponding to the target (batch_size, a, b, c, d, preci"
group1,8,4,1024,512,32,4,4096,0.092222,0.103386,,"ERROR: Could not find hyperparameters for the kernel instance corresponding to the target (batch_size, a, b, c, d, preci"
group1,8,4,1024,512,64,2,2,0.085535,0.102621,,"ERROR: Could not find hyperparameters for the kernel instance corresponding to the target (batch_size, a, b, c, d, preci"
group1,8,4,1024,512,64,2,4,0.086439,0.102601,,"ERROR: Could not find hyperparameters for the kernel instance corresponding to the target (batch_size, a, b, c, d, preci"
group1,8,4,1024,512,64,2,8,0.085961,0.102406,,"ERROR: Could not find hyperparameters for the kernel instance corresponding to the target (batch_size, a, b, c, d, preci"
group1,8,4,1024,512,64,2,16,0.086183,0.102501,,"ERROR: Could not find hyperparameters for the kernel instance corresponding to the target (batch_size, a, b, c, d, preci"
group1,8,4,1024,512,64,2,32,0.085364,0.102658,,"ERROR: Could not find hyperparameters for the kernel instance corresponding to the target (batch_size, a, b, c, d, preci"
group1,8,4,1024,512,64,2,64,0.085654,0.102798,,"ERROR: Could not find hyperparameters for the kernel instance corresponding to the target (batch_size, a, b, c, d, preci"
group1,8,4,1024,512,64,2,128,0.085449,0.102419,,"ERROR: Could not find hyperparameters for the kernel instance corresponding to the target (batch_size, a, b, c, d, preci"
group1,8,4,1024,512,64,2,256,0.085495,0.102574,,"ERROR: Could not find hyperparameters for the kernel instance corresponding to the target (batch_size, a, b, c, d, preci"
group1,8,4,1024,512,64,2,512,0.085644,0.102419,,"ERROR: Could not find hyperparameters for the kernel instance corresponding to the target (batch_size, a, b, c, d, preci"
group1,8,4,1024,512,64,2,1024,0.086434,0.102358,,"ERROR: Could not find hyperparameters for the kernel instance corresponding to the target (batch_size, a, b, c, d, preci"
group1,8,4,1024,512,64,2,2048,0.087017,0.103019,,"ERROR: Could not find hyperparameters for the kernel instance corresponding to the target (batch_size, a, b, c, d, preci"
group1,8,4,1024,512,64,2,4096,0.092226,0.103602,,"ERROR: Could not find hyperparameters for the kernel instance corresponding to the target (batch_size, a, b, c, d, preci"
group1,8,4,1024,512,128,1,2,0.086044,0.064321,,"ERROR: Could not find hyperparameters for the kernel instance corresponding to the target (batch_size, a, b, c, d, preci"
group1,8,4,1024,512,128,1,4,0.085784,0.064114,,"ERROR: Could not find hyperparameters for the kernel instance corresponding to the target (batch_size, a, b, c, d, preci"
group1,8,4,1024,512,128,1,8,0.085321,0.063730,,"ERROR: Could not find hyperparameters for the kernel instance corresponding to the target (batch_size, a, b, c, d, preci"
group1,8,4,1024,512,128,1,16,0.086066,0.064144,,"ERROR: Could not find hyperparameters for the kernel instance corresponding to the target (batch_size, a, b, c, d, preci"
group1,8,4,1024,512,128,1,32,0.085981,0.064376,,"ERROR: Could not find hyperparameters for the kernel instance corresponding to the target (batch_size, a, b, c, d, preci"
group1,8,4,1024,512,128,1,64,0.086110,0.064230,,"ERROR: Could not find hyperparameters for the kernel instance corresponding to the target (batch_size, a, b, c, d, preci"
group1,8,4,1024,512,128,1,128,0.085467,0.064012,,"ERROR: Could not find hyperparameters for the kernel instance corresponding to the target (batch_size, a, b, c, d, preci"
group1,8,4,1024,512,128,1,256,0.085950,0.064042,,"ERROR: Could not find hyperparameters for the kernel instance corresponding to the target (batch_size, a, b, c, d, preci"
group1,8,4,1024,512,128,1,512,0.085833,0.064260,,"ERROR: Could not find hyperparameters for the kernel instance corresponding to the target (batch_size, a, b, c, d, preci"
group1,8,4,1024,512,128,1,1024,0.086672,0.064503,,"ERROR: Could not find hyperparameters for the kernel instance corresponding to the target (batch_size, a, b, c, d, preci"
group1,8,4,1024,512,128,1,2048,0.086981,0.064026,,"ERROR: Could not find hyperparameters for the kernel instance corresponding to the target (batch_size, a, b, c, d, preci"
group1,8,4,1024,512,128,1,4096,0.091761,0.064512,,"ERROR: Could not find hyperparameters for the kernel instance corresponding to the target (batch_size, a, b, c, d, preci"
group1,8,4,2048,1024,1,256,2,0.085185,0.105716,,"ERROR: Could not find hyperparameters for the kernel instance corresponding to the target (batch_size, a, b, c, d, preci"
group1,8,4,2048,1024,1,256,4,0.085758,0.105996,,"ERROR: Could not find hyperparameters for the kernel instance corresponding to the target (batch_size, a, b, c, d, preci"
group1,8,4,2048,1024,1,256,8,0.085197,0.105587,,"ERROR: Could not find hyperparameters for the kernel instance corresponding to the target (batch_size, a, b, c, d, preci"
group1,8,4,2048,1024,1,256,16,0.086430,0.106096,,"ERROR: Could not find hyperparameters for the kernel instance corresponding to the target (batch_size, a, b, c, d, preci"
group1,8,4,2048,1024,1,256,32,0.085890,0.105848,,"ERROR: Could not find hyperparameters for the kernel instance corresponding to the target (batch_size, a, b, c, d, preci"
group1,8,4,2048,1024,1,256,64,0.085563,0.105460,,"ERROR: Could not find hyperparameters for the kernel instance corresponding to the target (batch_size, a, b, c, d, preci"
group1,8,4,2048,1024,1,256,128,0.086479,0.105677,,"ERROR: Could not find hyperparameters for the kernel instance corresponding to the target (batch_size, a, b, c, d, preci"
group1,8,4,2048,1024,1,256,256,0.086336,0.106247,,"ERROR: Could not find hyperparameters for the kernel instance corresponding to the target (batch_size, a, b, c, d, preci"
group1,8,4,2048,1024,1,256,512,0.087426,0.108169,,"ERROR: Could not find hyperparameters for the kernel instance corresponding to the target (batch_size, a, b, c, d, preci"
group1,8,4,2048,1024,1,256,1024,0.087763,0.106746,,"ERROR: Could not find hyperparameters for the kernel instance corresponding to the target (batch_size, a, b, c, d, preci"
group1,8,4,2048,1024,1,256,2048,0.092341,0.107254,,"ERROR: Could not find hyperparameters for the kernel instance corresponding to the target (batch_size, a, b, c, d, preci"
group1,8,4,2048,1024,1,256,4096,0.175447,0.140105,,"ERROR: Could not find hyperparameters for the kernel instance corresponding to the target (batch_size, a, b, c, d, preci"
group1,8,4,2048,1024,2,128,2,0.085743,0.102336,,"ERROR: Could not find hyperparameters for the kernel instance corresponding to the target (batch_size, a, b, c, d, preci"
group1,8,4,2048,1024,2,128,4,0.086421,0.102258,,"ERROR: Could not find hyperparameters for the kernel instance corresponding to the target (batch_size, a, b, c, d, preci"
group1,8,4,2048,1024,2,128,8,0.085596,0.102170,,"ERROR: Could not find hyperparameters for the kernel instance corresponding to the target (batch_size, a, b, c, d, preci"
group1,8,4,2048,1024,2,128,16,0.086251,0.102262,,"ERROR: Could not find hyperparameters for the kernel instance corresponding to the target (batch_size, a, b, c, d, preci"
group1,8,4,2048,1024,2,128,32,0.085759,0.101963,,"ERROR: Could not find hyperparameters for the kernel instance corresponding to the target (batch_size, a, b, c, d, preci"
group1,8,4,2048,1024,2,128,64,0.086173,0.102199,,"ERROR: Could not find hyperparameters for the kernel instance corresponding to the target (batch_size, a, b, c, d, preci"
group1,8,4,2048,1024,2,128,128,0.086489,0.102497,,"ERROR: Could not find hyperparameters for the kernel instance corresponding to the target (batch_size, a, b, c, d, preci"
group1,8,4,2048,1024,2,128,256,0.086487,0.102809,,"ERROR: Could not find hyperparameters for the kernel instance corresponding to the target (batch_size, a, b, c, d, preci"
group1,8,4,2048,1024,2,128,512,0.086737,0.102794,,"ERROR: Could not find hyperparameters for the kernel instance corresponding to the target (batch_size, a, b, c, d, preci"
group1,8,4,2048,1024,2,128,1024,0.087370,0.103157,,"ERROR: Could not find hyperparameters for the kernel instance corresponding to the target (batch_size, a, b, c, d, preci"
group1,8,4,2048,1024,2,128,2048,0.092352,0.103831,,"ERROR: Could not find hyperparameters for the kernel instance corresponding to the target (batch_size, a, b, c, d, preci"
group1,8,4,2048,1024,2,128,4096,0.175410,0.137287,,"ERROR: Could not find hyperparameters for the kernel instance corresponding to the target (batch_size, a, b, c, d, preci"
group1,8,4,2048,1024,4,64,2,0.085197,0.102317,,"ERROR: Could not find hyperparameters for the kernel instance corresponding to the target (batch_size, a, b, c, d, preci"
group1,8,4,2048,1024,4,64,4,0.086223,0.102115,,"ERROR: Could not find hyperparameters for the kernel instance corresponding to the target (batch_size, a, b, c, d, preci"
group1,8,4,2048,1024,4,64,8,0.085716,0.102681,,"ERROR: Could not find hyperparameters for the kernel instance corresponding to the target (batch_size, a, b, c, d, preci"
group1,8,4,2048,1024,4,64,16,0.086866,0.102861,,"ERROR: Could not find hyperparameters for the kernel instance corresponding to the target (batch_size, a, b, c, d, preci"
group1,8,4,2048,1024,4,64,32,0.086075,0.102870,,"ERROR: Could not find hyperparameters for the kernel instance corresponding to the target (batch_size, a, b, c, d, preci"
group1,8,4,2048,1024,4,64,64,0.086582,0.101981,,"ERROR: Could not find hyperparameters for the kernel instance corresponding to the target (batch_size, a, b, c, d, preci"
group1,8,4,2048,1024,4,64,128,0.086475,0.102901,,"ERROR: Could not find hyperparameters for the kernel instance corresponding to the target (batch_size, a, b, c, d, preci"
group1,8,4,2048,1024,4,64,256,0.086435,0.102815,,"ERROR: Could not find hyperparameters for the kernel instance corresponding to the target (batch_size, a, b, c, d, preci"
group1,8,4,2048,1024,4,64,512,0.087419,0.102694,,"ERROR: Could not find hyperparameters for the kernel instance corresponding to the target (batch_size, a, b, c, d, preci"
group1,8,4,2048,1024,4,64,1024,0.086868,0.103300,,"ERROR: Could not find hyperparameters for the kernel instance corresponding to the target (batch_size, a, b, c, d, preci"
group1,8,4,2048,1024,4,64,2048,0.092309,0.103740,,"ERROR: Could not find hyperparameters for the kernel instance corresponding to the target (batch_size, a, b, c, d, preci"
group1,8,4,2048,1024,4,64,4096,0.175402,0.136821,,"ERROR: Could not find hyperparameters for the kernel instance corresponding to the target (batch_size, a, b, c, d, preci"
group1,8,4,2048,1024,8,32,2,0.086175,0.102248,,"ERROR: Could not find hyperparameters for the kernel instance corresponding to the target (batch_size, a, b, c, d, preci"
group1,8,4,2048,1024,8,32,4,0.085707,0.102285,,"ERROR: Could not find hyperparameters for the kernel instance corresponding to the target (batch_size, a, b, c, d, preci"
group1,8,4,2048,1024,8,32,8,0.085526,0.102909,,"ERROR: Could not find hyperparameters for the kernel instance corresponding to the target (batch_size, a, b, c, d, preci"
group1,8,4,2048,1024,8,32,16,0.085690,0.102614,,"ERROR: Could not find hyperparameters for the kernel instance corresponding to the target (batch_size, a, b, c, d, preci"
group1,8,4,2048,1024,8,32,32,0.085824,0.102595,,"ERROR: Could not find hyperparameters for the kernel instance corresponding to the target (batch_size, a, b, c, d, preci"
group1,8,4,2048,1024,8,32,64,0.086013,0.102750,,"ERROR: Could not find hyperparameters for the kernel instance corresponding to the target (batch_size, a, b, c, d, preci"
group1,8,4,2048,1024,8,32,128,0.086081,0.102722,,"ERROR: Could not find hyperparameters for the kernel instance corresponding to the target (batch_size, a, b, c, d, preci"
group1,8,4,2048,1024,8,32,256,0.086368,0.102051,,"ERROR: Could not find hyperparameters for the kernel instance corresponding to the target (batch_size, a, b, c, d, preci"
group1,8,4,2048,1024,8,32,512,0.086483,0.102341,,"ERROR: Could not find hyperparameters for the kernel instance corresponding to the target (batch_size, a, b, c, d, preci"
group1,8,4,2048,1024,8,32,1024,0.087410,0.103314,,"ERROR: Could not find hyperparameters for the kernel instance corresponding to the target (batch_size, a, b, c, d, preci"
group1,8,4,2048,1024,8,32,2048,0.092337,0.103439,,"ERROR: Could not find hyperparameters for the kernel instance corresponding to the target (batch_size, a, b, c, d, preci"
group1,8,4,2048,1024,8,32,4096,0.175423,0.137709,,"ERROR: Could not find hyperparameters for the kernel instance corresponding to the target (batch_size, a, b, c, d, preci"
group1,8,4,2048,1024,16,16,2,0.086184,0.102595,,"ERROR: Could not find hyperparameters for the kernel instance corresponding to the target (batch_size, a, b, c, d, preci"
group1,8,4,2048,1024,16,16,4,0.085957,0.102104,,"ERROR: Could not find hyperparameters for the kernel instance corresponding to the target (batch_size, a, b, c, d, preci"
group1,8,4,2048,1024,16,16,8,0.085888,0.102343,,"ERROR: Could not find hyperparameters for the kernel instance corresponding to the target (batch_size, a, b, c, d, preci"
group1,8,4,2048,1024,16,16,16,0.086406,0.102622,,"ERROR: Could not find hyperparameters for the kernel instance corresponding to the target (batch_size, a, b, c, d, preci"
group1,8,4,2048,1024,16,16,32,0.086293,0.101626,,"ERROR: Could not find hyperparameters for the kernel instance corresponding to the target (batch_size, a, b, c, d, preci"
group1,8,4,2048,1024,16,16,64,0.085606,0.102643,,"ERROR: Could not find hyperparameters for the kernel instance corresponding to the target (batch_size, a, b, c, d, preci"
group1,8,4,2048,1024,16,16,128,0.086135,0.102353,,"ERROR: Could not find hyperparameters for the kernel instance corresponding to the target (batch_size, a, b, c, d, preci"
group1,8,4,2048,1024,16,16,256,0.086332,0.102652,,"ERROR: Could not find hyperparameters for the kernel instance corresponding to the target (batch_size, a, b, c, d, preci"
group1,8,4,2048,1024,16,16,512,0.086965,0.102567,,"ERROR: Could not find hyperparameters for the kernel instance corresponding to the target (batch_size, a, b, c, d, preci"
group1,8,4,2048,1024,16,16,1024,0.087574,0.103368,,"ERROR: Could not find hyperparameters for the kernel instance corresponding to the target (batch_size, a, b, c, d, preci"
group1,8,4,2048,1024,16,16,2048,0.092329,0.103889,,"ERROR: Could not find hyperparameters for the kernel instance corresponding to the target (batch_size, a, b, c, d, preci"
group1,8,4,2048,1024,16,16,4096,0.175442,0.142739,,"ERROR: Could not find hyperparameters for the kernel instance corresponding to the target (batch_size, a, b, c, d, preci"
group1,8,4,2048,1024,32,8,2,0.086102,0.102374,,"ERROR: Could not find hyperparameters for the kernel instance corresponding to the target (batch_size, a, b, c, d, preci"
group1,8,4,2048,1024,32,8,4,0.086269,0.102557,,"ERROR: Could not find hyperparameters for the kernel instance corresponding to the target (batch_size, a, b, c, d, preci"
group1,8,4,2048,1024,32,8,8,0.086318,0.102468,,"ERROR: Could not find hyperparameters for the kernel instance corresponding to the target (batch_size, a, b, c, d, preci"
group1,8,4,2048,1024,32,8,16,0.086423,0.102809,,"ERROR: Could not find hyperparameters for the kernel instance corresponding to the target (batch_size, a, b, c, d, preci"
group1,8,4,2048,1024,32,8,32,0.085596,0.102484,,"ERROR: Could not find hyperparameters for the kernel instance corresponding to the target (batch_size, a, b, c, d, preci"
group1,8,4,2048,1024,32,8,64,0.085832,0.103019,,"ERROR: Could not find hyperparameters for the kernel instance corresponding to the target (batch_size, a, b, c, d, preci"
group1,8,4,2048,1024,32,8,128,0.086344,0.102795,,"ERROR: Could not find hyperparameters for the kernel instance corresponding to the target (batch_size, a, b, c, d, preci"
group1,8,4,2048,1024,32,8,256,0.086348,0.102040,,"ERROR: Could not find hyperparameters for the kernel instance corresponding to the target (batch_size, a, b, c, d, preci"
group1,8,4,2048,1024,32,8,512,0.086833,0.102641,,"ERROR: Could not find hyperparameters for the kernel instance corresponding to the target (batch_size, a, b, c, d, preci"
group1,8,4,2048,1024,32,8,1024,0.087074,0.103192,,"ERROR: Could not find hyperparameters for the kernel instance corresponding to the target (batch_size, a, b, c, d, preci"
group1,8,4,2048,1024,32,8,2048,0.092321,0.103839,,"ERROR: Could not find hyperparameters for the kernel instance corresponding to the target (batch_size, a, b, c, d, preci"
group1,8,4,2048,1024,32,8,4096,0.175477,0.144010,,"ERROR: Could not find hyperparameters for the kernel instance corresponding to the target (batch_size, a, b, c, d, preci"
group1,8,4,2048,1024,64,4,2,0.085701,0.102710,,"ERROR: Could not find hyperparameters for the kernel instance corresponding to the target (batch_size, a, b, c, d, preci"
group1,8,4,2048,1024,64,4,4,0.086107,0.102467,,"ERROR: Could not find hyperparameters for the kernel instance corresponding to the target (batch_size, a, b, c, d, preci"
group1,8,4,2048,1024,64,4,8,0.085737,0.102749,,"ERROR: Could not find hyperparameters for the kernel instance corresponding to the target (batch_size, a, b, c, d, preci"
group1,8,4,2048,1024,64,4,16,0.085904,0.102417,,"ERROR: Could not find hyperparameters for the kernel instance corresponding to the target (batch_size, a, b, c, d, preci"
group1,8,4,2048,1024,64,4,32,0.085445,0.102474,,"ERROR: Could not find hyperparameters for the kernel instance corresponding to the target (batch_size, a, b, c, d, preci"
group1,8,4,2048,1024,64,4,64,0.085943,0.102425,,"ERROR: Could not find hyperparameters for the kernel instance corresponding to the target (batch_size, a, b, c, d, preci"
group1,8,4,2048,1024,64,4,128,0.085625,0.102609,,"ERROR: Could not find hyperparameters for the kernel instance corresponding to the target (batch_size, a, b, c, d, preci"
group1,8,4,2048,1024,64,4,256,0.086422,0.101820,,"ERROR: Could not find hyperparameters for the kernel instance corresponding to the target (batch_size, a, b, c, d, preci"
group1,8,4,2048,1024,64,4,512,0.086602,0.102655,,"ERROR: Could not find hyperparameters for the kernel instance corresponding to the target (batch_size, a, b, c, d, preci"
group1,8,4,2048,1024,64,4,1024,0.087243,0.103678,,"ERROR: Could not find hyperparameters for the kernel instance corresponding to the target (batch_size, a, b, c, d, preci"
group1,8,4,2048,1024,64,4,2048,0.092343,0.103727,,"ERROR: Could not find hyperparameters for the kernel instance corresponding to the target (batch_size, a, b, c, d, preci"
group1,8,4,2048,1024,64,4,4096,0.175518,0.144356,,"ERROR: Could not find hyperparameters for the kernel instance corresponding to the target (batch_size, a, b, c, d, preci"
group1,8,4,2048,1024,128,2,2,0.086121,0.102531,,"ERROR: Could not find hyperparameters for the kernel instance corresponding to the target (batch_size, a, b, c, d, preci"
group1,8,4,2048,1024,128,2,4,0.085379,0.102551,,"ERROR: Could not find hyperparameters for the kernel instance corresponding to the target (batch_size, a, b, c, d, preci"
group1,8,4,2048,1024,128,2,8,0.085645,0.102487,,"ERROR: Could not find hyperparameters for the kernel instance corresponding to the target (batch_size, a, b, c, d, preci"
group1,8,4,2048,1024,128,2,16,0.085832,0.102580,,"ERROR: Could not find hyperparameters for the kernel instance corresponding to the target (batch_size, a, b, c, d, preci"
group1,8,4,2048,1024,128,2,32,0.086072,0.102372,,"ERROR: Could not find hyperparameters for the kernel instance corresponding to the target (batch_size, a, b, c, d, preci"
group1,8,4,2048,1024,128,2,64,0.085449,0.102714,,"ERROR: Could not find hyperparameters for the kernel instance corresponding to the target (batch_size, a, b, c, d, preci"
group1,8,4,2048,1024,128,2,128,0.086131,0.102741,,"ERROR: Could not find hyperparameters for the kernel instance corresponding to the target (batch_size, a, b, c, d, preci"
group1,8,4,2048,1024,128,2,256,0.086979,0.102823,,"ERROR: Could not find hyperparameters for the kernel instance corresponding to the target (batch_size, a, b, c, d, preci"
group1,8,4,2048,1024,128,2,512,0.086821,0.102991,,"ERROR: Could not find hyperparameters for the kernel instance corresponding to the target (batch_size, a, b, c, d, preci"
group1,8,4,2048,1024,128,2,1024,0.087473,0.103434,,"ERROR: Could not find hyperparameters for the kernel instance corresponding to the target (batch_size, a, b, c, d, preci"
group1,8,4,2048,1024,128,2,2048,0.092305,0.104039,,"ERROR: Could not find hyperparameters for the kernel instance corresponding to the target (batch_size, a, b, c, d, preci"
group1,8,4,2048,1024,128,2,4096,0.175543,0.144240,,"ERROR: Could not find hyperparameters for the kernel instance corresponding to the target (batch_size, a, b, c, d, preci"
group1,8,4,2048,1024,256,1,2,0.086249,0.064542,,"ERROR: Could not find hyperparameters for the kernel instance corresponding to the target (batch_size, a, b, c, d, preci"
group1,8,4,2048,1024,256,1,4,0.085617,0.064729,,"ERROR: Could not find hyperparameters for the kernel instance corresponding to the target (batch_size, a, b, c, d, preci"
group1,8,4,2048,1024,256,1,8,0.086086,0.064790,,"ERROR: Could not find hyperparameters for the kernel instance corresponding to the target (batch_size, a, b, c, d, preci"
group1,8,4,2048,1024,256,1,16,0.086372,0.064722,,"ERROR: Could not find hyperparameters for the kernel instance corresponding to the target (batch_size, a, b, c, d, preci"
group1,8,4,2048,1024,256,1,32,0.086165,0.064874,,"ERROR: Could not find hyperparameters for the kernel instance corresponding to the target (batch_size, a, b, c, d, preci"
group1,8,4,2048,1024,256,1,64,0.085612,0.064797,,"ERROR: Could not find hyperparameters for the kernel instance corresponding to the target (batch_size, a, b, c, d, preci"
group1,8,4,2048,1024,256,1,128,0.086185,0.064603,,"ERROR: Could not find hyperparameters for the kernel instance corresponding to the target (batch_size, a, b, c, d, preci"
group1,8,4,2048,1024,256,1,256,0.086585,0.065091,,"ERROR: Could not find hyperparameters for the kernel instance corresponding to the target (batch_size, a, b, c, d, preci"
group1,8,4,2048,1024,256,1,512,0.087502,0.064605,,"ERROR: Could not find hyperparameters for the kernel instance corresponding to the target (batch_size, a, b, c, d, preci"
group1,8,4,2048,1024,256,1,1024,0.087589,0.064450,,"ERROR: Could not find hyperparameters for the kernel instance corresponding to the target (batch_size, a, b, c, d, preci"
group1,8,4,2048,1024,256,1,2048,0.091894,0.064718,,"ERROR: Could not find hyperparameters for the kernel instance corresponding to the target (batch_size, a, b, c, d, preci"
group1,8,4,2048,1024,256,1,4096,0.174675,0.083386,,"ERROR: Could not find hyperparameters for the kernel instance corresponding to the target (batch_size, a, b, c, d, preci"
group1,8,4,4096,2048,1,512,2,0.085680,0.106367,,"ERROR: Could not find hyperparameters for the kernel instance corresponding to the target (batch_size, a, b, c, d, preci"
group1,8,4,4096,2048,1,512,4,0.087041,0.106765,,"ERROR: Could not find hyperparameters for the kernel instance corresponding to the target (batch_size, a, b, c, d, preci"
group1,8,4,4096,2048,1,512,8,0.085637,0.106702,,"ERROR: Could not find hyperparameters for the kernel instance corresponding to the target (batch_size, a, b, c, d, preci"
group1,8,4,4096,2048,1,512,16,0.086320,0.106610,,"ERROR: Could not find hyperparameters for the kernel instance corresponding to the target (batch_size, a, b, c, d, preci"
group1,8,4,4096,2048,1,512,32,0.086757,0.107299,,"ERROR: Could not find hyperparameters for the kernel instance corresponding to the target (batch_size, a, b, c, d, preci"
group1,8,4,4096,2048,1,512,64,0.085954,0.106342,,"ERROR: Could not find hyperparameters for the kernel instance corresponding to the target (batch_size, a, b, c, d, preci"
group1,8,4,4096,2048,1,512,128,0.086361,0.106500,,"ERROR: Could not find hyperparameters for the kernel instance corresponding to the target (batch_size, a, b, c, d, preci"
group1,8,4,4096,2048,1,512,256,0.086476,0.106737,,"ERROR: Could not find hyperparameters for the kernel instance corresponding to the target (batch_size, a, b, c, d, preci"
group1,8,4,4096,2048,1,512,512,0.087513,0.107575,,"ERROR: Could not find hyperparameters for the kernel instance corresponding to the target (batch_size, a, b, c, d, preci"
group1,8,4,4096,2048,1,512,1024,0.090904,0.107727,,"ERROR: Could not find hyperparameters for the kernel instance corresponding to the target (batch_size, a, b, c, d, preci"
group1,8,4,4096,2048,1,512,2048,0.174205,0.146466,,"ERROR: Could not find hyperparameters for the kernel instance corresponding to the target (batch_size, a, b, c, d, preci"
group1,8,4,4096,2048,1,512,4096,0.341056,0.285869,,"ERROR: Could not find hyperparameters for the kernel instance corresponding to the target (batch_size, a, b, c, d, preci"
group1,8,4,4096,2048,2,256,2,0.085263,0.103059,,"ERROR: Could not find hyperparameters for the kernel instance corresponding to the target (batch_size, a, b, c, d, preci"
group1,8,4,4096,2048,2,256,4,0.086462,0.102608,,"ERROR: Could not find hyperparameters for the kernel instance corresponding to the target (batch_size, a, b, c, d, preci"
group1,8,4,4096,2048,2,256,8,0.086121,0.103069,,"ERROR: Could not find hyperparameters for the kernel instance corresponding to the target (batch_size, a, b, c, d, preci"
group1,8,4,4096,2048,2,256,16,0.086067,0.102992,,"ERROR: Could not find hyperparameters for the kernel instance corresponding to the target (batch_size, a, b, c, d, preci"
group1,8,4,4096,2048,2,256,32,0.085911,0.102921,,"ERROR: Could not find hyperparameters for the kernel instance corresponding to the target (batch_size, a, b, c, d, preci"
group1,8,4,4096,2048,2,256,64,0.085802,0.102767,,"ERROR: Could not find hyperparameters for the kernel instance corresponding to the target (batch_size, a, b, c, d, preci"
group1,8,4,4096,2048,2,256,128,0.086354,0.103190,,"ERROR: Could not find hyperparameters for the kernel instance corresponding to the target (batch_size, a, b, c, d, preci"
group1,8,4,4096,2048,2,256,256,0.085644,0.102927,,"ERROR: Could not find hyperparameters for the kernel instance corresponding to the target (batch_size, a, b, c, d, preci"
group1,8,4,4096,2048,2,256,512,0.086764,0.103560,,"ERROR: Could not find hyperparameters for the kernel instance corresponding to the target (batch_size, a, b, c, d, preci"
group1,8,4,4096,2048,2,256,1024,0.090898,0.104262,,"ERROR: Could not find hyperparameters for the kernel instance corresponding to the target (batch_size, a, b, c, d, preci"
group1,8,4,4096,2048,2,256,2048,0.174315,0.140125,,"ERROR: Could not find hyperparameters for the kernel instance corresponding to the target (batch_size, a, b, c, d, preci"
group1,8,4,4096,2048,2,256,4096,0.341278,0.271302,,"ERROR: Could not find hyperparameters for the kernel instance corresponding to the target (batch_size, a, b, c, d, preci"
group1,8,4,4096,2048,4,128,2,0.085851,0.103370,,"ERROR: Could not find hyperparameters for the kernel instance corresponding to the target (batch_size, a, b, c, d, preci"
group1,8,4,4096,2048,4,128,4,0.085532,0.103587,,"ERROR: Could not find hyperparameters for the kernel instance corresponding to the target (batch_size, a, b, c, d, preci"
group1,8,4,4096,2048,4,128,8,0.085517,0.103215,,"ERROR: Could not find hyperparameters for the kernel instance corresponding to the target (batch_size, a, b, c, d, preci"
group1,8,4,4096,2048,4,128,16,0.086252,0.103054,,"ERROR: Could not find hyperparameters for the kernel instance corresponding to the target (batch_size, a, b, c, d, preci"
group1,8,4,4096,2048,4,128,32,0.086104,0.103338,,"ERROR: Could not find hyperparameters for the kernel instance corresponding to the target (batch_size, a, b, c, d, preci"
group1,8,4,4096,2048,4,128,64,0.086212,0.103045,,"ERROR: Could not find hyperparameters for the kernel instance corresponding to the target (batch_size, a, b, c, d, preci"
group1,8,4,4096,2048,4,128,128,0.085739,0.103074,,"ERROR: Could not find hyperparameters for the kernel instance corresponding to the target (batch_size, a, b, c, d, preci"
group1,8,4,4096,2048,4,128,256,0.086897,0.102975,,"ERROR: Could not find hyperparameters for the kernel instance corresponding to the target (batch_size, a, b, c, d, preci"
group1,8,4,4096,2048,4,128,512,0.087449,0.103951,,"ERROR: Could not find hyperparameters for the kernel instance corresponding to the target (batch_size, a, b, c, d, preci"
group1,8,4,4096,2048,4,128,1024,0.090907,0.104200,,"ERROR: Could not find hyperparameters for the kernel instance corresponding to the target (batch_size, a, b, c, d, preci"
group1,8,4,4096,2048,4,128,2048,0.174231,0.137286,,"ERROR: Could not find hyperparameters for the kernel instance corresponding to the target (batch_size, a, b, c, d, preci"
group1,8,4,4096,2048,4,128,4096,0.341047,0.265013,,"ERROR: Could not find hyperparameters for the kernel instance corresponding to the target (batch_size, a, b, c, d, preci"
group1,8,4,4096,2048,8,64,2,0.086307,0.103153,,"ERROR: Could not find hyperparameters for the kernel instance corresponding to the target (batch_size, a, b, c, d, preci"
group1,8,4,4096,2048,8,64,4,0.085651,0.103363,,"ERROR: Could not find hyperparameters for the kernel instance corresponding to the target (batch_size, a, b, c, d, preci"
group1,8,4,4096,2048,8,64,8,0.086032,0.102519,,"ERROR: Could not find hyperparameters for the kernel instance corresponding to the target (batch_size, a, b, c, d, preci"
group1,8,4,4096,2048,8,64,16,0.086545,0.102998,,"ERROR: Could not find hyperparameters for the kernel instance corresponding to the target (batch_size, a, b, c, d, preci"
group1,8,4,4096,2048,8,64,32,0.086438,0.103416,,"ERROR: Could not find hyperparameters for the kernel instance corresponding to the target (batch_size, a, b, c, d, preci"
group1,8,4,4096,2048,8,64,64,0.086149,0.103061,,"ERROR: Could not find hyperparameters for the kernel instance corresponding to the target (batch_size, a, b, c, d, preci"
group1,8,4,4096,2048,8,64,128,0.085790,0.102489,,"ERROR: Could not find hyperparameters for the kernel instance corresponding to the target (batch_size, a, b, c, d, preci"
group1,8,4,4096,2048,8,64,256,0.086253,0.102569,,"ERROR: Could not find hyperparameters for the kernel instance corresponding to the target (batch_size, a, b, c, d, preci"
group1,8,4,4096,2048,8,64,512,0.086841,0.103680,,"ERROR: Could not find hyperparameters for the kernel instance corresponding to the target (batch_size, a, b, c, d, preci"
group1,8,4,4096,2048,8,64,1024,0.090879,0.104170,,"ERROR: Could not find hyperparameters for the kernel instance corresponding to the target (batch_size, a, b, c, d, preci"
group1,8,4,4096,2048,8,64,2048,0.174409,0.136818,,"ERROR: Could not find hyperparameters for the kernel instance corresponding to the target (batch_size, a, b, c, d, preci"
group1,8,4,4096,2048,8,64,4096,0.341553,0.264369,,"ERROR: Could not find hyperparameters for the kernel instance corresponding to the target (batch_size, a, b, c, d, preci"
group1,8,4,4096,2048,16,32,2,0.086303,0.102737,,"ERROR: Could not find hyperparameters for the kernel instance corresponding to the target (batch_size, a, b, c, d, preci"
group1,8,4,4096,2048,16,32,4,0.086083,0.103309,,"ERROR: Could not find hyperparameters for the kernel instance corresponding to the target (batch_size, a, b, c, d, preci"
group1,8,4,4096,2048,16,32,8,0.085894,0.102413,,"ERROR: Could not find hyperparameters for the kernel instance corresponding to the target (batch_size, a, b, c, d, preci"
group1,8,4,4096,2048,16,32,16,0.086042,0.103179,,"ERROR: Could not find hyperparameters for the kernel instance corresponding to the target (batch_size, a, b, c, d, preci"
group1,8,4,4096,2048,16,32,32,0.085588,0.102967,,"ERROR: Could not find hyperparameters for the kernel instance corresponding to the target (batch_size, a, b, c, d, preci"
group1,8,4,4096,2048,16,32,64,0.086075,0.102761,,"ERROR: Could not find hyperparameters for the kernel instance corresponding to the target (batch_size, a, b, c, d, preci"
group1,8,4,4096,2048,16,32,128,0.086303,0.102550,,"ERROR: Could not find hyperparameters for the kernel instance corresponding to the target (batch_size, a, b, c, d, preci"
group1,8,4,4096,2048,16,32,256,0.086055,0.102887,,"ERROR: Could not find hyperparameters for the kernel instance corresponding to the target (batch_size, a, b, c, d, preci"
group1,8,4,4096,2048,16,32,512,0.087144,0.103634,,"ERROR: Could not find hyperparameters for the kernel instance corresponding to the target (batch_size, a, b, c, d, preci"
group1,8,4,4096,2048,16,32,1024,0.090907,0.104237,,"ERROR: Could not find hyperparameters for the kernel instance corresponding to the target (batch_size, a, b, c, d, preci"
group1,8,4,4096,2048,16,32,2048,0.174299,0.137664,,"ERROR: Could not find hyperparameters for the kernel instance corresponding to the target (batch_size, a, b, c, d, preci"
group1,8,4,4096,2048,16,32,4096,0.341424,0.266483,,"ERROR: Could not find hyperparameters for the kernel instance corresponding to the target (batch_size, a, b, c, d, preci"
group1,8,4,4096,2048,32,16,2,0.086286,0.103068,,"ERROR: Could not find hyperparameters for the kernel instance corresponding to the target (batch_size, a, b, c, d, preci"
group1,8,4,4096,2048,32,16,4,0.085551,0.102675,,"ERROR: Could not find hyperparameters for the kernel instance corresponding to the target (batch_size, a, b, c, d, preci"
group1,8,4,4096,2048,32,16,8,0.085950,0.102661,,"ERROR: Could not find hyperparameters for the kernel instance corresponding to the target (batch_size, a, b, c, d, preci"
group1,8,4,4096,2048,32,16,16,0.086827,0.103675,,"ERROR: Could not find hyperparameters for the kernel instance corresponding to the target (batch_size, a, b, c, d, preci"
group1,8,4,4096,2048,32,16,32,0.086371,0.102462,,"ERROR: Could not find hyperparameters for the kernel instance corresponding to the target (batch_size, a, b, c, d, preci"
group1,8,4,4096,2048,32,16,64,0.085813,0.102923,,"ERROR: Could not find hyperparameters for the kernel instance corresponding to the target (batch_size, a, b, c, d, preci"
group1,8,4,4096,2048,32,16,128,0.085664,0.102847,,"ERROR: Could not find hyperparameters for the kernel instance corresponding to the target (batch_size, a, b, c, d, preci"
group1,8,4,4096,2048,32,16,256,0.086458,0.102982,,"ERROR: Could not find hyperparameters for the kernel instance corresponding to the target (batch_size, a, b, c, d, preci"
group1,8,4,4096,2048,32,16,512,0.087545,0.103804,,"ERROR: Could not find hyperparameters for the kernel instance corresponding to the target (batch_size, a, b, c, d, preci"
group1,8,4,4096,2048,32,16,1024,0.090867,0.104191,,"ERROR: Could not find hyperparameters for the kernel instance corresponding to the target (batch_size, a, b, c, d, preci"
group1,8,4,4096,2048,32,16,2048,0.174355,0.142695,,"ERROR: Could not find hyperparameters for the kernel instance corresponding to the target (batch_size, a, b, c, d, preci"
group1,8,4,4096,2048,32,16,4096,0.341357,0.281436,,"ERROR: Could not find hyperparameters for the kernel instance corresponding to the target (batch_size, a, b, c, d, preci"
group1,8,4,4096,2048,64,8,2,0.085960,0.102751,,"ERROR: Could not find hyperparameters for the kernel instance corresponding to the target (batch_size, a, b, c, d, preci"
group1,8,4,4096,2048,64,8,4,0.086482,0.103273,,"ERROR: Could not find hyperparameters for the kernel instance corresponding to the target (batch_size, a, b, c, d, preci"
group1,8,4,4096,2048,64,8,8,0.086176,0.102804,,"ERROR: Could not find hyperparameters for the kernel instance corresponding to the target (batch_size, a, b, c, d, preci"
group1,8,4,4096,2048,64,8,16,0.085888,0.103364,,"ERROR: Could not find hyperparameters for the kernel instance corresponding to the target (batch_size, a, b, c, d, preci"
group1,8,4,4096,2048,64,8,32,0.085674,0.102857,,"ERROR: Could not find hyperparameters for the kernel instance corresponding to the target (batch_size, a, b, c, d, preci"
group1,8,4,4096,2048,64,8,64,0.085481,0.102749,,"ERROR: Could not find hyperparameters for the kernel instance corresponding to the target (batch_size, a, b, c, d, preci"
group1,8,4,4096,2048,64,8,128,0.086258,0.102402,,"ERROR: Could not find hyperparameters for the kernel instance corresponding to the target (batch_size, a, b, c, d, preci"
group1,8,4,4096,2048,64,8,256,0.085757,0.102275,,"ERROR: Could not find hyperparameters for the kernel instance corresponding to the target (batch_size, a, b, c, d, preci"
group1,8,4,4096,2048,64,8,512,0.086829,0.103433,,"ERROR: Could not find hyperparameters for the kernel instance corresponding to the target (batch_size, a, b, c, d, preci"
group1,8,4,4096,2048,64,8,1024,0.090897,0.103971,,"ERROR: Could not find hyperparameters for the kernel instance corresponding to the target (batch_size, a, b, c, d, preci"
group1,8,4,4096,2048,64,8,2048,0.174463,0.143774,,"ERROR: Could not find hyperparameters for the kernel instance corresponding to the target (batch_size, a, b, c, d, preci"
group1,8,4,4096,2048,64,8,4096,0.341316,0.282744,,"ERROR: Could not find hyperparameters for the kernel instance corresponding to the target (batch_size, a, b, c, d, preci"
group1,8,4,4096,2048,128,4,2,0.086158,0.103106,,"ERROR: Could not find hyperparameters for the kernel instance corresponding to the target (batch_size, a, b, c, d, preci"
group1,8,4,4096,2048,128,4,4,0.085675,0.103092,,"ERROR: Could not find hyperparameters for the kernel instance corresponding to the target (batch_size, a, b, c, d, preci"
group1,8,4,4096,2048,128,4,8,0.086029,0.102727,,"ERROR: Could not find hyperparameters for the kernel instance corresponding to the target (batch_size, a, b, c, d, preci"
group1,8,4,4096,2048,128,4,16,0.086281,0.102934,,"ERROR: Could not find hyperparameters for the kernel instance corresponding to the target (batch_size, a, b, c, d, preci"
group1,8,4,4096,2048,128,4,32,0.086261,0.102865,,"ERROR: Could not find hyperparameters for the kernel instance corresponding to the target (batch_size, a, b, c, d, preci"
group1,8,4,4096,2048,128,4,64,0.086139,0.102808,,"ERROR: Could not find hyperparameters for the kernel instance corresponding to the target (batch_size, a, b, c, d, preci"
group1,8,4,4096,2048,128,4,128,0.085496,0.102735,,"ERROR: Could not find hyperparameters for the kernel instance corresponding to the target (batch_size, a, b, c, d, preci"
group1,8,4,4096,2048,128,4,256,0.086454,0.102787,,"ERROR: Could not find hyperparameters for the kernel instance corresponding to the target (batch_size, a, b, c, d, preci"
group1,8,4,4096,2048,128,4,512,0.087015,0.103279,,"ERROR: Could not find hyperparameters for the kernel instance corresponding to the target (batch_size, a, b, c, d, preci"
group1,8,4,4096,2048,128,4,1024,0.090906,0.104248,,"ERROR: Could not find hyperparameters for the kernel instance corresponding to the target (batch_size, a, b, c, d, preci"
group1,8,4,4096,2048,128,4,2048,0.174296,0.144162,,"ERROR: Could not find hyperparameters for the kernel instance corresponding to the target (batch_size, a, b, c, d, preci"
group1,8,4,4096,2048,128,4,4096,0.341446,0.283936,,"ERROR: Could not find hyperparameters for the kernel instance corresponding to the target (batch_size, a, b, c, d, preci"
group1,8,4,4096,2048,256,2,2,0.086439,0.102849,,"ERROR: Could not find hyperparameters for the kernel instance corresponding to the target (batch_size, a, b, c, d, preci"
group1,8,4,4096,2048,256,2,4,0.086558,0.103254,,"ERROR: Could not find hyperparameters for the kernel instance corresponding to the target (batch_size, a, b, c, d, preci"
group1,8,4,4096,2048,256,2,8,0.086401,0.103200,,"ERROR: Could not find hyperparameters for the kernel instance corresponding to the target (batch_size, a, b, c, d, preci"
group1,8,4,4096,2048,256,2,16,0.086329,0.102682,,"ERROR: Could not find hyperparameters for the kernel instance corresponding to the target (batch_size, a, b, c, d, preci"
group1,8,4,4096,2048,256,2,32,0.087103,0.102532,,"ERROR: Could not find hyperparameters for the kernel instance corresponding to the target (batch_size, a, b, c, d, preci"
group1,8,4,4096,2048,256,2,64,0.086176,0.102531,,"ERROR: Could not find hyperparameters for the kernel instance corresponding to the target (batch_size, a, b, c, d, preci"
group1,8,4,4096,2048,256,2,128,0.086596,0.102622,,"ERROR: Could not find hyperparameters for the kernel instance corresponding to the target (batch_size, a, b, c, d, preci"
group1,8,4,4096,2048,256,2,256,0.086162,0.102548,,"ERROR: Could not find hyperparameters for the kernel instance corresponding to the target (batch_size, a, b, c, d, preci"
group1,8,4,4096,2048,256,2,512,0.087306,0.103890,,"ERROR: Could not find hyperparameters for the kernel instance corresponding to the target (batch_size, a, b, c, d, preci"
group1,8,4,4096,2048,256,2,1024,0.090876,0.104498,,"ERROR: Could not find hyperparameters for the kernel instance corresponding to the target (batch_size, a, b, c, d, preci"
group1,8,4,4096,2048,256,2,2048,0.174330,0.144380,,"ERROR: Could not find hyperparameters for the kernel instance corresponding to the target (batch_size, a, b, c, d, preci"
group1,8,4,4096,2048,256,2,4096,0.341270,0.284209,,"ERROR: Could not find hyperparameters for the kernel instance corresponding to the target (batch_size, a, b, c, d, preci"
group1,8,4,4096,2048,512,1,2,0.085548,0.064748,,"ERROR: Could not find hyperparameters for the kernel instance corresponding to the target (batch_size, a, b, c, d, preci"
group1,8,4,4096,2048,512,1,4,0.086272,0.065289,,"ERROR: Could not find hyperparameters for the kernel instance corresponding to the target (batch_size, a, b, c, d, preci"
group1,8,4,4096,2048,512,1,8,0.086293,0.064922,,"ERROR: Could not find hyperparameters for the kernel instance corresponding to the target (batch_size, a, b, c, d, preci"
group1,8,4,4096,2048,512,1,16,0.086127,0.065013,,"ERROR: Could not find hyperparameters for the kernel instance corresponding to the target (batch_size, a, b, c, d, preci"
group1,8,4,4096,2048,512,1,32,0.085753,0.065256,,"ERROR: Could not find hyperparameters for the kernel instance corresponding to the target (batch_size, a, b, c, d, preci"
group1,8,4,4096,2048,512,1,64,0.086312,0.064942,,"ERROR: Could not find hyperparameters for the kernel instance corresponding to the target (batch_size, a, b, c, d, preci"
group1,8,4,4096,2048,512,1,128,0.085725,0.065091,,"ERROR: Could not find hyperparameters for the kernel instance corresponding to the target (batch_size, a, b, c, d, preci"
group1,8,4,4096,2048,512,1,256,0.087529,0.064980,,"ERROR: Could not find hyperparameters for the kernel instance corresponding to the target (batch_size, a, b, c, d, preci"
group1,8,4,4096,2048,512,1,512,0.086910,0.064945,,"ERROR: Could not find hyperparameters for the kernel instance corresponding to the target (batch_size, a, b, c, d, preci"
group1,8,4,4096,2048,512,1,1024,0.090439,0.065359,,"ERROR: Could not find hyperparameters for the kernel instance corresponding to the target (batch_size, a, b, c, d, preci"
group1,8,4,4096,2048,512,1,2048,0.173430,0.083303,,"ERROR: Could not find hyperparameters for the kernel instance corresponding to the target (batch_size, a, b, c, d, preci"
group1,8,4,4096,2048,512,1,4096,0.340315,0.166777,,"ERROR: Could not find hyperparameters for the kernel instance corresponding to the target (batch_size, a, b, c, d, preci"
group1,8,8,512,512,1,64,2,0.085543,0.105515,,"ERROR: Could not find hyperparameters for the kernel instance corresponding to the target (batch_size, a, b, c, d, preci"
group1,8,8,512,512,1,64,4,0.085588,0.106478,,"ERROR: Could not find hyperparameters for the kernel instance corresponding to the target (batch_size, a, b, c, d, preci"
group1,8,8,512,512,1,64,8,0.085227,0.105480,,"ERROR: Could not find hyperparameters for the kernel instance corresponding to the target (batch_size, a, b, c, d, preci"
group1,8,8,512,512,1,64,16,0.086099,0.105522,,"ERROR: Could not find hyperparameters for the kernel instance corresponding to the target (batch_size, a, b, c, d, preci"
group1,8,8,512,512,1,64,32,0.086722,0.106234,,"ERROR: Could not find hyperparameters for the kernel instance corresponding to the target (batch_size, a, b, c, d, preci"
group1,8,8,512,512,1,64,64,0.085820,0.106021,,"ERROR: Could not find hyperparameters for the kernel instance corresponding to the target (batch_size, a, b, c, d, preci"
group1,8,8,512,512,1,64,128,0.086115,0.106257,,"ERROR: Could not find hyperparameters for the kernel instance corresponding to the target (batch_size, a, b, c, d, preci"
group1,8,8,512,512,1,64,256,0.086009,0.106767,,"ERROR: Could not find hyperparameters for the kernel instance corresponding to the target (batch_size, a, b, c, d, preci"
group1,8,8,512,512,1,64,512,0.086766,0.106320,,"ERROR: Could not find hyperparameters for the kernel instance corresponding to the target (batch_size, a, b, c, d, preci"
group1,8,8,512,512,1,64,1024,0.085995,0.105681,,"ERROR: Could not find hyperparameters for the kernel instance corresponding to the target (batch_size, a, b, c, d, preci"
group1,8,8,512,512,1,64,2048,0.086912,0.105908,,"ERROR: Could not find hyperparameters for the kernel instance corresponding to the target (batch_size, a, b, c, d, preci"
group1,8,8,512,512,1,64,4096,0.087208,0.107147,,"ERROR: Could not find hyperparameters for the kernel instance corresponding to the target (batch_size, a, b, c, d, preci"
group1,8,8,512,512,2,32,2,0.085107,0.102097,,"ERROR: Could not find hyperparameters for the kernel instance corresponding to the target (batch_size, a, b, c, d, preci"
group1,8,8,512,512,2,32,4,0.085631,0.102229,,"ERROR: Could not find hyperparameters for the kernel instance corresponding to the target (batch_size, a, b, c, d, preci"
group1,8,8,512,512,2,32,8,0.085615,0.102615,,"ERROR: Could not find hyperparameters for the kernel instance corresponding to the target (batch_size, a, b, c, d, preci"
group1,8,8,512,512,2,32,16,0.085719,0.102613,,"ERROR: Could not find hyperparameters for the kernel instance corresponding to the target (batch_size, a, b, c, d, preci"
group1,8,8,512,512,2,32,32,0.086154,0.102224,,"ERROR: Could not find hyperparameters for the kernel instance corresponding to the target (batch_size, a, b, c, d, preci"
group1,8,8,512,512,2,32,64,0.085932,0.102648,,"ERROR: Could not find hyperparameters for the kernel instance corresponding to the target (batch_size, a, b, c, d, preci"
group1,8,8,512,512,2,32,128,0.085722,0.102863,,"ERROR: Could not find hyperparameters for the kernel instance corresponding to the target (batch_size, a, b, c, d, preci"
group1,8,8,512,512,2,32,256,0.085908,0.102559,,"ERROR: Could not find hyperparameters for the kernel instance corresponding to the target (batch_size, a, b, c, d, preci"
group1,8,8,512,512,2,32,512,0.086824,0.103237,,"ERROR: Could not find hyperparameters for the kernel instance corresponding to the target (batch_size, a, b, c, d, preci"
group1,8,8,512,512,2,32,1024,0.086363,0.102523,,"ERROR: Could not find hyperparameters for the kernel instance corresponding to the target (batch_size, a, b, c, d, preci"
group1,8,8,512,512,2,32,2048,0.086459,0.102573,,"ERROR: Could not find hyperparameters for the kernel instance corresponding to the target (batch_size, a, b, c, d, preci"
group1,8,8,512,512,2,32,4096,0.086990,0.103200,,"ERROR: Could not find hyperparameters for the kernel instance corresponding to the target (batch_size, a, b, c, d, preci"
group1,8,8,512,512,4,16,2,0.085589,0.102655,,"ERROR: Could not find hyperparameters for the kernel instance corresponding to the target (batch_size, a, b, c, d, preci"
group1,8,8,512,512,4,16,4,0.086086,0.102402,,"ERROR: Could not find hyperparameters for the kernel instance corresponding to the target (batch_size, a, b, c, d, preci"
group1,8,8,512,512,4,16,8,0.085875,0.102845,,"ERROR: Could not find hyperparameters for the kernel instance corresponding to the target (batch_size, a, b, c, d, preci"
group1,8,8,512,512,4,16,16,0.086041,0.103071,,"ERROR: Could not find hyperparameters for the kernel instance corresponding to the target (batch_size, a, b, c, d, preci"
group1,8,8,512,512,4,16,32,0.086417,0.102157,,"ERROR: Could not find hyperparameters for the kernel instance corresponding to the target (batch_size, a, b, c, d, preci"
group1,8,8,512,512,4,16,64,0.085809,0.102546,,"ERROR: Could not find hyperparameters for the kernel instance corresponding to the target (batch_size, a, b, c, d, preci"
group1,8,8,512,512,4,16,128,0.085775,0.102167,,"ERROR: Could not find hyperparameters for the kernel instance corresponding to the target (batch_size, a, b, c, d, preci"
group1,8,8,512,512,4,16,256,0.085677,0.102538,,"ERROR: Could not find hyperparameters for the kernel instance corresponding to the target (batch_size, a, b, c, d, preci"
group1,8,8,512,512,4,16,512,0.085525,0.101816,,"ERROR: Could not find hyperparameters for the kernel instance corresponding to the target (batch_size, a, b, c, d, preci"
group1,8,8,512,512,4,16,1024,0.085996,0.102333,,"ERROR: Could not find hyperparameters for the kernel instance corresponding to the target (batch_size, a, b, c, d, preci"
group1,8,8,512,512,4,16,2048,0.086351,0.102518,,"ERROR: Could not find hyperparameters for the kernel instance corresponding to the target (batch_size, a, b, c, d, preci"
group1,8,8,512,512,4,16,4096,0.086955,0.103046,,"ERROR: Could not find hyperparameters for the kernel instance corresponding to the target (batch_size, a, b, c, d, preci"
group1,8,8,512,512,8,8,2,0.085038,0.101965,,"ERROR: Could not find hyperparameters for the kernel instance corresponding to the target (batch_size, a, b, c, d, preci"
group1,8,8,512,512,8,8,4,0.085428,0.102260,,"ERROR: Could not find hyperparameters for the kernel instance corresponding to the target (batch_size, a, b, c, d, preci"
group1,8,8,512,512,8,8,8,0.085774,0.102641,,"ERROR: Could not find hyperparameters for the kernel instance corresponding to the target (batch_size, a, b, c, d, preci"
group1,8,8,512,512,8,8,16,0.085874,0.102887,,"ERROR: Could not find hyperparameters for the kernel instance corresponding to the target (batch_size, a, b, c, d, preci"
group1,8,8,512,512,8,8,32,0.085923,0.102238,,"ERROR: Could not find hyperparameters for the kernel instance corresponding to the target (batch_size, a, b, c, d, preci"
group1,8,8,512,512,8,8,64,0.085895,0.102558,,"ERROR: Could not find hyperparameters for the kernel instance corresponding to the target (batch_size, a, b, c, d, preci"
group1,8,8,512,512,8,8,128,0.085701,0.102565,,"ERROR: Could not find hyperparameters for the kernel instance corresponding to the target (batch_size, a, b, c, d, preci"
group1,8,8,512,512,8,8,256,0.085770,0.102563,,"ERROR: Could not find hyperparameters for the kernel instance corresponding to the target (batch_size, a, b, c, d, preci"
group1,8,8,512,512,8,8,512,0.086444,0.101879,,"ERROR: Could not find hyperparameters for the kernel instance corresponding to the target (batch_size, a, b, c, d, preci"
group1,8,8,512,512,8,8,1024,0.085693,0.102123,,"ERROR: Could not find hyperparameters for the kernel instance corresponding to the target (batch_size, a, b, c, d, preci"
group1,8,8,512,512,8,8,2048,0.086255,0.102103,,"ERROR: Could not find hyperparameters for the kernel instance corresponding to the target (batch_size, a, b, c, d, preci"
group1,8,8,512,512,8,8,4096,0.086934,0.103073,,"ERROR: Could not find hyperparameters for the kernel instance corresponding to the target (batch_size, a, b, c, d, preci"
group1,8,8,512,512,16,4,2,0.085543,0.102122,,"ERROR: Could not find hyperparameters for the kernel instance corresponding to the target (batch_size, a, b, c, d, preci"
group1,8,8,512,512,16,4,4,0.085656,0.102603,,"ERROR: Could not find hyperparameters for the kernel instance corresponding to the target (batch_size, a, b, c, d, preci"
group1,8,8,512,512,16,4,8,0.085945,0.102519,,"ERROR: Could not find hyperparameters for the kernel instance corresponding to the target (batch_size, a, b, c, d, preci"
group1,8,8,512,512,16,4,16,0.086362,0.102994,,"ERROR: Could not find hyperparameters for the kernel instance corresponding to the target (batch_size, a, b, c, d, preci"
group1,8,8,512,512,16,4,32,0.085883,0.102522,,"ERROR: Could not find hyperparameters for the kernel instance corresponding to the target (batch_size, a, b, c, d, preci"
group1,8,8,512,512,16,4,64,0.086089,0.102793,,"ERROR: Could not find hyperparameters for the kernel instance corresponding to the target (batch_size, a, b, c, d, preci"
group1,8,8,512,512,16,4,128,0.086154,0.102793,,"ERROR: Could not find hyperparameters for the kernel instance corresponding to the target (batch_size, a, b, c, d, preci"
group1,8,8,512,512,16,4,256,0.086543,0.102411,,"ERROR: Could not find hyperparameters for the kernel instance corresponding to the target (batch_size, a, b, c, d, preci"
group1,8,8,512,512,16,4,512,0.086129,0.102600,,"ERROR: Could not find hyperparameters for the kernel instance corresponding to the target (batch_size, a, b, c, d, preci"
group1,8,8,512,512,16,4,1024,0.086317,0.102285,,"ERROR: Could not find hyperparameters for the kernel instance corresponding to the target (batch_size, a, b, c, d, preci"
group1,8,8,512,512,16,4,2048,0.086780,0.102251,,"ERROR: Could not find hyperparameters for the kernel instance corresponding to the target (batch_size, a, b, c, d, preci"
group1,8,8,512,512,16,4,4096,0.086879,0.102998,,"ERROR: Could not find hyperparameters for the kernel instance corresponding to the target (batch_size, a, b, c, d, preci"
group1,8,8,512,512,32,2,2,0.085496,0.102215,,"ERROR: Could not find hyperparameters for the kernel instance corresponding to the target (batch_size, a, b, c, d, preci"
group1,8,8,512,512,32,2,4,0.085843,0.102652,,"ERROR: Could not find hyperparameters for the kernel instance corresponding to the target (batch_size, a, b, c, d, preci"
group1,8,8,512,512,32,2,8,0.085828,0.102818,,"ERROR: Could not find hyperparameters for the kernel instance corresponding to the target (batch_size, a, b, c, d, preci"
group1,8,8,512,512,32,2,16,0.085817,0.102602,,"ERROR: Could not find hyperparameters for the kernel instance corresponding to the target (batch_size, a, b, c, d, preci"
group1,8,8,512,512,32,2,32,0.085964,0.102187,,"ERROR: Could not find hyperparameters for the kernel instance corresponding to the target (batch_size, a, b, c, d, preci"
group1,8,8,512,512,32,2,64,0.085766,0.102583,,"ERROR: Could not find hyperparameters for the kernel instance corresponding to the target (batch_size, a, b, c, d, preci"
group1,8,8,512,512,32,2,128,0.085867,0.102818,,"ERROR: Could not find hyperparameters for the kernel instance corresponding to the target (batch_size, a, b, c, d, preci"
group1,8,8,512,512,32,2,256,0.086303,0.102284,,"ERROR: Could not find hyperparameters for the kernel instance corresponding to the target (batch_size, a, b, c, d, preci"
group1,8,8,512,512,32,2,512,0.086701,0.102464,,"ERROR: Could not find hyperparameters for the kernel instance corresponding to the target (batch_size, a, b, c, d, preci"
group1,8,8,512,512,32,2,1024,0.086658,0.102409,,"ERROR: Could not find hyperparameters for the kernel instance corresponding to the target (batch_size, a, b, c, d, preci"
group1,8,8,512,512,32,2,2048,0.086847,0.102404,,"ERROR: Could not find hyperparameters for the kernel instance corresponding to the target (batch_size, a, b, c, d, preci"
group1,8,8,512,512,32,2,4096,0.087324,0.103122,,"ERROR: Could not find hyperparameters for the kernel instance corresponding to the target (batch_size, a, b, c, d, preci"
group1,8,8,512,512,64,1,2,0.085520,0.064124,,"ERROR: Could not find hyperparameters for the kernel instance corresponding to the target (batch_size, a, b, c, d, preci"
group1,8,8,512,512,64,1,4,0.085354,0.064626,,"ERROR: Could not find hyperparameters for the kernel instance corresponding to the target (batch_size, a, b, c, d, preci"
group1,8,8,512,512,64,1,8,0.085606,0.064831,,"ERROR: Could not find hyperparameters for the kernel instance corresponding to the target (batch_size, a, b, c, d, preci"
group1,8,8,512,512,64,1,16,0.085238,0.064237,,"ERROR: Could not find hyperparameters for the kernel instance corresponding to the target (batch_size, a, b, c, d, preci"
group1,8,8,512,512,64,1,32,0.085572,0.064289,,"ERROR: Could not find hyperparameters for the kernel instance corresponding to the target (batch_size, a, b, c, d, preci"
group1,8,8,512,512,64,1,64,0.085876,0.064817,,"ERROR: Could not find hyperparameters for the kernel instance corresponding to the target (batch_size, a, b, c, d, preci"
group1,8,8,512,512,64,1,128,0.085873,0.064401,,"ERROR: Could not find hyperparameters for the kernel instance corresponding to the target (batch_size, a, b, c, d, preci"
group1,8,8,512,512,64,1,256,0.085489,0.064316,,"ERROR: Could not find hyperparameters for the kernel instance corresponding to the target (batch_size, a, b, c, d, preci"
group1,8,8,512,512,64,1,512,0.085911,0.064820,,"ERROR: Could not find hyperparameters for the kernel instance corresponding to the target (batch_size, a, b, c, d, preci"
group1,8,8,512,512,64,1,1024,0.086489,0.064481,,"ERROR: Could not find hyperparameters for the kernel instance corresponding to the target (batch_size, a, b, c, d, preci"
group1,8,8,512,512,64,1,2048,0.085678,0.064485,,"ERROR: Could not find hyperparameters for the kernel instance corresponding to the target (batch_size, a, b, c, d, preci"
group1,8,8,512,512,64,1,4096,0.086998,0.064645,,"ERROR: Could not find hyperparameters for the kernel instance corresponding to the target (batch_size, a, b, c, d, preci"
group1,8,8,1024,1024,1,128,2,0.085573,0.106059,,"ERROR: Could not find hyperparameters for the kernel instance corresponding to the target (batch_size, a, b, c, d, preci"
group1,8,8,1024,1024,1,128,4,0.086235,0.105965,,"ERROR: Could not find hyperparameters for the kernel instance corresponding to the target (batch_size, a, b, c, d, preci"
group1,8,8,1024,1024,1,128,8,0.086028,0.106187,,"ERROR: Could not find hyperparameters for the kernel instance corresponding to the target (batch_size, a, b, c, d, preci"
group1,8,8,1024,1024,1,128,16,0.086110,0.106461,,"ERROR: Could not find hyperparameters for the kernel instance corresponding to the target (batch_size, a, b, c, d, preci"
group1,8,8,1024,1024,1,128,32,0.086386,0.106010,,"ERROR: Could not find hyperparameters for the kernel instance corresponding to the target (batch_size, a, b, c, d, preci"
group1,8,8,1024,1024,1,128,64,0.085927,0.106407,,"ERROR: Could not find hyperparameters for the kernel instance corresponding to the target (batch_size, a, b, c, d, preci"
group1,8,8,1024,1024,1,128,128,0.086622,0.105967,,"ERROR: Could not find hyperparameters for the kernel instance corresponding to the target (batch_size, a, b, c, d, preci"
group1,8,8,1024,1024,1,128,256,0.086504,0.105771,,"ERROR: Could not find hyperparameters for the kernel instance corresponding to the target (batch_size, a, b, c, d, preci"
group1,8,8,1024,1024,1,128,512,0.086842,0.105932,,"ERROR: Could not find hyperparameters for the kernel instance corresponding to the target (batch_size, a, b, c, d, preci"
group1,8,8,1024,1024,1,128,1024,0.087541,0.105952,,"ERROR: Could not find hyperparameters for the kernel instance corresponding to the target (batch_size, a, b, c, d, preci"
group1,8,8,1024,1024,1,128,2048,0.087497,0.106805,,"ERROR: Could not find hyperparameters for the kernel instance corresponding to the target (batch_size, a, b, c, d, preci"
group1,8,8,1024,1024,1,128,4096,0.113980,0.107247,,"ERROR: Could not find hyperparameters for the kernel instance corresponding to the target (batch_size, a, b, c, d, preci"
group1,8,8,1024,1024,2,64,2,0.085625,0.101900,,"ERROR: Could not find hyperparameters for the kernel instance corresponding to the target (batch_size, a, b, c, d, preci"
group1,8,8,1024,1024,2,64,4,0.086321,0.102658,,"ERROR: Could not find hyperparameters for the kernel instance corresponding to the target (batch_size, a, b, c, d, preci"
group1,8,8,1024,1024,2,64,8,0.085928,0.102313,,"ERROR: Could not find hyperparameters for the kernel instance corresponding to the target (batch_size, a, b, c, d, preci"
group1,8,8,1024,1024,2,64,16,0.086611,0.102403,,"ERROR: Could not find hyperparameters for the kernel instance corresponding to the target (batch_size, a, b, c, d, preci"
group1,8,8,1024,1024,2,64,32,0.086815,0.103039,,"ERROR: Could not find hyperparameters for the kernel instance corresponding to the target (batch_size, a, b, c, d, preci"
group1,8,8,1024,1024,2,64,64,0.086317,0.102686,,"ERROR: Could not find hyperparameters for the kernel instance corresponding to the target (batch_size, a, b, c, d, preci"
group1,8,8,1024,1024,2,64,128,0.086325,0.103059,,"ERROR: Could not find hyperparameters for the kernel instance corresponding to the target (batch_size, a, b, c, d, preci"
group1,8,8,1024,1024,2,64,256,0.086829,0.103024,,"ERROR: Could not find hyperparameters for the kernel instance corresponding to the target (batch_size, a, b, c, d, preci"
group1,8,8,1024,1024,2,64,512,0.086897,0.102919,,"ERROR: Could not find hyperparameters for the kernel instance corresponding to the target (batch_size, a, b, c, d, preci"
group1,8,8,1024,1024,2,64,1024,0.087588,0.102178,,"ERROR: Could not find hyperparameters for the kernel instance corresponding to the target (batch_size, a, b, c, d, preci"
group1,8,8,1024,1024,2,64,2048,0.087683,0.103113,,"ERROR: Could not find hyperparameters for the kernel instance corresponding to the target (batch_size, a, b, c, d, preci"
group1,8,8,1024,1024,2,64,4096,0.114040,0.103447,,"ERROR: Could not find hyperparameters for the kernel instance corresponding to the target (batch_size, a, b, c, d, preci"
group1,8,8,1024,1024,4,32,2,0.085428,0.102504,,"ERROR: Could not find hyperparameters for the kernel instance corresponding to the target (batch_size, a, b, c, d, preci"
group1,8,8,1024,1024,4,32,4,0.086003,0.102890,,"ERROR: Could not find hyperparameters for the kernel instance corresponding to the target (batch_size, a, b, c, d, preci"
group1,8,8,1024,1024,4,32,8,0.086207,0.103309,,"ERROR: Could not find hyperparameters for the kernel instance corresponding to the target (batch_size, a, b, c, d, preci"
group1,8,8,1024,1024,4,32,16,0.086239,0.102966,,"ERROR: Could not find hyperparameters for the kernel instance corresponding to the target (batch_size, a, b, c, d, preci"
group1,8,8,1024,1024,4,32,32,0.086033,0.102683,,"ERROR: Could not find hyperparameters for the kernel instance corresponding to the target (batch_size, a, b, c, d, preci"
group1,8,8,1024,1024,4,32,64,0.085591,0.102646,,"ERROR: Could not find hyperparameters for the kernel instance corresponding to the target (batch_size, a, b, c, d, preci"
group1,8,8,1024,1024,4,32,128,0.085855,0.102848,,"ERROR: Could not find hyperparameters for the kernel instance corresponding to the target (batch_size, a, b, c, d, preci"
group1,8,8,1024,1024,4,32,256,0.086143,0.102919,,"ERROR: Could not find hyperparameters for the kernel instance corresponding to the target (batch_size, a, b, c, d, preci"
group1,8,8,1024,1024,4,32,512,0.086786,0.102669,,"ERROR: Could not find hyperparameters for the kernel instance corresponding to the target (batch_size, a, b, c, d, preci"
group1,8,8,1024,1024,4,32,1024,0.086778,0.102588,,"ERROR: Could not find hyperparameters for the kernel instance corresponding to the target (batch_size, a, b, c, d, preci"
group1,8,8,1024,1024,4,32,2048,0.087132,0.103813,,"ERROR: Could not find hyperparameters for the kernel instance corresponding to the target (batch_size, a, b, c, d, preci"
group1,8,8,1024,1024,4,32,4096,0.114025,0.103471,,"ERROR: Could not find hyperparameters for the kernel instance corresponding to the target (batch_size, a, b, c, d, preci"
group1,8,8,1024,1024,8,16,2,0.085575,0.102120,,"ERROR: Could not find hyperparameters for the kernel instance corresponding to the target (batch_size, a, b, c, d, preci"
group1,8,8,1024,1024,8,16,4,0.085893,0.102068,,"ERROR: Could not find hyperparameters for the kernel instance corresponding to the target (batch_size, a, b, c, d, preci"
group1,8,8,1024,1024,8,16,8,0.086047,0.102473,,"ERROR: Could not find hyperparameters for the kernel instance corresponding to the target (batch_size, a, b, c, d, preci"
group1,8,8,1024,1024,8,16,16,0.086072,0.102641,,"ERROR: Could not find hyperparameters for the kernel instance corresponding to the target (batch_size, a, b, c, d, preci"
group1,8,8,1024,1024,8,16,32,0.086196,0.102426,,"ERROR: Could not find hyperparameters for the kernel instance corresponding to the target (batch_size, a, b, c, d, preci"
group1,8,8,1024,1024,8,16,64,0.086115,0.103110,,"ERROR: Could not find hyperparameters for the kernel instance corresponding to the target (batch_size, a, b, c, d, preci"
group1,8,8,1024,1024,8,16,128,0.086018,0.102188,,"ERROR: Could not find hyperparameters for the kernel instance corresponding to the target (batch_size, a, b, c, d, preci"
group1,8,8,1024,1024,8,16,256,0.086228,0.102461,,"ERROR: Could not find hyperparameters for the kernel instance corresponding to the target (batch_size, a, b, c, d, preci"
group1,8,8,1024,1024,8,16,512,0.086650,0.102528,,"ERROR: Could not find hyperparameters for the kernel instance corresponding to the target (batch_size, a, b, c, d, preci"
group1,8,8,1024,1024,8,16,1024,0.087343,0.102564,,"ERROR: Could not find hyperparameters for the kernel instance corresponding to the target (batch_size, a, b, c, d, preci"
group1,8,8,1024,1024,8,16,2048,0.087458,0.103547,,"ERROR: Could not find hyperparameters for the kernel instance corresponding to the target (batch_size, a, b, c, d, preci"
group1,8,8,1024,1024,8,16,4096,0.114005,0.103500,,"ERROR: Could not find hyperparameters for the kernel instance corresponding to the target (batch_size, a, b, c, d, preci"
group1,8,8,1024,1024,16,8,2,0.085430,0.102304,,"ERROR: Could not find hyperparameters for the kernel instance corresponding to the target (batch_size, a, b, c, d, preci"
group1,8,8,1024,1024,16,8,4,0.085828,0.102094,,"ERROR: Could not find hyperparameters for the kernel instance corresponding to the target (batch_size, a, b, c, d, preci"
group1,8,8,1024,1024,16,8,8,0.085782,0.102339,,"ERROR: Could not find hyperparameters for the kernel instance corresponding to the target (batch_size, a, b, c, d, preci"
group1,8,8,1024,1024,16,8,16,0.085884,0.102847,,"ERROR: Could not find hyperparameters for the kernel instance corresponding to the target (batch_size, a, b, c, d, preci"
group1,8,8,1024,1024,16,8,32,0.085575,0.101861,,"ERROR: Could not find hyperparameters for the kernel instance corresponding to the target (batch_size, a, b, c, d, preci"
group1,8,8,1024,1024,16,8,64,0.086018,0.102672,,"ERROR: Could not find hyperparameters for the kernel instance corresponding to the target (batch_size, a, b, c, d, preci"
group1,8,8,1024,1024,16,8,128,0.085787,0.102369,,"ERROR: Could not find hyperparameters for the kernel instance corresponding to the target (batch_size, a, b, c, d, preci"
group1,8,8,1024,1024,16,8,256,0.086653,0.102384,,"ERROR: Could not find hyperparameters for the kernel instance corresponding to the target (batch_size, a, b, c, d, preci"
group1,8,8,1024,1024,16,8,512,0.087344,0.104357,,"ERROR: Could not find hyperparameters for the kernel instance corresponding to the target (batch_size, a, b, c, d, preci"
group1,8,8,1024,1024,16,8,1024,0.087308,0.102349,,"ERROR: Could not find hyperparameters for the kernel instance corresponding to the target (batch_size, a, b, c, d, preci"
group1,8,8,1024,1024,16,8,2048,0.087824,0.102916,,"ERROR: Could not find hyperparameters for the kernel instance corresponding to the target (batch_size, a, b, c, d, preci"
group1,8,8,1024,1024,16,8,4096,0.114053,0.103217,,"ERROR: Could not find hyperparameters for the kernel instance corresponding to the target (batch_size, a, b, c, d, preci"
group1,8,8,1024,1024,32,4,2,0.086007,0.101831,,"ERROR: Could not find hyperparameters for the kernel instance corresponding to the target (batch_size, a, b, c, d, preci"
group1,8,8,1024,1024,32,4,4,0.085950,0.101817,,"ERROR: Could not find hyperparameters for the kernel instance corresponding to the target (batch_size, a, b, c, d, preci"
group1,8,8,1024,1024,32,4,8,0.085896,0.101795,,"ERROR: Could not find hyperparameters for the kernel instance corresponding to the target (batch_size, a, b, c, d, preci"
group1,8,8,1024,1024,32,4,16,0.086263,0.102408,,"ERROR: Could not find hyperparameters for the kernel instance corresponding to the target (batch_size, a, b, c, d, preci"
group1,8,8,1024,1024,32,4,32,0.086088,0.102232,,"ERROR: Could not find hyperparameters for the kernel instance corresponding to the target (batch_size, a, b, c, d, preci"
group1,8,8,1024,1024,32,4,64,0.086418,0.102451,,"ERROR: Could not find hyperparameters for the kernel instance corresponding to the target (batch_size, a, b, c, d, preci"
group1,8,8,1024,1024,32,4,128,0.086437,0.102811,,"ERROR: Could not find hyperparameters for the kernel instance corresponding to the target (batch_size, a, b, c, d, preci"
group1,8,8,1024,1024,32,4,256,0.086668,0.102880,,"ERROR: Could not find hyperparameters for the kernel instance corresponding to the target (batch_size, a, b, c, d, preci"
group1,8,8,1024,1024,32,4,512,0.087275,0.103017,,"ERROR: Could not find hyperparameters for the kernel instance corresponding to the target (batch_size, a, b, c, d, preci"
group1,8,8,1024,1024,32,4,1024,0.086965,0.102441,,"ERROR: Could not find hyperparameters for the kernel instance corresponding to the target (batch_size, a, b, c, d, preci"
group1,8,8,1024,1024,32,4,2048,0.087535,0.103285,,"ERROR: Could not find hyperparameters for the kernel instance corresponding to the target (batch_size, a, b, c, d, preci"
group1,8,8,1024,1024,32,4,4096,0.114077,0.103228,,"ERROR: Could not find hyperparameters for the kernel instance corresponding to the target (batch_size, a, b, c, d, preci"
group1,8,8,1024,1024,64,2,2,0.085963,0.102183,,"ERROR: Could not find hyperparameters for the kernel instance corresponding to the target (batch_size, a, b, c, d, preci"
group1,8,8,1024,1024,64,2,4,0.086603,0.102140,,"ERROR: Could not find hyperparameters for the kernel instance corresponding to the target (batch_size, a, b, c, d, preci"
group1,8,8,1024,1024,64,2,8,0.085972,0.102327,,"ERROR: Could not find hyperparameters for the kernel instance corresponding to the target (batch_size, a, b, c, d, preci"
group1,8,8,1024,1024,64,2,16,0.086233,0.103129,,"ERROR: Could not find hyperparameters for the kernel instance corresponding to the target (batch_size, a, b, c, d, preci"
group1,8,8,1024,1024,64,2,32,0.086309,0.102115,,"ERROR: Could not find hyperparameters for the kernel instance corresponding to the target (batch_size, a, b, c, d, preci"
group1,8,8,1024,1024,64,2,64,0.086191,0.102809,,"ERROR: Could not find hyperparameters for the kernel instance corresponding to the target (batch_size, a, b, c, d, preci"
group1,8,8,1024,1024,64,2,128,0.086465,0.102670,,"ERROR: Could not find hyperparameters for the kernel instance corresponding to the target (batch_size, a, b, c, d, preci"
group1,8,8,1024,1024,64,2,256,0.086658,0.102971,,"ERROR: Could not find hyperparameters for the kernel instance corresponding to the target (batch_size, a, b, c, d, preci"
group1,8,8,1024,1024,64,2,512,0.087128,0.102837,,"ERROR: Could not find hyperparameters for the kernel instance corresponding to the target (batch_size, a, b, c, d, preci"
group1,8,8,1024,1024,64,2,1024,0.087104,0.102007,,"ERROR: Could not find hyperparameters for the kernel instance corresponding to the target (batch_size, a, b, c, d, preci"
group1,8,8,1024,1024,64,2,2048,0.087154,0.103718,,"ERROR: Could not find hyperparameters for the kernel instance corresponding to the target (batch_size, a, b, c, d, preci"
group1,8,8,1024,1024,64,2,4096,0.114076,0.103343,,"ERROR: Could not find hyperparameters for the kernel instance corresponding to the target (batch_size, a, b, c, d, preci"
group1,8,8,1024,1024,128,1,2,0.085520,0.064272,,"ERROR: Could not find hyperparameters for the kernel instance corresponding to the target (batch_size, a, b, c, d, preci"
group1,8,8,1024,1024,128,1,4,0.085579,0.064085,,"ERROR: Could not find hyperparameters for the kernel instance corresponding to the target (batch_size, a, b, c, d, preci"
group1,8,8,1024,1024,128,1,8,0.085633,0.064345,,"ERROR: Could not find hyperparameters for the kernel instance corresponding to the target (batch_size, a, b, c, d, preci"
group1,8,8,1024,1024,128,1,16,0.085610,0.064476,,"ERROR: Could not find hyperparameters for the kernel instance corresponding to the target (batch_size, a, b, c, d, preci"
group1,8,8,1024,1024,128,1,32,0.085989,0.064543,,"ERROR: Could not find hyperparameters for the kernel instance corresponding to the target (batch_size, a, b, c, d, preci"
group1,8,8,1024,1024,128,1,64,0.085597,0.064244,,"ERROR: Could not find hyperparameters for the kernel instance corresponding to the target (batch_size, a, b, c, d, preci"
group1,8,8,1024,1024,128,1,128,0.085925,0.064450,,"ERROR: Could not find hyperparameters for the kernel instance corresponding to the target (batch_size, a, b, c, d, preci"
group1,8,8,1024,1024,128,1,256,0.085493,0.064590,,"ERROR: Could not find hyperparameters for the kernel instance corresponding to the target (batch_size, a, b, c, d, preci"
group1,8,8,1024,1024,128,1,512,0.086745,0.064168,,"ERROR: Could not find hyperparameters for the kernel instance corresponding to the target (batch_size, a, b, c, d, preci"
group1,8,8,1024,1024,128,1,1024,0.086587,0.064566,,"ERROR: Could not find hyperparameters for the kernel instance corresponding to the target (batch_size, a, b, c, d, preci"
group1,8,8,1024,1024,128,1,2048,0.087444,0.064829,,"ERROR: Could not find hyperparameters for the kernel instance corresponding to the target (batch_size, a, b, c, d, preci"
group1,8,8,1024,1024,128,1,4096,0.113629,0.064724,,"ERROR: Could not find hyperparameters for the kernel instance corresponding to the target (batch_size, a, b, c, d, preci"
group1,8,8,2048,2048,1,256,2,0.086192,0.105706,,"ERROR: Could not find hyperparameters for the kernel instance corresponding to the target (batch_size, a, b, c, d, preci"
group1,8,8,2048,2048,1,256,4,0.086307,0.106272,,"ERROR: Could not find hyperparameters for the kernel instance corresponding to the target (batch_size, a, b, c, d, preci"
group1,8,8,2048,2048,1,256,8,0.086153,0.106587,,"ERROR: Could not find hyperparameters for the kernel instance corresponding to the target (batch_size, a, b, c, d, preci"
group1,8,8,2048,2048,1,256,16,0.085952,0.106249,,"ERROR: Could not find hyperparameters for the kernel instance corresponding to the target (batch_size, a, b, c, d, preci"
group1,8,8,2048,2048,1,256,32,0.086407,0.106337,,"ERROR: Could not find hyperparameters for the kernel instance corresponding to the target (batch_size, a, b, c, d, preci"
group1,8,8,2048,2048,1,256,64,0.085843,0.106068,,"ERROR: Could not find hyperparameters for the kernel instance corresponding to the target (batch_size, a, b, c, d, preci"
group1,8,8,2048,2048,1,256,128,0.086309,0.105977,,"ERROR: Could not find hyperparameters for the kernel instance corresponding to the target (batch_size, a, b, c, d, preci"
group1,8,8,2048,2048,1,256,256,0.085722,0.105191,,"ERROR: Could not find hyperparameters for the kernel instance corresponding to the target (batch_size, a, b, c, d, preci"
group1,8,8,2048,2048,1,256,512,0.087161,0.105748,,"ERROR: Could not find hyperparameters for the kernel instance corresponding to the target (batch_size, a, b, c, d, preci"
group1,8,8,2048,2048,1,256,1024,0.087441,0.106516,,"ERROR: Could not find hyperparameters for the kernel instance corresponding to the target (batch_size, a, b, c, d, preci"
group1,8,8,2048,2048,1,256,2048,0.114605,0.106720,,"ERROR: Could not find hyperparameters for the kernel instance corresponding to the target (batch_size, a, b, c, d, preci"
group1,8,8,2048,2048,1,256,4096,0.220750,0.144806,,"ERROR: Could not find hyperparameters for the kernel instance corresponding to the target (batch_size, a, b, c, d, preci"
group1,8,8,2048,2048,2,128,2,0.085522,0.101690,,"ERROR: Could not find hyperparameters for the kernel instance corresponding to the target (batch_size, a, b, c, d, preci"
group1,8,8,2048,2048,2,128,4,0.086236,0.102555,,"ERROR: Could not find hyperparameters for the kernel instance corresponding to the target (batch_size, a, b, c, d, preci"
group1,8,8,2048,2048,2,128,8,0.085740,0.102147,,"ERROR: Could not find hyperparameters for the kernel instance corresponding to the target (batch_size, a, b, c, d, preci"
group1,8,8,2048,2048,2,128,16,0.086290,0.101720,,"ERROR: Could not find hyperparameters for the kernel instance corresponding to the target (batch_size, a, b, c, d, preci"
group1,8,8,2048,2048,2,128,32,0.086119,0.101863,,"ERROR: Could not find hyperparameters for the kernel instance corresponding to the target (batch_size, a, b, c, d, preci"
group1,8,8,2048,2048,2,128,64,0.086331,0.101942,,"ERROR: Could not find hyperparameters for the kernel instance corresponding to the target (batch_size, a, b, c, d, preci"
group1,8,8,2048,2048,2,128,128,0.086561,0.101883,,"ERROR: Could not find hyperparameters for the kernel instance corresponding to the target (batch_size, a, b, c, d, preci"
group1,8,8,2048,2048,2,128,256,0.085827,0.101649,,"ERROR: Could not find hyperparameters for the kernel instance corresponding to the target (batch_size, a, b, c, d, preci"
group1,8,8,2048,2048,2,128,512,0.087165,0.102165,,"ERROR: Could not find hyperparameters for the kernel instance corresponding to the target (batch_size, a, b, c, d, preci"
group1,8,8,2048,2048,2,128,1024,0.087856,0.103430,,"ERROR: Could not find hyperparameters for the kernel instance corresponding to the target (batch_size, a, b, c, d, preci"
group1,8,8,2048,2048,2,128,2048,0.114611,0.103288,,"ERROR: Could not find hyperparameters for the kernel instance corresponding to the target (batch_size, a, b, c, d, preci"
group1,8,8,2048,2048,2,128,4096,0.220680,0.141421,,"ERROR: Could not find hyperparameters for the kernel instance corresponding to the target (batch_size, a, b, c, d, preci"
group1,8,8,2048,2048,4,64,2,0.085912,0.101789,,"ERROR: Could not find hyperparameters for the kernel instance corresponding to the target (batch_size, a, b, c, d, preci"
group1,8,8,2048,2048,4,64,4,0.085541,0.102437,,"ERROR: Could not find hyperparameters for the kernel instance corresponding to the target (batch_size, a, b, c, d, preci"
group1,8,8,2048,2048,4,64,8,0.085871,0.102620,,"ERROR: Could not find hyperparameters for the kernel instance corresponding to the target (batch_size, a, b, c, d, preci"
group1,8,8,2048,2048,4,64,16,0.085936,0.102114,,"ERROR: Could not find hyperparameters for the kernel instance corresponding to the target (batch_size, a, b, c, d, preci"
group1,8,8,2048,2048,4,64,32,0.086137,0.102461,,"ERROR: Could not find hyperparameters for the kernel instance corresponding to the target (batch_size, a, b, c, d, preci"
group1,8,8,2048,2048,4,64,64,0.085585,0.102349,,"ERROR: Could not find hyperparameters for the kernel instance corresponding to the target (batch_size, a, b, c, d, preci"
group1,8,8,2048,2048,4,64,128,0.085880,0.102723,,"ERROR: Could not find hyperparameters for the kernel instance corresponding to the target (batch_size, a, b, c, d, preci"
group1,8,8,2048,2048,4,64,256,0.086271,0.102396,,"ERROR: Could not find hyperparameters for the kernel instance corresponding to the target (batch_size, a, b, c, d, preci"
group1,8,8,2048,2048,4,64,512,0.086363,0.102426,,"ERROR: Could not find hyperparameters for the kernel instance corresponding to the target (batch_size, a, b, c, d, preci"
group1,8,8,2048,2048,4,64,1024,0.086552,0.103254,,"ERROR: Could not find hyperparameters for the kernel instance corresponding to the target (batch_size, a, b, c, d, preci"
group1,8,8,2048,2048,4,64,2048,0.114660,0.103307,,"ERROR: Could not find hyperparameters for the kernel instance corresponding to the target (batch_size, a, b, c, d, preci"
group1,8,8,2048,2048,4,64,4096,0.220771,0.140642,,"ERROR: Could not find hyperparameters for the kernel instance corresponding to the target (batch_size, a, b, c, d, preci"
group1,8,8,2048,2048,8,32,2,0.085109,0.101889,,"ERROR: Could not find hyperparameters for the kernel instance corresponding to the target (batch_size, a, b, c, d, preci"
group1,8,8,2048,2048,8,32,4,0.085836,0.102043,,"ERROR: Could not find hyperparameters for the kernel instance corresponding to the target (batch_size, a, b, c, d, preci"
group1,8,8,2048,2048,8,32,8,0.085729,0.101955,,"ERROR: Could not find hyperparameters for the kernel instance corresponding to the target (batch_size, a, b, c, d, preci"
group1,8,8,2048,2048,8,32,16,0.086025,0.102839,,"ERROR: Could not find hyperparameters for the kernel instance corresponding to the target (batch_size, a, b, c, d, preci"
group1,8,8,2048,2048,8,32,32,0.085869,0.102577,,"ERROR: Could not find hyperparameters for the kernel instance corresponding to the target (batch_size, a, b, c, d, preci"
group1,8,8,2048,2048,8,32,64,0.085739,0.102334,,"ERROR: Could not find hyperparameters for the kernel instance corresponding to the target (batch_size, a, b, c, d, preci"
group1,8,8,2048,2048,8,32,128,0.085706,0.102230,,"ERROR: Could not find hyperparameters for the kernel instance corresponding to the target (batch_size, a, b, c, d, preci"
group1,8,8,2048,2048,8,32,256,0.085801,0.102374,,"ERROR: Could not find hyperparameters for the kernel instance corresponding to the target (batch_size, a, b, c, d, preci"
group1,8,8,2048,2048,8,32,512,0.086680,0.102436,,"ERROR: Could not find hyperparameters for the kernel instance corresponding to the target (batch_size, a, b, c, d, preci"
group1,8,8,2048,2048,8,32,1024,0.087199,0.103380,,"ERROR: Could not find hyperparameters for the kernel instance corresponding to the target (batch_size, a, b, c, d, preci"
group1,8,8,2048,2048,8,32,2048,0.114700,0.103197,,"ERROR: Could not find hyperparameters for the kernel instance corresponding to the target (batch_size, a, b, c, d, preci"
group1,8,8,2048,2048,8,32,4096,0.220623,0.140948,,"ERROR: Could not find hyperparameters for the kernel instance corresponding to the target (batch_size, a, b, c, d, preci"
group1,8,8,2048,2048,16,16,2,0.085034,0.102023,,"ERROR: Could not find hyperparameters for the kernel instance corresponding to the target (batch_size, a, b, c, d, preci"
group1,8,8,2048,2048,16,16,4,0.085549,0.102931,,"ERROR: Could not find hyperparameters for the kernel instance corresponding to the target (batch_size, a, b, c, d, preci"
group1,8,8,2048,2048,16,16,8,0.085753,0.102434,,"ERROR: Could not find hyperparameters for the kernel instance corresponding to the target (batch_size, a, b, c, d, preci"
group1,8,8,2048,2048,16,16,16,0.086172,0.102059,,"ERROR: Could not find hyperparameters for the kernel instance corresponding to the target (batch_size, a, b, c, d, preci"
group1,8,8,2048,2048,16,16,32,0.086039,0.102292,,"ERROR: Could not find hyperparameters for the kernel instance corresponding to the target (batch_size, a, b, c, d, preci"
group1,8,8,2048,2048,16,16,64,0.085383,0.102846,,"ERROR: Could not find hyperparameters for the kernel instance corresponding to the target (batch_size, a, b, c, d, preci"
group1,8,8,2048,2048,16,16,128,0.085302,0.102492,,"ERROR: Could not find hyperparameters for the kernel instance corresponding to the target (batch_size, a, b, c, d, preci"
group1,8,8,2048,2048,16,16,256,0.086713,0.102415,,"ERROR: Could not find hyperparameters for the kernel instance corresponding to the target (batch_size, a, b, c, d, preci"
group1,8,8,2048,2048,16,16,512,0.086704,0.102541,,"ERROR: Could not find hyperparameters for the kernel instance corresponding to the target (batch_size, a, b, c, d, preci"
group1,8,8,2048,2048,16,16,1024,0.087143,0.103353,,"ERROR: Could not find hyperparameters for the kernel instance corresponding to the target (batch_size, a, b, c, d, preci"
group1,8,8,2048,2048,16,16,2048,0.114816,0.103901,,"ERROR: Could not find hyperparameters for the kernel instance corresponding to the target (batch_size, a, b, c, d, preci"
group1,8,8,2048,2048,16,16,4096,0.221049,0.150148,,"ERROR: Could not find hyperparameters for the kernel instance corresponding to the target (batch_size, a, b, c, d, preci"
group1,8,8,2048,2048,32,8,2,0.085515,0.101646,,"ERROR: Could not find hyperparameters for the kernel instance corresponding to the target (batch_size, a, b, c, d, preci"
group1,8,8,2048,2048,32,8,4,0.085596,0.102686,,"ERROR: Could not find hyperparameters for the kernel instance corresponding to the target (batch_size, a, b, c, d, preci"
group1,8,8,2048,2048,32,8,8,0.085610,0.101420,,"ERROR: Could not find hyperparameters for the kernel instance corresponding to the target (batch_size, a, b, c, d, preci"
group1,8,8,2048,2048,32,8,16,0.085870,0.102036,,"ERROR: Could not find hyperparameters for the kernel instance corresponding to the target (batch_size, a, b, c, d, preci"
group1,8,8,2048,2048,32,8,32,0.086161,0.102297,,"ERROR: Could not find hyperparameters for the kernel instance corresponding to the target (batch_size, a, b, c, d, preci"
group1,8,8,2048,2048,32,8,64,0.086176,0.102624,,"ERROR: Could not find hyperparameters for the kernel instance corresponding to the target (batch_size, a, b, c, d, preci"
group1,8,8,2048,2048,32,8,128,0.086888,0.102745,,"ERROR: Could not find hyperparameters for the kernel instance corresponding to the target (batch_size, a, b, c, d, preci"
group1,8,8,2048,2048,32,8,256,0.086867,0.102484,,"ERROR: Could not find hyperparameters for the kernel instance corresponding to the target (batch_size, a, b, c, d, preci"
group1,8,8,2048,2048,32,8,512,0.087369,0.102143,,"ERROR: Could not find hyperparameters for the kernel instance corresponding to the target (batch_size, a, b, c, d, preci"
group1,8,8,2048,2048,32,8,1024,0.087634,0.103502,,"ERROR: Could not find hyperparameters for the kernel instance corresponding to the target (batch_size, a, b, c, d, preci"
group1,8,8,2048,2048,32,8,2048,0.114776,0.103363,,"ERROR: Could not find hyperparameters for the kernel instance corresponding to the target (batch_size, a, b, c, d, preci"
group1,8,8,2048,2048,32,8,4096,0.220666,0.150956,,"ERROR: Could not find hyperparameters for the kernel instance corresponding to the target (batch_size, a, b, c, d, preci"
group1,8,8,2048,2048,64,4,2,0.085500,0.101990,,"ERROR: Could not find hyperparameters for the kernel instance corresponding to the target (batch_size, a, b, c, d, preci"
group1,8,8,2048,2048,64,4,4,0.085829,0.102671,,"ERROR: Could not find hyperparameters for the kernel instance corresponding to the target (batch_size, a, b, c, d, preci"
group1,8,8,2048,2048,64,4,8,0.087141,0.102441,,"ERROR: Could not find hyperparameters for the kernel instance corresponding to the target (batch_size, a, b, c, d, preci"
group1,8,8,2048,2048,64,4,16,0.085993,0.103198,,"ERROR: Could not find hyperparameters for the kernel instance corresponding to the target (batch_size, a, b, c, d, preci"
group1,8,8,2048,2048,64,4,32,0.086288,0.102928,,"ERROR: Could not find hyperparameters for the kernel instance corresponding to the target (batch_size, a, b, c, d, preci"
group1,8,8,2048,2048,64,4,64,0.086236,0.102650,,"ERROR: Could not find hyperparameters for the kernel instance corresponding to the target (batch_size, a, b, c, d, preci"
group1,8,8,2048,2048,64,4,128,0.085940,0.102151,,"ERROR: Could not find hyperparameters for the kernel instance corresponding to the target (batch_size, a, b, c, d, preci"
group1,8,8,2048,2048,64,4,256,0.085839,0.102555,,"ERROR: Could not find hyperparameters for the kernel instance corresponding to the target (batch_size, a, b, c, d, preci"
group1,8,8,2048,2048,64,4,512,0.086720,0.102253,,"ERROR: Could not find hyperparameters for the kernel instance corresponding to the target (batch_size, a, b, c, d, preci"
group1,8,8,2048,2048,64,4,1024,0.087300,0.103054,,"ERROR: Could not find hyperparameters for the kernel instance corresponding to the target (batch_size, a, b, c, d, preci"
group1,8,8,2048,2048,64,4,2048,0.114694,0.103270,,"ERROR: Could not find hyperparameters for the kernel instance corresponding to the target (batch_size, a, b, c, d, preci"
group1,8,8,2048,2048,64,4,4096,0.221050,0.152444,,"ERROR: Could not find hyperparameters for the kernel instance corresponding to the target (batch_size, a, b, c, d, preci"
group1,8,8,2048,2048,128,2,2,0.085832,0.102168,,"ERROR: Could not find hyperparameters for the kernel instance corresponding to the target (batch_size, a, b, c, d, preci"
group1,8,8,2048,2048,128,2,4,0.086359,0.103042,,"ERROR: Could not find hyperparameters for the kernel instance corresponding to the target (batch_size, a, b, c, d, preci"
group1,8,8,2048,2048,128,2,8,0.086348,0.102451,,"ERROR: Could not find hyperparameters for the kernel instance corresponding to the target (batch_size, a, b, c, d, preci"
group1,8,8,2048,2048,128,2,16,0.086199,0.102086,,"ERROR: Could not find hyperparameters for the kernel instance corresponding to the target (batch_size, a, b, c, d, preci"
group1,8,8,2048,2048,128,2,32,0.085919,0.101941,,"ERROR: Could not find hyperparameters for the kernel instance corresponding to the target (batch_size, a, b, c, d, preci"
group1,8,8,2048,2048,128,2,64,0.086226,0.102603,,"ERROR: Could not find hyperparameters for the kernel instance corresponding to the target (batch_size, a, b, c, d, preci"
group1,8,8,2048,2048,128,2,128,0.085640,0.102281,,"ERROR: Could not find hyperparameters for the kernel instance corresponding to the target (batch_size, a, b, c, d, preci"
group1,8,8,2048,2048,128,2,256,0.086561,0.102777,,"ERROR: Could not find hyperparameters for the kernel instance corresponding to the target (batch_size, a, b, c, d, preci"
group1,8,8,2048,2048,128,2,512,0.087174,0.102313,,"ERROR: Could not find hyperparameters for the kernel instance corresponding to the target (batch_size, a, b, c, d, preci"
group1,8,8,2048,2048,128,2,1024,0.087163,0.103455,,"ERROR: Could not find hyperparameters for the kernel instance corresponding to the target (batch_size, a, b, c, d, preci"
group1,8,8,2048,2048,128,2,2048,0.114642,0.103416,,"ERROR: Could not find hyperparameters for the kernel instance corresponding to the target (batch_size, a, b, c, d, preci"
group1,8,8,2048,2048,128,2,4096,0.221128,0.152554,,"ERROR: Could not find hyperparameters for the kernel instance corresponding to the target (batch_size, a, b, c, d, preci"
group1,8,8,2048,2048,256,1,2,0.085432,0.064033,,"ERROR: Could not find hyperparameters for the kernel instance corresponding to the target (batch_size, a, b, c, d, preci"
group1,8,8,2048,2048,256,1,4,0.085947,0.064176,,"ERROR: Could not find hyperparameters for the kernel instance corresponding to the target (batch_size, a, b, c, d, preci"
group1,8,8,2048,2048,256,1,8,0.086326,0.064296,,"ERROR: Could not find hyperparameters for the kernel instance corresponding to the target (batch_size, a, b, c, d, preci"
group1,8,8,2048,2048,256,1,16,0.086348,0.064323,,"ERROR: Could not find hyperparameters for the kernel instance corresponding to the target (batch_size, a, b, c, d, preci"
group1,8,8,2048,2048,256,1,32,0.085896,0.064083,,"ERROR: Could not find hyperparameters for the kernel instance corresponding to the target (batch_size, a, b, c, d, preci"
group1,8,8,2048,2048,256,1,64,0.086479,0.064444,,"ERROR: Could not find hyperparameters for the kernel instance corresponding to the target (batch_size, a, b, c, d, preci"
group1,8,8,2048,2048,256,1,128,0.085989,0.064264,,"ERROR: Could not find hyperparameters for the kernel instance corresponding to the target (batch_size, a, b, c, d, preci"
group1,8,8,2048,2048,256,1,256,0.086008,0.063803,,"ERROR: Could not find hyperparameters for the kernel instance corresponding to the target (batch_size, a, b, c, d, preci"
group1,8,8,2048,2048,256,1,512,0.086354,0.064570,,"ERROR: Could not find hyperparameters for the kernel instance corresponding to the target (batch_size, a, b, c, d, preci"
group1,8,8,2048,2048,256,1,1024,0.087607,0.064349,,"ERROR: Could not find hyperparameters for the kernel instance corresponding to the target (batch_size, a, b, c, d, preci"
group1,8,8,2048,2048,256,1,2048,0.114256,0.064758,,"ERROR: Could not find hyperparameters for the kernel instance corresponding to the target (batch_size, a, b, c, d, preci"
group1,8,8,2048,2048,256,1,4096,0.220930,0.071457,,"ERROR: Could not find hyperparameters for the kernel instance corresponding to the target (batch_size, a, b, c, d, preci"
group1,8,8,4096,4096,1,512,2,0.085917,0.105860,,"ERROR: Could not find hyperparameters for the kernel instance corresponding to the target (batch_size, a, b, c, d, preci"
group1,8,8,4096,4096,1,512,4,0.086084,0.105975,,"ERROR: Could not find hyperparameters for the kernel instance corresponding to the target (batch_size, a, b, c, d, preci"
group1,8,8,4096,4096,1,512,8,0.086190,0.106644,,"ERROR: Could not find hyperparameters for the kernel instance corresponding to the target (batch_size, a, b, c, d, preci"
group1,8,8,4096,4096,1,512,16,0.086560,0.106375,,"ERROR: Could not find hyperparameters for the kernel instance corresponding to the target (batch_size, a, b, c, d, preci"
group1,8,8,4096,4096,1,512,32,0.086222,0.105962,,"ERROR: Could not find hyperparameters for the kernel instance corresponding to the target (batch_size, a, b, c, d, preci"
group1,8,8,4096,4096,1,512,64,0.086334,0.106488,,"ERROR: Could not find hyperparameters for the kernel instance corresponding to the target (batch_size, a, b, c, d, preci"
group1,8,8,4096,4096,1,512,128,0.085952,0.106013,,"ERROR: Could not find hyperparameters for the kernel instance corresponding to the target (batch_size, a, b, c, d, preci"
group1,8,8,4096,4096,1,512,256,0.087141,0.106118,,"ERROR: Could not find hyperparameters for the kernel instance corresponding to the target (batch_size, a, b, c, d, preci"
group1,8,8,4096,4096,1,512,512,0.087063,0.107280,,"ERROR: Could not find hyperparameters for the kernel instance corresponding to the target (batch_size, a, b, c, d, preci"
group1,8,8,4096,4096,1,512,1024,0.115074,0.107957,,"ERROR: Could not find hyperparameters for the kernel instance corresponding to the target (batch_size, a, b, c, d, preci"
group1,8,8,4096,4096,1,512,2048,0.222331,0.152534,,"ERROR: Could not find hyperparameters for the kernel instance corresponding to the target (batch_size, a, b, c, d, preci"
group1,8,8,4096,4096,1,512,4096,0.434716,0.292193,,"ERROR: Could not find hyperparameters for the kernel instance corresponding to the target (batch_size, a, b, c, d, preci"
group1,8,8,4096,4096,2,256,2,0.085547,0.102505,,"ERROR: Could not find hyperparameters for the kernel instance corresponding to the target (batch_size, a, b, c, d, preci"
group1,8,8,4096,4096,2,256,4,0.086120,0.102629,,"ERROR: Could not find hyperparameters for the kernel instance corresponding to the target (batch_size, a, b, c, d, preci"
group1,8,8,4096,4096,2,256,8,0.085841,0.102657,,"ERROR: Could not find hyperparameters for the kernel instance corresponding to the target (batch_size, a, b, c, d, preci"
group1,8,8,4096,4096,2,256,16,0.086009,0.102468,,"ERROR: Could not find hyperparameters for the kernel instance corresponding to the target (batch_size, a, b, c, d, preci"
group1,8,8,4096,4096,2,256,32,0.086241,0.102369,,"ERROR: Could not find hyperparameters for the kernel instance corresponding to the target (batch_size, a, b, c, d, preci"
group1,8,8,4096,4096,2,256,64,0.085901,0.102452,,"ERROR: Could not find hyperparameters for the kernel instance corresponding to the target (batch_size, a, b, c, d, preci"
group1,8,8,4096,4096,2,256,128,0.085673,0.101757,,"ERROR: Could not find hyperparameters for the kernel instance corresponding to the target (batch_size, a, b, c, d, preci"
group1,8,8,4096,4096,2,256,256,0.086068,0.101912,,"ERROR: Could not find hyperparameters for the kernel instance corresponding to the target (batch_size, a, b, c, d, preci"
group1,8,8,4096,4096,2,256,512,0.087272,0.103225,,"ERROR: Could not find hyperparameters for the kernel instance corresponding to the target (batch_size, a, b, c, d, preci"
group1,8,8,4096,4096,2,256,1024,0.115120,0.103731,,"ERROR: Could not find hyperparameters for the kernel instance corresponding to the target (batch_size, a, b, c, d, preci"
group1,8,8,4096,4096,2,256,2048,0.222600,0.144771,,"ERROR: Could not find hyperparameters for the kernel instance corresponding to the target (batch_size, a, b, c, d, preci"
group1,8,8,4096,4096,2,256,4096,0.434733,0.276283,,"ERROR: Could not find hyperparameters for the kernel instance corresponding to the target (batch_size, a, b, c, d, preci"
group1,8,8,4096,4096,4,128,2,0.085544,0.102105,,"ERROR: Could not find hyperparameters for the kernel instance corresponding to the target (batch_size, a, b, c, d, preci"
group1,8,8,4096,4096,4,128,4,0.086151,0.102780,,"ERROR: Could not find hyperparameters for the kernel instance corresponding to the target (batch_size, a, b, c, d, preci"
group1,8,8,4096,4096,4,128,8,0.086536,0.102664,,"ERROR: Could not find hyperparameters for the kernel instance corresponding to the target (batch_size, a, b, c, d, preci"
group1,8,8,4096,4096,4,128,16,0.086343,0.102381,,"ERROR: Could not find hyperparameters for the kernel instance corresponding to the target (batch_size, a, b, c, d, preci"
group1,8,8,4096,4096,4,128,32,0.085986,0.102496,,"ERROR: Could not find hyperparameters for the kernel instance corresponding to the target (batch_size, a, b, c, d, preci"
group1,8,8,4096,4096,4,128,64,0.086511,0.102909,,"ERROR: Could not find hyperparameters for the kernel instance corresponding to the target (batch_size, a, b, c, d, preci"
group1,8,8,4096,4096,4,128,128,0.086299,0.102553,,"ERROR: Could not find hyperparameters for the kernel instance corresponding to the target (batch_size, a, b, c, d, preci"
group1,8,8,4096,4096,4,128,256,0.086706,0.102166,,"ERROR: Could not find hyperparameters for the kernel instance corresponding to the target (batch_size, a, b, c, d, preci"
group1,8,8,4096,4096,4,128,512,0.087270,0.103752,,"ERROR: Could not find hyperparameters for the kernel instance corresponding to the target (batch_size, a, b, c, d, preci"
group1,8,8,4096,4096,4,128,1024,0.115126,0.103821,,"ERROR: Could not find hyperparameters for the kernel instance corresponding to the target (batch_size, a, b, c, d, preci"
group1,8,8,4096,4096,4,128,2048,0.222419,0.141455,,"ERROR: Could not find hyperparameters for the kernel instance corresponding to the target (batch_size, a, b, c, d, preci"
group1,8,8,4096,4096,4,128,4096,0.434541,0.269121,,"ERROR: Could not find hyperparameters for the kernel instance corresponding to the target (batch_size, a, b, c, d, preci"
group1,8,8,4096,4096,8,64,2,0.085564,0.102066,,"ERROR: Could not find hyperparameters for the kernel instance corresponding to the target (batch_size, a, b, c, d, preci"
group1,8,8,4096,4096,8,64,4,0.086058,0.102732,,"ERROR: Could not find hyperparameters for the kernel instance corresponding to the target (batch_size, a, b, c, d, preci"
group1,8,8,4096,4096,8,64,8,0.085649,0.102226,,"ERROR: Could not find hyperparameters for the kernel instance corresponding to the target (batch_size, a, b, c, d, preci"
group1,8,8,4096,4096,8,64,16,0.086343,0.102397,,"ERROR: Could not find hyperparameters for the kernel instance corresponding to the target (batch_size, a, b, c, d, preci"
group1,8,8,4096,4096,8,64,32,0.087013,0.102937,,"ERROR: Could not find hyperparameters for the kernel instance corresponding to the target (batch_size, a, b, c, d, preci"
group1,8,8,4096,4096,8,64,64,0.086516,0.103117,,"ERROR: Could not find hyperparameters for the kernel instance corresponding to the target (batch_size, a, b, c, d, preci"
group1,8,8,4096,4096,8,64,128,0.086667,0.102859,,"ERROR: Could not find hyperparameters for the kernel instance corresponding to the target (batch_size, a, b, c, d, preci"
group1,8,8,4096,4096,8,64,256,0.086568,0.102609,,"ERROR: Could not find hyperparameters for the kernel instance corresponding to the target (batch_size, a, b, c, d, preci"
group1,8,8,4096,4096,8,64,512,0.087125,0.103921,,"ERROR: Could not find hyperparameters for the kernel instance corresponding to the target (batch_size, a, b, c, d, preci"
group1,8,8,4096,4096,8,64,1024,0.115309,0.104033,,"ERROR: Could not find hyperparameters for the kernel instance corresponding to the target (batch_size, a, b, c, d, preci"
group1,8,8,4096,4096,8,64,2048,0.222652,0.140445,,"ERROR: Could not find hyperparameters for the kernel instance corresponding to the target (batch_size, a, b, c, d, preci"
group1,8,8,4096,4096,8,64,4096,0.434752,0.267873,,"ERROR: Could not find hyperparameters for the kernel instance corresponding to the target (batch_size, a, b, c, d, preci"
group1,8,8,4096,4096,16,32,2,0.085232,0.102683,,"ERROR: Could not find hyperparameters for the kernel instance corresponding to the target (batch_size, a, b, c, d, preci"
group1,8,8,4096,4096,16,32,4,0.085373,0.102409,,"ERROR: Could not find hyperparameters for the kernel instance corresponding to the target (batch_size, a, b, c, d, preci"
group1,8,8,4096,4096,16,32,8,0.085548,0.102545,,"ERROR: Could not find hyperparameters for the kernel instance corresponding to the target (batch_size, a, b, c, d, preci"
group1,8,8,4096,4096,16,32,16,0.086211,0.102657,,"ERROR: Could not find hyperparameters for the kernel instance corresponding to the target (batch_size, a, b, c, d, preci"
group1,8,8,4096,4096,16,32,32,0.086577,0.102874,,"ERROR: Could not find hyperparameters for the kernel instance corresponding to the target (batch_size, a, b, c, d, preci"
group1,8,8,4096,4096,16,32,64,0.086449,0.102517,,"ERROR: Could not find hyperparameters for the kernel instance corresponding to the target (batch_size, a, b, c, d, preci"
group1,8,8,4096,4096,16,32,128,0.086964,0.102794,,"ERROR: Could not find hyperparameters for the kernel instance corresponding to the target (batch_size, a, b, c, d, preci"
group1,8,8,4096,4096,16,32,256,0.087000,0.102133,,"ERROR: Could not find hyperparameters for the kernel instance corresponding to the target (batch_size, a, b, c, d, preci"
group1,8,8,4096,4096,16,32,512,0.087784,0.103771,,"ERROR: Could not find hyperparameters for the kernel instance corresponding to the target (batch_size, a, b, c, d, preci"
group1,8,8,4096,4096,16,32,1024,0.115072,0.103592,,"ERROR: Could not find hyperparameters for the kernel instance corresponding to the target (batch_size, a, b, c, d, preci"
group1,8,8,4096,4096,16,32,2048,0.222659,0.140737,,"ERROR: Could not find hyperparameters for the kernel instance corresponding to the target (batch_size, a, b, c, d, preci"
group1,8,8,4096,4096,16,32,4096,0.434780,0.269207,,"ERROR: Could not find hyperparameters for the kernel instance corresponding to the target (batch_size, a, b, c, d, preci"
group1,8,8,4096,4096,32,16,2,0.086061,0.102611,,"ERROR: Could not find hyperparameters for the kernel instance corresponding to the target (batch_size, a, b, c, d, preci"
group1,8,8,4096,4096,32,16,4,0.086237,0.102886,,"ERROR: Could not find hyperparameters for the kernel instance corresponding to the target (batch_size, a, b, c, d, preci"
group1,8,8,4096,4096,32,16,8,0.086019,0.102416,,"ERROR: Could not find hyperparameters for the kernel instance corresponding to the target (batch_size, a, b, c, d, preci"
group1,8,8,4096,4096,32,16,16,0.085880,0.102330,,"ERROR: Could not find hyperparameters for the kernel instance corresponding to the target (batch_size, a, b, c, d, preci"
group1,8,8,4096,4096,32,16,32,0.086249,0.102332,,"ERROR: Could not find hyperparameters for the kernel instance corresponding to the target (batch_size, a, b, c, d, preci"
group1,8,8,4096,4096,32,16,64,0.086298,0.102586,,"ERROR: Could not find hyperparameters for the kernel instance corresponding to the target (batch_size, a, b, c, d, preci"
group1,8,8,4096,4096,32,16,128,0.086088,0.102414,,"ERROR: Could not find hyperparameters for the kernel instance corresponding to the target (batch_size, a, b, c, d, preci"
group1,8,8,4096,4096,32,16,256,0.086344,0.101787,,"ERROR: Could not find hyperparameters for the kernel instance corresponding to the target (batch_size, a, b, c, d, preci"
group1,8,8,4096,4096,32,16,512,0.087214,0.103373,,"ERROR: Could not find hyperparameters for the kernel instance corresponding to the target (batch_size, a, b, c, d, preci"
group1,8,8,4096,4096,32,16,1024,0.115361,0.103495,,"ERROR: Could not find hyperparameters for the kernel instance corresponding to the target (batch_size, a, b, c, d, preci"
group1,8,8,4096,4096,32,16,2048,0.222647,0.150302,,"ERROR: Could not find hyperparameters for the kernel instance corresponding to the target (batch_size, a, b, c, d, preci"
group1,8,8,4096,4096,32,16,4096,0.434592,0.289523,,"ERROR: Could not find hyperparameters for the kernel instance corresponding to the target (batch_size, a, b, c, d, preci"
group1,8,8,4096,4096,64,8,2,0.085749,0.102572,,"ERROR: Could not find hyperparameters for the kernel instance corresponding to the target (batch_size, a, b, c, d, preci"
group1,8,8,4096,4096,64,8,4,0.086270,0.102844,,"ERROR: Could not find hyperparameters for the kernel instance corresponding to the target (batch_size, a, b, c, d, preci"
group1,8,8,4096,4096,64,8,8,0.086419,0.102829,,"ERROR: Could not find hyperparameters for the kernel instance corresponding to the target (batch_size, a, b, c, d, preci"
group1,8,8,4096,4096,64,8,16,0.086263,0.102902,,"ERROR: Could not find hyperparameters for the kernel instance corresponding to the target (batch_size, a, b, c, d, preci"
group1,8,8,4096,4096,64,8,32,0.086567,0.103155,,"ERROR: Could not find hyperparameters for the kernel instance corresponding to the target (batch_size, a, b, c, d, preci"
group1,8,8,4096,4096,64,8,64,0.087195,0.103067,,"ERROR: Could not find hyperparameters for the kernel instance corresponding to the target (batch_size, a, b, c, d, preci"
group1,8,8,4096,4096,64,8,128,0.086640,0.103169,,"ERROR: Could not find hyperparameters for the kernel instance corresponding to the target (batch_size, a, b, c, d, preci"
group1,8,8,4096,4096,64,8,256,0.087119,0.102607,,"ERROR: Could not find hyperparameters for the kernel instance corresponding to the target (batch_size, a, b, c, d, preci"
group1,8,8,4096,4096,64,8,512,0.087702,0.103425,,"ERROR: Could not find hyperparameters for the kernel instance corresponding to the target (batch_size, a, b, c, d, preci"
group1,8,8,4096,4096,64,8,1024,0.115170,0.103756,,"ERROR: Could not find hyperparameters for the kernel instance corresponding to the target (batch_size, a, b, c, d, preci"
group1,8,8,4096,4096,64,8,2048,0.222660,0.151232,,"ERROR: Could not find hyperparameters for the kernel instance corresponding to the target (batch_size, a, b, c, d, preci"
group1,8,8,4096,4096,64,8,4096,0.434668,0.291068,,"ERROR: Could not find hyperparameters for the kernel instance corresponding to the target (batch_size, a, b, c, d, preci"
group1,8,8,4096,4096,128,4,2,0.085941,0.102639,,"ERROR: Could not find hyperparameters for the kernel instance corresponding to the target (batch_size, a, b, c, d, preci"
group1,8,8,4096,4096,128,4,4,0.086628,0.103192,,"ERROR: Could not find hyperparameters for the kernel instance corresponding to the target (batch_size, a, b, c, d, preci"
group1,8,8,4096,4096,128,4,8,0.086414,0.102711,,"ERROR: Could not find hyperparameters for the kernel instance corresponding to the target (batch_size, a, b, c, d, preci"
group1,8,8,4096,4096,128,4,16,0.086675,0.102749,,"ERROR: Could not find hyperparameters for the kernel instance corresponding to the target (batch_size, a, b, c, d, preci"
group1,8,8,4096,4096,128,4,32,0.087328,0.103081,,"ERROR: Could not find hyperparameters for the kernel instance corresponding to the target (batch_size, a, b, c, d, preci"
group1,8,8,4096,4096,128,4,64,0.086671,0.102978,,"ERROR: Could not find hyperparameters for the kernel instance corresponding to the target (batch_size, a, b, c, d, preci"
group1,8,8,4096,4096,128,4,128,0.086620,0.102625,,"ERROR: Could not find hyperparameters for the kernel instance corresponding to the target (batch_size, a, b, c, d, preci"
group1,8,8,4096,4096,128,4,256,0.086166,0.102412,,"ERROR: Could not find hyperparameters for the kernel instance corresponding to the target (batch_size, a, b, c, d, preci"
group1,8,8,4096,4096,128,4,512,0.087113,0.103753,,"ERROR: Could not find hyperparameters for the kernel instance corresponding to the target (batch_size, a, b, c, d, preci"
group1,8,8,4096,4096,128,4,1024,0.115405,0.103762,,"ERROR: Could not find hyperparameters for the kernel instance corresponding to the target (batch_size, a, b, c, d, preci"
group1,8,8,4096,4096,128,4,2048,0.222804,0.152655,,"ERROR: Could not find hyperparameters for the kernel instance corresponding to the target (batch_size, a, b, c, d, preci"
group1,8,8,4096,4096,128,4,4096,0.434642,0.293247,,"ERROR: Could not find hyperparameters for the kernel instance corresponding to the target (batch_size, a, b, c, d, preci"
group1,8,8,4096,4096,256,2,2,0.085560,0.102904,,"ERROR: Could not find hyperparameters for the kernel instance corresponding to the target (batch_size, a, b, c, d, preci"
group1,8,8,4096,4096,256,2,4,0.086018,0.102563,,"ERROR: Could not find hyperparameters for the kernel instance corresponding to the target (batch_size, a, b, c, d, preci"
group1,8,8,4096,4096,256,2,8,0.086103,0.102335,,"ERROR: Could not find hyperparameters for the kernel instance corresponding to the target (batch_size, a, b, c, d, preci"
group1,8,8,4096,4096,256,2,16,0.086119,0.102530,,"ERROR: Could not find hyperparameters for the kernel instance corresponding to the target (batch_size, a, b, c, d, preci"
group1,8,8,4096,4096,256,2,32,0.086645,0.102526,,"ERROR: Could not find hyperparameters for the kernel instance corresponding to the target (batch_size, a, b, c, d, preci"
group1,8,8,4096,4096,256,2,64,0.086516,0.102736,,"ERROR: Could not find hyperparameters for the kernel instance corresponding to the target (batch_size, a, b, c, d, preci"
group1,8,8,4096,4096,256,2,128,0.086962,0.102687,,"ERROR: Could not find hyperparameters for the kernel instance corresponding to the target (batch_size, a, b, c, d, preci"
group1,8,8,4096,4096,256,2,256,0.086704,0.102377,,"ERROR: Could not find hyperparameters for the kernel instance corresponding to the target (batch_size, a, b, c, d, preci"
group1,8,8,4096,4096,256,2,512,0.087384,0.104131,,"ERROR: Could not find hyperparameters for the kernel instance corresponding to the target (batch_size, a, b, c, d, preci"
group1,8,8,4096,4096,256,2,1024,0.115305,0.103555,,"ERROR: Could not find hyperparameters for the kernel instance corresponding to the target (batch_size, a, b, c, d, preci"
group1,8,8,4096,4096,256,2,2048,0.222639,0.152638,,"ERROR: Could not find hyperparameters for the kernel instance corresponding to the target (batch_size, a, b, c, d, preci"
group1,8,8,4096,4096,256,2,4096,0.434827,0.293168,,"ERROR: Could not find hyperparameters for the kernel instance corresponding to the target (batch_size, a, b, c, d, preci"
group1,8,8,4096,4096,512,1,2,0.085955,0.064675,,"ERROR: Could not find hyperparameters for the kernel instance corresponding to the target (batch_size, a, b, c, d, preci"
group1,8,8,4096,4096,512,1,4,0.086351,0.064564,,"ERROR: Could not find hyperparameters for the kernel instance corresponding to the target (batch_size, a, b, c, d, preci"
group1,8,8,4096,4096,512,1,8,0.086241,0.064470,,"ERROR: Could not find hyperparameters for the kernel instance corresponding to the target (batch_size, a, b, c, d, preci"
group1,8,8,4096,4096,512,1,16,0.087071,0.064402,,"ERROR: Could not find hyperparameters for the kernel instance corresponding to the target (batch_size, a, b, c, d, preci"
group1,8,8,4096,4096,512,1,32,0.086296,0.064585,,"ERROR: Could not find hyperparameters for the kernel instance corresponding to the target (batch_size, a, b, c, d, preci"
group1,8,8,4096,4096,512,1,64,0.087149,0.064537,,"ERROR: Could not find hyperparameters for the kernel instance corresponding to the target (batch_size, a, b, c, d, preci"
group1,8,8,4096,4096,512,1,128,0.087145,0.064657,,"ERROR: Could not find hyperparameters for the kernel instance corresponding to the target (batch_size, a, b, c, d, preci"
group1,8,8,4096,4096,512,1,256,0.086595,0.064448,,"ERROR: Could not find hyperparameters for the kernel instance corresponding to the target (batch_size, a, b, c, d, preci"
group1,8,8,4096,4096,512,1,512,0.087816,0.064934,,"ERROR: Could not find hyperparameters for the kernel instance corresponding to the target (batch_size, a, b, c, d, preci"
group1,8,8,4096,4096,512,1,1024,0.114956,0.065202,,"ERROR: Could not find hyperparameters for the kernel instance corresponding to the target (batch_size, a, b, c, d, preci"
group1,8,8,4096,4096,512,1,2048,0.222429,0.071511,,"ERROR: Could not find hyperparameters for the kernel instance corresponding to the target (batch_size, a, b, c, d, preci"
group1,8,8,4096,4096,512,1,4096,0.433154,0.138570,,"ERROR: Could not find hyperparameters for the kernel instance corresponding to the target (batch_size, a, b, c, d, preci"
group1,8,16,512,1024,1,64,2,0.085517,0.105944,,"ERROR: Could not find hyperparameters for the kernel instance corresponding to the target (batch_size, a, b, c, d, preci"
group1,8,16,512,1024,1,64,4,0.086701,0.106175,,"ERROR: Could not find hyperparameters for the kernel instance corresponding to the target (batch_size, a, b, c, d, preci"
group1,8,16,512,1024,1,64,8,0.084967,0.106071,,"ERROR: Could not find hyperparameters for the kernel instance corresponding to the target (batch_size, a, b, c, d, preci"
group1,8,16,512,1024,1,64,16,0.086601,0.105790,,"ERROR: Could not find hyperparameters for the kernel instance corresponding to the target (batch_size, a, b, c, d, preci"
group1,8,16,512,1024,1,64,32,0.085768,0.106098,,"ERROR: Could not find hyperparameters for the kernel instance corresponding to the target (batch_size, a, b, c, d, preci"
group1,8,16,512,1024,1,64,64,0.085748,0.106358,,"ERROR: Could not find hyperparameters for the kernel instance corresponding to the target (batch_size, a, b, c, d, preci"
group1,8,16,512,1024,1,64,128,0.086557,0.106258,,"ERROR: Could not find hyperparameters for the kernel instance corresponding to the target (batch_size, a, b, c, d, preci"
group1,8,16,512,1024,1,64,256,0.086152,0.106060,,"ERROR: Could not find hyperparameters for the kernel instance corresponding to the target (batch_size, a, b, c, d, preci"
group1,8,16,512,1024,1,64,512,0.086642,0.106774,,"ERROR: Could not find hyperparameters for the kernel instance corresponding to the target (batch_size, a, b, c, d, preci"
group1,8,16,512,1024,1,64,1024,0.086537,0.106308,,"ERROR: Could not find hyperparameters for the kernel instance corresponding to the target (batch_size, a, b, c, d, preci"
group1,8,16,512,1024,1,64,2048,0.086866,0.106422,,"ERROR: Could not find hyperparameters for the kernel instance corresponding to the target (batch_size, a, b, c, d, preci"
group1,8,16,512,1024,1,64,4096,0.087222,0.106412,,"ERROR: Could not find hyperparameters for the kernel instance corresponding to the target (batch_size, a, b, c, d, preci"
group1,8,16,512,1024,2,32,2,0.085904,0.102285,,"ERROR: Could not find hyperparameters for the kernel instance corresponding to the target (batch_size, a, b, c, d, preci"
group1,8,16,512,1024,2,32,4,0.086038,0.102664,,"ERROR: Could not find hyperparameters for the kernel instance corresponding to the target (batch_size, a, b, c, d, preci"
group1,8,16,512,1024,2,32,8,0.084785,0.102588,,"ERROR: Could not find hyperparameters for the kernel instance corresponding to the target (batch_size, a, b, c, d, preci"
group1,8,16,512,1024,2,32,16,0.085298,0.101849,,"ERROR: Could not find hyperparameters for the kernel instance corresponding to the target (batch_size, a, b, c, d, preci"
group1,8,16,512,1024,2,32,32,0.086227,0.102687,,"ERROR: Could not find hyperparameters for the kernel instance corresponding to the target (batch_size, a, b, c, d, preci"
group1,8,16,512,1024,2,32,64,0.086130,0.102910,,"ERROR: Could not find hyperparameters for the kernel instance corresponding to the target (batch_size, a, b, c, d, preci"
group1,8,16,512,1024,2,32,128,0.086296,0.102800,,"ERROR: Could not find hyperparameters for the kernel instance corresponding to the target (batch_size, a, b, c, d, preci"
group1,8,16,512,1024,2,32,256,0.085371,0.102873,,"ERROR: Could not find hyperparameters for the kernel instance corresponding to the target (batch_size, a, b, c, d, preci"
group1,8,16,512,1024,2,32,512,0.086569,0.102342,,"ERROR: Could not find hyperparameters for the kernel instance corresponding to the target (batch_size, a, b, c, d, preci"
group1,8,16,512,1024,2,32,1024,0.086679,0.102673,,"ERROR: Could not find hyperparameters for the kernel instance corresponding to the target (batch_size, a, b, c, d, preci"
group1,8,16,512,1024,2,32,2048,0.087030,0.103036,,"ERROR: Could not find hyperparameters for the kernel instance corresponding to the target (batch_size, a, b, c, d, preci"
group1,8,16,512,1024,2,32,4096,0.087047,0.102848,,"ERROR: Could not find hyperparameters for the kernel instance corresponding to the target (batch_size, a, b, c, d, preci"
group1,8,16,512,1024,4,16,2,0.085859,0.102462,,"ERROR: Could not find hyperparameters for the kernel instance corresponding to the target (batch_size, a, b, c, d, preci"
group1,8,16,512,1024,4,16,4,0.086224,0.102763,,"ERROR: Could not find hyperparameters for the kernel instance corresponding to the target (batch_size, a, b, c, d, preci"
group1,8,16,512,1024,4,16,8,0.085279,0.102254,,"ERROR: Could not find hyperparameters for the kernel instance corresponding to the target (batch_size, a, b, c, d, preci"
group1,8,16,512,1024,4,16,16,0.085948,0.102297,,"ERROR: Could not find hyperparameters for the kernel instance corresponding to the target (batch_size, a, b, c, d, preci"
group1,8,16,512,1024,4,16,32,0.086192,0.102272,,"ERROR: Could not find hyperparameters for the kernel instance corresponding to the target (batch_size, a, b, c, d, preci"
group1,8,16,512,1024,4,16,64,0.086308,0.102803,,"ERROR: Could not find hyperparameters for the kernel instance corresponding to the target (batch_size, a, b, c, d, preci"
group1,8,16,512,1024,4,16,128,0.086070,0.102556,,"ERROR: Could not find hyperparameters for the kernel instance corresponding to the target (batch_size, a, b, c, d, preci"
group1,8,16,512,1024,4,16,256,0.086456,0.103094,,"ERROR: Could not find hyperparameters for the kernel instance corresponding to the target (batch_size, a, b, c, d, preci"
group1,8,16,512,1024,4,16,512,0.086822,0.102465,,"ERROR: Could not find hyperparameters for the kernel instance corresponding to the target (batch_size, a, b, c, d, preci"
group1,8,16,512,1024,4,16,1024,0.086566,0.103038,,"ERROR: Could not find hyperparameters for the kernel instance corresponding to the target (batch_size, a, b, c, d, preci"
group1,8,16,512,1024,4,16,2048,0.086616,0.102315,,"ERROR: Could not find hyperparameters for the kernel instance corresponding to the target (batch_size, a, b, c, d, preci"
group1,8,16,512,1024,4,16,4096,0.086945,0.102862,,"ERROR: Could not find hyperparameters for the kernel instance corresponding to the target (batch_size, a, b, c, d, preci"
group1,8,16,512,1024,8,8,2,0.085384,0.102272,,"ERROR: Could not find hyperparameters for the kernel instance corresponding to the target (batch_size, a, b, c, d, preci"
group1,8,16,512,1024,8,8,4,0.085849,0.102197,,"ERROR: Could not find hyperparameters for the kernel instance corresponding to the target (batch_size, a, b, c, d, preci"
group1,8,16,512,1024,8,8,8,0.085940,0.102574,,"ERROR: Could not find hyperparameters for the kernel instance corresponding to the target (batch_size, a, b, c, d, preci"
group1,8,16,512,1024,8,8,16,0.085629,0.102771,,"ERROR: Could not find hyperparameters for the kernel instance corresponding to the target (batch_size, a, b, c, d, preci"
group1,8,16,512,1024,8,8,32,0.085810,0.102338,,"ERROR: Could not find hyperparameters for the kernel instance corresponding to the target (batch_size, a, b, c, d, preci"
group1,8,16,512,1024,8,8,64,0.085483,0.102372,,"ERROR: Could not find hyperparameters for the kernel instance corresponding to the target (batch_size, a, b, c, d, preci"
group1,8,16,512,1024,8,8,128,0.085619,0.101910,,"ERROR: Could not find hyperparameters for the kernel instance corresponding to the target (batch_size, a, b, c, d, preci"
group1,8,16,512,1024,8,8,256,0.085540,0.102260,,"ERROR: Could not find hyperparameters for the kernel instance corresponding to the target (batch_size, a, b, c, d, preci"
group1,8,16,512,1024,8,8,512,0.086004,0.102361,,"ERROR: Could not find hyperparameters for the kernel instance corresponding to the target (batch_size, a, b, c, d, preci"
group1,8,16,512,1024,8,8,1024,0.086209,0.102873,,"ERROR: Could not find hyperparameters for the kernel instance corresponding to the target (batch_size, a, b, c, d, preci"
group1,8,16,512,1024,8,8,2048,0.086309,0.102635,,"ERROR: Could not find hyperparameters for the kernel instance corresponding to the target (batch_size, a, b, c, d, preci"
group1,8,16,512,1024,8,8,4096,0.086510,0.102822,,"ERROR: Could not find hyperparameters for the kernel instance corresponding to the target (batch_size, a, b, c, d, preci"
group1,8,16,512,1024,16,4,2,0.083973,0.100151,,"ERROR: Could not find hyperparameters for the kernel instance corresponding to the target (batch_size, a, b, c, d, preci"
group1,8,16,512,1024,16,4,4,0.083963,0.100111,,"ERROR: Could not find hyperparameters for the kernel instance corresponding to the target (batch_size, a, b, c, d, preci"
group1,8,16,512,1024,16,4,8,0.084667,0.101489,,"ERROR: Could not find hyperparameters for the kernel instance corresponding to the target (batch_size, a, b, c, d, preci"
group1,8,16,512,1024,16,4,16,0.085416,0.100879,,"ERROR: Could not find hyperparameters for the kernel instance corresponding to the target (batch_size, a, b, c, d, preci"
group1,8,16,512,1024,16,4,32,0.084774,0.101192,,"ERROR: Could not find hyperparameters for the kernel instance corresponding to the target (batch_size, a, b, c, d, preci"
group1,8,16,512,1024,16,4,64,0.084073,0.100769,,"ERROR: Could not find hyperparameters for the kernel instance corresponding to the target (batch_size, a, b, c, d, preci"
group1,8,16,512,1024,16,4,128,0.084659,0.101397,,"ERROR: Could not find hyperparameters for the kernel instance corresponding to the target (batch_size, a, b, c, d, preci"
group1,8,16,512,1024,16,4,256,0.084880,0.101264,,"ERROR: Could not find hyperparameters for the kernel instance corresponding to the target (batch_size, a, b, c, d, preci"
group1,8,16,512,1024,16,4,512,0.085566,0.100569,,"ERROR: Could not find hyperparameters for the kernel instance corresponding to the target (batch_size, a, b, c, d, preci"
group1,8,16,512,1024,16,4,1024,0.085303,0.100895,,"ERROR: Could not find hyperparameters for the kernel instance corresponding to the target (batch_size, a, b, c, d, preci"
group1,8,16,512,1024,16,4,2048,0.085129,0.100971,,"ERROR: Could not find hyperparameters for the kernel instance corresponding to the target (batch_size, a, b, c, d, preci"
group1,8,16,512,1024,16,4,4096,0.085242,0.101034,,"ERROR: Could not find hyperparameters for the kernel instance corresponding to the target (batch_size, a, b, c, d, preci"
group1,8,16,512,1024,32,2,2,0.084171,0.100423,,"ERROR: Could not find hyperparameters for the kernel instance corresponding to the target (batch_size, a, b, c, d, preci"
group1,8,16,512,1024,32,2,4,0.084664,0.100290,,"ERROR: Could not find hyperparameters for the kernel instance corresponding to the target (batch_size, a, b, c, d, preci"
group1,8,16,512,1024,32,2,8,0.083847,0.100694,,"ERROR: Could not find hyperparameters for the kernel instance corresponding to the target (batch_size, a, b, c, d, preci"
group1,8,16,512,1024,32,2,16,0.084405,0.101097,,"ERROR: Could not find hyperparameters for the kernel instance corresponding to the target (batch_size, a, b, c, d, preci"
group1,8,16,512,1024,32,2,32,0.084341,0.100820,,"ERROR: Could not find hyperparameters for the kernel instance corresponding to the target (batch_size, a, b, c, d, preci"
group1,8,16,512,1024,32,2,64,0.084001,0.101067,,"ERROR: Could not find hyperparameters for the kernel instance corresponding to the target (batch_size, a, b, c, d, preci"
group1,8,16,512,1024,32,2,128,0.084409,0.100971,,"ERROR: Could not find hyperparameters for the kernel instance corresponding to the target (batch_size, a, b, c, d, preci"
group1,8,16,512,1024,32,2,256,0.084346,0.100477,,"ERROR: Could not find hyperparameters for the kernel instance corresponding to the target (batch_size, a, b, c, d, preci"
group1,8,16,512,1024,32,2,512,0.085255,0.101063,,"ERROR: Could not find hyperparameters for the kernel instance corresponding to the target (batch_size, a, b, c, d, preci"
group1,8,16,512,1024,32,2,1024,0.085263,0.101291,,"ERROR: Could not find hyperparameters for the kernel instance corresponding to the target (batch_size, a, b, c, d, preci"
group1,8,16,512,1024,32,2,2048,0.085276,0.101013,,"ERROR: Could not find hyperparameters for the kernel instance corresponding to the target (batch_size, a, b, c, d, preci"
group1,8,16,512,1024,32,2,4096,0.085072,0.101087,,"ERROR: Could not find hyperparameters for the kernel instance corresponding to the target (batch_size, a, b, c, d, preci"
group1,8,16,512,1024,64,1,2,0.084224,0.063198,,"ERROR: Could not find hyperparameters for the kernel instance corresponding to the target (batch_size, a, b, c, d, preci"
group1,8,16,512,1024,64,1,4,0.084814,0.063569,,"ERROR: Could not find hyperparameters for the kernel instance corresponding to the target (batch_size, a, b, c, d, preci"
group1,8,16,512,1024,64,1,8,0.084738,0.063489,,"ERROR: Could not find hyperparameters for the kernel instance corresponding to the target (batch_size, a, b, c, d, preci"
group1,8,16,512,1024,64,1,16,0.085008,0.063099,,"ERROR: Could not find hyperparameters for the kernel instance corresponding to the target (batch_size, a, b, c, d, preci"
group1,8,16,512,1024,64,1,32,0.084873,0.063992,,"ERROR: Could not find hyperparameters for the kernel instance corresponding to the target (batch_size, a, b, c, d, preci"
group1,8,16,512,1024,64,1,64,0.084847,0.063656,,"ERROR: Could not find hyperparameters for the kernel instance corresponding to the target (batch_size, a, b, c, d, preci"
group1,8,16,512,1024,64,1,128,0.084740,0.063727,,"ERROR: Could not find hyperparameters for the kernel instance corresponding to the target (batch_size, a, b, c, d, preci"
group1,8,16,512,1024,64,1,256,0.084841,0.063541,,"ERROR: Could not find hyperparameters for the kernel instance corresponding to the target (batch_size, a, b, c, d, preci"
group1,8,16,512,1024,64,1,512,0.085327,0.063485,,"ERROR: Could not find hyperparameters for the kernel instance corresponding to the target (batch_size, a, b, c, d, preci"
group1,8,16,512,1024,64,1,1024,0.085542,0.063634,,"ERROR: Could not find hyperparameters for the kernel instance corresponding to the target (batch_size, a, b, c, d, preci"
group1,8,16,512,1024,64,1,2048,0.085721,0.063483,,"ERROR: Could not find hyperparameters for the kernel instance corresponding to the target (batch_size, a, b, c, d, preci"
group1,8,16,512,1024,64,1,4096,0.085628,0.063168,,"ERROR: Could not find hyperparameters for the kernel instance corresponding to the target (batch_size, a, b, c, d, preci"
group1,8,16,1024,2048,1,128,2,0.084389,0.104325,,"ERROR: Could not find hyperparameters for the kernel instance corresponding to the target (batch_size, a, b, c, d, preci"
group1,8,16,1024,2048,1,128,4,0.085009,0.104935,,"ERROR: Could not find hyperparameters for the kernel instance corresponding to the target (batch_size, a, b, c, d, preci"
group1,8,16,1024,2048,1,128,8,0.084374,0.104712,,"ERROR: Could not find hyperparameters for the kernel instance corresponding to the target (batch_size, a, b, c, d, preci"
group1,8,16,1024,2048,1,128,16,0.084309,0.104303,,"ERROR: Could not find hyperparameters for the kernel instance corresponding to the target (batch_size, a, b, c, d, preci"
group1,8,16,1024,2048,1,128,32,0.085281,0.104389,,"ERROR: Could not find hyperparameters for the kernel instance corresponding to the target (batch_size, a, b, c, d, preci"
group1,8,16,1024,2048,1,128,64,0.085121,0.104958,,"ERROR: Could not find hyperparameters for the kernel instance corresponding to the target (batch_size, a, b, c, d, preci"
group1,8,16,1024,2048,1,128,128,0.084863,0.104937,,"ERROR: Could not find hyperparameters for the kernel instance corresponding to the target (batch_size, a, b, c, d, preci"
group1,8,16,1024,2048,1,128,256,0.084388,0.104521,,"ERROR: Could not find hyperparameters for the kernel instance corresponding to the target (batch_size, a, b, c, d, preci"
group1,8,16,1024,2048,1,128,512,0.085892,0.104893,,"ERROR: Could not find hyperparameters for the kernel instance corresponding to the target (batch_size, a, b, c, d, preci"
group1,8,16,1024,2048,1,128,1024,0.085631,0.104576,,"ERROR: Could not find hyperparameters for the kernel instance corresponding to the target (batch_size, a, b, c, d, preci"
group1,8,16,1024,2048,1,128,2048,0.086330,0.104714,,"ERROR: Could not find hyperparameters for the kernel instance corresponding to the target (batch_size, a, b, c, d, preci"
group1,8,16,1024,2048,1,128,4096,0.162120,0.105333,,"ERROR: Could not find hyperparameters for the kernel instance corresponding to the target (batch_size, a, b, c, d, preci"
group1,8,16,1024,2048,2,64,2,0.084714,0.101156,,"ERROR: Could not find hyperparameters for the kernel instance corresponding to the target (batch_size, a, b, c, d, preci"
group1,8,16,1024,2048,2,64,4,0.085068,0.101072,,"ERROR: Could not find hyperparameters for the kernel instance corresponding to the target (batch_size, a, b, c, d, preci"
group1,8,16,1024,2048,2,64,8,0.084705,0.101509,,"ERROR: Could not find hyperparameters for the kernel instance corresponding to the target (batch_size, a, b, c, d, preci"
group1,8,16,1024,2048,2,64,16,0.085694,0.101552,,"ERROR: Could not find hyperparameters for the kernel instance corresponding to the target (batch_size, a, b, c, d, preci"
group1,8,16,1024,2048,2,64,32,0.084924,0.101412,,"ERROR: Could not find hyperparameters for the kernel instance corresponding to the target (batch_size, a, b, c, d, preci"
group1,8,16,1024,2048,2,64,64,0.085083,0.101506,,"ERROR: Could not find hyperparameters for the kernel instance corresponding to the target (batch_size, a, b, c, d, preci"
group1,8,16,1024,2048,2,64,128,0.084978,0.101519,,"ERROR: Could not find hyperparameters for the kernel instance corresponding to the target (batch_size, a, b, c, d, preci"
group1,8,16,1024,2048,2,64,256,0.085164,0.101526,,"ERROR: Could not find hyperparameters for the kernel instance corresponding to the target (batch_size, a, b, c, d, preci"
group1,8,16,1024,2048,2,64,512,0.085950,0.101557,,"ERROR: Could not find hyperparameters for the kernel instance corresponding to the target (batch_size, a, b, c, d, preci"
group1,8,16,1024,2048,2,64,1024,0.086151,0.101432,,"ERROR: Could not find hyperparameters for the kernel instance corresponding to the target (batch_size, a, b, c, d, preci"
group1,8,16,1024,2048,2,64,2048,0.086254,0.101321,,"ERROR: Could not find hyperparameters for the kernel instance corresponding to the target (batch_size, a, b, c, d, preci"
group1,8,16,1024,2048,2,64,4096,0.162369,0.102280,,"ERROR: Could not find hyperparameters for the kernel instance corresponding to the target (batch_size, a, b, c, d, preci"
group1,8,16,1024,2048,4,32,2,0.084735,0.101289,,"ERROR: Could not find hyperparameters for the kernel instance corresponding to the target (batch_size, a, b, c, d, preci"
group1,8,16,1024,2048,4,32,4,0.086094,0.101156,,"ERROR: Could not find hyperparameters for the kernel instance corresponding to the target (batch_size, a, b, c, d, preci"
group1,8,16,1024,2048,4,32,8,0.084592,0.101098,,"ERROR: Could not find hyperparameters for the kernel instance corresponding to the target (batch_size, a, b, c, d, preci"
group1,8,16,1024,2048,4,32,16,0.085494,0.101417,,"ERROR: Could not find hyperparameters for the kernel instance corresponding to the target (batch_size, a, b, c, d, preci"
group1,8,16,1024,2048,4,32,32,0.085172,0.101677,,"ERROR: Could not find hyperparameters for the kernel instance corresponding to the target (batch_size, a, b, c, d, preci"
group1,8,16,1024,2048,4,32,64,0.085421,0.101756,,"ERROR: Could not find hyperparameters for the kernel instance corresponding to the target (batch_size, a, b, c, d, preci"
group1,8,16,1024,2048,4,32,128,0.085555,0.101809,,"ERROR: Could not find hyperparameters for the kernel instance corresponding to the target (batch_size, a, b, c, d, preci"
group1,8,16,1024,2048,4,32,256,0.085357,0.101371,,"ERROR: Could not find hyperparameters for the kernel instance corresponding to the target (batch_size, a, b, c, d, preci"
group1,8,16,1024,2048,4,32,512,0.086245,0.101827,,"ERROR: Could not find hyperparameters for the kernel instance corresponding to the target (batch_size, a, b, c, d, preci"
group1,8,16,1024,2048,4,32,1024,0.085905,0.101588,,"ERROR: Could not find hyperparameters for the kernel instance corresponding to the target (batch_size, a, b, c, d, preci"
group1,8,16,1024,2048,4,32,2048,0.086200,0.101198,,"ERROR: Could not find hyperparameters for the kernel instance corresponding to the target (batch_size, a, b, c, d, preci"
group1,8,16,1024,2048,4,32,4096,0.162363,0.102215,,"ERROR: Could not find hyperparameters for the kernel instance corresponding to the target (batch_size, a, b, c, d, preci"
group1,8,16,1024,2048,8,16,2,0.084871,0.100904,,"ERROR: Could not find hyperparameters for the kernel instance corresponding to the target (batch_size, a, b, c, d, preci"
group1,8,16,1024,2048,8,16,4,0.085015,0.101709,,"ERROR: Could not find hyperparameters for the kernel instance corresponding to the target (batch_size, a, b, c, d, preci"
group1,8,16,1024,2048,8,16,8,0.085900,0.101026,,"ERROR: Could not find hyperparameters for the kernel instance corresponding to the target (batch_size, a, b, c, d, preci"
group1,8,16,1024,2048,8,16,16,0.084728,0.101115,,"ERROR: Could not find hyperparameters for the kernel instance corresponding to the target (batch_size, a, b, c, d, preci"
group1,8,16,1024,2048,8,16,32,0.085345,0.102188,,"ERROR: Could not find hyperparameters for the kernel instance corresponding to the target (batch_size, a, b, c, d, preci"
group1,8,16,1024,2048,8,16,64,0.085205,0.101235,,"ERROR: Could not find hyperparameters for the kernel instance corresponding to the target (batch_size, a, b, c, d, preci"
group1,8,16,1024,2048,8,16,128,0.085689,0.101840,,"ERROR: Could not find hyperparameters for the kernel instance corresponding to the target (batch_size, a, b, c, d, preci"
group1,8,16,1024,2048,8,16,256,0.085452,0.101093,,"ERROR: Could not find hyperparameters for the kernel instance corresponding to the target (batch_size, a, b, c, d, preci"
group1,8,16,1024,2048,8,16,512,0.086440,0.101719,,"ERROR: Could not find hyperparameters for the kernel instance corresponding to the target (batch_size, a, b, c, d, preci"
group1,8,16,1024,2048,8,16,1024,0.086444,0.101475,,"ERROR: Could not find hyperparameters for the kernel instance corresponding to the target (batch_size, a, b, c, d, preci"
group1,8,16,1024,2048,8,16,2048,0.086173,0.101495,,"ERROR: Could not find hyperparameters for the kernel instance corresponding to the target (batch_size, a, b, c, d, preci"
group1,8,16,1024,2048,8,16,4096,0.162484,0.102485,,"ERROR: Could not find hyperparameters for the kernel instance corresponding to the target (batch_size, a, b, c, d, preci"
group1,8,16,1024,2048,16,8,2,0.085049,0.100973,,"ERROR: Could not find hyperparameters for the kernel instance corresponding to the target (batch_size, a, b, c, d, preci"
group1,8,16,1024,2048,16,8,4,0.084565,0.100766,,"ERROR: Could not find hyperparameters for the kernel instance corresponding to the target (batch_size, a, b, c, d, preci"
group1,8,16,1024,2048,16,8,8,0.085016,0.100966,,"ERROR: Could not find hyperparameters for the kernel instance corresponding to the target (batch_size, a, b, c, d, preci"
group1,8,16,1024,2048,16,8,16,0.085516,0.101168,,"ERROR: Could not find hyperparameters for the kernel instance corresponding to the target (batch_size, a, b, c, d, preci"
group1,8,16,1024,2048,16,8,32,0.084928,0.101325,,"ERROR: Could not find hyperparameters for the kernel instance corresponding to the target (batch_size, a, b, c, d, preci"
group1,8,16,1024,2048,16,8,64,0.085007,0.101461,,"ERROR: Could not find hyperparameters for the kernel instance corresponding to the target (batch_size, a, b, c, d, preci"
group1,8,16,1024,2048,16,8,128,0.085166,0.101240,,"ERROR: Could not find hyperparameters for the kernel instance corresponding to the target (batch_size, a, b, c, d, preci"
group1,8,16,1024,2048,16,8,256,0.084892,0.101818,,"ERROR: Could not find hyperparameters for the kernel instance corresponding to the target (batch_size, a, b, c, d, preci"
group1,8,16,1024,2048,16,8,512,0.085489,0.101635,,"ERROR: Could not find hyperparameters for the kernel instance corresponding to the target (batch_size, a, b, c, d, preci"
group1,8,16,1024,2048,16,8,1024,0.085913,0.101633,,"ERROR: Could not find hyperparameters for the kernel instance corresponding to the target (batch_size, a, b, c, d, preci"
group1,8,16,1024,2048,16,8,2048,0.086528,0.101175,,"ERROR: Could not find hyperparameters for the kernel instance corresponding to the target (batch_size, a, b, c, d, preci"
group1,8,16,1024,2048,16,8,4096,0.162449,0.101582,,"ERROR: Could not find hyperparameters for the kernel instance corresponding to the target (batch_size, a, b, c, d, preci"
group1,8,16,1024,2048,32,4,2,0.084542,0.100827,,"ERROR: Could not find hyperparameters for the kernel instance corresponding to the target (batch_size, a, b, c, d, preci"
group1,8,16,1024,2048,32,4,4,0.085711,0.101126,,"ERROR: Could not find hyperparameters for the kernel instance corresponding to the target (batch_size, a, b, c, d, preci"
group1,8,16,1024,2048,32,4,8,0.084282,0.101023,,"ERROR: Could not find hyperparameters for the kernel instance corresponding to the target (batch_size, a, b, c, d, preci"
group1,8,16,1024,2048,32,4,16,0.084946,0.100843,,"ERROR: Could not find hyperparameters for the kernel instance corresponding to the target (batch_size, a, b, c, d, preci"
group1,8,16,1024,2048,32,4,32,0.085487,0.101012,,"ERROR: Could not find hyperparameters for the kernel instance corresponding to the target (batch_size, a, b, c, d, preci"
group1,8,16,1024,2048,32,4,64,0.085345,0.101274,,"ERROR: Could not find hyperparameters for the kernel instance corresponding to the target (batch_size, a, b, c, d, preci"
group1,8,16,1024,2048,32,4,128,0.085676,0.101538,,"ERROR: Could not find hyperparameters for the kernel instance corresponding to the target (batch_size, a, b, c, d, preci"
group1,8,16,1024,2048,32,4,256,0.085424,0.100831,,"ERROR: Could not find hyperparameters for the kernel instance corresponding to the target (batch_size, a, b, c, d, preci"
group1,8,16,1024,2048,32,4,512,0.086079,0.101688,,"ERROR: Could not find hyperparameters for the kernel instance corresponding to the target (batch_size, a, b, c, d, preci"
group1,8,16,1024,2048,32,4,1024,0.086514,0.101420,,"ERROR: Could not find hyperparameters for the kernel instance corresponding to the target (batch_size, a, b, c, d, preci"
group1,8,16,1024,2048,32,4,2048,0.086642,0.101667,,"ERROR: Could not find hyperparameters for the kernel instance corresponding to the target (batch_size, a, b, c, d, preci"
group1,8,16,1024,2048,32,4,4096,0.162466,0.102015,,"ERROR: Could not find hyperparameters for the kernel instance corresponding to the target (batch_size, a, b, c, d, preci"
group1,8,16,1024,2048,64,2,2,0.084389,0.101234,,"ERROR: Could not find hyperparameters for the kernel instance corresponding to the target (batch_size, a, b, c, d, preci"
group1,8,16,1024,2048,64,2,4,0.085060,0.101324,,"ERROR: Could not find hyperparameters for the kernel instance corresponding to the target (batch_size, a, b, c, d, preci"
group1,8,16,1024,2048,64,2,8,0.083770,0.100785,,"ERROR: Could not find hyperparameters for the kernel instance corresponding to the target (batch_size, a, b, c, d, preci"
group1,8,16,1024,2048,64,2,16,0.084283,0.100818,,"ERROR: Could not find hyperparameters for the kernel instance corresponding to the target (batch_size, a, b, c, d, preci"
group1,8,16,1024,2048,64,2,32,0.084935,0.101220,,"ERROR: Could not find hyperparameters for the kernel instance corresponding to the target (batch_size, a, b, c, d, preci"
group1,8,16,1024,2048,64,2,64,0.085309,0.101120,,"ERROR: Could not find hyperparameters for the kernel instance corresponding to the target (batch_size, a, b, c, d, preci"
group1,8,16,1024,2048,64,2,128,0.085092,0.101553,,"ERROR: Could not find hyperparameters for the kernel instance corresponding to the target (batch_size, a, b, c, d, preci"
group1,8,16,1024,2048,64,2,256,0.084867,0.101352,,"ERROR: Could not find hyperparameters for the kernel instance corresponding to the target (batch_size, a, b, c, d, preci"
group1,8,16,1024,2048,64,2,512,0.085529,0.101872,,"ERROR: Could not find hyperparameters for the kernel instance corresponding to the target (batch_size, a, b, c, d, preci"
group1,8,16,1024,2048,64,2,1024,0.085926,0.101316,,"ERROR: Could not find hyperparameters for the kernel instance corresponding to the target (batch_size, a, b, c, d, preci"
group1,8,16,1024,2048,64,2,2048,0.085834,0.101783,,"ERROR: Could not find hyperparameters for the kernel instance corresponding to the target (batch_size, a, b, c, d, preci"
group1,8,16,1024,2048,64,2,4096,0.162550,0.101891,,"ERROR: Could not find hyperparameters for the kernel instance corresponding to the target (batch_size, a, b, c, d, preci"
group1,8,16,1024,2048,128,1,2,0.084110,0.063271,,"ERROR: Could not find hyperparameters for the kernel instance corresponding to the target (batch_size, a, b, c, d, preci"
group1,8,16,1024,2048,128,1,4,0.084595,0.062818,,"ERROR: Could not find hyperparameters for the kernel instance corresponding to the target (batch_size, a, b, c, d, preci"
group1,8,16,1024,2048,128,1,8,0.084922,0.063596,,"ERROR: Could not find hyperparameters for the kernel instance corresponding to the target (batch_size, a, b, c, d, preci"
group1,8,16,1024,2048,128,1,16,0.084732,0.063098,,"ERROR: Could not find hyperparameters for the kernel instance corresponding to the target (batch_size, a, b, c, d, preci"
group1,8,16,1024,2048,128,1,32,0.085644,0.063209,,"ERROR: Could not find hyperparameters for the kernel instance corresponding to the target (batch_size, a, b, c, d, preci"
group1,8,16,1024,2048,128,1,64,0.085273,0.063070,,"ERROR: Could not find hyperparameters for the kernel instance corresponding to the target (batch_size, a, b, c, d, preci"
group1,8,16,1024,2048,128,1,128,0.085709,0.063345,,"ERROR: Could not find hyperparameters for the kernel instance corresponding to the target (batch_size, a, b, c, d, preci"
group1,8,16,1024,2048,128,1,256,0.085311,0.063200,,"ERROR: Could not find hyperparameters for the kernel instance corresponding to the target (batch_size, a, b, c, d, preci"
group1,8,16,1024,2048,128,1,512,0.086019,0.063157,,"ERROR: Could not find hyperparameters for the kernel instance corresponding to the target (batch_size, a, b, c, d, preci"
group1,8,16,1024,2048,128,1,1024,0.086154,0.063388,,"ERROR: Could not find hyperparameters for the kernel instance corresponding to the target (batch_size, a, b, c, d, preci"
group1,8,16,1024,2048,128,1,2048,0.086073,0.063334,,"ERROR: Could not find hyperparameters for the kernel instance corresponding to the target (batch_size, a, b, c, d, preci"
group1,8,16,1024,2048,128,1,4096,0.161812,0.063539,,"ERROR: Could not find hyperparameters for the kernel instance corresponding to the target (batch_size, a, b, c, d, preci"
group1,8,16,2048,4096,1,256,2,0.084664,0.104482,,"ERROR: Could not find hyperparameters for the kernel instance corresponding to the target (batch_size, a, b, c, d, preci"
group1,8,16,2048,4096,1,256,4,0.085458,0.104678,,"ERROR: Could not find hyperparameters for the kernel instance corresponding to the target (batch_size, a, b, c, d, preci"
group1,8,16,2048,4096,1,256,8,0.084692,0.104423,,"ERROR: Could not find hyperparameters for the kernel instance corresponding to the target (batch_size, a, b, c, d, preci"
group1,8,16,2048,4096,1,256,16,0.085022,0.104105,,"ERROR: Could not find hyperparameters for the kernel instance corresponding to the target (batch_size, a, b, c, d, preci"
group1,8,16,2048,4096,1,256,32,0.085347,0.104294,,"ERROR: Could not find hyperparameters for the kernel instance corresponding to the target (batch_size, a, b, c, d, preci"
group1,8,16,2048,4096,1,256,64,0.085067,0.104782,,"ERROR: Could not find hyperparameters for the kernel instance corresponding to the target (batch_size, a, b, c, d, preci"
group1,8,16,2048,4096,1,256,128,0.084927,0.104705,,"ERROR: Could not find hyperparameters for the kernel instance corresponding to the target (batch_size, a, b, c, d, preci"
group1,8,16,2048,4096,1,256,256,0.085997,0.104707,,"ERROR: Could not find hyperparameters for the kernel instance corresponding to the target (batch_size, a, b, c, d, preci"
group1,8,16,2048,4096,1,256,512,0.085664,0.105095,,"ERROR: Could not find hyperparameters for the kernel instance corresponding to the target (batch_size, a, b, c, d, preci"
group1,8,16,2048,4096,1,256,1024,0.086061,0.104968,,"ERROR: Could not find hyperparameters for the kernel instance corresponding to the target (batch_size, a, b, c, d, preci"
group1,8,16,2048,4096,1,256,2048,0.160624,0.105416,,"ERROR: Could not find hyperparameters for the kernel instance corresponding to the target (batch_size, a, b, c, d, preci"
group1,8,16,2048,4096,1,256,4096,0.323282,0.176281,,"ERROR: Could not find hyperparameters for the kernel instance corresponding to the target (batch_size, a, b, c, d, preci"
group1,8,16,2048,4096,2,128,2,0.084776,0.100964,,"ERROR: Could not find hyperparameters for the kernel instance corresponding to the target (batch_size, a, b, c, d, preci"
group1,8,16,2048,4096,2,128,4,0.085299,0.101684,,"ERROR: Could not find hyperparameters for the kernel instance corresponding to the target (batch_size, a, b, c, d, preci"
group1,8,16,2048,4096,2,128,8,0.084958,0.101705,,"ERROR: Could not find hyperparameters for the kernel instance corresponding to the target (batch_size, a, b, c, d, preci"
group1,8,16,2048,4096,2,128,16,0.085216,0.101554,,"ERROR: Could not find hyperparameters for the kernel instance corresponding to the target (batch_size, a, b, c, d, preci"
group1,8,16,2048,4096,2,128,32,0.085753,0.101493,,"ERROR: Could not find hyperparameters for the kernel instance corresponding to the target (batch_size, a, b, c, d, preci"
group1,8,16,2048,4096,2,128,64,0.084736,0.101183,,"ERROR: Could not find hyperparameters for the kernel instance corresponding to the target (batch_size, a, b, c, d, preci"
group1,8,16,2048,4096,2,128,128,0.085500,0.101397,,"ERROR: Could not find hyperparameters for the kernel instance corresponding to the target (batch_size, a, b, c, d, preci"
group1,8,16,2048,4096,2,128,256,0.085727,0.101869,,"ERROR: Could not find hyperparameters for the kernel instance corresponding to the target (batch_size, a, b, c, d, preci"
group1,8,16,2048,4096,2,128,512,0.086546,0.101848,,"ERROR: Could not find hyperparameters for the kernel instance corresponding to the target (batch_size, a, b, c, d, preci"
group1,8,16,2048,4096,2,128,1024,0.086751,0.101748,,"ERROR: Could not find hyperparameters for the kernel instance corresponding to the target (batch_size, a, b, c, d, preci"
group1,8,16,2048,4096,2,128,2048,0.160828,0.102444,,"ERROR: Could not find hyperparameters for the kernel instance corresponding to the target (batch_size, a, b, c, d, preci"
group1,8,16,2048,4096,2,128,4096,0.323321,0.173577,,"ERROR: Could not find hyperparameters for the kernel instance corresponding to the target (batch_size, a, b, c, d, preci"
group1,8,16,2048,4096,4,64,2,0.085094,0.100951,,"ERROR: Could not find hyperparameters for the kernel instance corresponding to the target (batch_size, a, b, c, d, preci"
group1,8,16,2048,4096,4,64,4,0.085279,0.101240,,"ERROR: Could not find hyperparameters for the kernel instance corresponding to the target (batch_size, a, b, c, d, preci"
group1,8,16,2048,4096,4,64,8,0.085842,0.101892,,"ERROR: Could not find hyperparameters for the kernel instance corresponding to the target (batch_size, a, b, c, d, preci"
group1,8,16,2048,4096,4,64,16,0.085303,0.101913,,"ERROR: Could not find hyperparameters for the kernel instance corresponding to the target (batch_size, a, b, c, d, preci"
group1,8,16,2048,4096,4,64,32,0.085628,0.101236,,"ERROR: Could not find hyperparameters for the kernel instance corresponding to the target (batch_size, a, b, c, d, preci"
group1,8,16,2048,4096,4,64,64,0.085018,0.101849,,"ERROR: Could not find hyperparameters for the kernel instance corresponding to the target (batch_size, a, b, c, d, preci"
group1,8,16,2048,4096,4,64,128,0.085220,0.101731,,"ERROR: Could not find hyperparameters for the kernel instance corresponding to the target (batch_size, a, b, c, d, preci"
group1,8,16,2048,4096,4,64,256,0.086250,0.101820,,"ERROR: Could not find hyperparameters for the kernel instance corresponding to the target (batch_size, a, b, c, d, preci"
group1,8,16,2048,4096,4,64,512,0.086391,0.101658,,"ERROR: Could not find hyperparameters for the kernel instance corresponding to the target (batch_size, a, b, c, d, preci"
group1,8,16,2048,4096,4,64,1024,0.086858,0.101568,,"ERROR: Could not find hyperparameters for the kernel instance corresponding to the target (batch_size, a, b, c, d, preci"
group1,8,16,2048,4096,4,64,2048,0.160877,0.102699,,"ERROR: Could not find hyperparameters for the kernel instance corresponding to the target (batch_size, a, b, c, d, preci"
group1,8,16,2048,4096,4,64,4096,0.323404,0.172921,,"ERROR: Could not find hyperparameters for the kernel instance corresponding to the target (batch_size, a, b, c, d, preci"
group1,8,16,2048,4096,8,32,2,0.084762,0.101569,,"ERROR: Could not find hyperparameters for the kernel instance corresponding to the target (batch_size, a, b, c, d, preci"
group1,8,16,2048,4096,8,32,4,0.084693,0.101048,,"ERROR: Could not find hyperparameters for the kernel instance corresponding to the target (batch_size, a, b, c, d, preci"
group1,8,16,2048,4096,8,32,8,0.085134,0.101089,,"ERROR: Could not find hyperparameters for the kernel instance corresponding to the target (batch_size, a, b, c, d, preci"
group1,8,16,2048,4096,8,32,16,0.085354,0.101345,,"ERROR: Could not find hyperparameters for the kernel instance corresponding to the target (batch_size, a, b, c, d, preci"
group1,8,16,2048,4096,8,32,32,0.085170,0.101363,,"ERROR: Could not find hyperparameters for the kernel instance corresponding to the target (batch_size, a, b, c, d, preci"
group1,8,16,2048,4096,8,32,64,0.085196,0.101640,,"ERROR: Could not find hyperparameters for the kernel instance corresponding to the target (batch_size, a, b, c, d, preci"
group1,8,16,2048,4096,8,32,128,0.084719,0.101537,,"ERROR: Could not find hyperparameters for the kernel instance corresponding to the target (batch_size, a, b, c, d, preci"
group1,8,16,2048,4096,8,32,256,0.085409,0.101498,,"ERROR: Could not find hyperparameters for the kernel instance corresponding to the target (batch_size, a, b, c, d, preci"
group1,8,16,2048,4096,8,32,512,0.086140,0.101485,,"ERROR: Could not find hyperparameters for the kernel instance corresponding to the target (batch_size, a, b, c, d, preci"
group1,8,16,2048,4096,8,32,1024,0.086237,0.101423,,"ERROR: Could not find hyperparameters for the kernel instance corresponding to the target (batch_size, a, b, c, d, preci"
group1,8,16,2048,4096,8,32,2048,0.160926,0.102467,,"ERROR: Could not find hyperparameters for the kernel instance corresponding to the target (batch_size, a, b, c, d, preci"
group1,8,16,2048,4096,8,32,4096,0.323326,0.164314,,"ERROR: Could not find hyperparameters for the kernel instance corresponding to the target (batch_size, a, b, c, d, preci"
group1,8,16,2048,4096,16,16,2,0.084382,0.100717,,"ERROR: Could not find hyperparameters for the kernel instance corresponding to the target (batch_size, a, b, c, d, preci"
group1,8,16,2048,4096,16,16,4,0.084923,0.101156,,"ERROR: Could not find hyperparameters for the kernel instance corresponding to the target (batch_size, a, b, c, d, preci"
group1,8,16,2048,4096,16,16,8,0.085561,0.101616,,"ERROR: Could not find hyperparameters for the kernel instance corresponding to the target (batch_size, a, b, c, d, preci"
group1,8,16,2048,4096,16,16,16,0.085151,0.101404,,"ERROR: Could not find hyperparameters for the kernel instance corresponding to the target (batch_size, a, b, c, d, preci"
group1,8,16,2048,4096,16,16,32,0.085393,0.101481,,"ERROR: Could not find hyperparameters for the kernel instance corresponding to the target (batch_size, a, b, c, d, preci"
group1,8,16,2048,4096,16,16,64,0.085103,0.101200,,"ERROR: Could not find hyperparameters for the kernel instance corresponding to the target (batch_size, a, b, c, d, preci"
group1,8,16,2048,4096,16,16,128,0.085515,0.101642,,"ERROR: Could not find hyperparameters for the kernel instance corresponding to the target (batch_size, a, b, c, d, preci"
group1,8,16,2048,4096,16,16,256,0.085845,0.101443,,"ERROR: Could not find hyperparameters for the kernel instance corresponding to the target (batch_size, a, b, c, d, preci"
group1,8,16,2048,4096,16,16,512,0.086240,0.101628,,"ERROR: Could not find hyperparameters for the kernel instance corresponding to the target (batch_size, a, b, c, d, preci"
group1,8,16,2048,4096,16,16,1024,0.086377,0.101733,,"ERROR: Could not find hyperparameters for the kernel instance corresponding to the target (batch_size, a, b, c, d, preci"
group1,8,16,2048,4096,16,16,2048,0.160962,0.102451,,"ERROR: Could not find hyperparameters for the kernel instance corresponding to the target (batch_size, a, b, c, d, preci"
group1,8,16,2048,4096,16,16,4096,0.323222,0.171319,,"ERROR: Could not find hyperparameters for the kernel instance corresponding to the target (batch_size, a, b, c, d, preci"
group1,8,16,2048,4096,32,8,2,0.085204,0.101406,,"ERROR: Could not find hyperparameters for the kernel instance corresponding to the target (batch_size, a, b, c, d, preci"
group1,8,16,2048,4096,32,8,4,0.085132,0.100943,,"ERROR: Could not find hyperparameters for the kernel instance corresponding to the target (batch_size, a, b, c, d, preci"
group1,8,16,2048,4096,32,8,8,0.085432,0.100727,,"ERROR: Could not find hyperparameters for the kernel instance corresponding to the target (batch_size, a, b, c, d, preci"
group1,8,16,2048,4096,32,8,16,0.086042,0.101462,,"ERROR: Could not find hyperparameters for the kernel instance corresponding to the target (batch_size, a, b, c, d, preci"
group1,8,16,2048,4096,32,8,32,0.085146,0.101599,,"ERROR: Could not find hyperparameters for the kernel instance corresponding to the target (batch_size, a, b, c, d, preci"
group1,8,16,2048,4096,32,8,64,0.085076,0.101523,,"ERROR: Could not find hyperparameters for the kernel instance corresponding to the target (batch_size, a, b, c, d, preci"
group1,8,16,2048,4096,32,8,128,0.085110,0.101444,,"ERROR: Could not find hyperparameters for the kernel instance corresponding to the target (batch_size, a, b, c, d, preci"
group1,8,16,2048,4096,32,8,256,0.085928,0.101638,,"ERROR: Could not find hyperparameters for the kernel instance corresponding to the target (batch_size, a, b, c, d, preci"
group1,8,16,2048,4096,32,8,512,0.086246,0.101314,,"ERROR: Could not find hyperparameters for the kernel instance corresponding to the target (batch_size, a, b, c, d, preci"
group1,8,16,2048,4096,32,8,1024,0.086200,0.101607,,"ERROR: Could not find hyperparameters for the kernel instance corresponding to the target (batch_size, a, b, c, d, preci"
group1,8,16,2048,4096,32,8,2048,0.160912,0.101927,,"ERROR: Could not find hyperparameters for the kernel instance corresponding to the target (batch_size, a, b, c, d, preci"
group1,8,16,2048,4096,32,8,4096,0.323210,0.187317,,"ERROR: Could not find hyperparameters for the kernel instance corresponding to the target (batch_size, a, b, c, d, preci"
group1,8,16,2048,4096,64,4,2,0.084850,0.100835,,"ERROR: Could not find hyperparameters for the kernel instance corresponding to the target (batch_size, a, b, c, d, preci"
group1,8,16,2048,4096,64,4,4,0.084821,0.101131,,"ERROR: Could not find hyperparameters for the kernel instance corresponding to the target (batch_size, a, b, c, d, preci"
group1,8,16,2048,4096,64,4,8,0.085416,0.101953,,"ERROR: Could not find hyperparameters for the kernel instance corresponding to the target (batch_size, a, b, c, d, preci"
group1,8,16,2048,4096,64,4,16,0.085066,0.101603,,"ERROR: Could not find hyperparameters for the kernel instance corresponding to the target (batch_size, a, b, c, d, preci"
group1,8,16,2048,4096,64,4,32,0.085282,0.101087,,"ERROR: Could not find hyperparameters for the kernel instance corresponding to the target (batch_size, a, b, c, d, preci"
group1,8,16,2048,4096,64,4,64,0.085086,0.101536,,"ERROR: Could not find hyperparameters for the kernel instance corresponding to the target (batch_size, a, b, c, d, preci"
group1,8,16,2048,4096,64,4,128,0.085167,0.101409,,"ERROR: Could not find hyperparameters for the kernel instance corresponding to the target (batch_size, a, b, c, d, preci"
group1,8,16,2048,4096,64,4,256,0.085559,0.101399,,"ERROR: Could not find hyperparameters for the kernel instance corresponding to the target (batch_size, a, b, c, d, preci"
group1,8,16,2048,4096,64,4,512,0.085989,0.101466,,"ERROR: Could not find hyperparameters for the kernel instance corresponding to the target (batch_size, a, b, c, d, preci"
group1,8,16,2048,4096,64,4,1024,0.086115,0.101415,,"ERROR: Could not find hyperparameters for the kernel instance corresponding to the target (batch_size, a, b, c, d, preci"
group1,8,16,2048,4096,64,4,2048,0.160873,0.102206,,"ERROR: Could not find hyperparameters for the kernel instance corresponding to the target (batch_size, a, b, c, d, preci"
group1,8,16,2048,4096,64,4,4096,0.323214,0.188520,,"ERROR: Could not find hyperparameters for the kernel instance corresponding to the target (batch_size, a, b, c, d, preci"
group1,8,16,2048,4096,128,2,2,0.084814,0.101025,,"ERROR: Could not find hyperparameters for the kernel instance corresponding to the target (batch_size, a, b, c, d, preci"
group1,8,16,2048,4096,128,2,4,0.084796,0.100835,,"ERROR: Could not find hyperparameters for the kernel instance corresponding to the target (batch_size, a, b, c, d, preci"
group1,8,16,2048,4096,128,2,8,0.085140,0.100662,,"ERROR: Could not find hyperparameters for the kernel instance corresponding to the target (batch_size, a, b, c, d, preci"
group1,8,16,2048,4096,128,2,16,0.085468,0.101277,,"ERROR: Could not find hyperparameters for the kernel instance corresponding to the target (batch_size, a, b, c, d, preci"
group1,8,16,2048,4096,128,2,32,0.085145,0.101732,,"ERROR: Could not find hyperparameters for the kernel instance corresponding to the target (batch_size, a, b, c, d, preci"
group1,8,16,2048,4096,128,2,64,0.084955,0.101584,,"ERROR: Could not find hyperparameters for the kernel instance corresponding to the target (batch_size, a, b, c, d, preci"
group1,8,16,2048,4096,128,2,128,0.084982,0.101121,,"ERROR: Could not find hyperparameters for the kernel instance corresponding to the target (batch_size, a, b, c, d, preci"
group1,8,16,2048,4096,128,2,256,0.085461,0.101628,,"ERROR: Could not find hyperparameters for the kernel instance corresponding to the target (batch_size, a, b, c, d, preci"
group1,8,16,2048,4096,128,2,512,0.085761,0.101099,,"ERROR: Could not find hyperparameters for the kernel instance corresponding to the target (batch_size, a, b, c, d, preci"
group1,8,16,2048,4096,128,2,1024,0.086206,0.101877,,"ERROR: Could not find hyperparameters for the kernel instance corresponding to the target (batch_size, a, b, c, d, preci"
group1,8,16,2048,4096,128,2,2048,0.160991,0.101917,,"ERROR: Could not find hyperparameters for the kernel instance corresponding to the target (batch_size, a, b, c, d, preci"
group1,8,16,2048,4096,128,2,4096,0.323094,0.189720,,"ERROR: Could not find hyperparameters for the kernel instance corresponding to the target (batch_size, a, b, c, d, preci"
group1,8,16,2048,4096,256,1,2,0.084122,0.063398,,"ERROR: Could not find hyperparameters for the kernel instance corresponding to the target (batch_size, a, b, c, d, preci"
group1,8,16,2048,4096,256,1,4,0.084463,0.063136,,"ERROR: Could not find hyperparameters for the kernel instance corresponding to the target (batch_size, a, b, c, d, preci"
group1,8,16,2048,4096,256,1,8,0.085370,0.063572,,"ERROR: Could not find hyperparameters for the kernel instance corresponding to the target (batch_size, a, b, c, d, preci"
group1,8,16,2048,4096,256,1,16,0.085265,0.063265,,"ERROR: Could not find hyperparameters for the kernel instance corresponding to the target (batch_size, a, b, c, d, preci"
group1,8,16,2048,4096,256,1,32,0.084925,0.063609,,"ERROR: Could not find hyperparameters for the kernel instance corresponding to the target (batch_size, a, b, c, d, preci"
group1,8,16,2048,4096,256,1,64,0.084565,0.063154,,"ERROR: Could not find hyperparameters for the kernel instance corresponding to the target (batch_size, a, b, c, d, preci"
group1,8,16,2048,4096,256,1,128,0.084783,0.063107,,"ERROR: Could not find hyperparameters for the kernel instance corresponding to the target (batch_size, a, b, c, d, preci"
group1,8,16,2048,4096,256,1,256,0.085275,0.063498,,"ERROR: Could not find hyperparameters for the kernel instance corresponding to the target (batch_size, a, b, c, d, preci"
group1,8,16,2048,4096,256,1,512,0.085616,0.063598,,"ERROR: Could not find hyperparameters for the kernel instance corresponding to the target (batch_size, a, b, c, d, preci"
group1,8,16,2048,4096,256,1,1024,0.085913,0.063516,,"ERROR: Could not find hyperparameters for the kernel instance corresponding to the target (batch_size, a, b, c, d, preci"
group1,8,16,2048,4096,256,1,2048,0.160660,0.063536,,"ERROR: Could not find hyperparameters for the kernel instance corresponding to the target (batch_size, a, b, c, d, preci"
group1,8,16,2048,4096,256,1,4096,0.322551,0.072721,,"ERROR: Could not find hyperparameters for the kernel instance corresponding to the target (batch_size, a, b, c, d, preci"
group1,8,32,512,2048,1,64,2,0.084206,0.104258,,"ERROR: Could not find hyperparameters for the kernel instance corresponding to the target (batch_size, a, b, c, d, preci"
group1,8,32,512,2048,1,64,4,0.084327,0.104209,,"ERROR: Could not find hyperparameters for the kernel instance corresponding to the target (batch_size, a, b, c, d, preci"
group1,8,32,512,2048,1,64,8,0.084967,0.104329,,"ERROR: Could not find hyperparameters for the kernel instance corresponding to the target (batch_size, a, b, c, d, preci"
group1,8,32,512,2048,1,64,16,0.085002,0.104532,,"ERROR: Could not find hyperparameters for the kernel instance corresponding to the target (batch_size, a, b, c, d, preci"
group1,8,32,512,2048,1,64,32,0.085094,0.104796,,"ERROR: Could not find hyperparameters for the kernel instance corresponding to the target (batch_size, a, b, c, d, preci"
group1,8,32,512,2048,1,64,64,0.085010,0.104741,,"ERROR: Could not find hyperparameters for the kernel instance corresponding to the target (batch_size, a, b, c, d, preci"
group1,8,32,512,2048,1,64,128,0.084759,0.104917,,"ERROR: Could not find hyperparameters for the kernel instance corresponding to the target (batch_size, a, b, c, d, preci"
group1,8,32,512,2048,1,64,256,0.085054,0.104077,,"ERROR: Could not find hyperparameters for the kernel instance corresponding to the target (batch_size, a, b, c, d, preci"
group1,8,32,512,2048,1,64,512,0.085882,0.105360,,"ERROR: Could not find hyperparameters for the kernel instance corresponding to the target (batch_size, a, b, c, d, preci"
group1,8,32,512,2048,1,64,1024,0.085980,0.105399,,"ERROR: Could not find hyperparameters for the kernel instance corresponding to the target (batch_size, a, b, c, d, preci"
group1,8,32,512,2048,1,64,2048,0.086524,0.104865,,"ERROR: Could not find hyperparameters for the kernel instance corresponding to the target (batch_size, a, b, c, d, preci"
group1,8,32,512,2048,1,64,4096,0.141255,0.105238,,"ERROR: Could not find hyperparameters for the kernel instance corresponding to the target (batch_size, a, b, c, d, preci"
group1,8,32,512,2048,2,32,2,0.084578,0.100802,,"ERROR: Could not find hyperparameters for the kernel instance corresponding to the target (batch_size, a, b, c, d, preci"
group1,8,32,512,2048,2,32,4,0.084808,0.100649,,"ERROR: Could not find hyperparameters for the kernel instance corresponding to the target (batch_size, a, b, c, d, preci"
group1,8,32,512,2048,2,32,8,0.084724,0.100878,,"ERROR: Could not find hyperparameters for the kernel instance corresponding to the target (batch_size, a, b, c, d, preci"
group1,8,32,512,2048,2,32,16,0.084712,0.101054,,"ERROR: Could not find hyperparameters for the kernel instance corresponding to the target (batch_size, a, b, c, d, preci"
group1,8,32,512,2048,2,32,32,0.084686,0.101083,,"ERROR: Could not find hyperparameters for the kernel instance corresponding to the target (batch_size, a, b, c, d, preci"
group1,8,32,512,2048,2,32,64,0.084863,0.101258,,"ERROR: Could not find hyperparameters for the kernel instance corresponding to the target (batch_size, a, b, c, d, preci"
group1,8,32,512,2048,2,32,128,0.085173,0.101100,,"ERROR: Could not find hyperparameters for the kernel instance corresponding to the target (batch_size, a, b, c, d, preci"
group1,8,32,512,2048,2,32,256,0.084917,0.101605,,"ERROR: Could not find hyperparameters for the kernel instance corresponding to the target (batch_size, a, b, c, d, preci"
group1,8,32,512,2048,2,32,512,0.085804,0.101435,,"ERROR: Could not find hyperparameters for the kernel instance corresponding to the target (batch_size, a, b, c, d, preci"
group1,8,32,512,2048,2,32,1024,0.085886,0.101284,,"ERROR: Could not find hyperparameters for the kernel instance corresponding to the target (batch_size, a, b, c, d, preci"
group1,8,32,512,2048,2,32,2048,0.085937,0.101304,,"ERROR: Could not find hyperparameters for the kernel instance corresponding to the target (batch_size, a, b, c, d, preci"
group1,8,32,512,2048,2,32,4096,0.141219,0.101589,,"ERROR: Could not find hyperparameters for the kernel instance corresponding to the target (batch_size, a, b, c, d, preci"
group1,8,32,512,2048,4,16,2,0.084164,0.100611,,"ERROR: Could not find hyperparameters for the kernel instance corresponding to the target (batch_size, a, b, c, d, preci"
group1,8,32,512,2048,4,16,4,0.084250,0.100769,,"ERROR: Could not find hyperparameters for the kernel instance corresponding to the target (batch_size, a, b, c, d, preci"
group1,8,32,512,2048,4,16,8,0.084544,0.101197,,"ERROR: Could not find hyperparameters for the kernel instance corresponding to the target (batch_size, a, b, c, d, preci"
group1,8,32,512,2048,4,16,16,0.085142,0.101246,,"ERROR: Could not find hyperparameters for the kernel instance corresponding to the target (batch_size, a, b, c, d, preci"
group1,8,32,512,2048,4,16,32,0.084858,0.101561,,"ERROR: Could not find hyperparameters for the kernel instance corresponding to the target (batch_size, a, b, c, d, preci"
group1,8,32,512,2048,4,16,64,0.084702,0.101476,,"ERROR: Could not find hyperparameters for the kernel instance corresponding to the target (batch_size, a, b, c, d, preci"
group1,8,32,512,2048,4,16,128,0.084665,0.101114,,"ERROR: Could not find hyperparameters for the kernel instance corresponding to the target (batch_size, a, b, c, d, preci"
group1,8,32,512,2048,4,16,256,0.084928,0.101522,,"ERROR: Could not find hyperparameters for the kernel instance corresponding to the target (batch_size, a, b, c, d, preci"
group1,8,32,512,2048,4,16,512,0.085245,0.101320,,"ERROR: Could not find hyperparameters for the kernel instance corresponding to the target (batch_size, a, b, c, d, preci"
group1,8,32,512,2048,4,16,1024,0.085729,0.101614,,"ERROR: Could not find hyperparameters for the kernel instance corresponding to the target (batch_size, a, b, c, d, preci"
group1,8,32,512,2048,4,16,2048,0.086527,0.101321,,"ERROR: Could not find hyperparameters for the kernel instance corresponding to the target (batch_size, a, b, c, d, preci"
group1,8,32,512,2048,4,16,4096,0.141071,0.101771,,"ERROR: Could not find hyperparameters for the kernel instance corresponding to the target (batch_size, a, b, c, d, preci"
group1,8,32,512,2048,8,8,2,0.084264,0.100738,,"ERROR: Could not find hyperparameters for the kernel instance corresponding to the target (batch_size, a, b, c, d, preci"
group1,8,32,512,2048,8,8,4,0.084264,0.100835,,"ERROR: Could not find hyperparameters for the kernel instance corresponding to the target (batch_size, a, b, c, d, preci"
group1,8,32,512,2048,8,8,8,0.084334,0.101265,,"ERROR: Could not find hyperparameters for the kernel instance corresponding to the target (batch_size, a, b, c, d, preci"
group1,8,32,512,2048,8,8,16,0.085740,0.101516,,"ERROR: Could not find hyperparameters for the kernel instance corresponding to the target (batch_size, a, b, c, d, preci"
group1,8,32,512,2048,8,8,32,0.085103,0.101325,,"ERROR: Could not find hyperparameters for the kernel instance corresponding to the target (batch_size, a, b, c, d, preci"
group1,8,32,512,2048,8,8,64,0.085178,0.101695,,"ERROR: Could not find hyperparameters for the kernel instance corresponding to the target (batch_size, a, b, c, d, preci"
group1,8,32,512,2048,8,8,128,0.084821,0.101105,,"ERROR: Could not find hyperparameters for the kernel instance corresponding to the target (batch_size, a, b, c, d, preci"
group1,8,32,512,2048,8,8,256,0.084772,0.101226,,"ERROR: Could not find hyperparameters for the kernel instance corresponding to the target (batch_size, a, b, c, d, preci"
group1,8,32,512,2048,8,8,512,0.086475,0.101771,,"ERROR: Could not find hyperparameters for the kernel instance corresponding to the target (batch_size, a, b, c, d, preci"
group1,8,32,512,2048,8,8,1024,0.086270,0.101240,,"ERROR: Could not find hyperparameters for the kernel instance corresponding to the target (batch_size, a, b, c, d, preci"
group1,8,32,512,2048,8,8,2048,0.086784,0.101555,,"ERROR: Could not find hyperparameters for the kernel instance corresponding to the target (batch_size, a, b, c, d, preci"
group1,8,32,512,2048,8,8,4096,0.141152,0.101633,,"ERROR: Could not find hyperparameters for the kernel instance corresponding to the target (batch_size, a, b, c, d, preci"
group1,8,32,512,2048,16,4,2,0.084632,0.101056,,"ERROR: Could not find hyperparameters for the kernel instance corresponding to the target (batch_size, a, b, c, d, preci"
group1,8,32,512,2048,16,4,4,0.085159,0.101509,,"ERROR: Could not find hyperparameters for the kernel instance corresponding to the target (batch_size, a, b, c, d, preci"
group1,8,32,512,2048,16,4,8,0.084970,0.101451,,"ERROR: Could not find hyperparameters for the kernel instance corresponding to the target (batch_size, a, b, c, d, preci"
group1,8,32,512,2048,16,4,16,0.086067,0.101258,,"ERROR: Could not find hyperparameters for the kernel instance corresponding to the target (batch_size, a, b, c, d, preci"
group1,8,32,512,2048,16,4,32,0.085356,0.101628,,"ERROR: Could not find hyperparameters for the kernel instance corresponding to the target (batch_size, a, b, c, d, preci"
group1,8,32,512,2048,16,4,64,0.085902,0.101148,,"ERROR: Could not find hyperparameters for the kernel instance corresponding to the target (batch_size, a, b, c, d, preci"
group1,8,32,512,2048,16,4,128,0.085536,0.101421,,"ERROR: Could not find hyperparameters for the kernel instance corresponding to the target (batch_size, a, b, c, d, preci"
group1,8,32,512,2048,16,4,256,0.085699,0.101318,,"ERROR: Could not find hyperparameters for the kernel instance corresponding to the target (batch_size, a, b, c, d, preci"
group1,8,32,512,2048,16,4,512,0.086766,0.101961,,"ERROR: Could not find hyperparameters for the kernel instance corresponding to the target (batch_size, a, b, c, d, preci"
group1,8,32,512,2048,16,4,1024,0.086460,0.101386,,"ERROR: Could not find hyperparameters for the kernel instance corresponding to the target (batch_size, a, b, c, d, preci"
group1,8,32,512,2048,16,4,2048,0.087249,0.101407,,"ERROR: Could not find hyperparameters for the kernel instance corresponding to the target (batch_size, a, b, c, d, preci"
group1,8,32,512,2048,16,4,4096,0.141055,0.101703,,"ERROR: Could not find hyperparameters for the kernel instance corresponding to the target (batch_size, a, b, c, d, preci"
group1,8,32,512,2048,32,2,2,0.084320,0.100986,,"ERROR: Could not find hyperparameters for the kernel instance corresponding to the target (batch_size, a, b, c, d, preci"
group1,8,32,512,2048,32,2,4,0.084903,0.101223,,"ERROR: Could not find hyperparameters for the kernel instance corresponding to the target (batch_size, a, b, c, d, preci"
group1,8,32,512,2048,32,2,8,0.084563,0.101062,,"ERROR: Could not find hyperparameters for the kernel instance corresponding to the target (batch_size, a, b, c, d, preci"
group1,8,32,512,2048,32,2,16,0.085789,0.101540,,"ERROR: Could not find hyperparameters for the kernel instance corresponding to the target (batch_size, a, b, c, d, preci"
group1,8,32,512,2048,32,2,32,0.085432,0.101168,,"ERROR: Could not find hyperparameters for the kernel instance corresponding to the target (batch_size, a, b, c, d, preci"
group1,8,32,512,2048,32,2,64,0.084876,0.101027,,"ERROR: Could not find hyperparameters for the kernel instance corresponding to the target (batch_size, a, b, c, d, preci"
group1,8,32,512,2048,32,2,128,0.084928,0.101434,,"ERROR: Could not find hyperparameters for the kernel instance corresponding to the target (batch_size, a, b, c, d, preci"
group1,8,32,512,2048,32,2,256,0.084963,0.101452,,"ERROR: Could not find hyperparameters for the kernel instance corresponding to the target (batch_size, a, b, c, d, preci"
group1,8,32,512,2048,32,2,512,0.086221,0.101773,,"ERROR: Could not find hyperparameters for the kernel instance corresponding to the target (batch_size, a, b, c, d, preci"
group1,8,32,512,2048,32,2,1024,0.085963,0.101641,,"ERROR: Could not find hyperparameters for the kernel instance corresponding to the target (batch_size, a, b, c, d, preci"
group1,8,32,512,2048,32,2,2048,0.086554,0.100980,,"ERROR: Could not find hyperparameters for the kernel instance corresponding to the target (batch_size, a, b, c, d, preci"
group1,8,32,512,2048,32,2,4096,0.141078,0.101655,,"ERROR: Could not find hyperparameters for the kernel instance corresponding to the target (batch_size, a, b, c, d, preci"
group1,8,32,512,2048,64,1,2,0.084349,0.063304,,"ERROR: Could not find hyperparameters for the kernel instance corresponding to the target (batch_size, a, b, c, d, preci"
group1,8,32,512,2048,64,1,4,0.084951,0.063079,,"ERROR: Could not find hyperparameters for the kernel instance corresponding to the target (batch_size, a, b, c, d, preci"
group1,8,32,512,2048,64,1,8,0.085289,0.062989,,"ERROR: Could not find hyperparameters for the kernel instance corresponding to the target (batch_size, a, b, c, d, preci"
group1,8,32,512,2048,64,1,16,0.085013,0.062760,,"ERROR: Could not find hyperparameters for the kernel instance corresponding to the target (batch_size, a, b, c, d, preci"
group1,8,32,512,2048,64,1,32,0.084730,0.062886,,"ERROR: Could not find hyperparameters for the kernel instance corresponding to the target (batch_size, a, b, c, d, preci"
group1,8,32,512,2048,64,1,64,0.084538,0.062983,,"ERROR: Could not find hyperparameters for the kernel instance corresponding to the target (batch_size, a, b, c, d, preci"
group1,8,32,512,2048,64,1,128,0.085165,0.063394,,"ERROR: Could not find hyperparameters for the kernel instance corresponding to the target (batch_size, a, b, c, d, preci"
group1,8,32,512,2048,64,1,256,0.085655,0.062733,,"ERROR: Could not find hyperparameters for the kernel instance corresponding to the target (batch_size, a, b, c, d, preci"
group1,8,32,512,2048,64,1,512,0.086350,0.063509,,"ERROR: Could not find hyperparameters for the kernel instance corresponding to the target (batch_size, a, b, c, d, preci"
group1,8,32,512,2048,64,1,1024,0.086646,0.063405,,"ERROR: Could not find hyperparameters for the kernel instance corresponding to the target (batch_size, a, b, c, d, preci"
group1,8,32,512,2048,64,1,2048,0.086637,0.063255,,"ERROR: Could not find hyperparameters for the kernel instance corresponding to the target (batch_size, a, b, c, d, preci"
group1,8,32,512,2048,64,1,4096,0.140753,0.063157,,"ERROR: Could not find hyperparameters for the kernel instance corresponding to the target (batch_size, a, b, c, d, preci"
group1,8,32,1024,4096,1,128,2,0.084560,0.104081,,"ERROR: Could not find hyperparameters for the kernel instance corresponding to the target (batch_size, a, b, c, d, preci"
group1,8,32,1024,4096,1,128,4,0.085238,0.104395,,"ERROR: Could not find hyperparameters for the kernel instance corresponding to the target (batch_size, a, b, c, d, preci"
group1,8,32,1024,4096,1,128,8,0.085174,0.104376,,"ERROR: Could not find hyperparameters for the kernel instance corresponding to the target (batch_size, a, b, c, d, preci"
group1,8,32,1024,4096,1,128,16,0.085825,0.104411,,"ERROR: Could not find hyperparameters for the kernel instance corresponding to the target (batch_size, a, b, c, d, preci"
group1,8,32,1024,4096,1,128,32,0.084862,0.104121,,"ERROR: Could not find hyperparameters for the kernel instance corresponding to the target (batch_size, a, b, c, d, preci"
group1,8,32,1024,4096,1,128,64,0.084858,0.104210,,"ERROR: Could not find hyperparameters for the kernel instance corresponding to the target (batch_size, a, b, c, d, preci"
group1,8,32,1024,4096,1,128,128,0.085350,0.104329,,"ERROR: Could not find hyperparameters for the kernel instance corresponding to the target (batch_size, a, b, c, d, preci"
group1,8,32,1024,4096,1,128,256,0.085598,0.104971,,"ERROR: Could not find hyperparameters for the kernel instance corresponding to the target (batch_size, a, b, c, d, preci"
group1,8,32,1024,4096,1,128,512,0.085460,0.104675,,"ERROR: Could not find hyperparameters for the kernel instance corresponding to the target (batch_size, a, b, c, d, preci"
group1,8,32,1024,4096,1,128,1024,0.086747,0.104553,,"ERROR: Could not find hyperparameters for the kernel instance corresponding to the target (batch_size, a, b, c, d, preci"
group1,8,32,1024,4096,1,128,2048,0.141777,0.104875,,"ERROR: Could not find hyperparameters for the kernel instance corresponding to the target (batch_size, a, b, c, d, preci"
group1,8,32,1024,4096,1,128,4096,0.281461,0.186020,,"ERROR: Could not find hyperparameters for the kernel instance corresponding to the target (batch_size, a, b, c, d, preci"
group1,8,32,1024,4096,2,64,2,0.084467,0.100862,,"ERROR: Could not find hyperparameters for the kernel instance corresponding to the target (batch_size, a, b, c, d, preci"
group1,8,32,1024,4096,2,64,4,0.084950,0.100755,,"ERROR: Could not find hyperparameters for the kernel instance corresponding to the target (batch_size, a, b, c, d, preci"
group1,8,32,1024,4096,2,64,8,0.085415,0.100611,,"ERROR: Could not find hyperparameters for the kernel instance corresponding to the target (batch_size, a, b, c, d, preci"
group1,8,32,1024,4096,2,64,16,0.085135,0.100603,,"ERROR: Could not find hyperparameters for the kernel instance corresponding to the target (batch_size, a, b, c, d, preci"
group1,8,32,1024,4096,2,64,32,0.085684,0.101098,,"ERROR: Could not find hyperparameters for the kernel instance corresponding to the target (batch_size, a, b, c, d, preci"
group1,8,32,1024,4096,2,64,64,0.085242,0.101036,,"ERROR: Could not find hyperparameters for the kernel instance corresponding to the target (batch_size, a, b, c, d, preci"
group1,8,32,1024,4096,2,64,128,0.085374,0.100685,,"ERROR: Could not find hyperparameters for the kernel instance corresponding to the target (batch_size, a, b, c, d, preci"
group1,8,32,1024,4096,2,64,256,0.085138,0.100567,,"ERROR: Could not find hyperparameters for the kernel instance corresponding to the target (batch_size, a, b, c, d, preci"
group1,8,32,1024,4096,2,64,512,0.085752,0.101385,,"ERROR: Could not find hyperparameters for the kernel instance corresponding to the target (batch_size, a, b, c, d, preci"
group1,8,32,1024,4096,2,64,1024,0.087003,0.101048,,"ERROR: Could not find hyperparameters for the kernel instance corresponding to the target (batch_size, a, b, c, d, preci"
group1,8,32,1024,4096,2,64,2048,0.141688,0.100921,,"ERROR: Could not find hyperparameters for the kernel instance corresponding to the target (batch_size, a, b, c, d, preci"
group1,8,32,1024,4096,2,64,4096,0.281596,0.185867,,"ERROR: Could not find hyperparameters for the kernel instance corresponding to the target (batch_size, a, b, c, d, preci"
group1,8,32,1024,4096,4,32,2,0.085422,0.100247,,"ERROR: Could not find hyperparameters for the kernel instance corresponding to the target (batch_size, a, b, c, d, preci"
group1,8,32,1024,4096,4,32,4,0.085950,0.100453,,"ERROR: Could not find hyperparameters for the kernel instance corresponding to the target (batch_size, a, b, c, d, preci"
group1,8,32,1024,4096,4,32,8,0.085392,0.101118,,"ERROR: Could not find hyperparameters for the kernel instance corresponding to the target (batch_size, a, b, c, d, preci"
group1,8,32,1024,4096,4,32,16,0.085408,0.100598,,"ERROR: Could not find hyperparameters for the kernel instance corresponding to the target (batch_size, a, b, c, d, preci"
group1,8,32,1024,4096,4,32,32,0.085200,0.100831,,"ERROR: Could not find hyperparameters for the kernel instance corresponding to the target (batch_size, a, b, c, d, preci"
group1,8,32,1024,4096,4,32,64,0.085117,0.100708,,"ERROR: Could not find hyperparameters for the kernel instance corresponding to the target (batch_size, a, b, c, d, preci"
group1,8,32,1024,4096,4,32,128,0.085132,0.100988,,"ERROR: Could not find hyperparameters for the kernel instance corresponding to the target (batch_size, a, b, c, d, preci"
group1,8,32,1024,4096,4,32,256,0.085118,0.100684,,"ERROR: Could not find hyperparameters for the kernel instance corresponding to the target (batch_size, a, b, c, d, preci"
group1,8,32,1024,4096,4,32,512,0.085945,0.100687,,"ERROR: Could not find hyperparameters for the kernel instance corresponding to the target (batch_size, a, b, c, d, preci"
group1,8,32,1024,4096,4,32,1024,0.086467,0.100728,,"ERROR: Could not find hyperparameters for the kernel instance corresponding to the target (batch_size, a, b, c, d, preci"
group1,8,32,1024,4096,4,32,2048,0.141612,0.101253,,"ERROR: Could not find hyperparameters for the kernel instance corresponding to the target (batch_size, a, b, c, d, preci"
group1,8,32,1024,4096,4,32,4096,0.281592,0.128070,,"ERROR: Could not find hyperparameters for the kernel instance corresponding to the target (batch_size, a, b, c, d, preci"
group1,8,32,1024,4096,8,16,2,0.084866,0.100230,,"ERROR: Could not find hyperparameters for the kernel instance corresponding to the target (batch_size, a, b, c, d, preci"
group1,8,32,1024,4096,8,16,4,0.084883,0.101070,,"ERROR: Could not find hyperparameters for the kernel instance corresponding to the target (batch_size, a, b, c, d, preci"
group1,8,32,1024,4096,8,16,8,0.085621,0.101079,,"ERROR: Could not find hyperparameters for the kernel instance corresponding to the target (batch_size, a, b, c, d, preci"
group1,8,32,1024,4096,8,16,16,0.085166,0.100907,,"ERROR: Could not find hyperparameters for the kernel instance corresponding to the target (batch_size, a, b, c, d, preci"
group1,8,32,1024,4096,8,16,32,0.085066,0.100845,,"ERROR: Could not find hyperparameters for the kernel instance corresponding to the target (batch_size, a, b, c, d, preci"
group1,8,32,1024,4096,8,16,64,0.085294,0.100335,,"ERROR: Could not find hyperparameters for the kernel instance corresponding to the target (batch_size, a, b, c, d, preci"
group1,8,32,1024,4096,8,16,128,0.085261,0.100378,,"ERROR: Could not find hyperparameters for the kernel instance corresponding to the target (batch_size, a, b, c, d, preci"
group1,8,32,1024,4096,8,16,256,0.084990,0.101166,,"ERROR: Could not find hyperparameters for the kernel instance corresponding to the target (batch_size, a, b, c, d, preci"
group1,8,32,1024,4096,8,16,512,0.085859,0.101337,,"ERROR: Could not find hyperparameters for the kernel instance corresponding to the target (batch_size, a, b, c, d, preci"
group1,8,32,1024,4096,8,16,1024,0.086661,0.100771,,"ERROR: Could not find hyperparameters for the kernel instance corresponding to the target (batch_size, a, b, c, d, preci"
group1,8,32,1024,4096,8,16,2048,0.141645,0.101400,,"ERROR: Could not find hyperparameters for the kernel instance corresponding to the target (batch_size, a, b, c, d, preci"
group1,8,32,1024,4096,8,16,4096,0.281216,0.121197,,"ERROR: Could not find hyperparameters for the kernel instance corresponding to the target (batch_size, a, b, c, d, preci"
group1,8,32,1024,4096,16,8,2,0.084816,0.100282,,"ERROR: Could not find hyperparameters for the kernel instance corresponding to the target (batch_size, a, b, c, d, preci"
group1,8,32,1024,4096,16,8,4,0.084696,0.100282,,"ERROR: Could not find hyperparameters for the kernel instance corresponding to the target (batch_size, a, b, c, d, preci"
group1,8,32,1024,4096,16,8,8,0.084538,0.100274,,"ERROR: Could not find hyperparameters for the kernel instance corresponding to the target (batch_size, a, b, c, d, preci"
group1,8,32,1024,4096,16,8,16,0.084926,0.100867,,"ERROR: Could not find hyperparameters for the kernel instance corresponding to the target (batch_size, a, b, c, d, preci"
group1,8,32,1024,4096,16,8,32,0.084864,0.100338,,"ERROR: Could not find hyperparameters for the kernel instance corresponding to the target (batch_size, a, b, c, d, preci"
group1,8,32,1024,4096,16,8,64,0.085151,0.101206,,"ERROR: Could not find hyperparameters for the kernel instance corresponding to the target (batch_size, a, b, c, d, preci"
group1,8,32,1024,4096,16,8,128,0.085251,0.100833,,"ERROR: Could not find hyperparameters for the kernel instance corresponding to the target (batch_size, a, b, c, d, preci"
group1,8,32,1024,4096,16,8,256,0.085425,0.100892,,"ERROR: Could not find hyperparameters for the kernel instance corresponding to the target (batch_size, a, b, c, d, preci"
group1,8,32,1024,4096,16,8,512,0.086010,0.101032,,"ERROR: Could not find hyperparameters for the kernel instance corresponding to the target (batch_size, a, b, c, d, preci"
group1,8,32,1024,4096,16,8,1024,0.086428,0.100631,,"ERROR: Could not find hyperparameters for the kernel instance corresponding to the target (batch_size, a, b, c, d, preci"
group1,8,32,1024,4096,16,8,2048,0.141620,0.101032,,"ERROR: Could not find hyperparameters for the kernel instance corresponding to the target (batch_size, a, b, c, d, preci"
group1,8,32,1024,4096,16,8,4096,0.281592,0.122865,,"ERROR: Could not find hyperparameters for the kernel instance corresponding to the target (batch_size, a, b, c, d, preci"
group1,8,32,1024,4096,32,4,2,0.084449,0.100748,,"ERROR: Could not find hyperparameters for the kernel instance corresponding to the target (batch_size, a, b, c, d, preci"
group1,8,32,1024,4096,32,4,4,0.084834,0.101106,,"ERROR: Could not find hyperparameters for the kernel instance corresponding to the target (batch_size, a, b, c, d, preci"
group1,8,32,1024,4096,32,4,8,0.085203,0.100652,,"ERROR: Could not find hyperparameters for the kernel instance corresponding to the target (batch_size, a, b, c, d, preci"
group1,8,32,1024,4096,32,4,16,0.085511,0.100855,,"ERROR: Could not find hyperparameters for the kernel instance corresponding to the target (batch_size, a, b, c, d, preci"
group1,8,32,1024,4096,32,4,32,0.084888,0.100821,,"ERROR: Could not find hyperparameters for the kernel instance corresponding to the target (batch_size, a, b, c, d, preci"
group1,8,32,1024,4096,32,4,64,0.085137,0.100945,,"ERROR: Could not find hyperparameters for the kernel instance corresponding to the target (batch_size, a, b, c, d, preci"
group1,8,32,1024,4096,32,4,128,0.084788,0.100903,,"ERROR: Could not find hyperparameters for the kernel instance corresponding to the target (batch_size, a, b, c, d, preci"
group1,8,32,1024,4096,32,4,256,0.085239,0.101198,,"ERROR: Could not find hyperparameters for the kernel instance corresponding to the target (batch_size, a, b, c, d, preci"
group1,8,32,1024,4096,32,4,512,0.086210,0.101607,,"ERROR: Could not find hyperparameters for the kernel instance corresponding to the target (batch_size, a, b, c, d, preci"
group1,8,32,1024,4096,32,4,1024,0.086745,0.101186,,"ERROR: Could not find hyperparameters for the kernel instance corresponding to the target (batch_size, a, b, c, d, preci"
group1,8,32,1024,4096,32,4,2048,0.141714,0.101632,,"ERROR: Could not find hyperparameters for the kernel instance corresponding to the target (batch_size, a, b, c, d, preci"
group1,8,32,1024,4096,32,4,4096,0.281409,0.138054,,"ERROR: Could not find hyperparameters for the kernel instance corresponding to the target (batch_size, a, b, c, d, preci"
group1,8,32,1024,4096,64,2,2,0.084603,0.100424,,"ERROR: Could not find hyperparameters for the kernel instance corresponding to the target (batch_size, a, b, c, d, preci"
group1,8,32,1024,4096,64,2,4,0.084784,0.101176,,"ERROR: Could not find hyperparameters for the kernel instance corresponding to the target (batch_size, a, b, c, d, preci"
group1,8,32,1024,4096,64,2,8,0.085289,0.100946,,"ERROR: Could not find hyperparameters for the kernel instance corresponding to the target (batch_size, a, b, c, d, preci"
group1,8,32,1024,4096,64,2,16,0.085335,0.101272,,"ERROR: Could not find hyperparameters for the kernel instance corresponding to the target (batch_size, a, b, c, d, preci"
group1,8,32,1024,4096,64,2,32,0.085163,0.100564,,"ERROR: Could not find hyperparameters for the kernel instance corresponding to the target (batch_size, a, b, c, d, preci"
group1,8,32,1024,4096,64,2,64,0.085008,0.101433,,"ERROR: Could not find hyperparameters for the kernel instance corresponding to the target (batch_size, a, b, c, d, preci"
group1,8,32,1024,4096,64,2,128,0.084806,0.100700,,"ERROR: Could not find hyperparameters for the kernel instance corresponding to the target (batch_size, a, b, c, d, preci"
group1,8,32,1024,4096,64,2,256,0.085282,0.100924,,"ERROR: Could not find hyperparameters for the kernel instance corresponding to the target (batch_size, a, b, c, d, preci"
group1,8,32,1024,4096,64,2,512,0.085801,0.101392,,"ERROR: Could not find hyperparameters for the kernel instance corresponding to the target (batch_size, a, b, c, d, preci"
group1,8,32,1024,4096,64,2,1024,0.086381,0.101002,,"ERROR: Could not find hyperparameters for the kernel instance corresponding to the target (batch_size, a, b, c, d, preci"
group1,8,32,1024,4096,64,2,2048,0.141731,0.101353,,"ERROR: Could not find hyperparameters for the kernel instance corresponding to the target (batch_size, a, b, c, d, preci"
group1,8,32,1024,4096,64,2,4096,0.281259,0.138740,,"ERROR: Could not find hyperparameters for the kernel instance corresponding to the target (batch_size, a, b, c, d, preci"
group1,8,32,1024,4096,128,1,2,0.084418,0.063050,,"ERROR: Could not find hyperparameters for the kernel instance corresponding to the target (batch_size, a, b, c, d, preci"
group1,8,32,1024,4096,128,1,4,0.084962,0.062717,,"ERROR: Could not find hyperparameters for the kernel instance corresponding to the target (batch_size, a, b, c, d, preci"
group1,8,32,1024,4096,128,1,8,0.084823,0.062529,,"ERROR: Could not find hyperparameters for the kernel instance corresponding to the target (batch_size, a, b, c, d, preci"
group1,8,32,1024,4096,128,1,16,0.084637,0.063507,,"ERROR: Could not find hyperparameters for the kernel instance corresponding to the target (batch_size, a, b, c, d, preci"
group1,8,32,1024,4096,128,1,32,0.084642,0.063092,,"ERROR: Could not find hyperparameters for the kernel instance corresponding to the target (batch_size, a, b, c, d, preci"
group1,8,32,1024,4096,128,1,64,0.085076,0.062912,,"ERROR: Could not find hyperparameters for the kernel instance corresponding to the target (batch_size, a, b, c, d, preci"
group1,8,32,1024,4096,128,1,128,0.084759,0.062726,,"ERROR: Could not find hyperparameters for the kernel instance corresponding to the target (batch_size, a, b, c, d, preci"
group1,8,32,1024,4096,128,1,256,0.085207,0.063013,,"ERROR: Could not find hyperparameters for the kernel instance corresponding to the target (batch_size, a, b, c, d, preci"
group1,8,32,1024,4096,128,1,512,0.085635,0.062876,,"ERROR: Could not find hyperparameters for the kernel instance corresponding to the target (batch_size, a, b, c, d, preci"
group1,8,32,1024,4096,128,1,1024,0.086071,0.062984,,"ERROR: Could not find hyperparameters for the kernel instance corresponding to the target (batch_size, a, b, c, d, preci"
group1,8,32,1024,4096,128,1,2048,0.141351,0.063002,,"ERROR: Could not find hyperparameters for the kernel instance corresponding to the target (batch_size, a, b, c, d, preci"
group1,8,32,1024,4096,128,1,4096,0.280285,0.062833,,"ERROR: Could not find hyperparameters for the kernel instance corresponding to the target (batch_size, a, b, c, d, preci"
group1,8,64,512,4096,1,64,2,0.084892,0.103968,,"ERROR: Could not find hyperparameters for the kernel instance corresponding to the target (batch_size, a, b, c, d, preci"
group1,8,64,512,4096,1,64,4,0.084964,0.104628,,"ERROR: Could not find hyperparameters for the kernel instance corresponding to the target (batch_size, a, b, c, d, preci"
group1,8,64,512,4096,1,64,8,0.085092,0.104784,,"ERROR: Could not find hyperparameters for the kernel instance corresponding to the target (batch_size, a, b, c, d, preci"
group1,8,64,512,4096,1,64,16,0.085354,0.104769,,"ERROR: Could not find hyperparameters for the kernel instance corresponding to the target (batch_size, a, b, c, d, preci"
group1,8,64,512,4096,1,64,32,0.084691,0.104418,,"ERROR: Could not find hyperparameters for the kernel instance corresponding to the target (batch_size, a, b, c, d, preci"
group1,8,64,512,4096,1,64,64,0.085019,0.104209,,"ERROR: Could not find hyperparameters for the kernel instance corresponding to the target (batch_size, a, b, c, d, preci"
group1,8,64,512,4096,1,64,128,0.085217,0.104107,,"ERROR: Could not find hyperparameters for the kernel instance corresponding to the target (batch_size, a, b, c, d, preci"
group1,8,64,512,4096,1,64,256,0.086149,0.104863,,"ERROR: Could not find hyperparameters for the kernel instance corresponding to the target (batch_size, a, b, c, d, preci"
group1,8,64,512,4096,1,64,512,0.085694,0.104513,,"ERROR: Could not find hyperparameters for the kernel instance corresponding to the target (batch_size, a, b, c, d, preci"
group1,8,64,512,4096,1,64,1024,0.086939,0.105143,,"ERROR: Could not find hyperparameters for the kernel instance corresponding to the target (batch_size, a, b, c, d, preci"
group1,8,64,512,4096,1,64,2048,0.128873,0.105560,,"ERROR: Could not find hyperparameters for the kernel instance corresponding to the target (batch_size, a, b, c, d, preci"
group1,8,64,512,4096,1,64,4096,0.252395,0.177847,,"ERROR: Could not find hyperparameters for the kernel instance corresponding to the target (batch_size, a, b, c, d, preci"
group1,8,64,512,4096,2,32,2,0.085023,0.100978,,"ERROR: Could not find hyperparameters for the kernel instance corresponding to the target (batch_size, a, b, c, d, preci"
group1,8,64,512,4096,2,32,4,0.085408,0.101556,,"ERROR: Could not find hyperparameters for the kernel instance corresponding to the target (batch_size, a, b, c, d, preci"
group1,8,64,512,4096,2,32,8,0.085261,0.101075,,"ERROR: Could not find hyperparameters for the kernel instance corresponding to the target (batch_size, a, b, c, d, preci"
group1,8,64,512,4096,2,32,16,0.084764,0.101070,,"ERROR: Could not find hyperparameters for the kernel instance corresponding to the target (batch_size, a, b, c, d, preci"
group1,8,64,512,4096,2,32,32,0.084813,0.101222,,"ERROR: Could not find hyperparameters for the kernel instance corresponding to the target (batch_size, a, b, c, d, preci"
group1,8,64,512,4096,2,32,64,0.085381,0.100673,,"ERROR: Could not find hyperparameters for the kernel instance corresponding to the target (batch_size, a, b, c, d, preci"
group1,8,64,512,4096,2,32,128,0.085192,0.101214,,"ERROR: Could not find hyperparameters for the kernel instance corresponding to the target (batch_size, a, b, c, d, preci"
group1,8,64,512,4096,2,32,256,0.085570,0.101407,,"ERROR: Could not find hyperparameters for the kernel instance corresponding to the target (batch_size, a, b, c, d, preci"
group1,8,64,512,4096,2,32,512,0.085702,0.101190,,"ERROR: Could not find hyperparameters for the kernel instance corresponding to the target (batch_size, a, b, c, d, preci"
group1,8,64,512,4096,2,32,1024,0.086435,0.101251,,"ERROR: Could not find hyperparameters for the kernel instance corresponding to the target (batch_size, a, b, c, d, preci"
group1,8,64,512,4096,2,32,2048,0.128459,0.101997,,"ERROR: Could not find hyperparameters for the kernel instance corresponding to the target (batch_size, a, b, c, d, preci"
group1,8,64,512,4096,2,32,4096,0.252915,0.115329,,"ERROR: Could not find hyperparameters for the kernel instance corresponding to the target (batch_size, a, b, c, d, preci"
group1,8,64,512,4096,4,16,2,0.084624,0.100657,,"ERROR: Could not find hyperparameters for the kernel instance corresponding to the target (batch_size, a, b, c, d, preci"
group1,8,64,512,4096,4,16,4,0.085206,0.101430,,"ERROR: Could not find hyperparameters for the kernel instance corresponding to the target (batch_size, a, b, c, d, preci"
group1,8,64,512,4096,4,16,8,0.085022,0.101220,,"ERROR: Could not find hyperparameters for the kernel instance corresponding to the target (batch_size, a, b, c, d, preci"
group1,8,64,512,4096,4,16,16,0.085008,0.101405,,"ERROR: Could not find hyperparameters for the kernel instance corresponding to the target (batch_size, a, b, c, d, preci"
group1,8,64,512,4096,4,16,32,0.085238,0.101194,,"ERROR: Could not find hyperparameters for the kernel instance corresponding to the target (batch_size, a, b, c, d, preci"
group1,8,64,512,4096,4,16,64,0.085997,0.100305,,"ERROR: Could not find hyperparameters for the kernel instance corresponding to the target (batch_size, a, b, c, d, preci"
group1,8,64,512,4096,4,16,128,0.085613,0.100625,,"ERROR: Could not find hyperparameters for the kernel instance corresponding to the target (batch_size, a, b, c, d, preci"
group1,8,64,512,4096,4,16,256,0.085807,0.101483,,"ERROR: Could not find hyperparameters for the kernel instance corresponding to the target (batch_size, a, b, c, d, preci"
group1,8,64,512,4096,4,16,512,0.085635,0.101054,,"ERROR: Could not find hyperparameters for the kernel instance corresponding to the target (batch_size, a, b, c, d, preci"
group1,8,64,512,4096,4,16,1024,0.086136,0.101185,,"ERROR: Could not find hyperparameters for the kernel instance corresponding to the target (batch_size, a, b, c, d, preci"
group1,8,64,512,4096,4,16,2048,0.128017,0.101614,,"ERROR: Could not find hyperparameters for the kernel instance corresponding to the target (batch_size, a, b, c, d, preci"
group1,8,64,512,4096,4,16,4096,0.253576,0.104739,,"ERROR: Could not find hyperparameters for the kernel instance corresponding to the target (batch_size, a, b, c, d, preci"
group1,8,64,512,4096,8,8,2,0.084345,0.100392,,"ERROR: Could not find hyperparameters for the kernel instance corresponding to the target (batch_size, a, b, c, d, preci"
group1,8,64,512,4096,8,8,4,0.084818,0.101613,,"ERROR: Could not find hyperparameters for the kernel instance corresponding to the target (batch_size, a, b, c, d, preci"
group1,8,64,512,4096,8,8,8,0.084531,0.101215,,"ERROR: Could not find hyperparameters for the kernel instance corresponding to the target (batch_size, a, b, c, d, preci"
group1,8,64,512,4096,8,8,16,0.084725,0.101000,,"ERROR: Could not find hyperparameters for the kernel instance corresponding to the target (batch_size, a, b, c, d, preci"
group1,8,64,512,4096,8,8,32,0.085099,0.101011,,"ERROR: Could not find hyperparameters for the kernel instance corresponding to the target (batch_size, a, b, c, d, preci"
group1,8,64,512,4096,8,8,64,0.085623,0.100252,,"ERROR: Could not find hyperparameters for the kernel instance corresponding to the target (batch_size, a, b, c, d, preci"
group1,8,64,512,4096,8,8,128,0.085051,0.100596,,"ERROR: Could not find hyperparameters for the kernel instance corresponding to the target (batch_size, a, b, c, d, preci"
group1,8,64,512,4096,8,8,256,0.085575,0.101303,,"ERROR: Could not find hyperparameters for the kernel instance corresponding to the target (batch_size, a, b, c, d, preci"
group1,8,64,512,4096,8,8,512,0.086248,0.100670,,"ERROR: Could not find hyperparameters for the kernel instance corresponding to the target (batch_size, a, b, c, d, preci"
group1,8,64,512,4096,8,8,1024,0.086525,0.100977,,"ERROR: Could not find hyperparameters for the kernel instance corresponding to the target (batch_size, a, b, c, d, preci"
group1,8,64,512,4096,8,8,2048,0.127891,0.101747,,"ERROR: Could not find hyperparameters for the kernel instance corresponding to the target (batch_size, a, b, c, d, preci"
group1,8,64,512,4096,8,8,4096,0.251710,0.104625,,"ERROR: Could not find hyperparameters for the kernel instance corresponding to the target (batch_size, a, b, c, d, preci"
group1,8,64,512,4096,16,4,2,0.085002,0.100557,,"ERROR: Could not find hyperparameters for the kernel instance corresponding to the target (batch_size, a, b, c, d, preci"
group1,8,64,512,4096,16,4,4,0.085074,0.100958,,"ERROR: Could not find hyperparameters for the kernel instance corresponding to the target (batch_size, a, b, c, d, preci"
group1,8,64,512,4096,16,4,8,0.085106,0.101330,,"ERROR: Could not find hyperparameters for the kernel instance corresponding to the target (batch_size, a, b, c, d, preci"
group1,8,64,512,4096,16,4,16,0.084476,0.101360,,"ERROR: Could not find hyperparameters for the kernel instance corresponding to the target (batch_size, a, b, c, d, preci"
group1,8,64,512,4096,16,4,32,0.085610,0.101338,,"ERROR: Could not find hyperparameters for the kernel instance corresponding to the target (batch_size, a, b, c, d, preci"
group1,8,64,512,4096,16,4,64,0.085975,0.100691,,"ERROR: Could not find hyperparameters for the kernel instance corresponding to the target (batch_size, a, b, c, d, preci"
group1,8,64,512,4096,16,4,128,0.085165,0.101066,,"ERROR: Could not find hyperparameters for the kernel instance corresponding to the target (batch_size, a, b, c, d, preci"
group1,8,64,512,4096,16,4,256,0.085762,0.101289,,"ERROR: Could not find hyperparameters for the kernel instance corresponding to the target (batch_size, a, b, c, d, preci"
group1,8,64,512,4096,16,4,512,0.085713,0.101452,,"ERROR: Could not find hyperparameters for the kernel instance corresponding to the target (batch_size, a, b, c, d, preci"
group1,8,64,512,4096,16,4,1024,0.086447,0.101095,,"ERROR: Could not find hyperparameters for the kernel instance corresponding to the target (batch_size, a, b, c, d, preci"
group1,8,64,512,4096,16,4,2048,0.127756,0.101561,,"ERROR: Could not find hyperparameters for the kernel instance corresponding to the target (batch_size, a, b, c, d, preci"
group1,8,64,512,4096,16,4,4096,0.251887,0.106546,,"ERROR: Could not find hyperparameters for the kernel instance corresponding to the target (batch_size, a, b, c, d, preci"
group1,8,64,512,4096,32,2,2,0.084631,0.100729,,"ERROR: Could not find hyperparameters for the kernel instance corresponding to the target (batch_size, a, b, c, d, preci"
group1,8,64,512,4096,32,2,4,0.085326,0.101136,,"ERROR: Could not find hyperparameters for the kernel instance corresponding to the target (batch_size, a, b, c, d, preci"
group1,8,64,512,4096,32,2,8,0.085204,0.100936,,"ERROR: Could not find hyperparameters for the kernel instance corresponding to the target (batch_size, a, b, c, d, preci"
group1,8,64,512,4096,32,2,16,0.085039,0.100967,,"ERROR: Could not find hyperparameters for the kernel instance corresponding to the target (batch_size, a, b, c, d, preci"
group1,8,64,512,4096,32,2,32,0.085319,0.101187,,"ERROR: Could not find hyperparameters for the kernel instance corresponding to the target (batch_size, a, b, c, d, preci"
group1,8,64,512,4096,32,2,64,0.085509,0.100381,,"ERROR: Could not find hyperparameters for the kernel instance corresponding to the target (batch_size, a, b, c, d, preci"
group1,8,64,512,4096,32,2,128,0.085271,0.100990,,"ERROR: Could not find hyperparameters for the kernel instance corresponding to the target (batch_size, a, b, c, d, preci"
group1,8,64,512,4096,32,2,256,0.085997,0.100726,,"ERROR: Could not find hyperparameters for the kernel instance corresponding to the target (batch_size, a, b, c, d, preci"
group1,8,64,512,4096,32,2,512,0.086087,0.101202,,"ERROR: Could not find hyperparameters for the kernel instance corresponding to the target (batch_size, a, b, c, d, preci"
group1,8,64,512,4096,32,2,1024,0.086543,0.101173,,"ERROR: Could not find hyperparameters for the kernel instance corresponding to the target (batch_size, a, b, c, d, preci"
group1,8,64,512,4096,32,2,2048,0.127770,0.102377,,"ERROR: Could not find hyperparameters for the kernel instance corresponding to the target (batch_size, a, b, c, d, preci"
group1,8,64,512,4096,32,2,4096,0.251252,0.122035,,"ERROR: Could not find hyperparameters for the kernel instance corresponding to the target (batch_size, a, b, c, d, preci"
group1,8,64,512,4096,64,1,2,0.084793,0.063251,,"ERROR: Could not find hyperparameters for the kernel instance corresponding to the target (batch_size, a, b, c, d, preci"
group1,8,64,512,4096,64,1,4,0.085562,0.063017,,"ERROR: Could not find hyperparameters for the kernel instance corresponding to the target (batch_size, a, b, c, d, preci"
group1,8,64,512,4096,64,1,8,0.085183,0.063318,,"ERROR: Could not find hyperparameters for the kernel instance corresponding to the target (batch_size, a, b, c, d, preci"
group1,8,64,512,4096,64,1,16,0.085061,0.062839,,"ERROR: Could not find hyperparameters for the kernel instance corresponding to the target (batch_size, a, b, c, d, preci"
group1,8,64,512,4096,64,1,32,0.085312,0.062840,,"ERROR: Could not find hyperparameters for the kernel instance corresponding to the target (batch_size, a, b, c, d, preci"
group1,8,64,512,4096,64,1,64,0.084865,0.062773,,"ERROR: Could not find hyperparameters for the kernel instance corresponding to the target (batch_size, a, b, c, d, preci"
group1,8,64,512,4096,64,1,128,0.085487,0.063139,,"ERROR: Could not find hyperparameters for the kernel instance corresponding to the target (batch_size, a, b, c, d, preci"
group1,8,64,512,4096,64,1,256,0.085313,0.063278,,"ERROR: Could not find hyperparameters for the kernel instance corresponding to the target (batch_size, a, b, c, d, preci"
group1,8,64,512,4096,64,1,512,0.085647,0.062807,,"ERROR: Could not find hyperparameters for the kernel instance corresponding to the target (batch_size, a, b, c, d, preci"
group1,8,64,512,4096,64,1,1024,0.086405,0.063007,,"ERROR: Could not find hyperparameters for the kernel instance corresponding to the target (batch_size, a, b, c, d, preci"
group1,8,64,512,4096,64,1,2048,0.128560,0.063161,,"ERROR: Could not find hyperparameters for the kernel instance corresponding to the target (batch_size, a, b, c, d, preci"
group1,8,64,512,4096,64,1,4096,0.251164,0.062704,,"ERROR: Could not find hyperparameters for the kernel instance corresponding to the target (batch_size, a, b, c, d, preci"
group1,16,2,4096,512,1,256,2,0.084918,0.104105,,"ERROR: Could not find hyperparameters for the kernel instance corresponding to the target (batch_size, a, b, c, d, preci"
group1,16,2,4096,512,1,256,4,0.085183,0.104275,,"ERROR: Could not find hyperparameters for the kernel instance corresponding to the target (batch_size, a, b, c, d, preci"
group1,16,2,4096,512,1,256,8,0.085485,0.104496,,"ERROR: Could not find hyperparameters for the kernel instance corresponding to the target (batch_size, a, b, c, d, preci"
group1,16,2,4096,512,1,256,16,0.085309,0.104376,,"ERROR: Could not find hyperparameters for the kernel instance corresponding to the target (batch_size, a, b, c, d, preci"
group1,16,2,4096,512,1,256,32,0.085226,0.103920,,"ERROR: Could not find hyperparameters for the kernel instance corresponding to the target (batch_size, a, b, c, d, preci"
group1,16,2,4096,512,1,256,64,0.085278,0.104590,,"ERROR: Could not find hyperparameters for the kernel instance corresponding to the target (batch_size, a, b, c, d, preci"
group1,16,2,4096,512,1,256,128,0.085226,0.104197,,"ERROR: Could not find hyperparameters for the kernel instance corresponding to the target (batch_size, a, b, c, d, preci"
group1,16,2,4096,512,1,256,256,0.085508,0.104286,,"ERROR: Could not find hyperparameters for the kernel instance corresponding to the target (batch_size, a, b, c, d, preci"
group1,16,2,4096,512,1,256,512,0.086602,0.105090,,"ERROR: Could not find hyperparameters for the kernel instance corresponding to the target (batch_size, a, b, c, d, preci"
group1,16,2,4096,512,1,256,1024,0.086009,0.105432,,"ERROR: Could not find hyperparameters for the kernel instance corresponding to the target (batch_size, a, b, c, d, preci"
group1,16,2,4096,512,1,256,2048,0.127986,0.105554,,"ERROR: Could not find hyperparameters for the kernel instance corresponding to the target (batch_size, a, b, c, d, preci"
group1,16,2,4096,512,1,256,4096,0.244215,0.176680,,"ERROR: Could not find hyperparameters for the kernel instance corresponding to the target (batch_size, a, b, c, d, preci"
group1,16,2,4096,512,2,128,2,0.084472,0.100746,,"ERROR: Could not find hyperparameters for the kernel instance corresponding to the target (batch_size, a, b, c, d, preci"
group1,16,2,4096,512,2,128,4,0.084996,0.100661,,"ERROR: Could not find hyperparameters for the kernel instance corresponding to the target (batch_size, a, b, c, d, preci"
group1,16,2,4096,512,2,128,8,0.085003,0.101240,,"ERROR: Could not find hyperparameters for the kernel instance corresponding to the target (batch_size, a, b, c, d, preci"
group1,16,2,4096,512,2,128,16,0.085909,0.101085,,"ERROR: Could not find hyperparameters for the kernel instance corresponding to the target (batch_size, a, b, c, d, preci"
group1,16,2,4096,512,2,128,32,0.085461,0.100806,,"ERROR: Could not find hyperparameters for the kernel instance corresponding to the target (batch_size, a, b, c, d, preci"
group1,16,2,4096,512,2,128,64,0.085522,0.101728,,"ERROR: Could not find hyperparameters for the kernel instance corresponding to the target (batch_size, a, b, c, d, preci"
group1,16,2,4096,512,2,128,128,0.084940,0.101219,,"ERROR: Could not find hyperparameters for the kernel instance corresponding to the target (batch_size, a, b, c, d, preci"
group1,16,2,4096,512,2,128,256,0.085636,0.101084,,"ERROR: Could not find hyperparameters for the kernel instance corresponding to the target (batch_size, a, b, c, d, preci"
group1,16,2,4096,512,2,128,512,0.086440,0.101879,,"ERROR: Could not find hyperparameters for the kernel instance corresponding to the target (batch_size, a, b, c, d, preci"
group1,16,2,4096,512,2,128,1024,0.086766,0.102245,,"ERROR: Could not find hyperparameters for the kernel instance corresponding to the target (batch_size, a, b, c, d, preci"
group1,16,2,4096,512,2,128,2048,0.128056,0.102346,,"ERROR: Could not find hyperparameters for the kernel instance corresponding to the target (batch_size, a, b, c, d, preci"
group1,16,2,4096,512,2,128,4096,0.244211,0.154195,,"ERROR: Could not find hyperparameters for the kernel instance corresponding to the target (batch_size, a, b, c, d, preci"
group1,16,2,4096,512,4,64,2,0.084136,0.100696,,"ERROR: Could not find hyperparameters for the kernel instance corresponding to the target (batch_size, a, b, c, d, preci"
group1,16,2,4096,512,4,64,4,0.085114,0.100800,,"ERROR: Could not find hyperparameters for the kernel instance corresponding to the target (batch_size, a, b, c, d, preci"
group1,16,2,4096,512,4,64,8,0.084846,0.101267,,"ERROR: Could not find hyperparameters for the kernel instance corresponding to the target (batch_size, a, b, c, d, preci"
group1,16,2,4096,512,4,64,16,0.084819,0.101069,,"ERROR: Could not find hyperparameters for the kernel instance corresponding to the target (batch_size, a, b, c, d, preci"
group1,16,2,4096,512,4,64,32,0.085146,0.100814,,"ERROR: Could not find hyperparameters for the kernel instance corresponding to the target (batch_size, a, b, c, d, preci"
group1,16,2,4096,512,4,64,64,0.085348,0.101429,,"ERROR: Could not find hyperparameters for the kernel instance corresponding to the target (batch_size, a, b, c, d, preci"
group1,16,2,4096,512,4,64,128,0.084936,0.101121,,"ERROR: Could not find hyperparameters for the kernel instance corresponding to the target (batch_size, a, b, c, d, preci"
group1,16,2,4096,512,4,64,256,0.085394,0.100845,,"ERROR: Could not find hyperparameters for the kernel instance corresponding to the target (batch_size, a, b, c, d, preci"
group1,16,2,4096,512,4,64,512,0.086444,0.102250,,"ERROR: Could not find hyperparameters for the kernel instance corresponding to the target (batch_size, a, b, c, d, preci"
group1,16,2,4096,512,4,64,1024,0.086424,0.102460,,"ERROR: Could not find hyperparameters for the kernel instance corresponding to the target (batch_size, a, b, c, d, preci"
group1,16,2,4096,512,4,64,2048,0.128039,0.102147,,"ERROR: Could not find hyperparameters for the kernel instance corresponding to the target (batch_size, a, b, c, d, preci"
group1,16,2,4096,512,4,64,4096,0.244233,0.152308,,"ERROR: Could not find hyperparameters for the kernel instance corresponding to the target (batch_size, a, b, c, d, preci"
group1,16,2,4096,512,8,32,2,0.084543,0.100683,,"ERROR: Could not find hyperparameters for the kernel instance corresponding to the target (batch_size, a, b, c, d, preci"
group1,16,2,4096,512,8,32,4,0.085324,0.100911,,"ERROR: Could not find hyperparameters for the kernel instance corresponding to the target (batch_size, a, b, c, d, preci"
group1,16,2,4096,512,8,32,8,0.085091,0.101198,,"ERROR: Could not find hyperparameters for the kernel instance corresponding to the target (batch_size, a, b, c, d, preci"
group1,16,2,4096,512,8,32,16,0.085150,0.101263,,"ERROR: Could not find hyperparameters for the kernel instance corresponding to the target (batch_size, a, b, c, d, preci"
group1,16,2,4096,512,8,32,32,0.085168,0.100694,,"ERROR: Could not find hyperparameters for the kernel instance corresponding to the target (batch_size, a, b, c, d, preci"
group1,16,2,4096,512,8,32,64,0.085069,0.101806,,"ERROR: Could not find hyperparameters for the kernel instance corresponding to the target (batch_size, a, b, c, d, preci"
group1,16,2,4096,512,8,32,128,0.085105,0.101714,,"ERROR: Could not find hyperparameters for the kernel instance corresponding to the target (batch_size, a, b, c, d, preci"
group1,16,2,4096,512,8,32,256,0.085171,0.100873,,"ERROR: Could not find hyperparameters for the kernel instance corresponding to the target (batch_size, a, b, c, d, preci"
group1,16,2,4096,512,8,32,512,0.086070,0.101927,,"ERROR: Could not find hyperparameters for the kernel instance corresponding to the target (batch_size, a, b, c, d, preci"
group1,16,2,4096,512,8,32,1024,0.086419,0.102470,,"ERROR: Could not find hyperparameters for the kernel instance corresponding to the target (batch_size, a, b, c, d, preci"
group1,16,2,4096,512,8,32,2048,0.128046,0.102016,,"ERROR: Could not find hyperparameters for the kernel instance corresponding to the target (batch_size, a, b, c, d, preci"
group1,16,2,4096,512,8,32,4096,0.244254,0.152082,,"ERROR: Could not find hyperparameters for the kernel instance corresponding to the target (batch_size, a, b, c, d, preci"
group1,16,2,4096,512,16,16,2,0.084374,0.100683,,"ERROR: Could not find hyperparameters for the kernel instance corresponding to the target (batch_size, a, b, c, d, preci"
group1,16,2,4096,512,16,16,4,0.084819,0.100557,,"ERROR: Could not find hyperparameters for the kernel instance corresponding to the target (batch_size, a, b, c, d, preci"
group1,16,2,4096,512,16,16,8,0.084849,0.100885,,"ERROR: Could not find hyperparameters for the kernel instance corresponding to the target (batch_size, a, b, c, d, preci"
group1,16,2,4096,512,16,16,16,0.084446,0.100616,,"ERROR: Could not find hyperparameters for the kernel instance corresponding to the target (batch_size, a, b, c, d, preci"
group1,16,2,4096,512,16,16,32,0.084994,0.100302,,"ERROR: Could not find hyperparameters for the kernel instance corresponding to the target (batch_size, a, b, c, d, preci"
group1,16,2,4096,512,16,16,64,0.085197,0.101034,,"ERROR: Could not find hyperparameters for the kernel instance corresponding to the target (batch_size, a, b, c, d, preci"
group1,16,2,4096,512,16,16,128,0.085025,0.101162,,"ERROR: Could not find hyperparameters for the kernel instance corresponding to the target (batch_size, a, b, c, d, preci"
group1,16,2,4096,512,16,16,256,0.085263,0.100674,,"ERROR: Could not find hyperparameters for the kernel instance corresponding to the target (batch_size, a, b, c, d, preci"
group1,16,2,4096,512,16,16,512,0.086026,0.101708,,"ERROR: Could not find hyperparameters for the kernel instance corresponding to the target (batch_size, a, b, c, d, preci"
group1,16,2,4096,512,16,16,1024,0.086518,0.102295,,"ERROR: Could not find hyperparameters for the kernel instance corresponding to the target (batch_size, a, b, c, d, preci"
group1,16,2,4096,512,16,16,2048,0.128093,0.102092,,"ERROR: Could not find hyperparameters for the kernel instance corresponding to the target (batch_size, a, b, c, d, preci"
group1,16,2,4096,512,16,16,4096,0.244219,0.154024,,"ERROR: Could not find hyperparameters for the kernel instance corresponding to the target (batch_size, a, b, c, d, preci"
group1,16,2,4096,512,32,8,2,0.084645,0.101292,,"ERROR: Could not find hyperparameters for the kernel instance corresponding to the target (batch_size, a, b, c, d, preci"
group1,16,2,4096,512,32,8,4,0.085190,0.101115,,"ERROR: Could not find hyperparameters for the kernel instance corresponding to the target (batch_size, a, b, c, d, preci"
group1,16,2,4096,512,32,8,8,0.085339,0.101404,,"ERROR: Could not find hyperparameters for the kernel instance corresponding to the target (batch_size, a, b, c, d, preci"
group1,16,2,4096,512,32,8,16,0.084868,0.101467,,"ERROR: Could not find hyperparameters for the kernel instance corresponding to the target (batch_size, a, b, c, d, preci"
group1,16,2,4096,512,32,8,32,0.085395,0.101049,,"ERROR: Could not find hyperparameters for the kernel instance corresponding to the target (batch_size, a, b, c, d, preci"
group1,16,2,4096,512,32,8,64,0.085375,0.101625,,"ERROR: Could not find hyperparameters for the kernel instance corresponding to the target (batch_size, a, b, c, d, preci"
group1,16,2,4096,512,32,8,128,0.085206,0.101309,,"ERROR: Could not find hyperparameters for the kernel instance corresponding to the target (batch_size, a, b, c, d, preci"
group1,16,2,4096,512,32,8,256,0.085668,0.101059,,"ERROR: Could not find hyperparameters for the kernel instance corresponding to the target (batch_size, a, b, c, d, preci"
group1,16,2,4096,512,32,8,512,0.086699,0.101952,,"ERROR: Could not find hyperparameters for the kernel instance corresponding to the target (batch_size, a, b, c, d, preci"
group1,16,2,4096,512,32,8,1024,0.086309,0.102715,,"ERROR: Could not find hyperparameters for the kernel instance corresponding to the target (batch_size, a, b, c, d, preci"
group1,16,2,4096,512,32,8,2048,0.128032,0.102218,,"ERROR: Could not find hyperparameters for the kernel instance corresponding to the target (batch_size, a, b, c, d, preci"
group1,16,2,4096,512,32,8,4096,0.244228,0.168636,,"ERROR: Could not find hyperparameters for the kernel instance corresponding to the target (batch_size, a, b, c, d, preci"
group1,16,2,4096,512,64,4,2,0.084749,0.100592,,"ERROR: Could not find hyperparameters for the kernel instance corresponding to the target (batch_size, a, b, c, d, preci"
group1,16,2,4096,512,64,4,4,0.084881,0.100998,,"ERROR: Could not find hyperparameters for the kernel instance corresponding to the target (batch_size, a, b, c, d, preci"
group1,16,2,4096,512,64,4,8,0.085070,0.100977,,"ERROR: Could not find hyperparameters for the kernel instance corresponding to the target (batch_size, a, b, c, d, preci"
group1,16,2,4096,512,64,4,16,0.085162,0.101150,,"ERROR: Could not find hyperparameters for the kernel instance corresponding to the target (batch_size, a, b, c, d, preci"
group1,16,2,4096,512,64,4,32,0.085600,0.101056,,"ERROR: Could not find hyperparameters for the kernel instance corresponding to the target (batch_size, a, b, c, d, preci"
group1,16,2,4096,512,64,4,64,0.085783,0.101614,,"ERROR: Could not find hyperparameters for the kernel instance corresponding to the target (batch_size, a, b, c, d, preci"
group1,16,2,4096,512,64,4,128,0.085394,0.101498,,"ERROR: Could not find hyperparameters for the kernel instance corresponding to the target (batch_size, a, b, c, d, preci"
group1,16,2,4096,512,64,4,256,0.085583,0.101337,,"ERROR: Could not find hyperparameters for the kernel instance corresponding to the target (batch_size, a, b, c, d, preci"
group1,16,2,4096,512,64,4,512,0.086779,0.102129,,"ERROR: Could not find hyperparameters for the kernel instance corresponding to the target (batch_size, a, b, c, d, preci"
group1,16,2,4096,512,64,4,1024,0.086491,0.102800,,"ERROR: Could not find hyperparameters for the kernel instance corresponding to the target (batch_size, a, b, c, d, preci"
group1,16,2,4096,512,64,4,2048,0.128097,0.102247,,"ERROR: Could not find hyperparameters for the kernel instance corresponding to the target (batch_size, a, b, c, d, preci"
group1,16,2,4096,512,64,4,4096,0.244265,0.169504,,"ERROR: Could not find hyperparameters for the kernel instance corresponding to the target (batch_size, a, b, c, d, preci"
group1,16,2,4096,512,128,2,2,0.084551,0.100949,,"ERROR: Could not find hyperparameters for the kernel instance corresponding to the target (batch_size, a, b, c, d, preci"
group1,16,2,4096,512,128,2,4,0.085671,0.101012,,"ERROR: Could not find hyperparameters for the kernel instance corresponding to the target (batch_size, a, b, c, d, preci"
group1,16,2,4096,512,128,2,8,0.085189,0.101588,,"ERROR: Could not find hyperparameters for the kernel instance corresponding to the target (batch_size, a, b, c, d, preci"
group1,16,2,4096,512,128,2,16,0.085223,0.101819,,"ERROR: Could not find hyperparameters for the kernel instance corresponding to the target (batch_size, a, b, c, d, preci"
group1,16,2,4096,512,128,2,32,0.085451,0.101057,,"ERROR: Could not find hyperparameters for the kernel instance corresponding to the target (batch_size, a, b, c, d, preci"
group1,16,2,4096,512,128,2,64,0.084965,0.101417,,"ERROR: Could not find hyperparameters for the kernel instance corresponding to the target (batch_size, a, b, c, d, preci"
group1,16,2,4096,512,128,2,128,0.085269,0.101622,,"ERROR: Could not find hyperparameters for the kernel instance corresponding to the target (batch_size, a, b, c, d, preci"
group1,16,2,4096,512,128,2,256,0.085532,0.101186,,"ERROR: Could not find hyperparameters for the kernel instance corresponding to the target (batch_size, a, b, c, d, preci"
group1,16,2,4096,512,128,2,512,0.086250,0.101770,,"ERROR: Could not find hyperparameters for the kernel instance corresponding to the target (batch_size, a, b, c, d, preci"
group1,16,2,4096,512,128,2,1024,0.086411,0.102591,,"ERROR: Could not find hyperparameters for the kernel instance corresponding to the target (batch_size, a, b, c, d, preci"
group1,16,2,4096,512,128,2,2048,0.128027,0.102170,,"ERROR: Could not find hyperparameters for the kernel instance corresponding to the target (batch_size, a, b, c, d, preci"
group1,16,2,4096,512,128,2,4096,0.244289,0.170849,,"ERROR: Could not find hyperparameters for the kernel instance corresponding to the target (batch_size, a, b, c, d, preci"
group1,16,2,4096,512,256,1,2,0.085353,0.063361,,"ERROR: Could not find hyperparameters for the kernel instance corresponding to the target (batch_size, a, b, c, d, preci"
group1,16,2,4096,512,256,1,4,0.085341,0.063290,,"ERROR: Could not find hyperparameters for the kernel instance corresponding to the target (batch_size, a, b, c, d, preci"
group1,16,2,4096,512,256,1,8,0.085342,0.062981,,"ERROR: Could not find hyperparameters for the kernel instance corresponding to the target (batch_size, a, b, c, d, preci"
group1,16,2,4096,512,256,1,16,0.085015,0.063117,,"ERROR: Could not find hyperparameters for the kernel instance corresponding to the target (batch_size, a, b, c, d, preci"
group1,16,2,4096,512,256,1,32,0.085372,0.063349,,"ERROR: Could not find hyperparameters for the kernel instance corresponding to the target (batch_size, a, b, c, d, preci"
group1,16,2,4096,512,256,1,64,0.085145,0.063064,,"ERROR: Could not find hyperparameters for the kernel instance corresponding to the target (batch_size, a, b, c, d, preci"
group1,16,2,4096,512,256,1,128,0.085392,0.063201,,"ERROR: Could not find hyperparameters for the kernel instance corresponding to the target (batch_size, a, b, c, d, preci"
group1,16,2,4096,512,256,1,256,0.085571,0.062910,,"ERROR: Could not find hyperparameters for the kernel instance corresponding to the target (batch_size, a, b, c, d, preci"
group1,16,2,4096,512,256,1,512,0.086871,0.063289,,"ERROR: Could not find hyperparameters for the kernel instance corresponding to the target (batch_size, a, b, c, d, preci"
group1,16,2,4096,512,256,1,1024,0.086474,0.063312,,"ERROR: Could not find hyperparameters for the kernel instance corresponding to the target (batch_size, a, b, c, d, preci"
group1,16,2,4096,512,256,1,2048,0.126311,0.063285,,"ERROR: Could not find hyperparameters for the kernel instance corresponding to the target (batch_size, a, b, c, d, preci"
group1,16,2,4096,512,256,1,4096,0.243531,0.080196,,"ERROR: Could not find hyperparameters for the kernel instance corresponding to the target (batch_size, a, b, c, d, preci"
group1,16,4,2048,512,1,128,2,0.085306,0.104643,0.118636,
group1,16,4,2048,512,1,128,4,0.085514,0.104496,0.119449,
group1,16,4,2048,512,1,128,8,0.085405,0.104080,0.119105,
group1,16,4,2048,512,1,128,16,0.084888,0.104167,0.119085,
group1,16,4,2048,512,1,128,32,0.085736,0.104176,0.118678,
group1,16,4,2048,512,1,128,64,0.084739,0.104500,0.119464,
group1,16,4,2048,512,1,128,128,0.085307,0.105005,0.130409,
group1,16,4,2048,512,1,128,256,0.085850,0.104947,0.119815,
group1,16,4,2048,512,1,128,512,0.085665,0.104494,0.120532,
group1,16,4,2048,512,1,128,1024,0.086138,0.105242,0.115347,
group1,16,4,2048,512,1,128,2048,0.086788,0.105321,0.118392,
group1,16,4,2048,512,1,128,4096,0.139500,0.105924,0.217918,
group1,16,4,2048,512,2,64,2,0.084674,0.101350,,CUDA error: an illegal memory access was encountered
group1,16,4,2048,512,2,64,4,0.085365,0.101216,,skipped (pattern previously crashed)
group1,16,4,2048,512,2,64,8,0.085096,0.100959,,skipped (pattern previously crashed)
group1,16,4,2048,512,2,64,16,0.085051,0.101300,,skipped (pattern previously crashed)
group1,16,4,2048,512,2,64,32,0.085478,0.100772,,skipped (pattern previously crashed)
group1,16,4,2048,512,2,64,64,0.084977,0.101002,,skipped (pattern previously crashed)
group1,16,4,2048,512,2,64,128,0.085371,0.101413,0.129931,
group1,16,4,2048,512,2,64,256,0.085204,0.100795,0.119051,
group1,16,4,2048,512,2,64,512,0.085932,0.101270,0.120093,
group1,16,4,2048,512,2,64,1024,0.086440,0.102029,0.115219,
group1,16,4,2048,512,2,64,2048,0.086724,0.102033,0.118699,
group1,16,4,2048,512,2,64,4096,0.139479,0.101834,0.226911,
group1,16,4,2048,512,4,32,2,0.084526,0.100593,0.130229,
group1,16,4,2048,512,4,32,4,0.085311,0.101010,0.130852,
group1,16,4,2048,512,4,32,8,0.085349,0.101399,0.130597,
group1,16,4,2048,512,4,32,16,0.085034,0.100670,0.130524,
group1,16,4,2048,512,4,32,32,0.085344,0.101008,0.130090,
group1,16,4,2048,512,4,32,64,0.085063,0.101257,0.130750,
group1,16,4,2048,512,4,32,128,0.085011,0.101801,0.129710,
group1,16,4,2048,512,4,32,256,0.085945,0.101377,0.118765,
group1,16,4,2048,512,4,32,512,0.086149,0.101499,0.120322,
group1,16,4,2048,512,4,32,1024,0.086324,0.102314,0.115505,
group1,16,4,2048,512,4,32,2048,0.086920,0.101837,0.121368,
group1,16,4,2048,512,4,32,4096,0.139466,0.102283,0.230562,
group1,16,4,2048,512,8,16,2,0.084871,0.100784,0.130313,
group1,16,4,2048,512,8,16,4,0.085626,0.101120,0.130790,
group1,16,4,2048,512,8,16,8,0.085416,0.101234,0.130362,
group1,16,4,2048,512,8,16,16,0.085117,0.101171,0.130871,
group1,16,4,2048,512,8,16,32,0.085427,0.101146,0.130512,
group1,16,4,2048,512,8,16,64,0.085594,0.101583,0.131119,
group1,16,4,2048,512,8,16,128,0.084997,0.101213,0.128691,
group1,16,4,2048,512,8,16,256,0.085519,0.101259,0.118940,
group1,16,4,2048,512,8,16,512,0.086117,0.101337,0.119674,
group1,16,4,2048,512,8,16,1024,0.086471,0.102190,0.114915,
group1,16,4,2048,512,8,16,2048,0.086664,0.101740,0.121217,
group1,16,4,2048,512,8,16,4096,0.139480,0.102867,0.230088,
group1,16,4,2048,512,16,8,2,0.084774,0.100951,,CUDA error: an illegal memory access was encountered
group1,16,4,2048,512,16,8,4,0.085048,0.101563,,skipped (pattern previously crashed)
group1,16,4,2048,512,16,8,8,0.085021,0.101247,,skipped (pattern previously crashed)
group1,16,4,2048,512,16,8,16,0.085160,0.100979,,skipped (pattern previously crashed)
group1,16,4,2048,512,16,8,32,0.085451,0.100882,,skipped (pattern previously crashed)
group1,16,4,2048,512,16,8,64,0.085391,0.101259,,skipped (pattern previously crashed)
group1,16,4,2048,512,16,8,128,0.085461,0.101028,0.129349,
group1,16,4,2048,512,16,8,256,0.085614,0.101534,0.118558,
group1,16,4,2048,512,16,8,512,0.086448,0.100827,0.119846,
group1,16,4,2048,512,16,8,1024,0.086027,0.102269,0.114695,
group1,16,4,2048,512,16,8,2048,0.086857,0.101824,0.117005,
group1,16,4,2048,512,16,8,4096,0.139455,0.102533,0.162417,
group1,16,4,2048,512,32,4,2,0.085295,0.101386,0.115436,
group1,16,4,2048,512,32,4,4,0.084998,0.100987,0.116170,
group1,16,4,2048,512,32,4,8,0.085462,0.101077,0.116046,
group1,16,4,2048,512,32,4,16,0.084855,0.101590,0.115857,
group1,16,4,2048,512,32,4,32,0.085411,0.101228,0.115733,
group1,16,4,2048,512,32,4,64,0.085017,0.101345,0.116092,
group1,16,4,2048,512,32,4,128,0.085101,0.102102,0.128250,
group1,16,4,2048,512,32,4,256,0.086046,0.101376,0.118391,
group1,16,4,2048,512,32,4,512,0.086067,0.101709,0.119088,
group1,16,4,2048,512,32,4,1024,0.086530,0.102332,0.114579,
group1,16,4,2048,512,32,4,2048,0.086974,0.102445,0.117180,
group1,16,4,2048,512,32,4,4096,0.139483,0.102548,0.130492,
group1,16,4,2048,512,64,2,2,0.085118,0.101093,0.115026,
group1,16,4,2048,512,64,2,4,0.085556,0.101694,0.115904,
group1,16,4,2048,512,64,2,8,0.085901,0.101980,0.115608,
group1,16,4,2048,512,64,2,16,0.085622,0.101715,0.115463,
group1,16,4,2048,512,64,2,32,0.086024,0.101594,0.115550,
group1,16,4,2048,512,64,2,64,0.085307,0.101425,0.115692,
group1,16,4,2048,512,64,2,128,0.085827,0.101456,0.128830,
group1,16,4,2048,512,64,2,256,0.085989,0.101367,0.118558,
group1,16,4,2048,512,64,2,512,0.086373,0.101186,0.119430,
group1,16,4,2048,512,64,2,1024,0.086351,0.101786,0.114611,
group1,16,4,2048,512,64,2,2048,0.087437,0.102080,0.116004,
group1,16,4,2048,512,64,2,4096,0.139491,0.102431,0.129941,
group1,16,4,2048,512,128,1,2,0.085489,0.062963,,CUDA error: an illegal memory access was encountered
group1,16,4,2048,512,128,1,4,0.085884,0.062936,,skipped (pattern previously crashed)
group1,16,4,2048,512,128,1,8,0.085669,0.063331,,skipped (pattern previously crashed)
group1,16,4,2048,512,128,1,16,0.085228,0.063155,,skipped (pattern previously crashed)
group1,16,4,2048,512,128,1,32,0.085681,0.063000,,skipped (pattern previously crashed)
group1,16,4,2048,512,128,1,64,0.085388,0.063006,,skipped (pattern previously crashed)
group1,16,4,2048,512,128,1,128,0.085303,0.063220,0.128457,
group1,16,4,2048,512,128,1,256,0.085203,0.062612,0.117474,
group1,16,4,2048,512,128,1,512,0.086211,0.063106,0.118749,
group1,16,4,2048,512,128,1,1024,0.086848,0.063146,0.114123,
group1,16,4,2048,512,128,1,2048,0.087268,0.063612,0.116527,
group1,16,4,2048,512,128,1,4096,0.138955,0.063288,0.129500,
group1,16,4,4096,1024,1,256,2,0.085208,0.104466,0.116455,
group1,16,4,4096,1024,1,256,4,0.084865,0.104442,0.116874,
group1,16,4,4096,1024,1,256,8,0.085429,0.104340,0.116489,
group1,16,4,4096,1024,1,256,16,0.084876,0.104192,0.116137,
group1,16,4,4096,1024,1,256,32,0.085297,0.104596,0.116106,
group1,16,4,4096,1024,1,256,64,0.085135,0.104434,0.116180,
group1,16,4,4096,1024,1,256,128,0.085919,0.104459,0.128296,
group1,16,4,4096,1024,1,256,256,0.085412,0.104242,0.118028,
group1,16,4,4096,1024,1,256,512,0.086258,0.104927,0.118905,
group1,16,4,4096,1024,1,256,1024,0.087073,0.105209,0.114524,
group1,16,4,4096,1024,1,256,2048,0.138026,0.105785,0.216788,
group1,16,4,4096,1024,1,256,4096,0.263547,0.190827,0.423051,
group1,16,4,4096,1024,2,128,2,0.085234,0.100995,,CUDA error: an illegal memory access was encountered
group1,16,4,4096,1024,2,128,4,0.085535,0.101346,,skipped (pattern previously crashed)
group1,16,4,4096,1024,2,128,8,0.084931,0.101109,,skipped (pattern previously crashed)
group1,16,4,4096,1024,2,128,16,0.085507,0.101095,,skipped (pattern previously crashed)
group1,16,4,4096,1024,2,128,32,0.085300,0.101188,,skipped (pattern previously crashed)
group1,16,4,4096,1024,2,128,64,0.085111,0.101222,,skipped (pattern previously crashed)
group1,16,4,4096,1024,2,128,128,0.085655,0.101498,0.127345,
group1,16,4,4096,1024,2,128,256,0.085617,0.101201,0.117765,
group1,16,4,4096,1024,2,128,512,0.086506,0.101687,0.118595,
group1,16,4,4096,1024,2,128,1024,0.086864,0.101989,0.118402,
group1,16,4,4096,1024,2,128,2048,0.138067,0.102523,0.221749,
group1,16,4,4096,1024,2,128,4096,0.263541,0.167996,0.433012,
group1,16,4,4096,1024,4,64,2,0.085027,0.101303,0.116235,
group1,16,4,4096,1024,4,64,4,0.085288,0.101145,0.116262,
group1,16,4,4096,1024,4,64,8,0.085147,0.101402,0.116851,
group1,16,4,4096,1024,4,64,16,0.085485,0.100972,0.116564,
group1,16,4,4096,1024,4,64,32,0.085244,0.101336,0.115774,
group1,16,4,4096,1024,4,64,64,0.084438,0.100979,0.116555,
group1,16,4,4096,1024,4,64,128,0.085377,0.101829,0.126884,
group1,16,4,4096,1024,4,64,256,0.085493,0.101147,0.117365,
group1,16,4,4096,1024,4,64,512,0.086163,0.101770,0.118643,
group1,16,4,4096,1024,4,64,1024,0.086390,0.102171,0.118893,
group1,16,4,4096,1024,4,64,2048,0.138066,0.102553,0.227607,
group1,16,4,4096,1024,4,64,4096,0.263596,0.166256,0.442514,
group1,16,4,4096,1024,8,32,2,0.084748,0.101069,,CUDA error: an illegal memory access was encountered
group1,16,4,4096,1024,8,32,4,0.085231,0.101056,,skipped (pattern previously crashed)
group1,16,4,4096,1024,8,32,8,0.084642,0.101373,,skipped (pattern previously crashed)
group1,16,4,4096,1024,8,32,16,0.085381,0.101100,,skipped (pattern previously crashed)
group1,16,4,4096,1024,8,32,32,0.085154,0.101089,,skipped (pattern previously crashed)
group1,16,4,4096,1024,8,32,64,0.084945,0.101178,,skipped (pattern previously crashed)
group1,16,4,4096,1024,8,32,128,0.085367,0.101475,0.127402,
group1,16,4,4096,1024,8,32,256,0.085257,0.100832,0.117356,
group1,16,4,4096,1024,8,32,512,0.086369,0.102064,0.118368,
group1,16,4,4096,1024,8,32,1024,0.086962,0.101721,0.120845,
group1,16,4,4096,1024,8,32,2048,0.138024,0.102440,0.232352,
group1,16,4,4096,1024,8,32,4096,0.263537,0.166200,0.451352,
group1,16,4,4096,1024,16,16,2,0.085059,0.101305,0.112824,
group1,16,4,4096,1024,16,16,4,0.085510,0.101304,0.113213,
group1,16,4,4096,1024,16,16,8,0.084781,0.101010,0.112677,
group1,16,4,4096,1024,16,16,16,0.085367,0.100978,0.113429,
group1,16,4,4096,1024,16,16,32,0.085377,0.101452,0.112938,
group1,16,4,4096,1024,16,16,64,0.085211,0.101255,0.113204,
group1,16,4,4096,1024,16,16,128,0.085441,0.101281,0.126785,
group1,16,4,4096,1024,16,16,256,0.085098,0.101280,0.117222,
group1,16,4,4096,1024,16,16,512,0.086497,0.102102,0.118132,
group1,16,4,4096,1024,16,16,1024,0.086975,0.101864,0.120864,
group1,16,4,4096,1024,16,16,2048,0.138016,0.102293,0.232112,
group1,16,4,4096,1024,16,16,4096,0.263563,0.168038,0.449737,
group1,16,4,4096,1024,32,8,2,0.084896,0.100974,,CUDA error: an illegal memory access was encountered
group1,16,4,4096,1024,32,8,4,0.085184,0.101226,,skipped (pattern previously crashed)
group1,16,4,4096,1024,32,8,8,0.084552,0.101762,,skipped (pattern previously crashed)
group1,16,4,4096,1024,32,8,16,0.085335,0.101170,,skipped (pattern previously crashed)
group1,16,4,4096,1024,32,8,32,0.085458,0.100807,,skipped (pattern previously crashed)
group1,16,4,4096,1024,32,8,64,0.085295,0.101078,,skipped (pattern previously crashed)
group1,16,4,4096,1024,32,8,128,0.085309,0.101290,0.126325,
group1,16,4,4096,1024,32,8,256,0.085011,0.101192,0.116600,
group1,16,4,4096,1024,32,8,512,0.086345,0.101820,0.118267,
group1,16,4,4096,1024,32,8,1024,0.086812,0.101893,0.113326,
group1,16,4,4096,1024,32,8,2048,0.138038,0.102405,0.164011,
group1,16,4,4096,1024,32,8,4096,0.263528,0.183086,0.316780,
group1,16,4,4096,1024,64,4,2,0.084984,0.100845,0.114293,
group1,16,4,4096,1024,64,4,4,0.085352,0.101111,0.113902,
group1,16,4,4096,1024,64,4,8,0.084826,0.101436,0.113271,
group1,16,4,4096,1024,64,4,16,0.085445,0.100867,0.113830,
group1,16,4,4096,1024,64,4,32,0.085550,0.100987,0.113720,
group1,16,4,4096,1024,64,4,64,0.085384,0.100785,0.114252,
group1,16,4,4096,1024,64,4,128,0.085341,0.101679,0.126338,
group1,16,4,4096,1024,64,4,256,0.085388,0.101409,0.116961,
group1,16,4,4096,1024,64,4,512,0.086155,0.101741,0.117981,
group1,16,4,4096,1024,64,4,1024,0.087045,0.101667,0.112511,
group1,16,4,4096,1024,64,4,2048,0.138032,0.102662,0.115584,
group1,16,4,4096,1024,64,4,4096,0.263585,0.184024,0.199657,
group1,16,4,4096,1024,128,2,2,0.085171,0.100777,,CUDA error: an illegal memory access was encountered
group1,16,4,4096,1024,128,2,4,0.085418,0.101703,,skipped (pattern previously crashed)
group1,16,4,4096,1024,128,2,8,0.084942,0.101314,,skipped (pattern previously crashed)
group1,16,4,4096,1024,128,2,16,0.085608,0.101260,,skipped (pattern previously crashed)
group1,16,4,4096,1024,128,2,32,0.085630,0.100891,,skipped (pattern previously crashed)
group1,16,4,4096,1024,128,2,64,0.085252,0.100754,,skipped (pattern previously crashed)
group1,16,4,4096,1024,128,2,128,0.085648,0.101245,0.126304,
group1,16,4,4096,1024,128,2,256,0.085572,0.101054,0.116650,
group1,16,4,4096,1024,128,2,512,0.086608,0.101740,0.117697,
group1,16,4,4096,1024,128,2,1024,0.087314,0.102242,0.112740,
group1,16,4,4096,1024,128,2,2048,0.137985,0.102002,0.115196,
group1,16,4,4096,1024,128,2,4096,0.263502,0.185302,0.129120,
group1,16,4,4096,1024,256,1,2,0.084988,0.063125,0.111889,
group1,16,4,4096,1024,256,1,4,0.085174,0.063352,0.112081,
group1,16,4,4096,1024,256,1,8,0.085372,0.063141,0.111565,
group1,16,4,4096,1024,256,1,16,0.085275,0.063331,0.111874,
group1,16,4,4096,1024,256,1,32,0.085913,0.063369,0.111656,
group1,16,4,4096,1024,256,1,64,0.085566,0.063402,0.111442,
group1,16,4,4096,1024,256,1,128,0.085382,0.063270,0.126650,
group1,16,4,4096,1024,256,1,256,0.085712,0.063095,0.116377,
group1,16,4,4096,1024,256,1,512,0.086774,0.063278,0.117425,
group1,16,4,4096,1024,256,1,1024,0.087433,0.063455,0.112591,
group1,16,4,4096,1024,256,1,2048,0.137551,0.063699,0.115232,
group1,16,4,4096,1024,256,1,4096,0.263161,0.086056,0.128664,
group1,16,8,1024,512,1,64,2,0.084619,0.104163,0.111323,
group1,16,8,1024,512,1,64,4,0.084891,0.104114,0.111673,
group1,16,8,1024,512,1,64,8,0.085131,0.104400,0.111064,
group1,16,8,1024,512,1,64,16,0.085053,0.104912,,CUDA error: an illegal memory access was encountered
group1,16,8,1024,512,1,64,32,0.084810,0.104129,,skipped (pattern previously crashed)
group1,16,8,1024,512,1,64,64,0.084814,0.104639,,skipped (pattern previously crashed)
group1,16,8,1024,512,1,64,128,0.084709,0.104228,0.126968,
group1,16,8,1024,512,1,64,256,0.084845,0.104905,0.116829,
group1,16,8,1024,512,1,64,512,0.085542,0.104086,0.117573,
group1,16,8,1024,512,1,64,1024,0.085823,0.104428,0.112033,
group1,16,8,1024,512,1,64,2048,0.086276,0.104720,0.115357,
group1,16,8,1024,512,1,64,4096,0.086516,0.105017,0.132301,
group1,16,8,1024,512,2,32,2,0.084667,0.101142,0.113341,
group1,16,8,1024,512,2,32,4,0.085552,0.101276,0.113880,
group1,16,8,1024,512,2,32,8,0.085241,0.100715,0.113789,
group1,16,8,1024,512,2,32,16,0.085523,0.100817,0.113995,
group1,16,8,1024,512,2,32,32,0.085595,0.101292,0.114213,
group1,16,8,1024,512,2,32,64,0.085492,0.101286,0.113923,
group1,16,8,1024,512,2,32,128,0.085382,0.101034,0.126291,
group1,16,8,1024,512,2,32,256,0.085430,0.101478,0.116804,
group1,16,8,1024,512,2,32,512,0.085680,0.100883,0.117485,
group1,16,8,1024,512,2,32,1024,0.085854,0.100862,0.113072,
group1,16,8,1024,512,2,32,2048,0.086591,0.101059,0.114508,
group1,16,8,1024,512,2,32,4096,0.086566,0.101864,0.132870,
group1,16,8,1024,512,4,16,2,0.084791,0.101057,0.113378,
group1,16,8,1024,512,4,16,4,0.085700,0.100546,0.113916,
group1,16,8,1024,512,4,16,8,0.085063,0.101301,0.113588,
group1,16,8,1024,512,4,16,16,0.085551,0.100927,0.113644,
group1,16,8,1024,512,4,16,32,0.085577,0.101078,0.113734,
group1,16,8,1024,512,4,16,64,0.085247,0.100993,0.113823,
group1,16,8,1024,512,4,16,128,0.085450,0.100769,0.126452,
group1,16,8,1024,512,4,16,256,0.084818,0.101033,0.115903,
group1,16,8,1024,512,4,16,512,0.085926,0.101528,0.116596,
group1,16,8,1024,512,4,16,1024,0.085740,0.100766,0.112556,
group1,16,8,1024,512,4,16,2048,0.086116,0.100698,0.116003,
group1,16,8,1024,512,4,16,4096,0.086517,0.101555,0.132246,
group1,16,8,1024,512,8,8,2,0.085042,0.100682,0.113311,
group1,16,8,1024,512,8,8,4,0.085286,0.100696,0.114086,
group1,16,8,1024,512,8,8,8,0.085417,0.101096,0.113446,
group1,16,8,1024,512,8,8,16,0.085461,0.101185,0.113794,
group1,16,8,1024,512,8,8,32,0.085199,0.100704,0.113351,
group1,16,8,1024,512,8,8,64,0.085193,0.101643,0.113759,
group1,16,8,1024,512,8,8,128,0.085245,0.100997,0.125771,
group1,16,8,1024,512,8,8,256,0.085169,0.101367,0.115399,
group1,16,8,1024,512,8,8,512,0.085988,0.100642,0.116844,
group1,16,8,1024,512,8,8,1024,0.085829,0.100627,0.111937,
group1,16,8,1024,512,8,8,2048,0.086320,0.101182,0.114942,
group1,16,8,1024,512,8,8,4096,0.086519,0.101763,0.127984,
group1,16,8,1024,512,16,4,2,0.084539,0.101072,0.113281,
group1,16,8,1024,512,16,4,4,0.085508,0.100671,0.114195,
group1,16,8,1024,512,16,4,8,0.085279,0.101263,0.113149,
group1,16,8,1024,512,16,4,16,0.085277,0.101478,0.113358,
group1,16,8,1024,512,16,4,32,0.085470,0.101150,0.113407,
group1,16,8,1024,512,16,4,64,0.085134,0.101094,0.114039,
group1,16,8,1024,512,16,4,128,0.084894,0.100825,0.126139,
group1,16,8,1024,512,16,4,256,0.085561,0.101173,0.115904,
group1,16,8,1024,512,16,4,512,0.085659,0.100730,0.116986,
group1,16,8,1024,512,16,4,1024,0.085785,0.100977,0.112509,
group1,16,8,1024,512,16,4,2048,0.086154,0.100898,0.114409,
group1,16,8,1024,512,16,4,4096,0.086483,0.101890,0.127872,
group1,16,8,1024,512,32,2,2,0.084435,0.100794,0.113405,
group1,16,8,1024,512,32,2,4,0.084991,0.100538,0.113926,
group1,16,8,1024,512,32,2,8,0.085282,0.100844,0.113124,
group1,16,8,1024,512,32,2,16,0.085256,0.100953,0.113520,
group1,16,8,1024,512,32,2,32,0.085512,0.100662,0.113291,
group1,16,8,1024,512,32,2,64,0.085038,0.100682,0.113619,
group1,16,8,1024,512,32,2,128,0.085361,0.101060,0.126493,
group1,16,8,1024,512,32,2,256,0.085147,0.101047,0.116098,
group1,16,8,1024,512,32,2,512,0.085624,0.100741,0.116900,
group1,16,8,1024,512,32,2,1024,0.086140,0.100893,0.111571,
group1,16,8,1024,512,32,2,2048,0.086875,0.100667,0.114011,
group1,16,8,1024,512,32,2,4096,0.086454,0.101607,0.126815,
group1,16,8,1024,512,64,1,2,0.085481,0.063019,0.113313,
group1,16,8,1024,512,64,1,4,0.085089,0.063161,0.113755,
group1,16,8,1024,512,64,1,8,0.085390,0.063170,0.113408,
group1,16,8,1024,512,64,1,16,0.084773,0.062792,0.113389,
group1,16,8,1024,512,64,1,32,0.085048,0.063176,0.113485,
group1,16,8,1024,512,64,1,64,0.085227,0.063205,0.113541,
group1,16,8,1024,512,64,1,128,0.084611,0.063178,0.125230,
group1,16,8,1024,512,64,1,256,0.084844,0.062786,0.115758,
group1,16,8,1024,512,64,1,512,0.085713,0.063342,0.115927,
group1,16,8,1024,512,64,1,1024,0.086421,0.063219,0.112145,
group1,16,8,1024,512,64,1,2048,0.086150,0.062968,0.114111,
group1,16,8,1024,512,64,1,4096,0.086315,0.063205,0.127190,
group1,16,8,2048,1024,1,128,2,0.084555,0.103936,0.113434,
group1,16,8,2048,1024,1,128,4,0.085450,0.104078,0.113433,
group1,16,8,2048,1024,1,128,8,0.085074,0.104171,0.113116,
group1,16,8,2048,1024,1,128,16,0.085542,0.104300,0.112934,
group1,16,8,2048,1024,1,128,32,0.085184,0.104519,0.112491,
group1,16,8,2048,1024,1,128,64,0.085097,0.104159,0.113254,
group1,16,8,2048,1024,1,128,128,0.085577,0.104261,0.125789,
group1,16,8,2048,1024,1,128,256,0.085427,0.104369,0.115209,
group1,16,8,2048,1024,1,128,512,0.085933,0.104393,0.116233,
group1,16,8,2048,1024,1,128,1024,0.086551,0.104201,0.111565,
group1,16,8,2048,1024,1,128,2048,0.086370,0.105142,0.122344,
group1,16,8,2048,1024,1,128,4096,0.158914,0.104879,0.240333,
group1,16,8,2048,1024,2,64,2,0.081920,0.099286,0.112939,
group1,16,8,2048,1024,2,64,4,0.082458,0.098783,0.113183,
group1,16,8,2048,1024,2,64,8,0.082248,0.098693,0.112730,
group1,16,8,2048,1024,2,64,16,0.082426,0.099161,0.112943,
group1,16,8,2048,1024,2,64,32,0.082257,0.098809,0.112388,
group1,16,8,2048,1024,2,64,64,0.082348,0.099363,0.112833,
group1,16,8,2048,1024,2,64,128,0.082540,0.099045,0.125329,
group1,16,8,2048,1024,2,64,256,0.082906,0.099101,0.115171,
group1,16,8,2048,1024,2,64,512,0.083393,0.099172,0.115862,
group1,16,8,2048,1024,2,64,1024,0.083678,0.099081,0.111767,
group1,16,8,2048,1024,2,64,2048,0.083861,0.100054,0.130479,
group1,16,8,2048,1024,2,64,4096,0.160352,0.100358,0.249351,
group1,16,8,2048,1024,4,32,2,0.081262,0.099051,0.112701,
group1,16,8,2048,1024,4,32,4,0.082203,0.098466,0.112858,
group1,16,8,2048,1024,4,32,8,0.082065,0.099392,0.112031,
group1,16,8,2048,1024,4,32,16,0.082071,0.099198,0.112539,
group1,16,8,2048,1024,4,32,32,0.082372,0.099053,0.112358,
group1,16,8,2048,1024,4,32,64,0.082263,0.099053,0.112372,
group1,16,8,2048,1024,4,32,128,0.082391,0.099052,0.125763,
group1,16,8,2048,1024,4,32,256,0.082580,0.099508,0.115369,
group1,16,8,2048,1024,4,32,512,0.082970,0.099490,0.116331,
group1,16,8,2048,1024,4,32,1024,0.083271,0.099327,0.111499,
group1,16,8,2048,1024,4,32,2048,0.083784,0.099983,0.133153,
group1,16,8,2048,1024,4,32,4096,0.158858,0.100163,0.255298,
group1,16,8,2048,1024,8,16,2,0.081836,0.099076,0.112240,
group1,16,8,2048,1024,8,16,4,0.082293,0.099042,0.112166,
group1,16,8,2048,1024,8,16,8,0.082459,0.099503,0.111955,
group1,16,8,2048,1024,8,16,16,0.082469,0.099902,0.112358,
group1,16,8,2048,1024,8,16,32,0.082577,0.099719,0.112484,
group1,16,8,2048,1024,8,16,64,0.082651,0.099779,0.112457,
group1,16,8,2048,1024,8,16,128,0.083192,0.099523,0.125047,
group1,16,8,2048,1024,8,16,256,0.083278,0.099658,0.114935,
group1,16,8,2048,1024,8,16,512,0.083698,0.099430,0.115412,
group1,16,8,2048,1024,8,16,1024,0.083366,0.098907,0.111145,
group1,16,8,2048,1024,8,16,2048,0.083977,0.100497,0.131984,
group1,16,8,2048,1024,8,16,4096,0.158814,0.100319,0.253214,
group1,16,8,2048,1024,16,8,2,0.081979,0.099184,0.111977,
group1,16,8,2048,1024,16,8,4,0.082255,0.098602,0.112340,
group1,16,8,2048,1024,16,8,8,0.082459,0.099010,0.112037,
group1,16,8,2048,1024,16,8,16,0.082503,0.099595,0.112378,
group1,16,8,2048,1024,16,8,32,0.082458,0.099129,0.112288,
group1,16,8,2048,1024,16,8,64,0.082468,0.099646,0.112299,
group1,16,8,2048,1024,16,8,128,0.082676,0.099385,0.123851,
group1,16,8,2048,1024,16,8,256,0.083005,0.098955,0.114778,
group1,16,8,2048,1024,16,8,512,0.083622,0.099494,0.115982,
group1,16,8,2048,1024,16,8,1024,0.083349,0.099623,0.110966,
group1,16,8,2048,1024,16,8,2048,0.083825,0.099978,0.112927,
group1,16,8,2048,1024,16,8,4096,0.159019,0.099983,0.191032,
group1,16,8,2048,1024,32,4,2,0.081996,0.098927,0.111705,
group1,16,8,2048,1024,32,4,4,0.082386,0.098719,0.112640,
group1,16,8,2048,1024,32,4,8,0.082595,0.099251,0.111916,
group1,16,8,2048,1024,32,4,16,0.082463,0.099447,0.112204,
group1,16,8,2048,1024,32,4,32,0.082616,0.099638,0.112153,
group1,16,8,2048,1024,32,4,64,0.082799,0.099096,0.111936,
group1,16,8,2048,1024,32,4,128,0.082891,0.099295,0.125081,
group1,16,8,2048,1024,32,4,256,0.082795,0.099439,0.115064,
group1,16,8,2048,1024,32,4,512,0.083272,0.099382,0.115191,
group1,16,8,2048,1024,32,4,1024,0.083622,0.099159,0.111181,
group1,16,8,2048,1024,32,4,2048,0.083768,0.100322,0.112443,
group1,16,8,2048,1024,32,4,4096,0.158882,0.099921,0.147492,
group1,16,8,2048,1024,64,2,2,0.082720,0.099222,0.111804,
group1,16,8,2048,1024,64,2,4,0.083043,0.099294,0.112317,
group1,16,8,2048,1024,64,2,8,0.082946,0.099089,0.111841,
group1,16,8,2048,1024,64,2,16,0.082902,0.099580,0.112025,
group1,16,8,2048,1024,64,2,32,0.082649,0.099363,0.111696,
group1,16,8,2048,1024,64,2,64,0.083024,0.099165,0.111932,
group1,16,8,2048,1024,64,2,128,0.082988,0.099136,0.124613,
group1,16,8,2048,1024,64,2,256,0.083474,0.099200,0.114772,
group1,16,8,2048,1024,64,2,512,0.083866,0.099480,0.115729,
group1,16,8,2048,1024,64,2,1024,0.083940,0.099324,0.110769,
group1,16,8,2048,1024,64,2,2048,0.084141,0.100367,0.112139,
group1,16,8,2048,1024,64,2,4096,0.159049,0.099952,0.125647,
group1,16,8,2048,1024,128,1,2,0.082170,0.063145,0.111918,
group1,16,8,2048,1024,128,1,4,0.082740,0.063312,0.112085,
group1,16,8,2048,1024,128,1,8,0.082972,0.063499,0.111693,
group1,16,8,2048,1024,128,1,16,0.083093,0.063478,0.111970,
group1,16,8,2048,1024,128,1,32,0.082930,0.063503,0.111710,
group1,16,8,2048,1024,128,1,64,0.082855,0.063360,0.111809,
group1,16,8,2048,1024,128,1,128,0.082537,0.063523,0.123511,
group1,16,8,2048,1024,128,1,256,0.083269,0.063426,0.113870,
group1,16,8,2048,1024,128,1,512,0.083680,0.063422,0.115058,
group1,16,8,2048,1024,128,1,1024,0.084093,0.062801,0.110678,
group1,16,8,2048,1024,128,1,2048,0.083965,0.063550,0.112659,
group1,16,8,2048,1024,128,1,4096,0.158679,0.063642,0.125138,
group1,16,8,4096,2048,1,256,2,0.082684,0.103131,0.111724,
group1,16,8,4096,2048,1,256,4,0.082136,0.101908,0.111913,
group1,16,8,4096,2048,1,256,8,0.082649,0.102678,0.111449,
group1,16,8,4096,2048,1,256,16,0.082374,0.102466,0.111750,
group1,16,8,4096,2048,1,256,32,0.082350,0.102942,0.110934,
group1,16,8,4096,2048,1,256,64,0.082430,0.103198,0.111643,
group1,16,8,4096,2048,1,256,128,0.082763,0.102192,0.123722,
group1,16,8,4096,2048,1,256,256,0.082534,0.102093,0.113827,
group1,16,8,4096,2048,1,256,512,0.083699,0.102172,0.115009,
group1,16,8,4096,2048,1,256,1024,0.084102,0.103450,0.125618,
group1,16,8,4096,2048,1,256,2048,0.159325,0.102913,0.240405,
group1,16,8,4096,2048,1,256,4096,0.316625,0.195226,0.475141,
group1,16,8,4096,2048,2,128,2,0.082659,0.099082,0.111127,
group1,16,8,4096,2048,2,128,4,0.082180,0.098412,0.111742,
group1,16,8,4096,2048,2,128,8,0.082705,0.098849,0.111411,
group1,16,8,4096,2048,2,128,16,0.082505,0.099610,0.111759,
group1,16,8,4096,2048,2,128,32,0.082652,0.099365,0.111558,
group1,16,8,4096,2048,2,128,64,0.082671,0.098771,0.111619,
group1,16,8,4096,2048,2,128,128,0.082564,0.099306,0.123147,
group1,16,8,4096,2048,2,128,256,0.082830,0.098926,0.113512,
group1,16,8,4096,2048,2,128,512,0.084089,0.099623,0.114300,
group1,16,8,4096,2048,2,128,1024,0.084009,0.099933,0.127726,
group1,16,8,4096,2048,2,128,2048,0.159396,0.100209,0.250587,
group1,16,8,4096,2048,2,128,4096,0.316673,0.171650,0.487982,
group1,16,8,4096,2048,4,64,2,0.082852,0.098667,0.111451,
group1,16,8,4096,2048,4,64,4,0.082150,0.098379,0.111670,
group1,16,8,4096,2048,4,64,8,0.082967,0.099208,0.110492,
group1,16,8,4096,2048,4,64,16,0.082615,0.099538,0.111684,
group1,16,8,4096,2048,4,64,32,0.082582,0.099107,0.111297,
group1,16,8,4096,2048,4,64,64,0.082672,0.099197,0.111514,
group1,16,8,4096,2048,4,64,128,0.082841,0.099139,0.123896,
group1,16,8,4096,2048,4,64,256,0.082957,0.098475,0.113834,
group1,16,8,4096,2048,4,64,512,0.083834,0.099425,0.114995,
group1,16,8,4096,2048,4,64,1024,0.084248,0.100082,0.133403,
group1,16,8,4096,2048,4,64,2048,0.159402,0.100147,0.251849,
group1,16,8,4096,2048,4,64,4096,0.317221,0.169330,0.497143,
group1,16,8,4096,2048,8,32,2,0.083470,0.098944,0.110919,
group1,16,8,4096,2048,8,32,4,0.082625,0.098030,0.111666,
group1,16,8,4096,2048,8,32,8,0.083169,0.098776,0.110847,
group1,16,8,4096,2048,8,32,16,0.082646,0.099191,0.111593,
group1,16,8,4096,2048,8,32,32,0.083132,0.099133,0.111035,
group1,16,8,4096,2048,8,32,64,0.082986,0.099116,0.111475,
group1,16,8,4096,2048,8,32,128,0.083175,0.099124,0.122989,
group1,16,8,4096,2048,8,32,256,0.083004,0.098974,0.113271,
group1,16,8,4096,2048,8,32,512,0.084006,0.099442,0.114331,
group1,16,8,4096,2048,8,32,1024,0.084208,0.100194,0.135512,
group1,16,8,4096,2048,8,32,2048,0.159391,0.100249,0.256851,
group1,16,8,4096,2048,8,32,4096,0.316641,0.169020,0.506111,
group1,16,8,4096,2048,16,16,2,0.083156,0.099347,0.110688,
group1,16,8,4096,2048,16,16,4,0.082729,0.098621,0.111210,
group1,16,8,4096,2048,16,16,8,0.083409,0.099507,0.110457,
group1,16,8,4096,2048,16,16,16,0.082997,0.099921,0.111108,
group1,16,8,4096,2048,16,16,32,0.083231,0.099551,0.110885,
group1,16,8,4096,2048,16,16,64,0.083183,0.099629,0.111502,
group1,16,8,4096,2048,16,16,128,0.083500,0.099546,0.122829,
group1,16,8,4096,2048,16,16,256,0.083431,0.099218,0.113393,
group1,16,8,4096,2048,16,16,512,0.084307,0.099782,0.114640,
group1,16,8,4096,2048,16,16,1024,0.084587,0.100437,0.133803,
group1,16,8,4096,2048,16,16,2048,0.159447,0.100567,0.254661,
group1,16,8,4096,2048,16,16,4096,0.316613,0.173099,0.500698,
group1,16,8,4096,2048,32,8,2,0.083353,0.099314,0.110564,
group1,16,8,4096,2048,32,8,4,0.082762,0.098605,0.111184,
group1,16,8,4096,2048,32,8,8,0.083458,0.099684,0.110816,
group1,16,8,4096,2048,32,8,16,0.082892,0.100007,0.111129,
group1,16,8,4096,2048,32,8,32,0.083208,0.099309,0.111146,
group1,16,8,4096,2048,32,8,64,0.083124,0.099356,0.111055,
group1,16,8,4096,2048,32,8,128,0.083298,0.099524,0.123307,
group1,16,8,4096,2048,32,8,256,0.083000,0.098860,0.112716,
group1,16,8,4096,2048,32,8,512,0.083993,0.099693,0.114150,
group1,16,8,4096,2048,32,8,1024,0.084607,0.100382,0.109491,
group1,16,8,4096,2048,32,8,2048,0.159461,0.099763,0.196633,
group1,16,8,4096,2048,32,8,4096,0.316583,0.188632,0.382193,
group1,16,8,4096,2048,64,4,2,0.083494,0.099173,0.110812,
group1,16,8,4096,2048,64,4,4,0.082608,0.098503,0.111027,
group1,16,8,4096,2048,64,4,8,0.083414,0.099524,0.109861,
group1,16,8,4096,2048,64,4,16,0.083184,0.099756,0.110766,
group1,16,8,4096,2048,64,4,32,0.083379,0.099778,0.110446,
group1,16,8,4096,2048,64,4,64,0.083505,0.099548,0.110940,
group1,16,8,4096,2048,64,4,128,0.083676,0.099909,0.122626,
group1,16,8,4096,2048,64,4,256,0.083466,0.099785,0.113029,
group1,16,8,4096,2048,64,4,512,0.084791,0.099664,0.114405,
group1,16,8,4096,2048,64,4,1024,0.084654,0.100861,0.110028,
group1,16,8,4096,2048,64,4,2048,0.159524,0.100316,0.151239,
group1,16,8,4096,2048,64,4,4096,0.316573,0.189984,0.284991,
group1,16,8,4096,2048,128,2,2,0.083054,0.099418,0.110507,
group1,16,8,4096,2048,128,2,4,0.082604,0.098786,0.110629,
group1,16,8,4096,2048,128,2,8,0.083055,0.099827,0.110349,
group1,16,8,4096,2048,128,2,16,0.082690,0.099857,0.110574,
group1,16,8,4096,2048,128,2,32,0.083000,0.099482,0.110605,
group1,16,8,4096,2048,128,2,64,0.083156,0.099039,0.110873,
group1,16,8,4096,2048,128,2,128,0.083367,0.099438,0.122742,
group1,16,8,4096,2048,128,2,256,0.083276,0.098994,0.112607,
group1,16,8,4096,2048,128,2,512,0.084397,0.099504,0.114324,
group1,16,8,4096,2048,128,2,1024,0.084351,0.100638,0.108823,
group1,16,8,4096,2048,128,2,2048,0.159514,0.100307,0.110458,
group1,16,8,4096,2048,128,2,4096,0.316608,0.191293,0.186846,
group1,16,8,4096,2048,256,1,2,0.083403,0.063670,0.110300,
group1,16,8,4096,2048,256,1,4,0.083020,0.063373,0.110356,
group1,16,8,4096,2048,256,1,8,0.083189,0.063481,0.109760,
group1,16,8,4096,2048,256,1,16,0.083126,0.063525,0.110317,
group1,16,8,4096,2048,256,1,32,0.083208,0.063780,0.110197,
group1,16,8,4096,2048,256,1,64,0.082770,0.063373,0.110698,
group1,16,8,4096,2048,256,1,128,0.082963,0.063602,0.121738,
group1,16,8,4096,2048,256,1,256,0.082631,0.063168,0.112544,
group1,16,8,4096,2048,256,1,512,0.084351,0.062886,0.114413,
group1,16,8,4096,2048,256,1,1024,0.084252,0.063619,0.108926,
group1,16,8,4096,2048,256,1,2048,0.159158,0.063638,0.110951,
group1,16,8,4096,2048,256,1,4096,0.316806,0.073448,0.145478,
group1,16,16,512,512,1,32,2,0.082407,0.102347,0.110474,
group1,16,16,512,512,1,32,4,0.083008,0.102763,0.110145,
group1,16,16,512,512,1,32,8,0.082900,0.102203,0.109980,
group1,16,16,512,512,1,32,16,0.083291,0.102211,0.110244,
group1,16,16,512,512,1,32,32,0.083267,0.102551,0.110228,
group1,16,16,512,512,1,32,64,0.083271,0.102869,0.110325,
group1,16,16,512,512,1,32,128,0.082743,0.102708,0.109720,
group1,16,16,512,512,1,32,256,0.082996,0.102587,0.112608,
group1,16,16,512,512,1,32,512,0.083653,0.102658,0.114090,
group1,16,16,512,512,1,32,1024,0.083533,0.102694,0.108630,
group1,16,16,512,512,1,32,2048,0.083940,0.102506,0.110647,
group1,16,16,512,512,1,32,4096,0.084170,0.102811,0.124016,
group1,16,16,512,512,2,16,2,0.083081,0.099605,0.109850,
group1,16,16,512,512,2,16,4,0.082969,0.099079,0.109765,
group1,16,16,512,512,2,16,8,0.083073,0.099714,0.109311,
group1,16,16,512,512,2,16,16,0.083016,0.099556,0.109868,
group1,16,16,512,512,2,16,32,0.083109,0.099648,0.109781,
group1,16,16,512,512,2,16,64,0.083334,0.099757,0.110444,
group1,16,16,512,512,2,16,128,0.083124,0.099934,0.108526,
group1,16,16,512,512,2,16,256,0.083246,0.098828,0.112052,
group1,16,16,512,512,2,16,512,0.083749,0.099080,0.113254,
group1,16,16,512,512,2,16,1024,0.083520,0.099743,0.108778,
group1,16,16,512,512,2,16,2048,0.084038,0.099230,0.109953,
group1,16,16,512,512,2,16,4096,0.084819,0.099806,0.123779,
group1,16,16,512,512,4,8,2,0.082462,0.099193,0.109626,
group1,16,16,512,512,4,8,4,0.082753,0.099169,0.109137,
group1,16,16,512,512,4,8,8,0.082493,0.099200,0.109602,
group1,16,16,512,512,4,8,16,0.082486,0.099327,0.109801,
group1,16,16,512,512,4,8,32,0.082820,0.099251,0.109298,
group1,16,16,512,512,4,8,64,0.083185,0.099124,0.109658,
group1,16,16,512,512,4,8,128,0.082705,0.099335,0.108049,
group1,16,16,512,512,4,8,256,0.083252,0.099501,0.111890,
group1,16,16,512,512,4,8,512,0.083937,0.099597,0.113100,
group1,16,16,512,512,4,8,1024,0.084252,0.099422,0.108447,
group1,16,16,512,512,4,8,2048,0.083815,0.099435,0.109829,
group1,16,16,512,512,4,8,4096,0.084325,0.100062,0.123448,
group1,16,16,512,512,8,4,2,0.082673,0.099219,,CUDA error: an illegal memory access was encountered
group1,16,16,512,512,8,4,4,0.082586,0.099371,,skipped (pattern previously crashed)
group1,16,16,512,512,8,4,8,0.082344,0.099610,,skipped (pattern previously crashed)
group1,16,16,512,512,8,4,16,0.082541,0.099163,,skipped (pattern previously crashed)
group1,16,16,512,512,8,4,32,0.082978,0.099266,,skipped (pattern previously crashed)
group1,16,16,512,512,8,4,64,0.083129,0.099122,,skipped (pattern previously crashed)
group1,16,16,512,512,8,4,128,0.082995,0.099583,0.108586,
group1,16,16,512,512,8,4,256,0.083111,0.099582,0.111311,
group1,16,16,512,512,8,4,512,0.082997,0.099345,0.113664,
group1,16,16,512,512,8,4,1024,0.083921,0.099865,0.108379,
group1,16,16,512,512,8,4,2048,0.083758,0.099644,0.111856,
group1,16,16,512,512,8,4,4096,0.084525,0.099779,0.122553,
group1,16,16,512,512,16,2,2,0.082709,0.099541,0.108497,
group1,16,16,512,512,16,2,4,0.082687,0.099150,0.108808,
group1,16,16,512,512,16,2,8,0.082964,0.099513,0.108478,
group1,16,16,512,512,16,2,16,0.082682,0.099184,0.108861,
group1,16,16,512,512,16,2,32,0.082654,0.099045,0.107999,
group1,16,16,512,512,16,2,64,0.082609,0.098801,0.108059,
group1,16,16,512,512,16,2,128,0.083131,0.099471,0.107504,
group1,16,16,512,512,16,2,256,0.083094,0.099917,0.110906,
group1,16,16,512,512,16,2,512,0.083344,0.099445,0.112689,
group1,16,16,512,512,16,2,1024,0.084163,0.099407,0.108098,
group1,16,16,512,512,16,2,2048,0.084155,0.099176,0.109392,
group1,16,16,512,512,16,2,4096,0.084475,0.099954,0.122364,
group1,16,16,512,512,32,1,2,0.082437,0.063339,0.108568,
group1,16,16,512,512,32,1,4,0.082537,0.063384,0.108425,
group1,16,16,512,512,32,1,8,0.082340,0.063059,0.108255,
group1,16,16,512,512,32,1,16,0.082563,0.063365,0.108156,
group1,16,16,512,512,32,1,32,0.082636,0.063705,0.108235,
group1,16,16,512,512,32,1,64,0.082859,0.063448,0.108394,
group1,16,16,512,512,32,1,128,0.083176,0.063546,0.107333,
group1,16,16,512,512,32,1,256,0.083110,0.063223,0.111554,
group1,16,16,512,512,32,1,512,0.083164,0.063970,0.112419,
group1,16,16,512,512,32,1,1024,0.083895,0.063201,0.108249,
group1,16,16,512,512,32,1,2048,0.083779,0.063794,0.109178,
group1,16,16,512,512,32,1,4096,0.084477,0.063579,0.123164,
group1,16,16,1024,1024,1,64,2,0.082877,0.102501,0.107955,
group1,16,16,1024,1024,1,64,4,0.082368,0.102207,0.107695,
group1,16,16,1024,1024,1,64,8,0.082608,0.101921,0.107983,
group1,16,16,1024,1024,1,64,16,0.083406,0.101118,0.108197,
group1,16,16,1024,1024,1,64,32,0.082845,0.102470,0.108430,
group1,16,16,1024,1024,1,64,64,0.083362,0.102669,0.108407,
group1,16,16,1024,1024,1,64,128,0.082900,0.102832,0.107523,
group1,16,16,1024,1024,1,64,256,0.083584,0.102649,0.110701,
group1,16,16,1024,1024,1,64,512,0.084346,0.102673,0.112621,
group1,16,16,1024,1024,1,64,1024,0.084420,0.102691,0.108012,
group1,16,16,1024,1024,1,64,2048,0.084609,0.102827,0.109196,
group1,16,16,1024,1024,1,64,4096,0.106494,0.104209,0.165313,
group1,16,16,1024,1024,2,32,2,0.083000,0.099186,0.107757,
group1,16,16,1024,1024,2,32,4,0.083008,0.099101,0.108502,
group1,16,16,1024,1024,2,32,8,0.083257,0.099429,0.108098,
group1,16,16,1024,1024,2,32,16,0.082967,0.099680,0.108014,
group1,16,16,1024,1024,2,32,32,0.083098,0.099244,0.107106,
group1,16,16,1024,1024,2,32,64,0.082918,0.099007,0.107925,
group1,16,16,1024,1024,2,32,128,0.083268,0.099474,0.107430,
group1,16,16,1024,1024,2,32,256,0.083452,0.099282,0.110910,
group1,16,16,1024,1024,2,32,512,0.083599,0.099296,0.111871,
group1,16,16,1024,1024,2,32,1024,0.084496,0.099841,0.107999,
group1,16,16,1024,1024,2,32,2048,0.084966,0.099971,0.109024,
group1,16,16,1024,1024,2,32,4096,0.106490,0.100473,0.165056,
group1,16,16,1024,1024,4,16,2,0.082968,0.098788,,CUDA error: an illegal memory access was encountered
group1,16,16,1024,1024,4,16,4,0.083324,0.099074,,skipped (pattern previously crashed)
group1,16,16,1024,1024,4,16,8,0.082937,0.098829,,skipped (pattern previously crashed)
group1,16,16,1024,1024,4,16,16,0.082855,0.099523,,skipped (pattern previously crashed)
group1,16,16,1024,1024,4,16,32,0.083423,0.099379,,skipped (pattern previously crashed)
group1,16,16,1024,1024,4,16,64,0.082752,0.099265,,skipped (pattern previously crashed)
group1,16,16,1024,1024,4,16,128,0.082947,0.099697,0.107435,
group1,16,16,1024,1024,4,16,256,0.082976,0.099608,0.110097,
group1,16,16,1024,1024,4,16,512,0.083714,0.099812,0.111689,
group1,16,16,1024,1024,4,16,1024,0.083947,0.099220,0.107246,
group1,16,16,1024,1024,4,16,2048,0.084518,0.100232,0.108635,
group1,16,16,1024,1024,4,16,4096,0.106517,0.100292,0.164101,
group1,16,16,1024,1024,8,8,2,0.082570,0.098867,0.109304,
group1,16,16,1024,1024,8,8,4,0.082432,0.098981,0.109699,
group1,16,16,1024,1024,8,8,8,0.082718,0.098987,0.109962,
group1,16,16,1024,1024,8,8,16,0.083105,0.099196,0.110466,
group1,16,16,1024,1024,8,8,32,0.083405,0.099730,0.109220,
group1,16,16,1024,1024,8,8,64,0.082845,0.099379,0.109430,
group1,16,16,1024,1024,8,8,128,0.083095,0.099562,0.106713,
group1,16,16,1024,1024,8,8,256,0.083212,0.099405,0.110339,
group1,16,16,1024,1024,8,8,512,0.084062,0.099694,0.112791,
group1,16,16,1024,1024,8,8,1024,0.084515,0.099607,0.107832,
group1,16,16,1024,1024,8,8,2048,0.084319,0.100296,0.108833,
group1,16,16,1024,1024,8,8,4096,0.106521,0.100534,0.132709,
group1,16,16,1024,1024,16,4,2,0.082687,0.099151,0.109042,
group1,16,16,1024,1024,16,4,4,0.082633,0.098758,0.109721,
group1,16,16,1024,1024,16,4,8,0.083104,0.099568,0.109080,
group1,16,16,1024,1024,16,4,16,0.083128,0.099492,0.109448,
group1,16,16,1024,1024,16,4,32,0.083335,0.098919,0.108491,
group1,16,16,1024,1024,16,4,64,0.083194,0.099082,0.109150,
group1,16,16,1024,1024,16,4,128,0.083152,0.099399,0.106493,
group1,16,16,1024,1024,16,4,256,0.083387,0.099473,0.110003,
group1,16,16,1024,1024,16,4,512,0.083876,0.099274,0.111145,
group1,16,16,1024,1024,16,4,1024,0.084152,0.099332,0.107193,
group1,16,16,1024,1024,16,4,2048,0.084649,0.100124,0.108149,
group1,16,16,1024,1024,16,4,4096,0.106479,0.100367,0.122350,
group1,16,16,1024,1024,32,2,2,0.083168,0.099293,,CUDA error: an illegal memory access was encountered
group1,16,16,1024,1024,32,2,4,0.083028,0.098954,,skipped (pattern previously crashed)
group1,16,16,1024,1024,32,2,8,0.083364,0.099408,,skipped (pattern previously crashed)
group1,16,16,1024,1024,32,2,16,0.083655,0.099403,,skipped (pattern previously crashed)
group1,16,16,1024,1024,32,2,32,0.083542,0.099793,,skipped (pattern previously crashed)
group1,16,16,1024,1024,32,2,64,0.083675,0.099657,,skipped (pattern previously crashed)
group1,16,16,1024,1024,32,2,128,0.083599,0.099448,0.106869,
group1,16,16,1024,1024,32,2,256,0.083225,0.099616,0.110198,
group1,16,16,1024,1024,32,2,512,0.084259,0.099792,0.111469,
group1,16,16,1024,1024,32,2,1024,0.084747,0.099513,0.107080,
group1,16,16,1024,1024,32,2,2048,0.084991,0.100109,0.108138,
group1,16,16,1024,1024,32,2,4096,0.106454,0.100851,0.122175,
group1,16,16,1024,1024,64,1,2,0.082765,0.063746,0.119328,
group1,16,16,1024,1024,64,1,4,0.082752,0.063446,0.119640,
group1,16,16,1024,1024,64,1,8,0.082908,0.063294,0.119575,
group1,16,16,1024,1024,64,1,16,0.082154,0.063422,0.119435,
group1,16,16,1024,1024,64,1,32,0.083533,0.063470,0.119628,
group1,16,16,1024,1024,64,1,64,0.083020,0.063548,0.119190,
group1,16,16,1024,1024,64,1,128,0.083143,0.063299,0.106805,
group1,16,16,1024,1024,64,1,256,0.083142,0.063556,0.109378,
group1,16,16,1024,1024,64,1,512,0.083959,0.063536,0.111817,
group1,16,16,1024,1024,64,1,1024,0.084212,0.063636,0.107197,
group1,16,16,1024,1024,64,1,2048,0.084619,0.063859,0.107983,
group1,16,16,1024,1024,64,1,4096,0.106486,0.063820,0.120918,
group1,16,16,2048,2048,1,128,2,0.082262,0.102419,0.118956,
group1,16,16,2048,2048,1,128,4,0.082253,0.102016,0.119114,
group1,16,16,2048,2048,1,128,8,0.082735,0.102224,0.118941,
group1,16,16,2048,2048,1,128,16,0.083706,0.102322,0.119545,
group1,16,16,2048,2048,1,128,32,0.083316,0.102431,0.119086,
group1,16,16,2048,2048,1,128,64,0.082788,0.102436,0.119320,
group1,16,16,2048,2048,1,128,128,0.082819,0.102129,0.106872,
group1,16,16,2048,2048,1,128,256,0.083548,0.102439,0.109759,
group1,16,16,2048,2048,1,128,512,0.084245,0.102647,0.111278,
group1,16,16,2048,2048,1,128,1024,0.085147,0.103017,0.106606,
group1,16,16,2048,2048,1,128,2048,0.107163,0.103615,0.159304,
group1,16,16,2048,2048,1,128,4096,0.210672,0.110944,0.317063,
group1,16,16,2048,2048,2,64,2,0.082992,0.099486,0.107595,
group1,16,16,2048,2048,2,64,4,0.083290,0.098732,0.107491,
group1,16,16,2048,2048,2,64,8,0.083531,0.099695,0.107950,
group1,16,16,2048,2048,2,64,16,0.083991,0.099454,0.108246,
group1,16,16,2048,2048,2,64,32,0.083432,0.099707,0.107692,
group1,16,16,2048,2048,2,64,64,0.083714,0.099031,0.107750,
group1,16,16,2048,2048,2,64,128,0.083402,0.100122,0.106909,
group1,16,16,2048,2048,2,64,256,0.084116,0.099279,0.108903,
group1,16,16,2048,2048,2,64,512,0.084289,0.100056,0.110709,
group1,16,16,2048,2048,2,64,1024,0.084667,0.100428,0.107351,
group1,16,16,2048,2048,2,64,2048,0.107080,0.101088,0.163548,
group1,16,16,2048,2048,2,64,4096,0.210885,0.109179,0.328539,
group1,16,16,2048,2048,4,32,2,0.082640,0.098894,0.106966,
group1,16,16,2048,2048,4,32,4,0.082542,0.099221,0.106787,
group1,16,16,2048,2048,4,32,8,0.082285,0.099647,0.107158,
group1,16,16,2048,2048,4,32,16,0.082699,0.099498,0.107378,
group1,16,16,2048,2048,4,32,32,0.083237,0.099730,0.106898,
group1,16,16,2048,2048,4,32,64,0.082908,0.099778,0.107229,
group1,16,16,2048,2048,4,32,128,0.082933,0.099546,0.106005,
group1,16,16,2048,2048,4,32,256,0.083563,0.099258,0.108827,
group1,16,16,2048,2048,4,32,512,0.083958,0.099636,0.110935,
group1,16,16,2048,2048,4,32,1024,0.084343,0.099866,0.106495,
group1,16,16,2048,2048,4,32,2048,0.107067,0.100366,0.166901,
group1,16,16,2048,2048,4,32,4096,0.210408,0.103677,0.332875,
group1,16,16,2048,2048,8,16,2,0.082480,0.099214,0.106969,
group1,16,16,2048,2048,8,16,4,0.082599,0.099528,0.106435,
group1,16,16,2048,2048,8,16,8,0.082997,0.099238,0.106963,
group1,16,16,2048,2048,8,16,16,0.083506,0.099463,0.107067,
group1,16,16,2048,2048,8,16,32,0.083004,0.099789,0.107032,
group1,16,16,2048,2048,8,16,64,0.082764,0.100157,0.107010,
group1,16,16,2048,2048,8,16,128,0.083199,0.099383,0.105605,
group1,16,16,2048,2048,8,16,256,0.083396,0.099388,0.109230,
group1,16,16,2048,2048,8,16,512,0.084231,0.099313,0.110759,
group1,16,16,2048,2048,8,16,1024,0.085088,0.100137,0.106243,
group1,16,16,2048,2048,8,16,2048,0.107089,0.100541,0.165977,
group1,16,16,2048,2048,8,16,4096,0.210313,0.104189,0.329095,
group1,16,16,2048,2048,16,8,2,0.083131,0.099627,0.106757,
group1,16,16,2048,2048,16,8,4,0.083479,0.099929,0.106495,
group1,16,16,2048,2048,16,8,8,0.083325,0.099108,0.107390,
group1,16,16,2048,2048,16,8,16,0.082871,0.099538,0.107230,
group1,16,16,2048,2048,16,8,32,0.083498,0.099324,0.107125,
group1,16,16,2048,2048,16,8,64,0.083219,0.099490,0.106979,
group1,16,16,2048,2048,16,8,128,0.083191,0.099399,0.105506,
group1,16,16,2048,2048,16,8,256,0.083604,0.099195,0.108049,
group1,16,16,2048,2048,16,8,512,0.084702,0.099536,0.110535,
group1,16,16,2048,2048,16,8,1024,0.084711,0.100005,0.106576,
group1,16,16,2048,2048,16,8,2048,0.107074,0.100337,0.135358,
group1,16,16,2048,2048,16,8,4096,0.210321,0.118752,0.264117,
group1,16,16,2048,2048,32,4,2,0.082728,0.098986,0.106484,
group1,16,16,2048,2048,32,4,4,0.082356,0.099245,0.106427,
group1,16,16,2048,2048,32,4,8,0.083269,0.099164,0.107069,
group1,16,16,2048,2048,32,4,16,0.082959,0.099330,0.107353,
group1,16,16,2048,2048,32,4,32,0.082534,0.099310,0.106907,
group1,16,16,2048,2048,32,4,64,0.083054,0.099084,0.106730,
group1,16,16,2048,2048,32,4,128,0.082683,0.099765,0.105586,
group1,16,16,2048,2048,32,4,256,0.083432,0.098961,0.108030,
group1,16,16,2048,2048,32,4,512,0.083915,0.099109,0.109725,
group1,16,16,2048,2048,32,4,1024,0.084377,0.099642,0.105926,
group1,16,16,2048,2048,32,4,2048,0.107062,0.100085,0.113545,
group1,16,16,2048,2048,32,4,4096,0.210281,0.119669,0.218470,
group1,16,16,2048,2048,64,2,2,0.082624,0.098807,0.106273,
group1,16,16,2048,2048,64,2,4,0.082705,0.099351,0.105891,
group1,16,16,2048,2048,64,2,8,0.082692,0.099339,0.106234,
group1,16,16,2048,2048,64,2,16,0.082769,0.099495,0.107393,
group1,16,16,2048,2048,64,2,32,0.082909,0.099023,0.106441,
group1,16,16,2048,2048,64,2,64,0.083151,0.099470,0.106581,
group1,16,16,2048,2048,64,2,128,0.083064,0.099179,0.105248,
group1,16,16,2048,2048,64,2,256,0.083424,0.099363,0.108469,
group1,16,16,2048,2048,64,2,512,0.083825,0.099342,0.110700,
group1,16,16,2048,2048,64,2,1024,0.084638,0.100274,0.105978,
group1,16,16,2048,2048,64,2,2048,0.107056,0.100370,0.106723,
group1,16,16,2048,2048,64,2,4096,0.210291,0.120882,0.170539,
group1,16,16,2048,2048,128,1,2,0.083069,0.063454,0.106408,
group1,16,16,2048,2048,128,1,4,0.083260,0.063397,0.105793,
group1,16,16,2048,2048,128,1,8,0.083032,0.062833,0.106629,
group1,16,16,2048,2048,128,1,16,0.083157,0.062873,0.107192,
group1,16,16,2048,2048,128,1,32,0.083414,0.063615,0.106397,
group1,16,16,2048,2048,128,1,64,0.083178,0.063508,0.106456,
group1,16,16,2048,2048,128,1,128,0.083018,0.063570,0.104956,
group1,16,16,2048,2048,128,1,256,0.083745,0.063414,0.107741,
group1,16,16,2048,2048,128,1,512,0.084140,0.063518,0.110120,
group1,16,16,2048,2048,128,1,1024,0.084731,0.063447,0.106023,
group1,16,16,2048,2048,128,1,2048,0.107053,0.063670,0.106063,
group1,16,16,2048,2048,128,1,4096,0.210318,0.063812,0.153745,
group1,16,16,4096,4096,1,256,2,0.082684,0.102419,0.106291,
group1,16,16,4096,4096,1,256,4,0.083355,0.102409,0.106176,
group1,16,16,4096,4096,1,256,8,0.082746,0.102446,0.106187,
group1,16,16,4096,4096,1,256,16,0.082670,0.102430,0.106649,
group1,16,16,4096,4096,1,256,32,0.083425,0.103008,0.106280,
group1,16,16,4096,4096,1,256,64,0.083592,0.102400,0.106457,
group1,16,16,4096,4096,1,256,128,0.083547,0.102766,,CUDA error: an illegal memory access was encountered
group1,16,16,4096,4096,1,256,256,0.083835,0.102481,0.107484,
group1,16,16,4096,4096,1,256,512,0.084932,0.103285,0.110314,
group1,16,16,4096,4096,1,256,1024,0.106978,0.104099,0.158490,
group1,16,16,4096,4096,1,256,2048,0.208955,0.117961,0.322086,
group1,16,16,4096,4096,1,256,4096,0.418563,0.226092,0.607292,
group1,16,16,4096,4096,2,128,2,0.083043,0.098820,,CUDA error: an illegal memory access was encountered
group1,16,16,4096,4096,2,128,4,0.082530,0.099373,,skipped (pattern previously crashed)
group1,16,16,4096,4096,2,128,8,0.082926,0.099699,,skipped (pattern previously crashed)
group1,16,16,4096,4096,2,128,16,0.083454,0.099786,,skipped (pattern previously crashed)
group1,16,16,4096,4096,2,128,32,0.083490,0.099849,,skipped (pattern previously crashed)
group1,16,16,4096,4096,2,128,64,0.083286,0.098861,,skipped (pattern previously crashed)
group1,16,16,4096,4096,2,128,128,0.083394,0.099486,,skipped (pattern previously crashed)
group1,16,16,4096,4096,2,128,256,0.083700,0.099203,0.107054,
group1,16,16,4096,4096,2,128,512,0.085222,0.100109,0.110100,
group1,16,16,4096,4096,2,128,1024,0.106984,0.100812,0.159352,
group1,16,16,4096,4096,2,128,2048,0.209219,0.110768,0.322537,
group1,16,16,4096,4096,2,128,4096,0.418602,0.203183,0.610633,
group1,16,16,4096,4096,4,64,2,0.082808,0.099325,0.104853,
group1,16,16,4096,4096,4,64,4,0.082752,0.099088,0.105546,
group1,16,16,4096,4096,4,64,8,0.082746,0.099491,0.105505,
group1,16,16,4096,4096,4,64,16,0.082994,0.099594,0.105543,
group1,16,16,4096,4096,4,64,32,0.082995,0.099429,0.105123,
group1,16,16,4096,4096,4,64,64,0.082855,0.099441,0.105087,
group1,16,16,4096,4096,4,64,128,0.083079,0.099642,,CUDA error: an illegal memory access was encountered
group1,16,16,4096,4096,4,64,256,0.083340,0.098771,0.106979,
group1,16,16,4096,4096,4,64,512,0.084622,0.099961,0.110456,
group1,16,16,4096,4096,4,64,1024,0.106793,0.100532,0.160307,
group1,16,16,4096,4096,4,64,2048,0.208693,0.109162,0.326551,
group1,16,16,4096,4096,4,64,4096,0.419686,0.201846,0.621308,
group1,16,16,4096,4096,8,32,2,0.082776,0.099114,,CUDA error: an illegal memory access was encountered
group1,16,16,4096,4096,8,32,4,0.082805,0.099259,,skipped (pattern previously crashed)
group1,16,16,4096,4096,8,32,8,0.083004,0.099037,,skipped (pattern previously crashed)
group1,16,16,4096,4096,8,32,16,0.082771,0.099712,,skipped (pattern previously crashed)
group1,16,16,4096,4096,8,32,32,0.083468,0.099537,,skipped (pattern previously crashed)
group1,16,16,4096,4096,8,32,64,0.083096,0.099202,,skipped (pattern previously crashed)
group1,16,16,4096,4096,8,32,128,0.082921,0.099573,,skipped (pattern previously crashed)
group1,16,16,4096,4096,8,32,256,0.083697,0.099392,0.107376,
group1,16,16,4096,4096,8,32,512,0.085006,0.099845,0.109645,
group1,16,16,4096,4096,8,32,1024,0.106955,0.100938,0.167398,
group1,16,16,4096,4096,8,32,2048,0.208711,0.103754,0.332614,
group1,16,16,4096,4096,8,32,4096,0.418618,0.192344,0.635670,
group1,16,16,4096,4096,16,16,2,0.082959,0.099108,0.106563,
group1,16,16,4096,4096,16,16,4,0.082631,0.098688,0.106467,
group1,16,16,4096,4096,16,16,8,0.082719,0.099702,0.106535,
group1,16,16,4096,4096,16,16,16,0.082719,0.099298,0.106810,
group1,16,16,4096,4096,16,16,32,0.083419,0.099837,0.106170,
group1,16,16,4096,4096,16,16,64,0.083145,0.099179,0.106090,
group1,16,16,4096,4096,16,16,128,0.082835,0.099671,,CUDA error: an illegal memory access was encountered
group1,16,16,4096,4096,16,16,256,0.083473,0.099457,0.106893,
group1,16,16,4096,4096,16,16,512,0.084609,0.100449,0.109314,
group1,16,16,4096,4096,16,16,1024,0.106753,0.100871,0.166121,
group1,16,16,4096,4096,16,16,2048,0.208635,0.104241,0.327395,
group1,16,16,4096,4096,16,16,4096,0.418556,0.193725,0.627446,
group1,16,16,4096,4096,32,8,2,0.082657,0.099048,,CUDA error: an illegal memory access was encountered
group1,16,16,4096,4096,32,8,4,0.083343,0.099173,,skipped (pattern previously crashed)
group1,16,16,4096,4096,32,8,8,0.083165,0.099661,,skipped (pattern previously crashed)
group1,16,16,4096,4096,32,8,16,0.082748,0.099691,,skipped (pattern previously crashed)
group1,16,16,4096,4096,32,8,32,0.083338,0.099938,,skipped (pattern previously crashed)
group1,16,16,4096,4096,32,8,64,0.082965,0.099682,,skipped (pattern previously crashed)
group1,16,16,4096,4096,32,8,128,0.083178,0.100093,,skipped (pattern previously crashed)
group1,16,16,4096,4096,32,8,256,0.083798,0.099500,0.106575,
group1,16,16,4096,4096,32,8,512,0.084848,0.100075,0.108412,
group1,16,16,4096,4096,32,8,1024,0.106895,0.101010,0.136811,
group1,16,16,4096,4096,32,8,2048,0.208628,0.118835,0.267021,
group1,16,16,4096,4096,32,8,4096,0.418348,0.225210,0.515028,
group1,16,16,4096,4096,64,4,2,0.082723,0.099388,0.119477,
group1,16,16,4096,4096,64,4,4,0.082934,0.098842,0.119927,
group1,16,16,4096,4096,64,4,8,0.083033,0.099565,0.119202,
group1,16,16,4096,4096,64,4,16,0.082920,0.100008,0.119622,
group1,16,16,4096,4096,64,4,32,0.083713,0.100054,0.119101,
group1,16,16,4096,4096,64,4,64,0.082995,0.099372,0.119270,
group1,16,16,4096,4096,64,4,128,0.083185,0.099950,,CUDA error: an illegal memory access was encountered
group1,16,16,4096,4096,64,4,256,0.083623,0.099550,0.106649,
group1,16,16,4096,4096,64,4,512,0.084962,0.100324,0.109603,
group1,16,16,4096,4096,64,4,1024,0.106749,0.100428,0.114378,
group1,16,16,4096,4096,64,4,2048,0.208532,0.119653,0.220584,
group1,16,16,4096,4096,64,4,4096,0.418371,0.226647,0.426413,
group1,16,16,4096,4096,128,2,2,0.082635,0.099104,,CUDA error: an illegal memory access was encountered
group1,16,16,4096,4096,128,2,4,0.082822,0.099089,,skipped (pattern previously crashed)
group1,16,16,4096,4096,128,2,8,0.082827,0.099093,,skipped (pattern previously crashed)
group1,16,16,4096,4096,128,2,16,0.082609,0.099557,,skipped (pattern previously crashed)
group1,16,16,4096,4096,128,2,32,0.083712,0.099682,,skipped (pattern previously crashed)
group1,16,16,4096,4096,128,2,64,0.083364,0.099064,,skipped (pattern previously crashed)
group1,16,16,4096,4096,128,2,128,0.082681,0.099517,,skipped (pattern previously crashed)
group1,16,16,4096,4096,128,2,256,0.083613,0.099279,0.106257,
group1,16,16,4096,4096,128,2,512,0.084666,0.099563,0.108409,
group1,16,16,4096,4096,128,2,1024,0.106865,0.100440,0.105112,
group1,16,16,4096,4096,128,2,2048,0.208551,0.121027,0.172595,
group1,16,16,4096,4096,128,2,4096,0.418163,0.228801,0.332221,
group1,16,16,4096,4096,256,1,2,0.082572,0.063255,0.104692,
group1,16,16,4096,4096,256,1,4,0.081844,0.063037,0.104780,
group1,16,16,4096,4096,256,1,8,0.082389,0.063162,0.104828,
group1,16,16,4096,4096,256,1,16,0.083293,0.063646,0.104590,
group1,16,16,4096,4096,256,1,32,0.083349,0.063107,0.104647,
group1,16,16,4096,4096,256,1,64,0.083413,0.063745,0.104706,
group1,16,16,4096,4096,256,1,128,0.083324,0.063588,,CUDA error: an illegal memory access was encountered
group1,16,16,4096,4096,256,1,256,0.083172,0.063206,0.106235,
group1,16,16,4096,4096,256,1,512,0.084414,0.063688,0.108095,
group1,16,16,4096,4096,256,1,1024,0.106762,0.063915,0.104519,
group1,16,16,4096,4096,256,1,2048,0.208724,0.063440,0.154850,
group1,16,16,4096,4096,256,1,4096,0.418248,0.074479,0.295361,
group1,16,32,512,1024,1,32,2,0.082797,0.102486,0.104018,
group1,16,32,512,1024,1,32,4,0.082470,0.102193,0.104258,
group1,16,32,512,1024,1,32,8,0.083153,0.102329,0.103991,
group1,16,32,512,1024,1,32,16,0.083339,0.102097,0.103965,
group1,16,32,512,1024,1,32,32,0.083365,0.102817,0.104277,
group1,16,32,512,1024,1,32,64,0.083226,0.102964,0.104285,
group1,16,32,512,1024,1,32,128,0.082910,0.102442,0.104075,
group1,16,32,512,1024,1,32,256,0.083688,0.102801,0.106365,
group1,16,32,512,1024,1,32,512,0.084236,0.102582,0.108646,
group1,16,32,512,1024,1,32,1024,0.084354,0.102890,0.104508,
group1,16,32,512,1024,1,32,2048,0.083885,0.102583,0.105200,
group1,16,32,512,1024,1,32,4096,0.085681,0.102499,0.117992,
group1,16,32,512,1024,2,16,2,0.083301,0.099345,,CUDA error: an illegal memory access was encountered
group1,16,32,512,1024,2,16,4,0.083489,0.098815,,skipped (pattern previously crashed)
group1,16,32,512,1024,2,16,8,0.082530,0.099179,,skipped (pattern previously crashed)
group1,16,32,512,1024,2,16,16,0.083127,0.099270,,skipped (pattern previously crashed)
group1,16,32,512,1024,2,16,32,0.083278,0.099656,,skipped (pattern previously crashed)
group1,16,32,512,1024,2,16,64,0.083351,0.099695,,skipped (pattern previously crashed)
group1,16,32,512,1024,2,16,128,0.083517,0.099748,,skipped (pattern previously crashed)
group1,16,32,512,1024,2,16,256,0.083215,0.099370,0.106473,
group1,16,32,512,1024,2,16,512,0.083958,0.099470,0.108106,
group1,16,32,512,1024,2,16,1024,0.084167,0.099428,0.103992,
group1,16,32,512,1024,2,16,2048,0.084086,0.099489,0.104963,
group1,16,32,512,1024,2,16,4096,0.085641,0.098893,0.118441,
group1,16,32,512,1024,4,8,2,0.083212,0.099075,0.101941,
group1,16,32,512,1024,4,8,4,0.083184,0.099472,0.102547,
group1,16,32,512,1024,4,8,8,0.083287,0.099662,0.102854,
group1,16,32,512,1024,4,8,16,0.082939,0.099134,0.102824,
group1,16,32,512,1024,4,8,32,0.083116,0.098868,0.102970,
group1,16,32,512,1024,4,8,64,0.083215,0.099831,0.102407,
group1,16,32,512,1024,4,8,128,0.083327,0.099285,0.102416,
group1,16,32,512,1024,4,8,256,0.084019,0.099343,0.105604,
group1,16,32,512,1024,4,8,512,0.084024,0.099279,0.107975,
group1,16,32,512,1024,4,8,1024,0.084465,0.099902,0.103638,
group1,16,32,512,1024,4,8,2048,0.084460,0.099481,0.104382,
group1,16,32,512,1024,4,8,4096,0.085645,0.099857,0.117737,
group1,16,32,512,1024,8,4,2,0.083019,0.099114,,CUDA error: an illegal memory access was encountered
group1,16,32,512,1024,8,4,4,0.083129,0.099453,,skipped (pattern previously crashed)
group1,16,32,512,1024,8,4,8,0.083085,0.099781,,skipped (pattern previously crashed)
group1,16,32,512,1024,8,4,16,0.082620,0.099301,,skipped (pattern previously crashed)
group1,16,32,512,1024,8,4,32,0.082799,0.098756,,skipped (pattern previously crashed)
group1,16,32,512,1024,8,4,64,0.083037,0.099858,,skipped (pattern previously crashed)
group1,16,32,512,1024,8,4,128,0.083271,0.099004,,skipped (pattern previously crashed)
group1,16,32,512,1024,8,4,256,0.083595,0.099685,0.105305,
group1,16,32,512,1024,8,4,512,0.084035,0.100198,0.107510,
group1,16,32,512,1024,8,4,1024,0.084077,0.100421,0.103799,
group1,16,32,512,1024,8,4,2048,0.084755,0.099896,0.104759,
group1,16,32,512,1024,8,4,4096,0.085611,0.099781,0.118060,
group1,16,32,512,1024,16,2,2,0.082970,0.099320,0.104753,
group1,16,32,512,1024,16,2,4,0.083122,0.099457,0.105277,
group1,16,32,512,1024,16,2,8,0.083491,0.099607,0.105440,
group1,16,32,512,1024,16,2,16,0.083406,0.099133,0.105608,
group1,16,32,512,1024,16,2,32,0.083889,0.099453,0.105057,
group1,16,32,512,1024,16,2,64,0.083233,0.099360,0.105927,
group1,16,32,512,1024,16,2,128,0.083491,0.099560,0.105189,
group1,16,32,512,1024,16,2,256,0.083960,0.099445,0.105474,
group1,16,32,512,1024,16,2,512,0.084660,0.100479,0.108129,
group1,16,32,512,1024,16,2,1024,0.084383,0.099975,0.103228,
group1,16,32,512,1024,16,2,2048,0.084368,0.099879,0.103952,
group1,16,32,512,1024,16,2,4096,0.085738,0.099551,0.117100,
group1,16,32,512,1024,32,1,2,0.082981,0.063422,,CUDA error: an illegal memory access was encountered
group1,16,32,512,1024,32,1,4,0.083129,0.063542,,skipped (pattern previously crashed)
group1,16,32,512,1024,32,1,8,0.083798,0.063743,,skipped (pattern previously crashed)
group1,16,32,512,1024,32,1,16,0.083556,0.063440,,skipped (pattern previously crashed)
group1,16,32,512,1024,32,1,32,0.082986,0.063445,,skipped (pattern previously crashed)
group1,16,32,512,1024,32,1,64,0.083530,0.063718,,skipped (pattern previously crashed)
group1,16,32,512,1024,32,1,128,0.083493,0.063278,,skipped (pattern previously crashed)
group1,16,32,512,1024,32,1,256,0.083734,0.063840,0.105572,
group1,16,32,512,1024,32,1,512,0.083468,0.063754,0.107341,
group1,16,32,512,1024,32,1,1024,0.083839,0.063674,0.102854,
group1,16,32,512,1024,32,1,2048,0.084148,0.063506,0.103828,
group1,16,32,512,1024,32,1,4096,0.085766,0.063065,0.117309,
group1,16,32,1024,2048,1,64,2,0.082756,0.102041,0.104137,
group1,16,32,1024,2048,1,64,4,0.082782,0.102728,0.104651,
group1,16,32,1024,2048,1,64,8,0.083040,0.102417,0.104473,
group1,16,32,1024,2048,1,64,16,0.083775,0.102774,0.104817,
group1,16,32,1024,2048,1,64,32,0.083552,0.102281,0.104341,
group1,16,32,1024,2048,1,64,64,0.083491,0.102496,0.104525,
group1,16,32,1024,2048,1,64,128,0.083543,0.102761,0.104120,
group1,16,32,1024,2048,1,64,256,0.083266,0.102844,0.104794,
group1,16,32,1024,2048,1,64,512,0.084852,0.102444,0.106877,
group1,16,32,1024,2048,1,64,1024,0.084841,0.102912,0.103078,
group1,16,32,1024,2048,1,64,2048,0.086503,0.102866,0.107746,
group1,16,32,1024,2048,1,64,4096,0.165330,0.104846,0.228391,
group1,16,32,1024,2048,2,32,2,0.083115,0.099038,,CUDA error: an illegal memory access was encountered
group1,16,32,1024,2048,2,32,4,0.082811,0.099334,,skipped (pattern previously crashed)
group1,16,32,1024,2048,2,32,8,0.082890,0.099165,,skipped (pattern previously crashed)
group1,16,32,1024,2048,2,32,16,0.083266,0.099644,,skipped (pattern previously crashed)
group1,16,32,1024,2048,2,32,32,0.083772,0.099566,,skipped (pattern previously crashed)
group1,16,32,1024,2048,2,32,64,0.083362,0.099521,,skipped (pattern previously crashed)
group1,16,32,1024,2048,2,32,128,0.083437,0.099543,,skipped (pattern previously crashed)
group1,16,32,1024,2048,2,32,256,0.083562,0.100205,0.104247,
group1,16,32,1024,2048,2,32,512,0.084454,0.100104,0.106580,
group1,16,32,1024,2048,2,32,1024,0.084963,0.099955,0.102782,
group1,16,32,1024,2048,2,32,2048,0.086379,0.099238,0.105275,
group1,16,32,1024,2048,2,32,4096,0.165115,0.101038,0.228022,
group1,16,32,1024,2048,4,16,2,0.083132,0.098900,0.102736,
group1,16,32,1024,2048,4,16,4,0.083044,0.099356,0.103037,
group1,16,32,1024,2048,4,16,8,0.083221,0.099331,0.103302,
group1,16,32,1024,2048,4,16,16,0.083327,0.099095,0.103132,
group1,16,32,1024,2048,4,16,32,0.083420,0.099953,0.103044,
group1,16,32,1024,2048,4,16,64,0.083445,0.099614,0.103491,
group1,16,32,1024,2048,4,16,128,0.083476,0.099750,0.103353,
group1,16,32,1024,2048,4,16,256,0.083633,0.098509,0.104180,
group1,16,32,1024,2048,4,16,512,0.083960,0.099570,0.106533,
group1,16,32,1024,2048,4,16,1024,0.084229,0.099515,0.103218,
group1,16,32,1024,2048,4,16,2048,0.086571,0.099295,0.104974,
group1,16,32,1024,2048,4,16,4096,0.164974,0.100562,0.224417,
group1,16,32,1024,2048,8,8,2,0.082925,0.098796,,CUDA error: an illegal memory access was encountered
group1,16,32,1024,2048,8,8,4,0.083156,0.099361,,skipped (pattern previously crashed)
group1,16,32,1024,2048,8,8,8,0.083392,0.099101,,skipped (pattern previously crashed)
group1,16,32,1024,2048,8,8,16,0.083917,0.099448,,skipped (pattern previously crashed)
group1,16,32,1024,2048,8,8,32,0.083758,0.099243,,skipped (pattern previously crashed)
group1,16,32,1024,2048,8,8,64,0.083973,0.099647,,skipped (pattern previously crashed)
group1,16,32,1024,2048,8,8,128,0.084310,0.099111,,skipped (pattern previously crashed)
group1,16,32,1024,2048,8,8,256,0.083845,0.099939,0.104474,
group1,16,32,1024,2048,8,8,512,0.084631,0.100601,0.106463,
group1,16,32,1024,2048,8,8,1024,0.084570,0.099451,0.103018,
group1,16,32,1024,2048,8,8,2048,0.086589,0.099631,0.103317,
group1,16,32,1024,2048,8,8,4096,0.164893,0.100711,0.190869,
group1,16,32,1024,2048,16,4,2,0.083466,0.099265,0.102202,
group1,16,32,1024,2048,16,4,4,0.083748,0.099588,0.102328,
group1,16,32,1024,2048,16,4,8,0.082833,0.099319,0.102279,
group1,16,32,1024,2048,16,4,16,0.083368,0.099259,0.102272,
group1,16,32,1024,2048,16,4,32,0.083929,0.099500,0.101766,
group1,16,32,1024,2048,16,4,64,0.083084,0.099722,0.102294,
group1,16,32,1024,2048,16,4,128,0.083778,0.099933,0.101597,
group1,16,32,1024,2048,16,4,256,0.083424,0.100011,0.103506,
group1,16,32,1024,2048,16,4,512,0.084208,0.100174,0.106057,
group1,16,32,1024,2048,16,4,1024,0.084216,0.099492,0.102775,
group1,16,32,1024,2048,16,4,2048,0.086407,0.099538,0.103630,
group1,16,32,1024,2048,16,4,4096,0.164908,0.100908,0.162716,
group1,16,32,1024,2048,32,2,2,0.083107,0.098722,,CUDA error: an illegal memory access was encountered
group1,16,32,1024,2048,32,2,4,0.082873,0.099085,,skipped (pattern previously crashed)
group1,16,32,1024,2048,32,2,8,0.083499,0.099160,,skipped (pattern previously crashed)
group1,16,32,1024,2048,32,2,16,0.083318,0.099484,,skipped (pattern previously crashed)
group1,16,32,1024,2048,32,2,32,0.083253,0.099771,,skipped (pattern previously crashed)
group1,16,32,1024,2048,32,2,64,0.083138,0.099257,,skipped (pattern previously crashed)
group1,16,32,1024,2048,32,2,128,0.083847,0.099727,,skipped (pattern previously crashed)
group1,16,32,1024,2048,32,2,256,0.083806,0.098513,0.103166,
group1,16,32,1024,2048,32,2,512,0.084212,0.099945,0.106401,
group1,16,32,1024,2048,32,2,1024,0.084406,0.099656,0.115842,
group1,16,32,1024,2048,32,2,2048,0.086524,0.099753,0.102810,
group1,16,32,1024,2048,32,2,4096,0.164892,0.100977,0.131871,
group1,16,32,1024,2048,64,1,2,0.082939,0.063502,0.103758,
group1,16,32,1024,2048,64,1,4,0.083215,0.063496,0.103973,
group1,16,32,1024,2048,64,1,8,0.083419,0.063405,0.103643,
group1,16,32,1024,2048,64,1,16,0.083280,0.063692,0.104156,
group1,16,32,1024,2048,64,1,32,0.083209,0.063820,0.103897,
group1,16,32,1024,2048,64,1,64,0.083669,0.063905,0.104519,
group1,16,32,1024,2048,64,1,128,0.083669,0.063723,0.103842,
group1,16,32,1024,2048,64,1,256,0.083366,0.063444,0.103499,
group1,16,32,1024,2048,64,1,512,0.084164,0.063856,0.105978,
group1,16,32,1024,2048,64,1,1024,0.084532,0.063916,0.102075,
group1,16,32,1024,2048,64,1,2048,0.086607,0.063259,0.102727,
group1,16,32,1024,2048,64,1,4096,0.164691,0.063412,0.123685,
group1,16,32,2048,4096,1,128,2,0.083239,0.102632,,CUDA error: an illegal memory access was encountered
group1,16,32,2048,4096,1,128,4,0.082916,0.102463,,skipped (pattern previously crashed)
group1,16,32,2048,4096,1,128,8,0.083434,0.102473,,skipped (pattern previously crashed)
group1,16,32,2048,4096,1,128,16,0.083767,0.102731,,skipped (pattern previously crashed)
group1,16,32,2048,4096,1,128,32,0.083202,0.102197,,skipped (pattern previously crashed)
group1,16,32,2048,4096,1,128,64,0.083921,0.103036,,skipped (pattern previously crashed)
group1,16,32,2048,4096,1,128,128,0.083153,0.102360,,skipped (pattern previously crashed)
group1,16,32,2048,4096,1,128,256,0.084027,0.102660,0.104161,
group1,16,32,2048,4096,1,128,512,0.084184,0.102469,0.106063,
group1,16,32,2048,4096,1,128,1024,0.088040,0.103518,0.105174,
group1,16,32,2048,4096,1,128,2048,0.164013,0.105138,0.221871,
group1,16,32,2048,4096,1,128,4096,0.327691,0.205301,0.422207,
group1,16,32,2048,4096,2,64,2,0.082835,0.099203,0.102339,
group1,16,32,2048,4096,2,64,4,0.083161,0.098942,0.102475,
group1,16,32,2048,4096,2,64,8,0.082197,0.098706,0.102660,
group1,16,32,2048,4096,2,64,16,0.083058,0.098980,0.102871,
group1,16,32,2048,4096,2,64,32,0.083505,0.099389,0.102652,
group1,16,32,2048,4096,2,64,64,0.083471,0.099403,0.102785,
group1,16,32,2048,4096,2,64,128,0.083578,0.099395,,CUDA error: an illegal memory access was encountered
group1,16,32,2048,4096,2,64,256,0.084223,0.099893,0.102869,
group1,16,32,2048,4096,2,64,512,0.084668,0.099697,0.105200,
group1,16,32,2048,4096,2,64,1024,0.087935,0.099865,0.106387,
group1,16,32,2048,4096,2,64,2048,0.163764,0.104962,0.226634,
group1,16,32,2048,4096,2,64,4096,0.327645,0.203712,0.432946,
group1,16,32,2048,4096,4,32,2,0.083236,0.099049,0.105262,
group1,16,32,2048,4096,4,32,4,0.083178,0.099151,,CUDA error: an illegal memory access was encountered
group1,16,32,2048,4096,4,32,8,0.083092,0.098923,,skipped (pattern previously crashed)
group1,16,32,2048,4096,4,32,16,0.083376,0.099279,,skipped (pattern previously crashed)
group1,16,32,2048,4096,4,32,32,0.083780,0.099617,,skipped (pattern previously crashed)
group1,16,32,2048,4096,4,32,64,0.083616,0.099681,,skipped (pattern previously crashed)
group1,16,32,2048,4096,4,32,128,0.083529,0.099215,,skipped (pattern previously crashed)
group1,16,32,2048,4096,4,32,256,0.084136,0.100748,0.102911,
group1,16,32,2048,4096,4,32,512,0.084504,0.099997,0.106290,
group1,16,32,2048,4096,4,32,1024,0.088016,0.099732,0.106789,
group1,16,32,2048,4096,4,32,2048,0.163643,0.100938,0.229592,
group1,16,32,2048,4096,4,32,4096,0.327477,0.144858,0.436975,
group1,16,32,2048,4096,8,16,2,0.083315,0.098958,0.102652,
group1,16,32,2048,4096,8,16,4,0.083569,0.099317,0.103133,
group1,16,32,2048,4096,8,16,8,0.082695,0.099228,0.103723,
group1,16,32,2048,4096,8,16,16,0.083345,0.099142,0.103389,
group1,16,32,2048,4096,8,16,32,0.083385,0.099753,0.102961,
group1,16,32,2048,4096,8,16,64,0.083454,0.099834,0.103198,
group1,16,32,2048,4096,8,16,128,0.083728,0.099303,,CUDA error: an illegal memory access was encountered
group1,16,32,2048,4096,8,16,256,0.083943,0.099813,0.102670,
group1,16,32,2048,4096,8,16,512,0.084245,0.099648,0.105956,
group1,16,32,2048,4096,8,16,1024,0.089692,0.099835,0.106744,
group1,16,32,2048,4096,8,16,2048,0.163622,0.100624,0.228767,
group1,16,32,2048,4096,8,16,4096,0.327291,0.136324,0.431341,
group1,16,32,2048,4096,16,8,2,0.082925,0.098922,0.112443,
group1,16,32,2048,4096,16,8,4,0.083509,0.099610,,CUDA error: an illegal memory access was encountered
group1,16,32,2048,4096,16,8,8,0.082386,0.099466,,skipped (pattern previously crashed)
group1,16,32,2048,4096,16,8,16,0.083492,0.099988,,skipped (pattern previously crashed)
group1,16,32,2048,4096,16,8,32,0.083499,0.100129,,skipped (pattern previously crashed)
group1,16,32,2048,4096,16,8,64,0.083449,0.099928,,skipped (pattern previously crashed)
group1,16,32,2048,4096,16,8,128,0.083363,0.098993,,skipped (pattern previously crashed)
group1,16,32,2048,4096,16,8,256,0.083865,0.100415,0.102431,
group1,16,32,2048,4096,16,8,512,0.084808,0.099759,0.105551,
group1,16,32,2048,4096,16,8,1024,0.088000,0.099497,0.101608,
group1,16,32,2048,4096,16,8,2048,0.163634,0.101411,0.195104,
group1,16,32,2048,4096,16,8,4096,0.327170,0.145011,0.369551,
group1,16,32,2048,4096,32,4,2,0.082821,0.099418,0.101092,
group1,16,32,2048,4096,32,4,4,0.082911,0.099426,0.101984,
group1,16,32,2048,4096,32,4,8,0.082042,0.098811,0.101373,
group1,16,32,2048,4096,32,4,16,0.083052,0.099803,0.102135,
group1,16,32,2048,4096,32,4,32,0.083536,0.099517,0.100747,
group1,16,32,2048,4096,32,4,64,0.083272,0.099895,0.101810,
group1,16,32,2048,4096,32,4,128,0.083605,0.099199,,CUDA error: an illegal memory access was encountered
group1,16,32,2048,4096,32,4,256,0.083959,0.100518,0.102165,
group1,16,32,2048,4096,32,4,512,0.084598,0.099878,0.105330,
group1,16,32,2048,4096,32,4,1024,0.088003,0.099635,0.101415,
group1,16,32,2048,4096,32,4,2048,0.163617,0.101027,0.168194,
group1,16,32,2048,4096,32,4,4096,0.327122,0.161062,0.321848,
group1,16,32,2048,4096,64,2,2,0.082678,0.099604,0.099221,
group1,16,32,2048,4096,64,2,4,0.083364,0.099220,,CUDA error: an illegal memory access was encountered
group1,16,32,2048,4096,64,2,8,0.082150,0.098822,,skipped (pattern previously crashed)
group1,16,32,2048,4096,64,2,16,0.083080,0.099492,,skipped (pattern previously crashed)
group1,16,32,2048,4096,64,2,32,0.083149,0.099514,,skipped (pattern previously crashed)
group1,16,32,2048,4096,64,2,64,0.083026,0.099861,,skipped (pattern previously crashed)
group1,16,32,2048,4096,64,2,128,0.083242,0.099088,,skipped (pattern previously crashed)
group1,16,32,2048,4096,64,2,256,0.083467,0.100084,0.102140,
group1,16,32,2048,4096,64,2,512,0.084130,0.099478,0.104430,
group1,16,32,2048,4096,64,2,1024,0.088018,0.099519,0.101207,
group1,16,32,2048,4096,64,2,2048,0.163612,0.100988,0.132388,
group1,16,32,2048,4096,64,2,4096,0.326923,0.162339,0.275403,
group1,16,32,2048,4096,128,1,2,0.082430,0.063344,0.100331,
group1,16,32,2048,4096,128,1,4,0.082658,0.063311,0.101179,
group1,16,32,2048,4096,128,1,8,0.083236,0.063340,0.100754,
group1,16,32,2048,4096,128,1,16,0.083514,0.063465,0.100578,
group1,16,32,2048,4096,128,1,32,0.082896,0.063615,0.100796,
group1,16,32,2048,4096,128,1,64,0.083569,0.063922,0.100714,
group1,16,32,2048,4096,128,1,128,0.082928,0.063630,,CUDA error: an illegal memory access was encountered
group1,16,32,2048,4096,128,1,256,0.083859,0.063412,0.102034,
group1,16,32,2048,4096,128,1,512,0.084381,0.063883,0.105084,
group1,16,32,2048,4096,128,1,1024,0.088201,0.063500,0.101165,
group1,16,32,2048,4096,128,1,2048,0.163431,0.063900,0.123864,
group1,16,32,2048,4096,128,1,4096,0.326401,0.063719,0.266905,
group1,16,64,512,2048,1,32,2,0.082891,0.102739,0.101151,
group1,16,64,512,2048,1,32,4,0.082653,0.102703,0.101787,
group1,16,64,512,2048,1,32,8,0.083495,0.103192,0.101278,
group1,16,64,512,2048,1,32,16,0.083455,0.102489,0.101321,
group1,16,64,512,2048,1,32,32,0.083457,0.102760,0.101940,
group1,16,64,512,2048,1,32,64,0.083556,0.102787,0.102123,
group1,16,64,512,2048,1,32,128,0.083149,0.103045,0.101355,
group1,16,64,512,2048,1,32,256,0.082681,0.102154,0.102263,
group1,16,64,512,2048,1,32,512,0.083987,0.103473,0.105039,
group1,16,64,512,2048,1,32,1024,0.083688,0.103176,0.100900,
group1,16,64,512,2048,1,32,2048,0.084774,0.103209,0.102320,
group1,16,64,512,2048,1,32,4096,0.137578,0.103593,0.166539,
group1,16,64,512,2048,2,16,2,0.082587,0.099333,0.101469,
group1,16,64,512,2048,2,16,4,0.083006,0.100055,0.101538,
group1,16,64,512,2048,2,16,8,0.083764,0.099704,0.101815,
group1,16,64,512,2048,2,16,16,0.082754,0.099681,0.101654,
group1,16,64,512,2048,2,16,32,0.083293,0.099716,0.101894,
group1,16,64,512,2048,2,16,64,0.082894,0.099856,0.101824,
group1,16,64,512,2048,2,16,128,0.083108,0.099651,0.101099,
group1,16,64,512,2048,2,16,256,0.083486,0.099779,0.102035,
group1,16,64,512,2048,2,16,512,0.083909,0.099662,0.104483,
group1,16,64,512,2048,2,16,1024,0.083885,0.100339,0.100562,
group1,16,64,512,2048,2,16,2048,0.084413,0.099775,0.102086,
group1,16,64,512,2048,2,16,4096,0.136759,0.101052,0.160945,
group1,16,64,512,2048,4,8,2,0.082392,0.099420,0.101322,
group1,16,64,512,2048,4,8,4,0.082887,0.099357,0.100961,
group1,16,64,512,2048,4,8,8,0.082262,0.099353,0.101419,
group1,16,64,512,2048,4,8,16,0.082547,0.099649,0.101252,
group1,16,64,512,2048,4,8,32,0.082594,0.099217,0.101714,
group1,16,64,512,2048,4,8,64,0.082913,0.100193,0.101441,
group1,16,64,512,2048,4,8,128,0.082791,0.100184,0.101182,
group1,16,64,512,2048,4,8,256,0.083100,0.099653,0.102059,
group1,16,64,512,2048,4,8,512,0.083457,0.100644,0.104335,
group1,16,64,512,2048,4,8,1024,0.083464,0.099970,0.100265,
group1,16,64,512,2048,4,8,2048,0.084092,0.099988,0.101441,
group1,16,64,512,2048,4,8,4096,0.136557,0.100599,0.141897,
group1,16,64,512,2048,8,4,2,0.082158,0.099383,0.101250,
group1,16,64,512,2048,8,4,4,0.082457,0.099646,0.101186,
group1,16,64,512,2048,8,4,8,0.082708,0.099588,0.101460,
group1,16,64,512,2048,8,4,16,0.082763,0.099392,0.100761,
group1,16,64,512,2048,8,4,32,0.082929,0.099795,0.101028,
group1,16,64,512,2048,8,4,64,0.082705,0.099101,0.101469,
group1,16,64,512,2048,8,4,128,0.083166,0.099340,0.101205,
group1,16,64,512,2048,8,4,256,0.082546,0.099435,0.101750,
group1,16,64,512,2048,8,4,512,0.083574,0.099836,0.103820,
group1,16,64,512,2048,8,4,1024,0.083640,0.099827,0.100095,
group1,16,64,512,2048,8,4,2048,0.084208,0.099744,0.101677,
group1,16,64,512,2048,8,4,4096,0.136525,0.100535,0.122071,
group1,16,64,512,2048,16,2,2,0.083170,0.099206,0.101097,
group1,16,64,512,2048,16,2,4,0.082937,0.099394,0.101476,
group1,16,64,512,2048,16,2,8,0.082679,0.099650,0.101288,
group1,16,64,512,2048,16,2,16,0.082752,0.099193,0.101167,
group1,16,64,512,2048,16,2,32,0.082892,0.099314,0.101340,
group1,16,64,512,2048,16,2,64,0.083252,0.099407,0.101356,
group1,16,64,512,2048,16,2,128,0.083462,0.099499,0.101239,
group1,16,64,512,2048,16,2,256,0.082693,0.099238,0.101881,
group1,16,64,512,2048,16,2,512,0.083895,0.099904,0.104571,
group1,16,64,512,2048,16,2,1024,0.083910,0.099471,0.100118,
group1,16,64,512,2048,16,2,2048,0.084592,0.099646,0.101064,
group1,16,64,512,2048,16,2,4096,0.136338,0.100165,0.113904,
group1,16,64,512,2048,32,1,2,0.083057,0.063460,0.100695,
group1,16,64,512,2048,32,1,4,0.082851,0.063810,0.100611,
group1,16,64,512,2048,32,1,8,0.083016,0.063588,0.101092,
group1,16,64,512,2048,32,1,16,0.083366,0.063632,0.100755,
group1,16,64,512,2048,32,1,32,0.082557,0.063720,0.100538,
group1,16,64,512,2048,32,1,64,0.082840,0.063437,0.101119,
group1,16,64,512,2048,32,1,128,0.082964,0.063701,0.100472,
group1,16,64,512,2048,32,1,256,0.082390,0.063694,0.101361,
group1,16,64,512,2048,32,1,512,0.083801,0.063743,0.104069,
group1,16,64,512,2048,32,1,1024,0.083716,0.063761,0.100275,
group1,16,64,512,2048,32,1,2048,0.084725,0.063628,0.101197,
group1,16,64,512,2048,32,1,4096,0.136404,0.063580,0.113109,
group1,16,64,1024,4096,1,64,2,0.082440,0.102159,0.100608,
group1,16,64,1024,4096,1,64,4,0.083240,0.102550,0.100993,
group1,16,64,1024,4096,1,64,8,0.083199,0.102507,0.100941,
group1,16,64,1024,4096,1,64,16,0.083317,0.102481,0.100751,
group1,16,64,1024,4096,1,64,32,0.082926,0.102313,0.100747,
group1,16,64,1024,4096,1,64,64,0.083064,0.102608,0.100709,
group1,16,64,1024,4096,1,64,128,0.083015,0.102307,0.100538,
group1,16,64,1024,4096,1,64,256,0.083519,0.102516,0.101376,
group1,16,64,1024,4096,1,64,512,0.083356,0.102323,0.103332,
group1,16,64,1024,4096,1,64,1024,0.084723,0.102878,0.100303,
group1,16,64,1024,4096,1,64,2048,0.137509,0.103338,0.161345,
group1,16,64,1024,4096,1,64,4096,0.273182,0.186094,0.362405,
group1,16,64,1024,4096,2,32,2,0.082360,0.099074,,CUDA error: an illegal memory access was encountered
group1,16,64,1024,4096,2,32,4,0.082639,0.099573,,skipped (pattern previously crashed)
group1,16,64,1024,4096,2,32,8,0.083043,0.099176,,skipped (pattern previously crashed)
group1,16,64,1024,4096,2,32,16,0.082495,0.099098,,skipped (pattern previously crashed)
group1,16,64,1024,4096,2,32,32,0.082852,0.099194,,skipped (pattern previously crashed)
group1,16,64,1024,4096,2,32,64,0.082848,0.099302,,skipped (pattern previously crashed)
group1,16,64,1024,4096,2,32,128,0.083227,0.099222,,skipped (pattern previously crashed)
group1,16,64,1024,4096,2,32,256,0.083096,0.099635,0.101258,
group1,16,64,1024,4096,2,32,512,0.083803,0.099233,0.102622,
group1,16,64,1024,4096,2,32,1024,0.083981,0.098911,0.100151,
group1,16,64,1024,4096,2,32,2048,0.136732,0.100046,0.160769,
group1,16,64,1024,4096,2,32,4096,0.273130,0.124008,0.362917,
group1,16,64,1024,4096,4,16,2,0.082666,0.099231,0.101505,
group1,16,64,1024,4096,4,16,4,0.083396,0.099335,0.101858,
group1,16,64,1024,4096,4,16,8,0.082977,0.099428,0.101591,
group1,16,64,1024,4096,4,16,16,0.083379,0.099379,0.101295,
group1,16,64,1024,4096,4,16,32,0.083014,0.099748,0.101285,
group1,16,64,1024,4096,4,16,64,0.082786,0.099733,0.101289,
group1,16,64,1024,4096,4,16,128,0.082638,0.099490,0.101106,
group1,16,64,1024,4096,4,16,256,0.083440,0.099531,0.100310,
group1,16,64,1024,4096,4,16,512,0.083764,0.099504,0.103304,
group1,16,64,1024,4096,4,16,1024,0.084406,0.099362,0.099494,
group1,16,64,1024,4096,4,16,2048,0.136533,0.100342,0.159089,
group1,16,64,1024,4096,4,16,4096,0.273264,0.113677,0.353596,
group1,16,64,1024,4096,8,8,2,0.082317,0.099018,,CUDA error: an illegal memory access was encountered
group1,16,64,1024,4096,8,8,4,0.083109,0.098408,,skipped (pattern previously crashed)
group1,16,64,1024,4096,8,8,8,0.083620,0.099137,,skipped (pattern previously crashed)
group1,16,64,1024,4096,8,8,16,0.083100,0.100462,,skipped (pattern previously crashed)
group1,16,64,1024,4096,8,8,32,0.082959,0.098816,,skipped (pattern previously crashed)
group1,16,64,1024,4096,8,8,64,0.082653,0.099172,,skipped (pattern previously crashed)
group1,16,64,1024,4096,8,8,128,0.082389,0.098814,,skipped (pattern previously crashed)
group1,16,64,1024,4096,8,8,256,0.083397,0.099414,0.099986,
group1,16,64,1024,4096,8,8,512,0.084023,0.099875,0.102497,
group1,16,64,1024,4096,8,8,1024,0.084008,0.098752,0.098669,
group1,16,64,1024,4096,8,8,2048,0.138803,0.099652,0.138630,
group1,16,64,1024,4096,8,8,4096,0.274686,0.116377,0.314723,
group1,16,64,1024,4096,16,4,2,0.082698,0.098689,0.100311,
group1,16,64,1024,4096,16,4,4,0.082541,0.098903,0.100127,
group1,16,64,1024,4096,16,4,8,0.082995,0.098896,0.100710,
group1,16,64,1024,4096,16,4,16,0.083156,0.099335,0.100527,
group1,16,64,1024,4096,16,4,32,0.083069,0.098820,0.100106,
group1,16,64,1024,4096,16,4,64,0.082843,0.098858,0.100441,
group1,16,64,1024,4096,16,4,128,0.082649,0.098775,0.100583,
group1,16,64,1024,4096,16,4,256,0.083163,0.099624,0.100717,
group1,16,64,1024,4096,16,4,512,0.083466,0.100077,0.102619,
group1,16,64,1024,4096,16,4,1024,0.084421,0.098480,0.098812,
group1,16,64,1024,4096,16,4,2048,0.138091,0.099189,0.123289,
group1,16,64,1024,4096,16,4,4096,0.275699,0.118280,0.286917,
group1,16,64,1024,4096,32,2,2,0.082516,0.098600,,CUDA error: an illegal memory access was encountered
group1,16,64,1024,4096,32,2,4,0.082469,0.098961,,skipped (pattern previously crashed)
group1,16,64,1024,4096,32,2,8,0.083217,0.098759,,skipped (pattern previously crashed)
group1,16,64,1024,4096,32,2,16,0.083074,0.099332,,skipped (pattern previously crashed)
group1,16,64,1024,4096,32,2,32,0.083239,0.099470,,skipped (pattern previously crashed)
group1,16,64,1024,4096,32,2,64,0.083329,0.099187,,skipped (pattern previously crashed)
group1,16,64,1024,4096,32,2,128,0.082889,0.098881,,skipped (pattern previously crashed)
group1,16,64,1024,4096,32,2,256,0.083416,0.099217,0.099667,
group1,16,64,1024,4096,32,2,512,0.083826,0.099372,0.102407,
group1,16,64,1024,4096,32,2,1024,0.084649,0.098790,0.098712,
group1,16,64,1024,4096,32,2,2048,0.138161,0.099430,0.108420,
group1,16,64,1024,4096,32,2,4096,0.275668,0.134384,0.256369,
group1,16,64,1024,4096,64,1,2,0.083251,0.062658,0.099514,
group1,16,64,1024,4096,64,1,4,0.083333,0.062878,0.099506,
group1,16,64,1024,4096,64,1,8,0.083321,0.062339,0.099815,
group1,16,64,1024,4096,64,1,16,0.083164,0.062318,0.099464,
group1,16,64,1024,4096,64,1,32,0.083048,0.062330,0.098827,
group1,16,64,1024,4096,64,1,64,0.083128,0.062587,0.099859,
group1,16,64,1024,4096,64,1,128,0.082454,0.062294,0.099869,
group1,16,64,1024,4096,64,1,256,0.083145,0.062128,0.100356,
group1,16,64,1024,4096,64,1,512,0.083722,0.062031,0.102399,
group1,16,64,1024,4096,64,1,1024,0.084177,0.062907,0.098488,
group1,16,64,1024,4096,64,1,2048,0.138373,0.062645,0.109252,
group1,16,64,1024,4096,64,1,4096,0.275815,0.062656,0.255947,
group1,32,4,4096,512,1,128,2,0.082682,0.102143,,CUDA error: an illegal memory access was encountered
group1,32,4,4096,512,1,128,4,0.083176,0.102278,,skipped (pattern previously crashed)
group1,32,4,4096,512,1,128,8,0.083237,0.102189,,skipped (pattern previously crashed)
group1,32,4,4096,512,1,128,16,0.083398,0.102436,,skipped (pattern previously crashed)
group1,32,4,4096,512,1,128,32,0.083300,0.102362,,skipped (pattern previously crashed)
group1,32,4,4096,512,1,128,64,0.082959,0.102953,,skipped (pattern previously crashed)
group1,32,4,4096,512,1,128,128,0.083360,0.102577,,skipped (pattern previously crashed)
group1,32,4,4096,512,1,128,256,0.083354,0.102557,0.099583,
group1,32,4,4096,512,1,128,512,0.084194,0.103153,0.102357,
group1,32,4,4096,512,1,128,1024,0.084348,0.103042,0.110289,
group1,32,4,4096,512,1,128,2048,0.136090,0.103834,0.211720,
group1,32,4,4096,512,1,128,4096,0.260696,0.149244,0.418146,
group1,32,4,4096,512,2,64,2,0.083039,0.098559,0.096253,
group1,32,4,4096,512,2,64,4,0.083475,0.099001,0.096189,
group1,32,4,4096,512,2,64,8,0.082898,0.098896,0.095952,
group1,32,4,4096,512,2,64,16,0.083211,0.098791,0.096212,
group1,32,4,4096,512,2,64,32,0.083086,0.098932,0.095687,
group1,32,4,4096,512,2,64,64,0.083198,0.099523,0.096268,
group1,32,4,4096,512,2,64,128,0.083151,0.099217,0.095502,
group1,32,4,4096,512,2,64,256,0.083790,0.098946,0.099611,
group1,32,4,4096,512,2,64,512,0.084292,0.099457,0.102267,
group1,32,4,4096,512,2,64,1024,0.084583,0.099850,0.112655,
group1,32,4,4096,512,2,64,2048,0.136088,0.100093,0.218633,
group1,32,4,4096,512,2,64,4096,0.260621,0.142217,0.433966,
group1,32,4,4096,512,4,32,2,0.082532,0.098669,,CUDA error: an illegal memory access was encountered
group1,32,4,4096,512,4,32,4,0.083441,0.098984,,skipped (pattern previously crashed)
group1,32,4,4096,512,4,32,8,0.083064,0.098849,,skipped (pattern previously crashed)
group1,32,4,4096,512,4,32,16,0.083364,0.098245,,skipped (pattern previously crashed)
group1,32,4,4096,512,4,32,32,0.083306,0.098316,,skipped (pattern previously crashed)
group1,32,4,4096,512,4,32,64,0.083391,0.098849,,skipped (pattern previously crashed)
group1,32,4,4096,512,4,32,128,0.083116,0.099480,,skipped (pattern previously crashed)
group1,32,4,4096,512,4,32,256,0.083317,0.098524,0.099049,
group1,32,4,4096,512,4,32,512,0.083981,0.099445,0.102050,
group1,32,4,4096,512,4,32,1024,0.084472,0.099786,0.115942,
group1,32,4,4096,512,4,32,2048,0.136079,0.098944,0.220237,
group1,32,4,4096,512,4,32,4096,0.260634,0.141094,0.433134,
group1,32,4,4096,512,8,16,2,0.083207,0.098776,0.110513,
group1,32,4,4096,512,8,16,4,0.083906,0.099137,0.111317,
group1,32,4,4096,512,8,16,8,0.083819,0.099017,0.110485,
group1,32,4,4096,512,8,16,16,0.083697,0.098806,0.110661,
group1,32,4,4096,512,8,16,32,0.083543,0.098433,0.110823,
group1,32,4,4096,512,8,16,64,0.083238,0.098981,0.110706,
group1,32,4,4096,512,8,16,128,0.083540,0.099379,0.109968,
group1,32,4,4096,512,8,16,256,0.083893,0.099133,0.099197,
group1,32,4,4096,512,8,16,512,0.084703,0.099676,0.101332,
group1,32,4,4096,512,8,16,1024,0.084906,0.099681,0.118990,
group1,32,4,4096,512,8,16,2048,0.136075,0.099603,0.226648,
group1,32,4,4096,512,8,16,4096,0.260672,0.132607,0.443428,
group1,32,4,4096,512,16,8,2,0.083025,0.098307,,CUDA error: an illegal memory access was encountered
group1,32,4,4096,512,16,8,4,0.083417,0.098868,,skipped (pattern previously crashed)
group1,32,4,4096,512,16,8,8,0.083428,0.098828,,skipped (pattern previously crashed)
group1,32,4,4096,512,16,8,16,0.083790,0.099106,,skipped (pattern previously crashed)
group1,32,4,4096,512,16,8,32,0.083532,0.099031,,skipped (pattern previously crashed)
group1,32,4,4096,512,16,8,64,0.083157,0.099276,,skipped (pattern previously crashed)
group1,32,4,4096,512,16,8,128,0.083361,0.099436,,skipped (pattern previously crashed)
group1,32,4,4096,512,16,8,256,0.083838,0.099561,0.099014,
group1,32,4,4096,512,16,8,512,0.084767,0.099589,0.101269,
group1,32,4,4096,512,16,8,1024,0.085242,0.099685,0.118934,
group1,32,4,4096,512,16,8,2048,0.136217,0.100166,0.224623,
group1,32,4,4096,512,16,8,4096,0.260625,0.143130,0.440609,
group1,32,4,4096,512,32,4,2,0.083192,0.098319,0.099587,
group1,32,4,4096,512,32,4,4,0.083743,0.099050,0.100215,
group1,32,4,4096,512,32,4,8,0.083336,0.098911,0.099789,
group1,32,4,4096,512,32,4,16,0.083940,0.098650,0.099865,
group1,32,4,4096,512,32,4,32,0.083413,0.098689,0.099479,
group1,32,4,4096,512,32,4,64,0.083476,0.099473,0.099181,
group1,32,4,4096,512,32,4,128,0.083386,0.099208,0.099002,
group1,32,4,4096,512,32,4,256,0.083860,0.098932,0.099423,
group1,32,4,4096,512,32,4,512,0.084715,0.099421,0.101002,
group1,32,4,4096,512,32,4,1024,0.085122,0.099744,0.097827,
group1,32,4,4096,512,32,4,2048,0.136241,0.099950,0.172803,
group1,32,4,4096,512,32,4,4096,0.260885,0.148501,0.333823,
group1,32,4,4096,512,64,2,2,0.083433,0.098478,,CUDA error: an illegal memory access was encountered
group1,32,4,4096,512,64,2,4,0.083780,0.098711,,skipped (pattern previously crashed)
group1,32,4,4096,512,64,2,8,0.083726,0.098667,,skipped (pattern previously crashed)
group1,32,4,4096,512,64,2,16,0.083770,0.098920,,skipped (pattern previously crashed)
group1,32,4,4096,512,64,2,32,0.083316,0.098840,,skipped (pattern previously crashed)
group1,32,4,4096,512,64,2,64,0.083427,0.099206,,skipped (pattern previously crashed)
group1,32,4,4096,512,64,2,128,0.083545,0.099674,,skipped (pattern previously crashed)
group1,32,4,4096,512,64,2,256,0.083833,0.099308,0.098699,
group1,32,4,4096,512,64,2,512,0.084824,0.099715,0.100902,
group1,32,4,4096,512,64,2,1024,0.085025,0.099762,0.098043,
group1,32,4,4096,512,64,2,2048,0.136224,0.099649,0.138398,
group1,32,4,4096,512,64,2,4096,0.260873,0.149331,0.264052,
group1,32,4,4096,512,128,1,2,0.083879,0.062295,0.098614,
group1,32,4,4096,512,128,1,4,0.083811,0.062430,0.099304,
group1,32,4,4096,512,128,1,8,0.083302,0.062172,0.098656,
group1,32,4,4096,512,128,1,16,0.084223,0.061981,0.099272,
group1,32,4,4096,512,128,1,32,0.083643,0.062428,0.098884,
group1,32,4,4096,512,128,1,64,0.083782,0.062920,0.098902,
group1,32,4,4096,512,128,1,128,0.084060,0.062525,0.098362,
group1,32,4,4096,512,128,1,256,0.084121,0.062169,0.098302,
group1,32,4,4096,512,128,1,512,0.084824,0.063170,0.100546,
group1,32,4,4096,512,128,1,1024,0.084786,0.062641,0.096878,
group1,32,4,4096,512,128,1,2048,0.134968,0.063073,0.098082,
group1,32,4,4096,512,128,1,4096,0.260861,0.062864,0.165162,
group1,32,8,2048,512,1,64,2,0.083239,0.102203,,CUDA error: an illegal memory access was encountered
group1,32,8,2048,512,1,64,4,0.083999,0.102969,,skipped (pattern previously crashed)
group1,32,8,2048,512,1,64,8,0.083588,0.102777,,skipped (pattern previously crashed)
group1,32,8,2048,512,1,64,16,0.083705,0.103119,,skipped (pattern previously crashed)
group1,32,8,2048,512,1,64,32,0.083371,0.102317,,skipped (pattern previously crashed)
group1,32,8,2048,512,1,64,64,0.083762,0.102567,,skipped (pattern previously crashed)
group1,32,8,2048,512,1,64,128,0.083504,0.102545,,skipped (pattern previously crashed)
group1,32,8,2048,512,1,64,256,0.084169,0.102831,0.098737,
group1,32,8,2048,512,1,64,512,0.084478,0.102889,0.100555,
group1,32,8,2048,512,1,64,1024,0.084876,0.103630,0.097252,
group1,32,8,2048,512,1,64,2048,0.084652,0.103141,0.112264,
group1,32,8,2048,512,1,64,4096,0.147959,0.103483,0.222014,
group1,32,8,2048,512,2,32,2,0.083524,0.098963,0.097137,
group1,32,8,2048,512,2,32,4,0.083637,0.099062,0.097377,
group1,32,8,2048,512,2,32,8,0.083379,0.099440,0.097346,
group1,32,8,2048,512,2,32,16,0.083869,0.099205,0.097070,
group1,32,8,2048,512,2,32,32,0.083405,0.099250,0.096706,
group1,32,8,2048,512,2,32,64,0.084004,0.098985,0.096986,
group1,32,8,2048,512,2,32,128,0.084055,0.098654,0.096960,
group1,32,8,2048,512,2,32,256,0.084774,0.098950,0.098279,
group1,32,8,2048,512,2,32,512,0.085242,0.099367,0.100433,
group1,32,8,2048,512,2,32,1024,0.085048,0.099556,0.096864,
group1,32,8,2048,512,2,32,2048,0.084899,0.099533,0.121074,
group1,32,8,2048,512,2,32,4096,0.147967,0.099845,0.237491,
group1,32,8,2048,512,4,16,2,0.083099,0.098716,,CUDA error: an illegal memory access was encountered
group1,32,8,2048,512,4,16,4,0.083635,0.099023,,skipped (pattern previously crashed)
group1,32,8,2048,512,4,16,8,0.083368,0.099213,,skipped (pattern previously crashed)
group1,32,8,2048,512,4,16,16,0.083916,0.099128,,skipped (pattern previously crashed)
group1,32,8,2048,512,4,16,32,0.083432,0.099027,,skipped (pattern previously crashed)
group1,32,8,2048,512,4,16,64,0.083292,0.099080,,skipped (pattern previously crashed)
group1,32,8,2048,512,4,16,128,0.083354,0.098887,,skipped (pattern previously crashed)
group1,32,8,2048,512,4,16,256,0.084140,0.098717,0.097887,
group1,32,8,2048,512,4,16,512,0.084583,0.099190,0.100609,
group1,32,8,2048,512,4,16,1024,0.085295,0.099597,0.096658,
group1,32,8,2048,512,4,16,2048,0.084511,0.099239,0.124368,
group1,32,8,2048,512,4,16,4096,0.147928,0.100082,0.244567,
group1,32,8,2048,512,8,8,2,0.083263,0.098788,0.094476,
group1,32,8,2048,512,8,8,4,0.083689,0.099300,0.094553,
group1,32,8,2048,512,8,8,8,0.083460,0.099019,0.094244,
group1,32,8,2048,512,8,8,16,0.082952,0.098939,0.094135,
group1,32,8,2048,512,8,8,32,0.083670,0.099066,0.093533,
group1,32,8,2048,512,8,8,64,0.083041,0.099158,0.093924,
group1,32,8,2048,512,8,8,128,0.083440,0.099183,0.093821,
group1,32,8,2048,512,8,8,256,0.084212,0.099179,0.097765,
group1,32,8,2048,512,8,8,512,0.084327,0.099458,0.100343,
group1,32,8,2048,512,8,8,1024,0.084692,0.099740,0.097063,
group1,32,8,2048,512,8,8,2048,0.084388,0.099474,0.122224,
group1,32,8,2048,512,8,8,4096,0.147925,0.100231,0.242456,
group1,32,8,2048,512,16,4,2,0.083050,0.099037,,CUDA error: an illegal memory access was encountered
group1,32,8,2048,512,16,4,4,0.083285,0.099422,,skipped (pattern previously crashed)
group1,32,8,2048,512,16,4,8,0.083368,0.099416,,skipped (pattern previously crashed)
group1,32,8,2048,512,16,4,16,0.083858,0.099844,,skipped (pattern previously crashed)
group1,32,8,2048,512,16,4,32,0.083682,0.098971,,skipped (pattern previously crashed)
group1,32,8,2048,512,16,4,64,0.083512,0.099249,,skipped (pattern previously crashed)
group1,32,8,2048,512,16,4,128,0.083312,0.099143,,skipped (pattern previously crashed)
group1,32,8,2048,512,16,4,256,0.084157,0.099210,0.097673,
group1,32,8,2048,512,16,4,512,0.084011,0.099538,0.100122,
group1,32,8,2048,512,16,4,1024,0.084923,0.100106,0.096551,
group1,32,8,2048,512,16,4,2048,0.084390,0.099471,0.097223,
group1,32,8,2048,512,16,4,4096,0.147980,0.100535,0.185124,
group1,32,8,2048,512,32,2,2,0.082724,0.099498,0.094850,
group1,32,8,2048,512,32,2,4,0.083698,0.100075,0.095543,
group1,32,8,2048,512,32,2,8,0.083776,0.099656,0.095807,
group1,32,8,2048,512,32,2,16,0.083902,0.099405,0.095005,
group1,32,8,2048,512,32,2,32,0.083597,0.099490,0.094862,
group1,32,8,2048,512,32,2,64,0.083804,0.099205,0.095397,
group1,32,8,2048,512,32,2,128,0.083419,0.099256,0.094984,
group1,32,8,2048,512,32,2,256,0.084319,0.099019,0.098013,
group1,32,8,2048,512,32,2,512,0.085114,0.099648,0.100151,
group1,32,8,2048,512,32,2,1024,0.085556,0.099562,0.096351,
group1,32,8,2048,512,32,2,2048,0.084514,0.099331,0.096532,
group1,32,8,2048,512,32,2,4096,0.147971,0.100243,0.146999,
group1,32,8,2048,512,64,1,2,0.084049,0.062486,,CUDA error: an illegal memory access was encountered
group1,32,8,2048,512,64,1,4,0.083889,0.062970,,skipped (pattern previously crashed)
group1,32,8,2048,512,64,1,8,0.083393,0.062493,,skipped (pattern previously crashed)
group1,32,8,2048,512,64,1,16,0.083851,0.062897,,skipped (pattern previously crashed)
group1,32,8,2048,512,64,1,32,0.082954,0.062606,,skipped (pattern previously crashed)
group1,32,8,2048,512,64,1,64,0.083062,0.062941,,skipped (pattern previously crashed)
group1,32,8,2048,512,64,1,128,0.083564,0.062230,,skipped (pattern previously crashed)
group1,32,8,2048,512,64,1,256,0.084086,0.062450,0.097439,
group1,32,8,2048,512,64,1,512,0.085079,0.062829,0.100015,
group1,32,8,2048,512,64,1,1024,0.084819,0.062684,0.095874,
group1,32,8,2048,512,64,1,2048,0.084710,0.063162,0.096591,
group1,32,8,2048,512,64,1,4096,0.147762,0.062895,0.109032,
group1,32,8,4096,1024,1,128,2,0.084049,0.102856,0.097146,
group1,32,8,4096,1024,1,128,4,0.083737,0.103462,0.097525,
group1,32,8,4096,1024,1,128,8,0.083219,0.102867,0.097665,
group1,32,8,4096,1024,1,128,16,0.083053,0.103757,0.097446,
group1,32,8,4096,1024,1,128,32,0.083493,0.102770,0.096973,
group1,32,8,4096,1024,1,128,64,0.083720,0.102834,0.097263,
group1,32,8,4096,1024,1,128,128,0.083695,0.102931,,CUDA error: an illegal memory access was encountered
group1,32,8,4096,1024,1,128,256,0.084034,0.103213,0.097412,
group1,32,8,4096,1024,1,128,512,0.085132,0.103796,0.100335,
group1,32,8,4096,1024,1,128,1024,0.084859,0.103238,0.113532,
group1,32,8,4096,1024,1,128,2048,0.146534,0.104374,0.224012,
group1,32,8,4096,1024,1,128,4096,0.279256,0.153572,0.476202,
group1,32,8,4096,1024,2,64,2,0.083215,0.099262,0.095695,
group1,32,8,4096,1024,2,64,4,0.083714,0.099468,0.095756,
group1,32,8,4096,1024,2,64,8,0.083839,0.099677,0.096011,
group1,32,8,4096,1024,2,64,16,0.083820,0.099838,0.095366,
group1,32,8,4096,1024,2,64,32,0.083857,0.099654,0.095381,
group1,32,8,4096,1024,2,64,64,0.083208,0.099885,0.095426,
group1,32,8,4096,1024,2,64,128,0.083969,0.099459,,CUDA error: an illegal memory access was encountered
group1,32,8,4096,1024,2,64,256,0.084080,0.099814,0.096402,
group1,32,8,4096,1024,2,64,512,0.084446,0.100281,0.099613,
group1,32,8,4096,1024,2,64,1024,0.085063,0.100030,0.117357,
group1,32,8,4096,1024,2,64,2048,0.146512,0.100792,0.228648,
group1,32,8,4096,1024,2,64,4096,0.279279,0.146780,0.484774,
group1,32,8,4096,1024,4,32,2,0.082984,0.099036,0.094157,
group1,32,8,4096,1024,4,32,4,0.084328,0.099222,0.094198,
group1,32,8,4096,1024,4,32,8,0.084042,0.099385,0.093947,
group1,32,8,4096,1024,4,32,16,0.083858,0.099171,0.094213,
group1,32,8,4096,1024,4,32,32,0.084339,0.099316,0.093909,
group1,32,8,4096,1024,4,32,64,0.083856,0.099278,0.094220,
group1,32,8,4096,1024,4,32,128,0.084276,0.099485,,CUDA error: an illegal memory access was encountered
group1,32,8,4096,1024,4,32,256,0.084553,0.099625,0.096787,
group1,32,8,4096,1024,4,32,512,0.085264,0.099773,0.099507,
group1,32,8,4096,1024,4,32,1024,0.085422,0.100128,0.119091,
group1,32,8,4096,1024,4,32,2048,0.146676,0.100498,0.231131,
group1,32,8,4096,1024,4,32,4096,0.279247,0.145634,0.464433,
group1,32,8,4096,1024,8,16,2,0.083223,0.099230,0.094505,
group1,32,8,4096,1024,8,16,4,0.084002,0.099652,0.095051,
group1,32,8,4096,1024,8,16,8,0.084091,0.099275,0.095076,
group1,32,8,4096,1024,8,16,16,0.084111,0.099944,0.094932,
group1,32,8,4096,1024,8,16,32,0.083672,0.099488,0.094834,
group1,32,8,4096,1024,8,16,64,0.083794,0.099733,0.095159,
group1,32,8,4096,1024,8,16,128,0.083434,0.099203,,CUDA error: an illegal memory access was encountered
group1,32,8,4096,1024,8,16,256,0.084266,0.099490,0.096490,
group1,32,8,4096,1024,8,16,512,0.084970,0.100222,0.098937,
group1,32,8,4096,1024,8,16,1024,0.085109,0.100179,0.124454,
group1,32,8,4096,1024,8,16,2048,0.146609,0.100798,0.240683,
group1,32,8,4096,1024,8,16,4096,0.279199,0.138177,0.473534,
group1,32,8,4096,1024,16,8,2,0.083906,0.099485,0.095290,
group1,32,8,4096,1024,16,8,4,0.083905,0.099525,0.096086,
group1,32,8,4096,1024,16,8,8,0.083572,0.099419,0.095688,
group1,32,8,4096,1024,16,8,16,0.084581,0.099403,0.095685,
group1,32,8,4096,1024,16,8,32,0.083422,0.099839,0.094915,
group1,32,8,4096,1024,16,8,64,0.083815,0.100552,0.095726,
group1,32,8,4096,1024,16,8,128,0.083886,0.099697,,CUDA error: an illegal memory access was encountered
group1,32,8,4096,1024,16,8,256,0.084682,0.099996,0.096408,
group1,32,8,4096,1024,16,8,512,0.085173,0.100453,0.099176,
group1,32,8,4096,1024,16,8,1024,0.084913,0.099993,0.120800,
group1,32,8,4096,1024,16,8,2048,0.146691,0.100798,0.239158,
group1,32,8,4096,1024,16,8,4096,0.279299,0.148648,0.463933,
group1,32,8,4096,1024,32,4,2,0.083553,0.099837,0.095693,
group1,32,8,4096,1024,32,4,4,0.083490,0.099631,0.095508,
group1,32,8,4096,1024,32,4,8,0.083733,0.099079,0.095747,
group1,32,8,4096,1024,32,4,16,0.083596,0.099262,0.095522,
group1,32,8,4096,1024,32,4,32,0.083936,0.099650,0.094949,
group1,32,8,4096,1024,32,4,64,0.083859,0.099150,0.095276,
group1,32,8,4096,1024,32,4,128,0.083585,0.099440,,CUDA error: an illegal memory access was encountered
group1,32,8,4096,1024,32,4,256,0.083993,0.099825,0.095893,
group1,32,8,4096,1024,32,4,512,0.085103,0.099838,0.098329,
group1,32,8,4096,1024,32,4,1024,0.085118,0.100161,0.095448,
group1,32,8,4096,1024,32,4,2048,0.146363,0.100691,0.186218,
group1,32,8,4096,1024,32,4,4096,0.279542,0.154097,0.351577,
group1,32,8,4096,1024,64,2,2,0.083715,0.099303,0.095423,
group1,32,8,4096,1024,64,2,4,0.083891,0.099684,0.096201,
group1,32,8,4096,1024,64,2,8,0.083538,0.099814,0.096351,
group1,32,8,4096,1024,64,2,16,0.084564,0.099544,0.095970,
group1,32,8,4096,1024,64,2,32,0.083980,0.099451,0.096104,
group1,32,8,4096,1024,64,2,64,0.083928,0.100256,0.096015,
group1,32,8,4096,1024,64,2,128,0.084299,0.099110,,CUDA error: an illegal memory access was encountered
group1,32,8,4096,1024,64,2,256,0.084646,0.099406,0.095873,
group1,32,8,4096,1024,64,2,512,0.085354,0.100521,0.099017,
group1,32,8,4096,1024,64,2,1024,0.085097,0.100225,0.095014,
group1,32,8,4096,1024,64,2,2048,0.146335,0.101002,0.148580,
group1,32,8,4096,1024,64,2,4096,0.279337,0.154772,0.275955,
group1,32,8,4096,1024,128,1,2,0.083988,0.062807,0.096096,
group1,32,8,4096,1024,128,1,4,0.083995,0.062571,0.095951,
group1,32,8,4096,1024,128,1,8,0.083464,0.062685,0.096028,
group1,32,8,4096,1024,128,1,16,0.084583,0.062721,0.096002,
group1,32,8,4096,1024,128,1,32,0.083617,0.062752,0.096481,
group1,32,8,4096,1024,128,1,64,0.084049,0.062233,0.096022,
group1,32,8,4096,1024,128,1,128,0.083843,0.062867,,CUDA error: an illegal memory access was encountered
group1,32,8,4096,1024,128,1,256,0.084451,0.062653,0.095369,
group1,32,8,4096,1024,128,1,512,0.085333,0.062933,0.097948,
group1,32,8,4096,1024,128,1,1024,0.085671,0.063101,0.094911,
group1,32,8,4096,1024,128,1,2048,0.146418,0.063150,0.095261,
group1,32,8,4096,1024,128,1,4096,0.279094,0.063183,0.179593,
group1,32,16,1024,512,1,32,2,0.083205,0.102540,0.096520,
group1,32,16,1024,512,1,32,4,0.084200,0.102680,0.097274,
group1,32,16,1024,512,1,32,8,0.084362,0.103020,0.096964,
group1,32,16,1024,512,1,32,16,0.084336,0.103104,0.096259,
group1,32,16,1024,512,1,32,32,0.084460,0.103117,0.096330,
group1,32,16,1024,512,1,32,64,0.084130,0.103228,0.096169,
group1,32,16,1024,512,1,32,128,0.084336,0.102807,0.096628,
group1,32,16,1024,512,1,32,256,0.084542,0.102879,0.095927,
group1,32,16,1024,512,1,32,512,0.083425,0.102098,0.098808,
group1,32,16,1024,512,1,32,1024,0.085100,0.102823,0.094906,
group1,32,16,1024,512,1,32,2048,0.085126,0.103075,0.095725,
group1,32,16,1024,512,1,32,4096,0.090609,0.102961,0.138215,
group1,32,16,1024,512,2,16,2,0.083820,0.099276,0.096652,
group1,32,16,1024,512,2,16,4,0.084098,0.099435,0.096117,
group1,32,16,1024,512,2,16,8,0.084156,0.099673,0.096082,
group1,32,16,1024,512,2,16,16,0.084534,0.099617,0.096306,
group1,32,16,1024,512,2,16,32,0.084324,0.099431,0.096100,
group1,32,16,1024,512,2,16,64,0.083956,0.099371,0.096541,
group1,32,16,1024,512,2,16,128,0.084151,0.098735,0.096367,
group1,32,16,1024,512,2,16,256,0.084098,0.099301,0.095776,
group1,32,16,1024,512,2,16,512,0.084660,0.098854,0.097782,
group1,32,16,1024,512,2,16,1024,0.085065,0.099178,0.094886,
group1,32,16,1024,512,2,16,2048,0.085161,0.099068,0.094860,
group1,32,16,1024,512,2,16,4096,0.090589,0.099378,0.138184,
group1,32,16,1024,512,4,8,2,0.083271,0.099252,0.096192,
group1,32,16,1024,512,4,8,4,0.084043,0.099290,0.095959,
group1,32,16,1024,512,4,8,8,0.084301,0.099447,0.095824,
group1,32,16,1024,512,4,8,16,0.083876,0.099632,0.096139,
group1,32,16,1024,512,4,8,32,0.084174,0.098981,0.096002,
group1,32,16,1024,512,4,8,64,0.083735,0.099441,0.096226,
group1,32,16,1024,512,4,8,128,0.083845,0.099097,0.096129,
group1,32,16,1024,512,4,8,256,0.083617,0.099290,0.095571,
group1,32,16,1024,512,4,8,512,0.084404,0.099150,0.098038,
group1,32,16,1024,512,4,8,1024,0.084249,0.099117,0.094378,
group1,32,16,1024,512,4,8,2048,0.084877,0.099403,0.094618,
group1,32,16,1024,512,4,8,4096,0.090621,0.099695,0.136931,
group1,32,16,1024,512,8,4,2,0.083279,0.099081,0.096017,
group1,32,16,1024,512,8,4,4,0.083573,0.099532,0.095971,
group1,32,16,1024,512,8,4,8,0.084030,0.099103,0.095203,
group1,32,16,1024,512,8,4,16,0.083380,0.099529,0.096024,
group1,32,16,1024,512,8,4,32,0.083693,0.098570,0.095450,
group1,32,16,1024,512,8,4,64,0.084443,0.099273,0.095908,
group1,32,16,1024,512,8,4,128,0.084040,0.098958,0.096059,
group1,32,16,1024,512,8,4,256,0.084127,0.098960,0.094663,
group1,32,16,1024,512,8,4,512,0.084412,0.099379,0.097319,
group1,32,16,1024,512,8,4,1024,0.085035,0.099297,0.094241,
group1,32,16,1024,512,8,4,2048,0.084965,0.099397,0.094601,
group1,32,16,1024,512,8,4,4096,0.090589,0.099658,0.107026,
group1,32,16,1024,512,16,2,2,0.083577,0.099160,0.095919,
group1,32,16,1024,512,16,2,4,0.084172,0.099548,0.096046,
group1,32,16,1024,512,16,2,8,0.083951,0.099402,0.095551,
group1,32,16,1024,512,16,2,16,0.084240,0.099402,0.095564,
group1,32,16,1024,512,16,2,32,0.084007,0.098711,0.095526,
group1,32,16,1024,512,16,2,64,0.083854,0.099444,0.096011,
group1,32,16,1024,512,16,2,128,0.084292,0.099075,0.095871,
group1,32,16,1024,512,16,2,256,0.084074,0.099236,0.095192,
group1,32,16,1024,512,16,2,512,0.084473,0.099111,0.097105,
group1,32,16,1024,512,16,2,1024,0.084207,0.099663,0.093961,
group1,32,16,1024,512,16,2,2048,0.085322,0.099194,0.094488,
group1,32,16,1024,512,16,2,4096,0.090615,0.099482,0.106482,
group1,32,16,1024,512,32,1,2,0.083017,0.062661,0.096061,
group1,32,16,1024,512,32,1,4,0.083973,0.062865,0.095759,
group1,32,16,1024,512,32,1,8,0.083761,0.062505,0.094762,
group1,32,16,1024,512,32,1,16,0.083480,0.062762,0.096069,
group1,32,16,1024,512,32,1,32,0.084052,0.062635,0.095386,
group1,32,16,1024,512,32,1,64,0.083780,0.062937,0.095700,
group1,32,16,1024,512,32,1,128,0.083419,0.062487,0.095338,
group1,32,16,1024,512,32,1,256,0.083613,0.062586,0.094139,
group1,32,16,1024,512,32,1,512,0.083900,0.062668,0.097660,
group1,32,16,1024,512,32,1,1024,0.084062,0.063003,0.094149,
group1,32,16,1024,512,32,1,2048,0.084374,0.062393,0.094240,
group1,32,16,1024,512,32,1,4096,0.090619,0.063165,0.106025,
group1,32,16,2048,1024,1,64,2,0.082943,0.102899,0.095187,
group1,32,16,2048,1024,1,64,4,0.083678,0.102708,0.095711,
group1,32,16,2048,1024,1,64,8,0.083600,0.102593,0.095454,
group1,32,16,2048,1024,1,64,16,0.084044,0.102904,0.095323,
group1,32,16,2048,1024,1,64,32,0.083816,0.102833,0.095188,
group1,32,16,2048,1024,1,64,64,0.084462,0.102945,0.095698,
group1,32,16,2048,1024,1,64,128,0.083929,0.103056,0.095363,
group1,32,16,2048,1024,1,64,256,0.084630,0.102924,0.093944,
group1,32,16,2048,1024,1,64,512,0.085138,0.102848,0.097289,
group1,32,16,2048,1024,1,64,1024,0.085793,0.102796,0.094098,
group1,32,16,2048,1024,1,64,2048,0.088437,0.103439,0.125368,
group1,32,16,2048,1024,1,64,4096,0.167350,0.103881,0.249914,
group1,32,16,2048,1024,2,32,2,0.083531,0.099057,0.095592,
group1,32,16,2048,1024,2,32,4,0.083828,0.098978,0.094868,
group1,32,16,2048,1024,2,32,8,0.083989,0.099477,0.094790,
group1,32,16,2048,1024,2,32,16,0.084273,0.099219,0.094970,
group1,32,16,2048,1024,2,32,32,0.083776,0.099222,0.095037,
group1,32,16,2048,1024,2,32,64,0.083902,0.098407,0.094878,
group1,32,16,2048,1024,2,32,128,0.084047,0.098984,0.095229,
group1,32,16,2048,1024,2,32,256,0.083881,0.098783,0.093887,
group1,32,16,2048,1024,2,32,512,0.084890,0.099195,0.096520,
group1,32,16,2048,1024,2,32,1024,0.084798,0.099299,0.093969,
group1,32,16,2048,1024,2,32,2048,0.088548,0.099816,0.135517,
group1,32,16,2048,1024,2,32,4096,0.167378,0.100054,0.267836,
group1,32,16,2048,1024,4,16,2,0.083275,0.098672,0.094774,
group1,32,16,2048,1024,4,16,4,0.083600,0.099004,0.095243,
group1,32,16,2048,1024,4,16,8,0.083820,0.099386,0.093769,
group1,32,16,2048,1024,4,16,16,0.083851,0.099303,0.095040,
group1,32,16,2048,1024,4,16,32,0.083665,0.099302,0.094710,
group1,32,16,2048,1024,4,16,64,0.083577,0.099893,0.094984,
group1,32,16,2048,1024,4,16,128,0.083920,0.099642,0.094689,
group1,32,16,2048,1024,4,16,256,0.084188,0.099394,0.094258,
group1,32,16,2048,1024,4,16,512,0.084534,0.098800,0.096761,
group1,32,16,2048,1024,4,16,1024,0.084513,0.099140,0.093276,
group1,32,16,2048,1024,4,16,2048,0.088576,0.099704,0.139601,
group1,32,16,2048,1024,4,16,4096,0.167324,0.099947,0.275161,
group1,32,16,2048,1024,8,8,2,0.083805,0.098648,0.094949,
group1,32,16,2048,1024,8,8,4,0.083767,0.099471,0.094649,
group1,32,16,2048,1024,8,8,8,0.084281,0.098939,0.101295,
group1,32,16,2048,1024,8,8,16,0.084133,0.099481,0.103755,
group1,32,16,2048,1024,8,8,32,0.084165,0.098628,0.103250,
group1,32,16,2048,1024,8,8,64,0.084124,0.099203,0.103871,
group1,32,16,2048,1024,8,8,128,0.084225,0.099367,0.103425,
group1,32,16,2048,1024,8,8,256,0.083944,0.099116,0.093765,
group1,32,16,2048,1024,8,8,512,0.085034,0.099435,0.096067,
group1,32,16,2048,1024,8,8,1024,0.085116,0.099628,0.093388,
group1,32,16,2048,1024,8,8,2048,0.088493,0.099902,0.137600,
group1,32,16,2048,1024,8,8,4096,0.167259,0.100252,0.272707,
group1,32,16,2048,1024,16,4,2,0.083388,0.099438,0.103385,
group1,32,16,2048,1024,16,4,4,0.083589,0.098955,0.103171,
group1,32,16,2048,1024,16,4,8,0.083750,0.099505,0.102912,
group1,32,16,2048,1024,16,4,16,0.084315,0.099636,0.103334,
group1,32,16,2048,1024,16,4,32,0.083931,0.099291,0.103078,
group1,32,16,2048,1024,16,4,64,0.084328,0.099073,0.103282,
group1,32,16,2048,1024,16,4,128,0.084132,0.099071,0.103626,
group1,32,16,2048,1024,16,4,256,0.084584,0.099081,0.094137,
group1,32,16,2048,1024,16,4,512,0.085186,0.099507,0.096178,
group1,32,16,2048,1024,16,4,1024,0.084822,0.099415,0.093336,
group1,32,16,2048,1024,16,4,2048,0.088354,0.100097,0.108041,
group1,32,16,2048,1024,16,4,4096,0.167424,0.100805,0.214725,
group1,32,16,2048,1024,32,2,2,0.083716,0.099141,0.102962,
group1,32,16,2048,1024,32,2,4,0.083729,0.099173,0.103561,
group1,32,16,2048,1024,32,2,8,0.084147,0.099725,0.102547,
group1,32,16,2048,1024,32,2,16,0.084192,0.099711,0.103006,
group1,32,16,2048,1024,32,2,32,0.084160,0.099754,0.102493,
group1,32,16,2048,1024,32,2,64,0.083716,0.100000,0.103416,
group1,32,16,2048,1024,32,2,128,0.084002,0.100030,0.103116,
group1,32,16,2048,1024,32,2,256,0.084885,0.099523,0.093227,
group1,32,16,2048,1024,32,2,512,0.084747,0.099571,0.095336,
group1,32,16,2048,1024,32,2,1024,0.084704,0.099588,0.093013,
group1,32,16,2048,1024,32,2,2048,0.088578,0.099808,0.093196,
group1,32,16,2048,1024,32,2,4096,0.167341,0.100321,0.171918,
group1,32,16,2048,1024,64,1,2,0.083285,0.062776,0.102859,
group1,32,16,2048,1024,64,1,4,0.084080,0.062747,0.102947,
group1,32,16,2048,1024,64,1,8,0.084139,0.062608,0.102486,
group1,32,16,2048,1024,64,1,16,0.083840,0.063042,0.103285,
group1,32,16,2048,1024,64,1,32,0.084340,0.062720,0.102694,
group1,32,16,2048,1024,64,1,64,0.084416,0.063060,0.103357,
group1,32,16,2048,1024,64,1,128,0.083819,0.062725,0.103188,
group1,32,16,2048,1024,64,1,256,0.084432,0.062817,0.093985,
group1,32,16,2048,1024,64,1,512,0.085193,0.062925,0.095864,
group1,32,16,2048,1024,64,1,1024,0.085278,0.062514,0.092881,
group1,32,16,2048,1024,64,1,2048,0.088627,0.062856,0.093113,
group1,32,16,2048,1024,64,1,4096,0.167560,0.063169,0.121786,
group1,32,16,4096,2048,1,128,2,0.083907,0.102880,0.103077,
group1,32,16,4096,2048,1,128,4,0.084121,0.103474,0.102971,
group1,32,16,4096,2048,1,128,8,0.084425,0.103068,0.102215,
group1,32,16,4096,2048,1,128,16,0.084289,0.103271,0.103194,
group1,32,16,4096,2048,1,128,32,0.083610,0.102691,0.102712,
group1,32,16,4096,2048,1,128,64,0.084102,0.103095,0.103049,
group1,32,16,4096,2048,1,128,128,0.084285,0.102924,,CUDA error: an illegal memory access was encountered
group1,32,16,4096,2048,1,128,256,0.084274,0.103194,0.093220,
group1,32,16,4096,2048,1,128,512,0.084845,0.102862,0.095847,
group1,32,16,4096,2048,1,128,1024,0.087700,0.103465,0.128615,
group1,32,16,4096,2048,1,128,2048,0.167936,0.104025,0.251506,
group1,32,16,4096,2048,1,128,4096,0.330839,0.169403,0.539357,
group1,32,16,4096,2048,2,64,2,0.083526,0.098927,0.091137,
group1,32,16,4096,2048,2,64,4,0.083943,0.099817,0.091416,
group1,32,16,4096,2048,2,64,8,0.084016,0.099771,0.091731,
group1,32,16,4096,2048,2,64,16,0.083027,0.099824,0.090868,
group1,32,16,4096,2048,2,64,32,0.083802,0.099323,0.090971,
group1,32,16,4096,2048,2,64,64,0.083845,0.099079,0.091310,
group1,32,16,4096,2048,2,64,128,0.084066,0.099719,,CUDA error: an illegal memory access was encountered
group1,32,16,4096,2048,2,64,256,0.084708,0.099277,0.093328,
group1,32,16,4096,2048,2,64,512,0.084956,0.099030,0.096324,
group1,32,16,4096,2048,2,64,1024,0.087722,0.099648,0.130485,
group1,32,16,4096,2048,2,64,2048,0.168239,0.100144,0.255701,
group1,32,16,4096,2048,2,64,4096,0.331320,0.162664,0.548720,
group1,32,16,4096,2048,4,32,2,0.084122,0.099248,0.092116,
group1,32,16,4096,2048,4,32,4,0.083815,0.099075,0.092476,
group1,32,16,4096,2048,4,32,8,0.083947,0.099408,0.092619,
group1,32,16,4096,2048,4,32,16,0.083734,0.099612,0.091802,
group1,32,16,4096,2048,4,32,32,0.082845,0.099165,0.091848,
group1,32,16,4096,2048,4,32,64,0.083397,0.099142,0.092304,
group1,32,16,4096,2048,4,32,128,0.084104,0.099053,,CUDA error: an illegal memory access was encountered
group1,32,16,4096,2048,4,32,256,0.083807,0.099085,0.092990,
group1,32,16,4096,2048,4,32,512,0.084803,0.099074,0.095441,
group1,32,16,4096,2048,4,32,1024,0.087785,0.099728,0.133495,
group1,32,16,4096,2048,4,32,2048,0.168001,0.100725,0.261063,
group1,32,16,4096,2048,4,32,4096,0.330867,0.155764,0.535595,
group1,32,16,4096,2048,8,16,2,0.083521,0.099003,0.091022,
group1,32,16,4096,2048,8,16,4,0.084081,0.098612,0.091109,
group1,32,16,4096,2048,8,16,8,0.084166,0.099130,0.090767,
group1,32,16,4096,2048,8,16,16,0.084320,0.099386,0.090407,
group1,32,16,4096,2048,8,16,32,0.083999,0.099264,0.090508,
group1,32,16,4096,2048,8,16,64,0.084010,0.099361,0.090368,
group1,32,16,4096,2048,8,16,128,0.083817,0.099538,,CUDA error: an illegal memory access was encountered
group1,32,16,4096,2048,8,16,256,0.084092,0.099062,0.092958,
group1,32,16,4096,2048,8,16,512,0.085170,0.099042,0.095324,
group1,32,16,4096,2048,8,16,1024,0.087693,0.099594,0.138764,
group1,32,16,4096,2048,8,16,2048,0.168025,0.100143,0.273259,
group1,32,16,4096,2048,8,16,4096,0.330870,0.146964,0.545694,
group1,32,16,4096,2048,16,8,2,0.083401,0.098773,0.091292,
group1,32,16,4096,2048,16,8,4,0.084148,0.100005,0.091926,
group1,32,16,4096,2048,16,8,8,0.084149,0.099457,0.091818,
group1,32,16,4096,2048,16,8,16,0.083771,0.099672,0.091238,
group1,32,16,4096,2048,16,8,32,0.083756,0.099731,0.091162,
group1,32,16,4096,2048,16,8,64,0.084010,0.099266,0.091428,
group1,32,16,4096,2048,16,8,128,0.083339,0.098927,,CUDA error: an illegal memory access was encountered
group1,32,16,4096,2048,16,8,256,0.084240,0.099077,0.092987,
group1,32,16,4096,2048,16,8,512,0.084969,0.098879,0.095207,
group1,32,16,4096,2048,16,8,1024,0.087733,0.099434,0.135811,
group1,32,16,4096,2048,16,8,2048,0.168214,0.099841,0.269910,
group1,32,16,4096,2048,16,8,4096,0.330752,0.165732,0.537900,
group1,32,16,4096,2048,32,4,2,0.083343,0.098872,0.093077,
group1,32,16,4096,2048,32,4,4,0.084145,0.099057,0.092842,
group1,32,16,4096,2048,32,4,8,0.083986,0.099109,0.093469,
group1,32,16,4096,2048,32,4,16,0.083853,0.099137,0.092418,
group1,32,16,4096,2048,32,4,32,0.084133,0.099073,0.092731,
group1,32,16,4096,2048,32,4,64,0.083819,0.099116,0.092698,
group1,32,16,4096,2048,32,4,128,0.083928,0.099872,,CUDA error: an illegal memory access was encountered
group1,32,16,4096,2048,32,4,256,0.083854,0.099294,0.092437,
group1,32,16,4096,2048,32,4,512,0.085067,0.099274,0.095318,
group1,32,16,4096,2048,32,4,1024,0.087689,0.099883,0.109437,
group1,32,16,4096,2048,32,4,2048,0.167885,0.100063,0.216390,
group1,32,16,4096,2048,32,4,4096,0.330809,0.171757,0.422589,
group1,32,16,4096,2048,64,2,2,0.083589,0.099442,0.093268,
group1,32,16,4096,2048,64,2,4,0.083786,0.099508,0.093554,
group1,32,16,4096,2048,64,2,8,0.084172,0.099336,0.093235,
group1,32,16,4096,2048,64,2,16,0.083902,0.099269,0.092491,
group1,32,16,4096,2048,64,2,32,0.083836,0.099081,0.093237,
group1,32,16,4096,2048,64,2,64,0.083528,0.099292,0.092939,
group1,32,16,4096,2048,64,2,128,0.084637,0.099108,,CUDA error: an illegal memory access was encountered
group1,32,16,4096,2048,64,2,256,0.084145,0.099069,0.092766,
group1,32,16,4096,2048,64,2,512,0.084676,0.099479,0.095184,
group1,32,16,4096,2048,64,2,1024,0.087665,0.099772,0.091936,
group1,32,16,4096,2048,64,2,2048,0.167953,0.100012,0.173849,
group1,32,16,4096,2048,64,2,4096,0.330805,0.172853,0.340291,
group1,32,16,4096,2048,128,1,2,0.083934,0.062404,0.101826,
group1,32,16,4096,2048,128,1,4,0.083794,0.063074,0.101934,
group1,32,16,4096,2048,128,1,8,0.082986,0.062849,0.102460,
group1,32,16,4096,2048,128,1,16,0.084056,0.062315,0.101318,
group1,32,16,4096,2048,128,1,32,0.083725,0.062706,0.101548,
group1,32,16,4096,2048,128,1,64,0.083729,0.062697,0.101795,
group1,32,16,4096,2048,128,1,128,0.084261,0.062715,,CUDA error: an illegal memory access was encountered
group1,32,16,4096,2048,128,1,256,0.084113,0.062757,0.092341,
group1,32,16,4096,2048,128,1,512,0.085094,0.062329,0.094958,
group1,32,16,4096,2048,128,1,1024,0.087697,0.062790,0.091890,
group1,32,16,4096,2048,128,1,2048,0.167936,0.063038,0.121947,
group1,32,16,4096,2048,128,1,4096,0.330930,0.063029,0.243909,
group1,32,32,512,512,1,16,2,0.083146,0.102489,0.092357,
group1,32,32,512,512,1,16,4,0.083528,0.102611,0.092560,
group1,32,32,512,512,1,16,8,0.082685,0.102452,0.092320,
group1,32,32,512,512,1,16,16,0.083431,0.102821,0.092476,
group1,32,32,512,512,1,16,32,0.083116,0.102427,0.092043,
group1,32,32,512,512,1,16,64,0.084150,0.102877,0.091803,
group1,32,32,512,512,1,16,128,0.083827,0.102529,0.092573,
group1,32,32,512,512,1,16,256,0.083925,0.102713,0.091730,
group1,32,32,512,512,1,16,512,0.085111,0.103383,0.094295,
group1,32,32,512,512,1,16,1024,0.084659,0.103562,0.090773,
group1,32,32,512,512,1,16,2048,0.085142,0.102936,0.091851,
group1,32,32,512,512,1,16,4096,0.085232,0.103680,0.103765,
group1,32,32,512,512,2,8,2,0.083713,0.099065,0.092498,
group1,32,32,512,512,2,8,4,0.083597,0.099160,0.092445,
group1,32,32,512,512,2,8,8,0.083578,0.098851,0.092149,
group1,32,32,512,512,2,8,16,0.083927,0.099668,0.091829,
group1,32,32,512,512,2,8,32,0.083942,0.098597,0.092206,
group1,32,32,512,512,2,8,64,0.083119,0.099243,0.092216,
group1,32,32,512,512,2,8,128,0.083398,0.099727,0.092268,
group1,32,32,512,512,2,8,256,0.083795,0.099058,0.092167,
group1,32,32,512,512,2,8,512,0.084311,0.100130,0.094340,
group1,32,32,512,512,2,8,1024,0.084698,0.099454,0.091190,
group1,32,32,512,512,2,8,2048,0.084458,0.098875,0.091446,
group1,32,32,512,512,2,8,4096,0.085333,0.099574,0.103445,
group1,32,32,512,512,4,4,2,0.083302,0.098783,0.092194,
group1,32,32,512,512,4,4,4,0.083270,0.098717,0.091716,
group1,32,32,512,512,4,4,8,0.083317,0.098887,0.092237,
group1,32,32,512,512,4,4,16,0.083538,0.099650,0.092079,
group1,32,32,512,512,4,4,32,0.083628,0.098845,0.092379,
group1,32,32,512,512,4,4,64,0.083813,0.099203,0.092372,
group1,32,32,512,512,4,4,128,0.083373,0.098708,0.092068,
group1,32,32,512,512,4,4,256,0.083459,0.098995,0.091295,
group1,32,32,512,512,4,4,512,0.083503,0.099204,0.094074,
group1,32,32,512,512,4,4,1024,0.083735,0.099126,0.090635,
group1,32,32,512,512,4,4,2048,0.084298,0.099455,0.091095,
group1,32,32,512,512,4,4,4096,0.084811,0.100266,0.103067,
group1,32,32,512,512,8,2,2,0.083820,0.098399,0.091760,
group1,32,32,512,512,8,2,4,0.083115,0.098722,0.092188,
group1,32,32,512,512,8,2,8,0.083716,0.098461,0.091989,
group1,32,32,512,512,8,2,16,0.083722,0.098984,0.091716,
group1,32,32,512,512,8,2,32,0.083470,0.098621,0.091734,
group1,32,32,512,512,8,2,64,0.084108,0.098945,0.091792,
group1,32,32,512,512,8,2,128,0.083539,0.098910,0.091862,
group1,32,32,512,512,8,2,256,0.083969,0.099161,0.091768,
group1,32,32,512,512,8,2,512,0.084726,0.099429,0.094447,
group1,32,32,512,512,8,2,1024,0.083856,0.099139,0.090791,
group1,32,32,512,512,8,2,2048,0.084429,0.099072,0.090989,
group1,32,32,512,512,8,2,4096,0.084978,0.099691,0.102539,
group1,32,32,512,512,16,1,2,0.083635,0.062948,0.091935,
group1,32,32,512,512,16,1,4,0.083888,0.062918,0.091090,
group1,32,32,512,512,16,1,8,0.083837,0.062402,0.091894,
group1,32,32,512,512,16,1,16,0.083511,0.062356,0.091839,
group1,32,32,512,512,16,1,32,0.083377,0.062815,0.091909,
group1,32,32,512,512,16,1,64,0.083673,0.062265,0.091841,
group1,32,32,512,512,16,1,128,0.083658,0.062701,0.091895,
group1,32,32,512,512,16,1,256,0.083747,0.062700,0.091147,
group1,32,32,512,512,16,1,512,0.084624,0.063173,0.093256,
group1,32,32,512,512,16,1,1024,0.084692,0.063233,0.090194,
group1,32,32,512,512,16,1,2048,0.084457,0.062909,0.090931,
group1,32,32,512,512,16,1,4096,0.084916,0.062744,0.102090,
group1,32,32,1024,1024,1,32,2,0.083561,0.102197,0.091807,
group1,32,32,1024,1024,1,32,4,0.083332,0.102186,0.092050,
group1,32,32,1024,1024,1,32,8,0.083455,0.102418,0.091906,
group1,32,32,1024,1024,1,32,16,0.083880,0.102680,0.091573,
group1,32,32,1024,1024,1,32,32,0.083777,0.102834,0.091706,
group1,32,32,1024,1024,1,32,64,0.083376,0.102380,0.091831,
group1,32,32,1024,1024,1,32,128,0.083507,0.102358,0.091900,
group1,32,32,1024,1024,1,32,256,0.083644,0.102490,0.091804,
group1,32,32,1024,1024,1,32,512,0.084458,0.102729,0.093839,
group1,32,32,1024,1024,1,32,1024,0.084427,0.102296,0.090778,
group1,32,32,1024,1024,1,32,2048,0.084945,0.102945,0.094489,
group1,32,32,1024,1024,1,32,4096,0.122517,0.103319,0.184738,
group1,32,32,1024,1024,2,16,2,0.083009,0.098812,0.091684,
group1,32,32,1024,1024,2,16,4,0.082574,0.098847,0.091974,
group1,32,32,1024,1024,2,16,8,0.083422,0.098383,0.091874,
group1,32,32,1024,1024,2,16,16,0.083396,0.098611,0.091615,
group1,32,32,1024,1024,2,16,32,0.083356,0.098742,0.091409,
group1,32,32,1024,1024,2,16,64,0.083393,0.098768,0.091641,
group1,32,32,1024,1024,2,16,128,0.083080,0.099280,0.091849,
group1,32,32,1024,1024,2,16,256,0.083842,0.098580,0.091469,
group1,32,32,1024,1024,2,16,512,0.083918,0.099315,0.092702,
group1,32,32,1024,1024,2,16,1024,0.084856,0.098664,0.089897,
group1,32,32,1024,1024,2,16,2048,0.084636,0.099386,0.093317,
group1,32,32,1024,1024,2,16,4096,0.122408,0.099419,0.182358,
group1,32,32,1024,1024,4,8,2,0.083497,0.098902,0.091684,
group1,32,32,1024,1024,4,8,4,0.083531,0.099154,0.092158,
group1,32,32,1024,1024,4,8,8,0.083757,0.099121,0.091493,
group1,32,32,1024,1024,4,8,16,0.083723,0.099562,0.092100,
group1,32,32,1024,1024,4,8,32,0.083249,0.099153,0.091563,
group1,32,32,1024,1024,4,8,64,0.083637,0.098999,0.091677,
group1,32,32,1024,1024,4,8,128,0.083302,0.099170,0.091377,
group1,32,32,1024,1024,4,8,256,0.083716,0.099029,0.091290,
group1,32,32,1024,1024,4,8,512,0.083916,0.099194,0.092691,
group1,32,32,1024,1024,4,8,1024,0.084543,0.098540,0.089936,
group1,32,32,1024,1024,4,8,2048,0.084810,0.098955,0.090543,
group1,32,32,1024,1024,4,8,4096,0.122129,0.099317,0.177094,
group1,32,32,1024,1024,8,4,2,0.083707,0.098796,0.091577,
group1,32,32,1024,1024,8,4,4,0.082821,0.099045,0.091682,
group1,32,32,1024,1024,8,4,8,0.083432,0.098558,0.091505,
group1,32,32,1024,1024,8,4,16,0.083587,0.098830,0.091370,
group1,32,32,1024,1024,8,4,32,0.083455,0.099510,0.091050,
group1,32,32,1024,1024,8,4,64,0.083501,0.099129,0.091740,
group1,32,32,1024,1024,8,4,128,0.083966,0.099818,0.091451,
group1,32,32,1024,1024,8,4,256,0.084237,0.099099,0.090893,
group1,32,32,1024,1024,8,4,512,0.084490,0.099852,0.092689,
group1,32,32,1024,1024,8,4,1024,0.084972,0.098798,0.090107,
group1,32,32,1024,1024,8,4,2048,0.084789,0.099424,0.089976,
group1,32,32,1024,1024,8,4,4096,0.122703,0.099310,0.142917,
group1,32,32,1024,1024,16,2,2,0.083334,0.099213,0.091099,
group1,32,32,1024,1024,16,2,4,0.083518,0.099010,0.091490,
group1,32,32,1024,1024,16,2,8,0.083265,0.098632,0.091177,
group1,32,32,1024,1024,16,2,16,0.083751,0.099168,0.090974,
group1,32,32,1024,1024,16,2,32,0.083860,0.099422,0.091058,
group1,32,32,1024,1024,16,2,64,0.083454,0.098191,0.091299,
group1,32,32,1024,1024,16,2,128,0.083868,0.098488,0.091648,
group1,32,32,1024,1024,16,2,256,0.083638,0.099311,0.091022,
group1,32,32,1024,1024,16,2,512,0.085288,0.099158,0.092752,
group1,32,32,1024,1024,16,2,1024,0.084914,0.098526,0.090116,
group1,32,32,1024,1024,16,2,2048,0.085312,0.099441,0.090005,
group1,32,32,1024,1024,16,2,4096,0.122551,0.099337,0.117313,
group1,32,32,1024,1024,32,1,2,0.083555,0.062771,0.091195,
group1,32,32,1024,1024,32,1,4,0.083653,0.062908,0.091831,
group1,32,32,1024,1024,32,1,8,0.083221,0.062958,0.091513,
group1,32,32,1024,1024,32,1,16,0.083639,0.062953,0.091359,
group1,32,32,1024,1024,32,1,32,0.084145,0.062640,0.090859,
group1,32,32,1024,1024,32,1,64,0.083618,0.062569,0.091522,
group1,32,32,1024,1024,32,1,128,0.083909,0.062843,0.090986,
group1,32,32,1024,1024,32,1,256,0.084279,0.062591,0.090533,
group1,32,32,1024,1024,32,1,512,0.084280,0.062891,0.092191,
group1,32,32,1024,1024,32,1,1024,0.084346,0.062853,0.089781,
group1,32,32,1024,1024,32,1,2048,0.085175,0.062738,0.089637,
group1,32,32,1024,1024,32,1,4096,0.122362,0.062981,0.101479,
group1,32,32,2048,2048,1,64,2,0.082859,0.103034,0.091396,
group1,32,32,2048,2048,1,64,4,0.083129,0.102992,0.091431,
group1,32,32,2048,2048,1,64,8,0.083247,0.102971,0.091229,
group1,32,32,2048,2048,1,64,16,0.083685,0.103167,0.091147,
group1,32,32,2048,2048,1,64,32,0.083387,0.103049,0.091237,
group1,32,32,2048,2048,1,64,64,0.083587,0.102478,0.091250,
group1,32,32,2048,2048,1,64,128,0.083974,0.103092,,CUDA error: an illegal memory access was encountered
group1,32,32,2048,2048,1,64,256,0.083985,0.103142,0.090304,
group1,32,32,2048,2048,1,64,512,0.084507,0.102735,0.092470,
group1,32,32,2048,2048,1,64,1024,0.085015,0.103499,0.092435,
group1,32,32,2048,2048,1,64,2048,0.123797,0.104279,0.177329,
group1,32,32,2048,2048,1,64,4096,0.238201,0.134742,0.338420,
group1,32,32,2048,2048,2,32,2,0.083358,0.098696,0.099073,
group1,32,32,2048,2048,2,32,4,0.083642,0.099489,0.099374,
group1,32,32,2048,2048,2,32,8,0.083770,0.099450,0.099320,
group1,32,32,2048,2048,2,32,16,0.084277,0.099600,0.099166,
group1,32,32,2048,2048,2,32,32,0.084199,0.098989,0.098986,
group1,32,32,2048,2048,2,32,64,0.083894,0.099170,0.098899,
group1,32,32,2048,2048,2,32,128,0.084470,0.099096,0.099102,
group1,32,32,2048,2048,2,32,256,0.084298,0.098876,0.089425,
group1,32,32,2048,2048,2,32,512,0.084654,0.099400,0.091688,
group1,32,32,2048,2048,2,32,1024,0.085494,0.099989,0.095259,
group1,32,32,2048,2048,2,32,2048,0.123748,0.099795,0.179867,
group1,32,32,2048,2048,2,32,4096,0.238025,0.105154,0.346372,
group1,32,32,2048,2048,4,16,2,0.083479,0.098646,,CUDA error: an illegal memory access was encountered
group1,32,32,2048,2048,4,16,4,0.084054,0.099646,,skipped (pattern previously crashed)
group1,32,32,2048,2048,4,16,8,0.083779,0.099253,,skipped (pattern previously crashed)
group1,32,32,2048,2048,4,16,16,0.083778,0.099205,,skipped (pattern previously crashed)
group1,32,32,2048,2048,4,16,32,0.083664,0.098733,,skipped (pattern previously crashed)
group1,32,32,2048,2048,4,16,64,0.083835,0.099380,,skipped (pattern previously crashed)
group1,32,32,2048,2048,4,16,128,0.083908,0.098683,,skipped (pattern previously crashed)
group1,32,32,2048,2048,4,16,256,0.083923,0.099117,0.089654,
group1,32,32,2048,2048,4,16,512,0.084903,0.099140,0.091727,
group1,32,32,2048,2048,4,16,1024,0.085119,0.099453,0.095268,
group1,32,32,2048,2048,4,16,2048,0.123422,0.100060,0.182372,
group1,32,32,2048,2048,4,16,4096,0.237680,0.099871,0.348057,
group1,32,32,2048,2048,8,8,2,0.083674,0.099104,0.089082,
group1,32,32,2048,2048,8,8,4,0.083101,0.098681,0.089268,
group1,32,32,2048,2048,8,8,8,0.083611,0.099029,0.089597,
group1,32,32,2048,2048,8,8,16,0.083625,0.098681,0.089243,
group1,32,32,2048,2048,8,8,32,0.083758,0.099778,0.088720,
group1,32,32,2048,2048,8,8,64,0.083899,0.099350,0.088258,
group1,32,32,2048,2048,8,8,128,0.083766,0.099080,0.089193,
group1,32,32,2048,2048,8,8,256,0.084272,0.098904,0.089797,
group1,32,32,2048,2048,8,8,512,0.085019,0.099251,0.091649,
group1,32,32,2048,2048,8,8,1024,0.085465,0.100144,0.090143,
group1,32,32,2048,2048,8,8,2048,0.123114,0.100175,0.176815,
group1,32,32,2048,2048,8,8,4096,0.237447,0.100091,0.333244,
group1,32,32,2048,2048,16,4,2,0.083696,0.099161,,CUDA error: an illegal memory access was encountered
group1,32,32,2048,2048,16,4,4,0.083310,0.098950,,skipped (pattern previously crashed)
group1,32,32,2048,2048,16,4,8,0.084143,0.099583,,skipped (pattern previously crashed)
group1,32,32,2048,2048,16,4,16,0.084090,0.099531,,skipped (pattern previously crashed)
group1,32,32,2048,2048,16,4,32,0.083657,0.099562,,skipped (pattern previously crashed)
group1,32,32,2048,2048,16,4,64,0.083856,0.099525,,skipped (pattern previously crashed)
group1,32,32,2048,2048,16,4,128,0.083851,0.099007,,skipped (pattern previously crashed)
group1,32,32,2048,2048,16,4,256,0.084019,0.098994,0.089734,
group1,32,32,2048,2048,16,4,512,0.084981,0.099204,0.091485,
group1,32,32,2048,2048,16,4,1024,0.085480,0.099439,0.088725,
group1,32,32,2048,2048,16,4,2048,0.123834,0.099436,0.144350,
group1,32,32,2048,2048,16,4,4096,0.237714,0.110622,0.266278,
group1,32,32,2048,2048,32,2,2,0.083488,0.098776,0.089014,
group1,32,32,2048,2048,32,2,4,0.083827,0.099594,0.089004,
group1,32,32,2048,2048,32,2,8,0.083919,0.099397,0.088693,
group1,32,32,2048,2048,32,2,16,0.083924,0.099532,0.089190,
group1,32,32,2048,2048,32,2,32,0.083601,0.099623,0.088647,
group1,32,32,2048,2048,32,2,64,0.083854,0.099160,0.088209,
group1,32,32,2048,2048,32,2,128,0.084118,0.099310,0.089034,
group1,32,32,2048,2048,32,2,256,0.084281,0.099326,0.089137,
group1,32,32,2048,2048,32,2,512,0.084922,0.099295,0.090994,
group1,32,32,2048,2048,32,2,1024,0.085073,0.099811,0.115731,
group1,32,32,2048,2048,32,2,2048,0.123507,0.099923,0.120105,
group1,32,32,2048,2048,32,2,4096,0.237940,0.111426,0.206147,
group1,32,32,2048,2048,64,1,2,0.083602,0.062919,,CUDA error: an illegal memory access was encountered
group1,32,32,2048,2048,64,1,4,0.083605,0.062691,,skipped (pattern previously crashed)
group1,32,32,2048,2048,64,1,8,0.083727,0.062709,,skipped (pattern previously crashed)
group1,32,32,2048,2048,64,1,16,0.083950,0.062220,,skipped (pattern previously crashed)
group1,32,32,2048,2048,64,1,32,0.083645,0.062139,,skipped (pattern previously crashed)
group1,32,32,2048,2048,64,1,64,0.083860,0.062361,,skipped (pattern previously crashed)
group1,32,32,2048,2048,64,1,128,0.083494,0.062323,,skipped (pattern previously crashed)
group1,32,32,2048,2048,64,1,256,0.084289,0.062125,0.089233,
group1,32,32,2048,2048,64,1,512,0.084065,0.062793,0.091624,
group1,32,32,2048,2048,64,1,1024,0.085455,0.062724,0.088948,
group1,32,32,2048,2048,64,1,2048,0.123567,0.063097,0.096156,
group1,32,32,2048,2048,64,1,4096,0.237797,0.062496,0.162359,
group1,32,32,4096,4096,1,128,2,0.083805,0.102802,0.089757,
group1,32,32,4096,4096,1,128,4,0.083771,0.103042,0.089926,
group1,32,32,4096,4096,1,128,8,0.083640,0.102272,0.089845,
group1,32,32,4096,4096,1,128,16,0.084030,0.102673,0.090115,
group1,32,32,4096,4096,1,128,32,0.084157,0.102435,0.089536,
group1,32,32,4096,4096,1,128,64,0.083885,0.102628,0.088704,
group1,32,32,4096,4096,1,128,128,0.084581,0.102591,,CUDA error: an illegal memory access was encountered
group1,32,32,4096,4096,1,128,256,0.084520,0.102373,0.089300,
group1,32,32,4096,4096,1,128,512,0.084876,0.103113,0.092855,
group1,32,32,4096,4096,1,128,1024,0.123082,0.103736,0.182526,
group1,32,32,4096,4096,1,128,2048,0.236393,0.138153,0.342596,
group1,32,32,4096,4096,1,128,4096,0.466448,0.263333,0.637494,
group1,32,32,4096,4096,2,64,2,0.083646,0.098908,,CUDA error: an illegal memory access was encountered
group1,32,32,4096,4096,2,64,4,0.083992,0.099089,,skipped (pattern previously crashed)
group1,32,32,4096,4096,2,64,8,0.083544,0.098805,,skipped (pattern previously crashed)
group1,32,32,4096,4096,2,64,16,0.083914,0.098833,,skipped (pattern previously crashed)
group1,32,32,4096,4096,2,64,32,0.083484,0.098931,,skipped (pattern previously crashed)
group1,32,32,4096,4096,2,64,64,0.083750,0.098947,,skipped (pattern previously crashed)
group1,32,32,4096,4096,2,64,128,0.083741,0.098979,,skipped (pattern previously crashed)
group1,32,32,4096,4096,2,64,256,0.084821,0.098791,0.089188,
group1,32,32,4096,4096,2,64,512,0.085119,0.099866,0.093551,
group1,32,32,4096,4096,2,64,1024,0.123035,0.100164,0.181473,
group1,32,32,4096,4096,2,64,2048,0.236358,0.134495,0.343870,
group1,32,32,4096,4096,2,64,4096,0.467176,0.256680,0.654132,
group1,32,32,4096,4096,4,32,2,0.083235,0.099103,0.088998,
group1,32,32,4096,4096,4,32,4,0.083731,0.099440,0.089148,
group1,32,32,4096,4096,4,32,8,0.083450,0.098908,0.088455,
group1,32,32,4096,4096,4,32,16,0.083566,0.098733,0.088263,
group1,32,32,4096,4096,4,32,32,0.083075,0.099276,0.088261,
group1,32,32,4096,4096,4,32,64,0.083775,0.098962,0.087883,
group1,32,32,4096,4096,4,32,128,0.083717,0.099335,,CUDA error: an illegal memory access was encountered
group1,32,32,4096,4096,4,32,256,0.084488,0.099146,0.088464,
group1,32,32,4096,4096,4,32,512,0.085043,0.099644,0.094744,
group1,32,32,4096,4096,4,32,1024,0.123099,0.100022,0.178580,
group1,32,32,4096,4096,4,32,2048,0.236488,0.105031,0.344246,
group1,32,32,4096,4096,4,32,4096,0.466738,0.196870,0.649273,
group1,32,32,4096,4096,8,16,2,0.083456,0.098856,,CUDA error: an illegal memory access was encountered
group1,32,32,4096,4096,8,16,4,0.083638,0.099555,,skipped (pattern previously crashed)
group1,32,32,4096,4096,8,16,8,0.083332,0.098910,,skipped (pattern previously crashed)
group1,32,32,4096,4096,8,16,16,0.083335,0.098600,,skipped (pattern previously crashed)
group1,32,32,4096,4096,8,16,32,0.082968,0.099235,,skipped (pattern previously crashed)
group1,32,32,4096,4096,8,16,64,0.083704,0.099025,,skipped (pattern previously crashed)
group1,32,32,4096,4096,8,16,128,0.083275,0.099268,,skipped (pattern previously crashed)
group1,32,32,4096,4096,8,16,256,0.084077,0.099130,0.088774,
group1,32,32,4096,4096,8,16,512,0.084699,0.099494,0.094754,
group1,32,32,4096,4096,8,16,1024,0.123128,0.099837,0.181318,
group1,32,32,4096,4096,8,16,2048,0.236457,0.099441,0.347501,
group1,32,32,4096,4096,8,16,4096,0.466678,0.177683,0.657276,
group1,32,32,4096,4096,16,8,2,0.083486,0.098666,0.087672,
group1,32,32,4096,4096,16,8,4,0.083498,0.099350,0.087872,
group1,32,32,4096,4096,16,8,8,0.083559,0.098935,0.087563,
group1,32,32,4096,4096,16,8,16,0.083385,0.098662,0.088080,
group1,32,32,4096,4096,16,8,32,0.083049,0.099445,0.087575,
group1,32,32,4096,4096,16,8,64,0.083801,0.098747,0.087006,
group1,32,32,4096,4096,16,8,128,0.083522,0.099551,,CUDA error: an illegal memory access was encountered
group1,32,32,4096,4096,16,8,256,0.084663,0.098643,0.088291,
group1,32,32,4096,4096,16,8,512,0.085271,0.099696,0.092558,
group1,32,32,4096,4096,16,8,1024,0.122854,0.099724,0.176874,
group1,32,32,4096,4096,16,8,2048,0.235994,0.099958,0.332091,
group1,32,32,4096,4096,16,8,4096,0.466547,0.189919,0.628428,
group1,32,32,4096,4096,32,4,2,0.083595,0.099025,,CUDA error: an illegal memory access was encountered
group1,32,32,4096,4096,32,4,4,0.083886,0.099552,,skipped (pattern previously crashed)
group1,32,32,4096,4096,32,4,8,0.083355,0.098997,,skipped (pattern previously crashed)
group1,32,32,4096,4096,32,4,16,0.083396,0.098819,,skipped (pattern previously crashed)
group1,32,32,4096,4096,32,4,32,0.083131,0.099412,,skipped (pattern previously crashed)
group1,32,32,4096,4096,32,4,64,0.083967,0.098695,,skipped (pattern previously crashed)
group1,32,32,4096,4096,32,4,128,0.083607,0.099144,,skipped (pattern previously crashed)
group1,32,32,4096,4096,32,4,256,0.084481,0.099013,0.088033,
group1,32,32,4096,4096,32,4,512,0.085164,0.099601,0.089822,
group1,32,32,4096,4096,32,4,1024,0.123134,0.099687,0.145459,
group1,32,32,4096,4096,32,4,2048,0.236560,0.110608,0.269833,
group1,32,32,4096,4096,32,4,4096,0.466588,0.211670,0.505654,
group1,32,32,4096,4096,64,2,2,0.083579,0.099028,0.086385,
group1,32,32,4096,4096,64,2,4,0.083413,0.099095,0.086146,
group1,32,32,4096,4096,64,2,8,0.083726,0.099114,0.086514,
group1,32,32,4096,4096,64,2,16,0.083719,0.098825,0.086590,
group1,32,32,4096,4096,64,2,32,0.083396,0.099200,0.086217,
group1,32,32,4096,4096,64,2,64,0.084138,0.099011,0.085570,
group1,32,32,4096,4096,64,2,128,0.083582,0.099226,,CUDA error: an illegal memory access was encountered
group1,32,32,4096,4096,64,2,256,0.084010,0.098962,0.088049,
group1,32,32,4096,4096,64,2,512,0.084843,0.099582,0.089433,
group1,32,32,4096,4096,64,2,1024,0.123186,0.099664,0.120136,
group1,32,32,4096,4096,64,2,2048,0.236501,0.111310,0.211155,
group1,32,32,4096,4096,64,2,4096,0.467081,0.213064,0.397576,
group1,32,32,4096,4096,128,1,2,0.083772,0.063112,,CUDA error: an illegal memory access was encountered
group1,32,32,4096,4096,128,1,4,0.083296,0.062794,,skipped (pattern previously crashed)
group1,32,32,4096,4096,128,1,8,0.083783,0.062372,,skipped (pattern previously crashed)
group1,32,32,4096,4096,128,1,16,0.082763,0.062189,,skipped (pattern previously crashed)
group1,32,32,4096,4096,128,1,32,0.083618,0.062471,,skipped (pattern previously crashed)
group1,32,32,4096,4096,128,1,64,0.083877,0.062484,,skipped (pattern previously crashed)
group1,32,32,4096,4096,128,1,128,0.083801,0.062127,,skipped (pattern previously crashed)
group1,32,32,4096,4096,128,1,256,0.083860,0.062346,0.087683,
group1,32,32,4096,4096,128,1,512,0.085093,0.063010,0.089776,
group1,32,32,4096,4096,128,1,1024,0.122956,0.062866,0.095643,
group1,32,32,4096,4096,128,1,2048,0.235967,0.062489,0.164886,
group1,32,32,4096,4096,128,1,4096,0.466673,0.062807,0.310512,
group1,32,64,512,1024,1,16,2,0.083642,0.102496,0.086625,
group1,32,64,512,1024,1,16,4,0.083115,0.102847,0.087236,
group1,32,64,512,1024,1,16,8,0.082956,0.102835,0.086978,
group1,32,64,512,1024,1,16,16,0.083369,0.102311,0.087405,
group1,32,64,512,1024,1,16,32,0.083587,0.102999,0.087135,
group1,32,64,512,1024,1,16,64,0.084026,0.102582,0.087504,
group1,32,64,512,1024,1,16,128,0.083047,0.102813,0.086830,
group1,32,64,512,1024,1,16,256,0.083437,0.102864,0.087662,
group1,32,64,512,1024,1,16,512,0.083957,0.103443,0.089585,
group1,32,64,512,1024,1,16,1024,0.084080,0.103596,0.087915,
group1,32,64,512,1024,1,16,2048,0.084553,0.102924,0.087733,
group1,32,64,512,1024,1,16,4096,0.095811,0.102720,0.131548,
group1,32,64,512,1024,2,8,2,0.083654,0.099048,0.087174,
group1,32,64,512,1024,2,8,4,0.083531,0.099373,0.086990,
group1,32,64,512,1024,2,8,8,0.083801,0.099504,0.086927,
group1,32,64,512,1024,2,8,16,0.083900,0.099137,0.087257,
group1,32,64,512,1024,2,8,32,0.083664,0.099930,0.086517,
group1,32,64,512,1024,2,8,64,0.084041,0.099662,,CUDA error: an illegal memory access was encountered
group1,32,64,512,1024,2,8,128,0.084172,0.099107,,skipped (pattern previously crashed)
group1,32,64,512,1024,2,8,256,0.084506,0.099478,0.087475,
group1,32,64,512,1024,2,8,512,0.084281,0.099515,0.089732,
group1,32,64,512,1024,2,8,1024,0.084975,0.099677,0.086680,
group1,32,64,512,1024,2,8,2048,0.085379,0.099664,0.087182,
group1,32,64,512,1024,2,8,4096,0.093520,0.099478,0.122879,
group1,32,64,512,1024,4,4,2,0.081252,0.097508,0.086651,
group1,32,64,512,1024,4,4,4,0.081301,0.098592,0.086155,
group1,32,64,512,1024,4,4,8,0.081587,0.098228,0.086417,
group1,32,64,512,1024,4,4,16,0.081816,0.098841,0.086362,
group1,32,64,512,1024,4,4,32,0.082389,0.098487,0.086530,
group1,32,64,512,1024,4,4,64,0.082376,0.098409,0.086220,
group1,32,64,512,1024,4,4,128,0.082124,0.098247,0.086350,
group1,32,64,512,1024,4,4,256,0.082120,0.098773,0.087565,
group1,32,64,512,1024,4,4,512,0.082371,0.099185,0.088497,
group1,32,64,512,1024,4,4,1024,0.082581,0.098268,0.086848,
group1,32,64,512,1024,4,4,2048,0.082789,0.098081,0.086825,
group1,32,64,512,1024,4,4,4096,0.094733,0.097956,0.102316,
group1,32,64,512,1024,8,2,2,0.081738,0.098054,0.086076,
group1,32,64,512,1024,8,2,4,0.081896,0.098155,0.086005,
group1,32,64,512,1024,8,2,8,0.081988,0.097941,0.086173,
group1,32,64,512,1024,8,2,16,0.081835,0.097838,0.086121,
group1,32,64,512,1024,8,2,32,0.082029,0.098007,0.086176,
group1,32,64,512,1024,8,2,64,0.081718,0.097721,,CUDA error: an illegal memory access was encountered
group1,32,64,512,1024,8,2,128,0.081949,0.097852,,skipped (pattern previously crashed)
group1,32,64,512,1024,8,2,256,0.082270,0.098248,0.087170,
group1,32,64,512,1024,8,2,512,0.081899,0.098200,0.089302,
group1,32,64,512,1024,8,2,1024,0.082611,0.097924,0.086828,
group1,32,64,512,1024,8,2,2048,0.082718,0.098244,0.087191,
group1,32,64,512,1024,8,2,4096,0.093076,0.098353,0.098163,
group1,32,64,512,1024,16,1,2,0.081816,0.061967,0.085794,
group1,32,64,512,1024,16,1,4,0.082185,0.062026,0.085701,
group1,32,64,512,1024,16,1,8,0.081918,0.062146,0.085820,
group1,32,64,512,1024,16,1,16,0.082102,0.062333,0.085984,
group1,32,64,512,1024,16,1,32,0.082485,0.062218,0.085773,
group1,32,64,512,1024,16,1,64,0.081890,0.062236,0.086192,
group1,32,64,512,1024,16,1,128,0.082265,0.062665,0.085450,
group1,32,64,512,1024,16,1,256,0.082195,0.062365,0.087216,
group1,32,64,512,1024,16,1,512,0.082628,0.062601,0.088065,
group1,32,64,512,1024,16,1,1024,0.082322,0.062332,0.086327,
group1,32,64,512,1024,16,1,2048,0.083174,0.062252,0.086322,
group1,32,64,512,1024,16,1,4096,0.095231,0.061967,0.097357,
group1,32,64,1024,2048,1,32,2,0.081363,0.100787,,CUDA error: an illegal memory access was encountered
group1,32,64,1024,2048,1,32,4,0.082218,0.101655,,skipped (pattern previously crashed)
group1,32,64,1024,2048,1,32,8,0.082444,0.101158,,skipped (pattern previously crashed)
group1,32,64,1024,2048,1,32,16,0.082051,0.101315,,skipped (pattern previously crashed)
group1,32,64,1024,2048,1,32,32,0.082152,0.101082,,skipped (pattern previously crashed)
group1,32,64,1024,2048,1,32,64,0.081877,0.101067,,skipped (pattern previously crashed)
group1,32,64,1024,2048,1,32,128,0.082028,0.101039,,skipped (pattern previously crashed)
group1,32,64,1024,2048,1,32,256,0.082234,0.100607,0.087265,
group1,32,64,1024,2048,1,32,512,0.082759,0.101376,0.088553,
group1,32,64,1024,2048,1,32,1024,0.082985,0.101035,0.089873,
group1,32,64,1024,2048,1,32,2048,0.096380,0.100951,0.124635,
group1,32,64,1024,2048,1,32,4096,0.179262,0.101868,0.260806,
group1,32,64,1024,2048,2,16,2,0.082320,0.097807,0.086248,
group1,32,64,1024,2048,2,16,4,0.082512,0.098044,0.086436,
group1,32,64,1024,2048,2,16,8,0.082833,0.098141,0.085972,
group1,32,64,1024,2048,2,16,16,0.082117,0.097931,0.086447,
group1,32,64,1024,2048,2,16,32,0.082014,0.097689,0.086002,
group1,32,64,1024,2048,2,16,64,0.082524,0.098057,0.085987,
group1,32,64,1024,2048,2,16,128,0.082378,0.097960,0.086163,
group1,32,64,1024,2048,2,16,256,0.082331,0.097949,0.086635,
group1,32,64,1024,2048,2,16,512,0.082877,0.098439,0.087594,
group1,32,64,1024,2048,2,16,1024,0.083384,0.098378,0.087143,
group1,32,64,1024,2048,2,16,2048,0.093939,0.097904,0.121618,
group1,32,64,1024,2048,2,16,4096,0.178854,0.099121,0.246912,
group1,32,64,1024,2048,4,8,2,0.082491,0.098100,0.085777,
group1,32,64,1024,2048,4,8,4,0.082492,0.098559,0.085681,
group1,32,64,1024,2048,4,8,8,0.082803,0.099004,0.085866,
group1,32,64,1024,2048,4,8,16,0.082450,0.098073,0.085881,
group1,32,64,1024,2048,4,8,32,0.082467,0.098570,0.085650,
group1,32,64,1024,2048,4,8,64,0.082914,0.098281,0.086018,
group1,32,64,1024,2048,4,8,128,0.082824,0.098355,0.086088,
group1,32,64,1024,2048,4,8,256,0.082795,0.097965,0.086661,
group1,32,64,1024,2048,4,8,512,0.083459,0.098261,0.087891,
group1,32,64,1024,2048,4,8,1024,0.083540,0.098318,0.086519,
group1,32,64,1024,2048,4,8,2048,0.093944,0.097792,0.114891,
group1,32,64,1024,2048,4,8,4096,0.178491,0.099370,0.240423,
group1,32,64,1024,2048,8,4,2,0.082341,0.098068,0.085814,
group1,32,64,1024,2048,8,4,4,0.083089,0.098293,0.085563,
group1,32,64,1024,2048,8,4,8,0.082773,0.098669,0.085746,
group1,32,64,1024,2048,8,4,16,0.082351,0.097845,0.085703,
group1,32,64,1024,2048,8,4,32,0.082754,0.097942,0.085688,
group1,32,64,1024,2048,8,4,64,0.082864,0.097996,0.085870,
group1,32,64,1024,2048,8,4,128,0.082610,0.098037,0.085440,
group1,32,64,1024,2048,8,4,256,0.082400,0.097795,0.086302,
group1,32,64,1024,2048,8,4,512,0.083363,0.098547,0.087666,
group1,32,64,1024,2048,8,4,1024,0.083563,0.098285,0.085838,
group1,32,64,1024,2048,8,4,2048,0.095947,0.097920,0.096655,
group1,32,64,1024,2048,8,4,4096,0.178664,0.099266,0.199082,
group1,32,64,1024,2048,16,2,2,0.082811,0.098237,0.085233,
group1,32,64,1024,2048,16,2,4,0.082870,0.098307,0.085651,
group1,32,64,1024,2048,16,2,8,0.082501,0.098776,0.085270,
group1,32,64,1024,2048,16,2,16,0.082437,0.098082,0.085577,
group1,32,64,1024,2048,16,2,32,0.082247,0.097968,0.085578,
group1,32,64,1024,2048,16,2,64,0.082903,0.098574,0.085674,
group1,32,64,1024,2048,16,2,128,0.082875,0.098232,0.085008,
group1,32,64,1024,2048,16,2,256,0.082906,0.098219,0.085903,
group1,32,64,1024,2048,16,2,512,0.083411,0.098791,0.087075,
group1,32,64,1024,2048,16,2,1024,0.083580,0.098739,0.085543,
group1,32,64,1024,2048,16,2,2048,0.095947,0.098268,0.085514,
group1,32,64,1024,2048,16,2,4096,0.178628,0.099156,0.168904,
group1,32,64,1024,2048,32,1,2,0.082514,0.062587,0.085402,
group1,32,64,1024,2048,32,1,4,0.082571,0.062040,0.085321,
group1,32,64,1024,2048,32,1,8,0.082895,0.062485,0.085393,
group1,32,64,1024,2048,32,1,16,0.082903,0.062556,0.085793,
group1,32,64,1024,2048,32,1,32,0.082837,0.062516,0.084982,
group1,32,64,1024,2048,32,1,64,0.083441,0.062559,0.085476,
group1,32,64,1024,2048,32,1,128,0.083537,0.061594,0.085357,
group1,32,64,1024,2048,32,1,256,0.083253,0.062253,0.085855,
group1,32,64,1024,2048,32,1,512,0.083702,0.062322,0.087304,
group1,32,64,1024,2048,32,1,1024,0.083835,0.062212,0.085859,
group1,32,64,1024,2048,32,1,2048,0.093969,0.061960,0.085811,
group1,32,64,1024,2048,32,1,4096,0.178618,0.062270,0.150794,
group1,32,64,2048,4096,1,64,2,0.082692,0.101417,0.085263,
group1,32,64,2048,4096,1,64,4,0.082706,0.101357,,CUDA error: an illegal memory access was encountered
group1,32,64,2048,4096,1,64,8,0.082250,0.100858,,skipped (pattern previously crashed)
group1,32,64,2048,4096,1,64,16,0.082387,0.100657,,skipped (pattern previously crashed)
group1,32,64,2048,4096,1,64,32,0.083122,0.100689,,skipped (pattern previously crashed)
group1,32,64,2048,4096,1,64,64,0.083318,0.101554,,skipped (pattern previously crashed)
group1,32,64,2048,4096,1,64,128,0.082373,0.101095,,skipped (pattern previously crashed)
group1,32,64,2048,4096,1,64,256,0.083895,0.101891,0.085883,
group1,32,64,2048,4096,1,64,512,0.083839,0.100966,0.087554,
group1,32,64,2048,4096,1,64,1024,0.097777,0.101229,0.126786,
group1,32,64,2048,4096,1,64,2048,0.178068,0.109248,0.253368,
group1,32,64,2048,4096,1,64,4096,0.353310,0.212170,0.450663,
group1,32,64,2048,4096,2,32,2,0.082773,0.098176,0.084251,
group1,32,64,2048,4096,2,32,4,0.082760,0.097997,0.084765,
group1,32,64,2048,4096,2,32,8,0.082847,0.098569,0.084646,
group1,32,64,2048,4096,2,32,16,0.083057,0.097776,0.084638,
group1,32,64,2048,4096,2,32,32,0.082603,0.098283,0.084158,
group1,32,64,2048,4096,2,32,64,0.083117,0.098757,0.084333,
group1,32,64,2048,4096,2,32,128,0.082469,0.098740,,CUDA error: an illegal memory access was encountered
group1,32,64,2048,4096,2,32,256,0.083568,0.098462,0.085086,
group1,32,64,2048,4096,2,32,512,0.084036,0.098137,0.088196,
group1,32,64,2048,4096,2,32,1024,0.095177,0.097484,0.126172,
group1,32,64,2048,4096,2,32,2048,0.177671,0.098901,0.254201,
group1,32,64,2048,4096,2,32,4096,0.351749,0.149124,0.457601,
group1,32,64,2048,4096,4,16,2,0.082555,0.098268,0.085036,
group1,32,64,2048,4096,4,16,4,0.082627,0.098160,,CUDA error: an illegal memory access was encountered
group1,32,64,2048,4096,4,16,8,0.082057,0.098169,,skipped (pattern previously crashed)
group1,32,64,2048,4096,4,16,16,0.082644,0.098828,,skipped (pattern previously crashed)
group1,32,64,2048,4096,4,16,32,0.083081,0.099009,,skipped (pattern previously crashed)
group1,32,64,2048,4096,4,16,64,0.083137,0.098599,,skipped (pattern previously crashed)
group1,32,64,2048,4096,4,16,128,0.082702,0.098365,,skipped (pattern previously crashed)
group1,32,64,2048,4096,4,16,256,0.083424,0.098730,0.085264,
group1,32,64,2048,4096,4,16,512,0.083764,0.098568,0.087008,
group1,32,64,2048,4096,4,16,1024,0.095207,0.098087,0.123153,
group1,32,64,2048,4096,4,16,2048,0.177367,0.099133,0.253050,
group1,32,64,2048,4096,4,16,4096,0.351987,0.132711,0.455833,
group1,32,64,2048,4096,8,8,2,0.082644,0.098370,0.084242,
group1,32,64,2048,4096,8,8,4,0.083300,0.098249,0.084458,
group1,32,64,2048,4096,8,8,8,0.082111,0.098310,0.084075,
group1,32,64,2048,4096,8,8,16,0.083169,0.098790,0.084857,
group1,32,64,2048,4096,8,8,32,0.083466,0.098684,0.084530,
group1,32,64,2048,4096,8,8,64,0.083471,0.098785,0.084379,
group1,32,64,2048,4096,8,8,128,0.083068,0.099078,,CUDA error: an illegal memory access was encountered
group1,32,64,2048,4096,8,8,256,0.083757,0.098720,0.085065,
group1,32,64,2048,4096,8,8,512,0.084194,0.098211,0.086676,
group1,32,64,2048,4096,8,8,1024,0.095168,0.097688,0.116466,
group1,32,64,2048,4096,8,8,2048,0.177319,0.099104,0.242177,
group1,32,64,2048,4096,8,8,4096,0.351039,0.137443,0.436186,
group1,32,64,2048,4096,16,4,2,0.082840,0.098236,0.083476,
group1,32,64,2048,4096,16,4,4,0.082950,0.098051,,CUDA error: an illegal memory access was encountered
group1,32,64,2048,4096,16,4,8,0.082606,0.097957,,skipped (pattern previously crashed)
group1,32,64,2048,4096,16,4,16,0.082931,0.098319,,skipped (pattern previously crashed)
group1,32,64,2048,4096,16,4,32,0.083791,0.098836,,skipped (pattern previously crashed)
group1,32,64,2048,4096,16,4,64,0.084179,0.098794,,skipped (pattern previously crashed)
group1,32,64,2048,4096,16,4,128,0.082767,0.098763,,skipped (pattern previously crashed)
group1,32,64,2048,4096,16,4,256,0.083969,0.099525,0.085227,
group1,32,64,2048,4096,16,4,512,0.084345,0.098597,0.086248,
group1,32,64,2048,4096,16,4,1024,0.095209,0.098254,0.097469,
group1,32,64,2048,4096,16,4,2048,0.177374,0.099375,0.204465,
group1,32,64,2048,4096,16,4,4096,0.350947,0.142083,0.368572,
group1,32,64,2048,4096,32,2,2,0.082903,0.098307,0.084569,
group1,32,64,2048,4096,32,2,4,0.082858,0.098431,0.084482,
group1,32,64,2048,4096,32,2,8,0.082468,0.098209,0.084213,
group1,32,64,2048,4096,32,2,16,0.082618,0.098421,0.084484,
group1,32,64,2048,4096,32,2,32,0.083067,0.099018,0.084215,
group1,32,64,2048,4096,32,2,64,0.083327,0.098771,0.084060,
group1,32,64,2048,4096,32,2,128,0.082485,0.098787,,CUDA error: an illegal memory access was encountered
group1,32,64,2048,4096,32,2,256,0.083496,0.098829,0.084944,
group1,32,64,2048,4096,32,2,512,0.083793,0.098697,0.085987,
group1,32,64,2048,4096,32,2,1024,0.097286,0.098128,0.085506,
group1,32,64,2048,4096,32,2,2048,0.177385,0.099495,0.171372,
group1,32,64,2048,4096,32,2,4096,0.350807,0.158301,0.307365,
group1,32,64,2048,4096,64,1,2,0.082959,0.062387,0.083528,
group1,32,64,2048,4096,64,1,4,0.082730,0.062388,,CUDA error: an illegal memory access was encountered
group1,32,64,2048,4096,64,1,8,0.082560,0.062255,,skipped (pattern previously crashed)
group1,32,64,2048,4096,64,1,16,0.083331,0.062428,,skipped (pattern previously crashed)
group1,32,64,2048,4096,64,1,32,0.082811,0.062437,,skipped (pattern previously crashed)
group1,32,64,2048,4096,64,1,64,0.082754,0.062527,,skipped (pattern previously crashed)
group1,32,64,2048,4096,64,1,128,0.082705,0.062225,,skipped (pattern previously crashed)
group1,32,64,2048,4096,64,1,256,0.083668,0.062298,0.084870,
group1,32,64,2048,4096,64,1,512,0.083661,0.062513,0.086428,
group1,32,64,2048,4096,64,1,1024,0.095243,0.062164,0.084528,
group1,32,64,2048,4096,64,1,2048,0.177555,0.062623,0.149529,
group1,32,64,2048,4096,64,1,4096,0.350187,0.062280,0.283823,
group1,64,8,4096,512,1,64,2,0.082611,0.100408,0.083469,
group1,64,8,4096,512,1,64,4,0.083085,0.101818,0.083267,
group1,64,8,4096,512,1,64,8,0.082747,0.101087,0.083293,
group1,64,8,4096,512,1,64,16,0.083117,0.101419,0.083148,
group1,64,8,4096,512,1,64,32,0.083262,0.101669,0.082971,
group1,64,8,4096,512,1,64,64,0.083254,0.101561,0.083581,
group1,64,8,4096,512,1,64,128,0.082820,0.101740,,CUDA error: an illegal memory access was encountered
group1,64,8,4096,512,1,64,256,0.083541,0.101100,0.084571,
group1,64,8,4096,512,1,64,512,0.084016,0.101624,0.086838,
group1,64,8,4096,512,1,64,1024,0.084277,0.101894,0.125528,
group1,64,8,4096,512,1,64,2048,0.132565,0.102326,0.242828,
group1,64,8,4096,512,1,64,4096,0.252075,0.179573,0.470616,
group1,64,8,4096,512,2,32,2,0.082857,0.097716,0.084703,
group1,64,8,4096,512,2,32,4,0.083518,0.098894,0.085238,
group1,64,8,4096,512,2,32,8,0.082647,0.098265,0.084634,
group1,64,8,4096,512,2,32,16,0.083061,0.098246,0.085271,
group1,64,8,4096,512,2,32,32,0.082465,0.098008,0.084785,
group1,64,8,4096,512,2,32,64,0.082853,0.098218,0.084966,
group1,64,8,4096,512,2,32,128,0.082903,0.098416,,CUDA error: an illegal memory access was encountered
group1,64,8,4096,512,2,32,256,0.083632,0.097882,0.084365,
group1,64,8,4096,512,2,32,512,0.084146,0.098751,0.089123,
group1,64,8,4096,512,2,32,1024,0.084603,0.098764,0.126074,
group1,64,8,4096,512,2,32,2048,0.132566,0.099564,0.242528,
group1,64,8,4096,512,2,32,4096,0.252087,0.174333,0.448553,
group1,64,8,4096,512,4,16,2,0.082785,0.098114,0.083680,
group1,64,8,4096,512,4,16,4,0.082636,0.098355,0.083800,
group1,64,8,4096,512,4,16,8,0.082681,0.098152,0.083164,
group1,64,8,4096,512,4,16,16,0.083493,0.098081,0.083101,
group1,64,8,4096,512,4,16,32,0.082590,0.098157,0.083331,
group1,64,8,4096,512,4,16,64,0.083010,0.098578,0.083517,
group1,64,8,4096,512,4,16,128,0.083056,0.098487,,CUDA error: an illegal memory access was encountered
group1,64,8,4096,512,4,16,256,0.083163,0.098288,0.084342,
group1,64,8,4096,512,4,16,512,0.083409,0.098928,0.085648,
group1,64,8,4096,512,4,16,1024,0.083943,0.098772,0.127866,
group1,64,8,4096,512,4,16,2048,0.132562,0.100005,0.244535,
group1,64,8,4096,512,4,16,4096,0.252092,0.116735,0.451226,
group1,64,8,4096,512,8,8,2,0.082790,0.097732,0.083097,
group1,64,8,4096,512,8,8,4,0.083265,0.098555,0.083387,
group1,64,8,4096,512,8,8,8,0.083457,0.098262,0.083695,
group1,64,8,4096,512,8,8,16,0.083712,0.098510,0.083318,
group1,64,8,4096,512,8,8,32,0.083296,0.098029,0.083429,
group1,64,8,4096,512,8,8,64,0.083140,0.098362,0.083834,
group1,64,8,4096,512,8,8,128,0.083306,0.098578,,CUDA error: an illegal memory access was encountered
group1,64,8,4096,512,8,8,256,0.083605,0.098208,0.084011,
group1,64,8,4096,512,8,8,512,0.084153,0.098986,0.085200,
group1,64,8,4096,512,8,8,1024,0.084494,0.098792,0.130924,
group1,64,8,4096,512,8,8,2048,0.132574,0.099592,0.257703,
group1,64,8,4096,512,8,8,4096,0.252116,0.118563,0.472179,
group1,64,8,4096,512,16,4,2,0.082643,0.098411,0.092964,
group1,64,8,4096,512,16,4,4,0.082952,0.098564,0.093196,
group1,64,8,4096,512,16,4,8,0.082987,0.098631,0.093172,
group1,64,8,4096,512,16,4,16,0.083348,0.098407,0.092873,
group1,64,8,4096,512,16,4,32,0.083142,0.098371,0.092733,
group1,64,8,4096,512,16,4,64,0.083228,0.098778,0.093136,
group1,64,8,4096,512,16,4,128,0.082866,0.098320,,CUDA error: an illegal memory access was encountered
group1,64,8,4096,512,16,4,256,0.083464,0.098209,0.083850,
group1,64,8,4096,512,16,4,512,0.083961,0.098927,0.084830,
group1,64,8,4096,512,16,4,1024,0.084283,0.098834,0.130836,
group1,64,8,4096,512,16,4,2048,0.132572,0.099987,0.264249,
group1,64,8,4096,512,16,4,4096,0.252102,0.123284,0.467672,
group1,64,8,4096,512,32,2,2,0.082755,0.098317,0.084091,
group1,64,8,4096,512,32,2,4,0.083184,0.098607,0.084806,
group1,64,8,4096,512,32,2,8,0.083225,0.098393,0.084559,
group1,64,8,4096,512,32,2,16,0.083541,0.098620,0.084752,
group1,64,8,4096,512,32,2,32,0.083038,0.098666,0.083870,
group1,64,8,4096,512,32,2,64,0.082942,0.098721,0.084818,
group1,64,8,4096,512,32,2,128,0.083377,0.098635,,CUDA error: an illegal memory access was encountered
group1,64,8,4096,512,32,2,256,0.083544,0.098257,0.083908,
group1,64,8,4096,512,32,2,512,0.084026,0.099041,0.084386,
group1,64,8,4096,512,32,2,1024,0.084473,0.099370,0.101989,
group1,64,8,4096,512,32,2,2048,0.132598,0.099767,0.201001,
group1,64,8,4096,512,32,2,4096,0.252077,0.124193,0.361255,
group1,64,8,4096,512,64,1,2,0.082367,0.062518,0.082597,
group1,64,8,4096,512,64,1,4,0.083554,0.062413,0.083328,
group1,64,8,4096,512,64,1,8,0.083455,0.062431,0.082867,
group1,64,8,4096,512,64,1,16,0.083036,0.062499,0.082704,
group1,64,8,4096,512,64,1,32,0.083267,0.062548,0.082225,
group1,64,8,4096,512,64,1,64,0.082189,0.062500,0.082633,
group1,64,8,4096,512,64,1,128,0.083069,0.062827,,CUDA error: an illegal memory access was encountered
group1,64,8,4096,512,64,1,256,0.083376,0.062583,0.083764,
group1,64,8,4096,512,64,1,512,0.084297,0.062750,0.084474,
group1,64,8,4096,512,64,1,1024,0.083598,0.062464,0.083842,
group1,64,8,4096,512,64,1,2048,0.131225,0.062798,0.165542,
group1,64,8,4096,512,64,1,4096,0.252022,0.063097,0.282109,
group1,64,16,2048,512,1,32,2,0.082168,0.101145,0.084716,
group1,64,16,2048,512,1,32,4,0.083088,0.101436,0.084560,
group1,64,16,2048,512,1,32,8,0.083150,0.101266,0.084206,
group1,64,16,2048,512,1,32,16,0.082999,0.101118,0.084379,
group1,64,16,2048,512,1,32,32,0.083514,0.101635,0.084498,
group1,64,16,2048,512,1,32,64,0.082343,0.101962,0.084124,
group1,64,16,2048,512,1,32,128,0.083239,0.101599,0.084048,
group1,64,16,2048,512,1,32,256,0.083143,0.101300,0.083552,
group1,64,16,2048,512,1,32,512,0.083598,0.101669,0.084823,
group1,64,16,2048,512,1,32,1024,0.084095,0.102024,0.084802,
group1,64,16,2048,512,1,32,2048,0.084084,0.103035,0.129563,
group1,64,16,2048,512,1,32,4096,0.143971,0.103077,0.251521,
group1,64,16,2048,512,2,16,2,0.082555,0.098177,,CUDA error: an illegal memory access was encountered
group1,64,16,2048,512,2,16,4,0.083085,0.098576,,skipped (pattern previously crashed)
group1,64,16,2048,512,2,16,8,0.082611,0.098612,,skipped (pattern previously crashed)
group1,64,16,2048,512,2,16,16,0.082981,0.098735,,skipped (pattern previously crashed)
group1,64,16,2048,512,2,16,32,0.083100,0.098850,,skipped (pattern previously crashed)
group1,64,16,2048,512,2,16,64,0.082543,0.098194,,skipped (pattern previously crashed)
group1,64,16,2048,512,2,16,128,0.083004,0.098652,,skipped (pattern previously crashed)
group1,64,16,2048,512,2,16,256,0.083489,0.098596,0.083309,
group1,64,16,2048,512,2,16,512,0.083746,0.098420,0.084381,
group1,64,16,2048,512,2,16,1024,0.084172,0.099082,0.088186,
group1,64,16,2048,512,2,16,2048,0.083848,0.099597,0.139112,
group1,64,16,2048,512,2,16,4096,0.143956,0.100697,0.264456,
group1,64,16,2048,512,4,8,2,0.082807,0.097964,0.083508,
group1,64,16,2048,512,4,8,4,0.083709,0.099046,0.083728,
group1,64,16,2048,512,4,8,8,0.083335,0.098860,0.083345,
group1,64,16,2048,512,4,8,16,0.083704,0.098694,0.083401,
group1,64,16,2048,512,4,8,32,0.083442,0.098939,0.083104,
group1,64,16,2048,512,4,8,64,0.082352,0.098535,0.083478,
group1,64,16,2048,512,4,8,128,0.082794,0.098970,0.083052,
group1,64,16,2048,512,4,8,256,0.083251,0.098428,0.082898,
group1,64,16,2048,512,4,8,512,0.083888,0.098705,0.083914,
group1,64,16,2048,512,4,8,1024,0.084305,0.099327,0.086949,
group1,64,16,2048,512,4,8,2048,0.083891,0.099412,0.141454,
group1,64,16,2048,512,4,8,4096,0.143992,0.100151,0.270192,
group1,64,16,2048,512,8,4,2,0.081697,0.098364,,CUDA error: an illegal memory access was encountered
group1,64,16,2048,512,8,4,4,0.082783,0.098446,,skipped (pattern previously crashed)
group1,64,16,2048,512,8,4,8,0.082740,0.098582,,skipped (pattern previously crashed)
group1,64,16,2048,512,8,4,16,0.083058,0.098532,,skipped (pattern previously crashed)
group1,64,16,2048,512,8,4,32,0.083263,0.098579,,skipped (pattern previously crashed)
group1,64,16,2048,512,8,4,64,0.082728,0.098245,,skipped (pattern previously crashed)
group1,64,16,2048,512,8,4,128,0.082990,0.098916,,skipped (pattern previously crashed)
group1,64,16,2048,512,8,4,256,0.083600,0.098825,0.082506,
group1,64,16,2048,512,8,4,512,0.083687,0.098937,0.083748,
group1,64,16,2048,512,8,4,1024,0.084349,0.098916,0.087031,
group1,64,16,2048,512,8,4,2048,0.084057,0.099331,0.139697,
group1,64,16,2048,512,8,4,4096,0.144020,0.100488,0.269422,
group1,64,16,2048,512,16,2,2,0.082671,0.098074,0.090126,
group1,64,16,2048,512,16,2,4,0.083180,0.099115,0.090152,
group1,64,16,2048,512,16,2,8,0.082784,0.098885,0.089970,
group1,64,16,2048,512,16,2,16,0.083064,0.098801,0.090730,
group1,64,16,2048,512,16,2,32,0.082963,0.099004,0.090935,
group1,64,16,2048,512,16,2,64,0.082464,0.098577,0.090558,
group1,64,16,2048,512,16,2,128,0.083250,0.099092,0.090258,
group1,64,16,2048,512,16,2,256,0.083921,0.098545,0.082522,
group1,64,16,2048,512,16,2,512,0.084322,0.098913,0.083283,
group1,64,16,2048,512,16,2,1024,0.084316,0.099180,0.082571,
group1,64,16,2048,512,16,2,2048,0.084246,0.100088,0.109499,
group1,64,16,2048,512,16,2,4096,0.144075,0.100230,0.205271,
group1,64,16,2048,512,32,1,2,0.083476,0.062370,,CUDA error: an illegal memory access was encountered
group1,64,16,2048,512,32,1,4,0.082998,0.062375,,skipped (pattern previously crashed)
group1,64,16,2048,512,32,1,8,0.083233,0.062220,,skipped (pattern previously crashed)
group1,64,16,2048,512,32,1,16,0.083000,0.062627,,skipped (pattern previously crashed)
group1,64,16,2048,512,32,1,32,0.083483,0.062712,,skipped (pattern previously crashed)
group1,64,16,2048,512,32,1,64,0.083272,0.062296,,skipped (pattern previously crashed)
group1,64,16,2048,512,32,1,128,0.083347,0.062529,,skipped (pattern previously crashed)
group1,64,16,2048,512,32,1,256,0.083559,0.062648,0.082286,
group1,64,16,2048,512,32,1,512,0.084266,0.062421,0.083391,
group1,64,16,2048,512,32,1,1024,0.084168,0.062544,0.082682,
group1,64,16,2048,512,32,1,2048,0.084404,0.063349,0.085531,
group1,64,16,2048,512,32,1,4096,0.144072,0.062976,0.160000,
group1,64,16,4096,1024,1,64,2,0.082724,0.101019,0.090852,
group1,64,16,4096,1024,1,64,4,0.083173,0.101483,0.090463,
group1,64,16,4096,1024,1,64,8,0.083644,0.101360,0.090507,
group1,64,16,4096,1024,1,64,16,0.083231,0.101871,0.090485,
group1,64,16,4096,1024,1,64,32,0.083587,0.101379,0.090611,
group1,64,16,4096,1024,1,64,64,0.082892,0.101347,0.090779,
group1,64,16,4096,1024,1,64,128,0.083363,0.101483,,CUDA error: an illegal memory access was encountered
group1,64,16,4096,1024,1,64,256,0.083248,0.100827,0.082641,
group1,64,16,4096,1024,1,64,512,0.083769,0.101789,0.087680,
group1,64,16,4096,1024,1,64,1024,0.083576,0.101411,0.132464,
group1,64,16,4096,1024,1,64,2048,0.142674,0.103196,0.258258,
group1,64,16,4096,1024,1,64,4096,0.270757,0.190193,0.514888,
group1,64,16,4096,1024,2,32,2,0.082568,0.098207,0.082467,
group1,64,16,4096,1024,2,32,4,0.082701,0.098368,0.082836,
group1,64,16,4096,1024,2,32,8,0.083358,0.098397,0.082873,
group1,64,16,4096,1024,2,32,16,0.083362,0.098449,0.083162,
group1,64,16,4096,1024,2,32,32,0.083123,0.098205,0.082993,
group1,64,16,4096,1024,2,32,64,0.082492,0.097868,0.082750,
group1,64,16,4096,1024,2,32,128,0.083142,0.097983,,CUDA error: an illegal memory access was encountered
group1,64,16,4096,1024,2,32,256,0.083577,0.098443,0.082068,
group1,64,16,4096,1024,2,32,512,0.084038,0.098800,0.088214,
group1,64,16,4096,1024,2,32,1024,0.083948,0.098607,0.131849,
group1,64,16,4096,1024,2,32,2048,0.142926,0.100015,0.259088,
group1,64,16,4096,1024,2,32,4096,0.270712,0.181714,0.477698,
group1,64,16,4096,1024,4,16,2,0.082278,0.098121,0.081477,
group1,64,16,4096,1024,4,16,4,0.082340,0.098088,0.081509,
group1,64,16,4096,1024,4,16,8,0.082689,0.098692,0.081517,
group1,64,16,4096,1024,4,16,16,0.083086,0.098169,0.081710,
group1,64,16,4096,1024,4,16,32,0.082670,0.098394,0.081712,
group1,64,16,4096,1024,4,16,64,0.082765,0.097971,0.081797,
group1,64,16,4096,1024,4,16,128,0.083357,0.098316,,CUDA error: an illegal memory access was encountered
group1,64,16,4096,1024,4,16,256,0.083401,0.098193,0.082013,
group1,64,16,4096,1024,4,16,512,0.084150,0.098684,0.085409,
group1,64,16,4096,1024,4,16,1024,0.084403,0.098460,0.135884,
group1,64,16,4096,1024,4,16,2048,0.142654,0.099908,0.260569,
group1,64,16,4096,1024,4,16,4096,0.270711,0.123200,0.475316,
group1,64,16,4096,1024,8,8,2,0.082585,0.098117,0.080904,
group1,64,16,4096,1024,8,8,4,0.083094,0.098699,0.080838,
group1,64,16,4096,1024,8,8,8,0.083189,0.099113,0.080823,
group1,64,16,4096,1024,8,8,16,0.083043,0.098794,0.081392,
group1,64,16,4096,1024,8,8,32,0.082840,0.098588,0.080707,
group1,64,16,4096,1024,8,8,64,0.082677,0.098209,0.080794,
group1,64,16,4096,1024,8,8,128,0.082644,0.098111,,CUDA error: an illegal memory access was encountered
group1,64,16,4096,1024,8,8,256,0.083318,0.098670,0.081729,
group1,64,16,4096,1024,8,8,512,0.084019,0.098928,0.086443,
group1,64,16,4096,1024,8,8,1024,0.083638,0.098773,0.137525,
group1,64,16,4096,1024,8,8,2048,0.142940,0.099966,0.267597,
group1,64,16,4096,1024,8,8,4096,0.270722,0.129201,0.497701,
group1,64,16,4096,1024,16,4,2,0.082361,0.098087,0.080662,
group1,64,16,4096,1024,16,4,4,0.082757,0.098329,0.080761,
group1,64,16,4096,1024,16,4,8,0.083042,0.098964,0.081011,
group1,64,16,4096,1024,16,4,16,0.082967,0.098836,0.080726,
group1,64,16,4096,1024,16,4,32,0.082661,0.098458,0.080952,
group1,64,16,4096,1024,16,4,64,0.082414,0.097909,0.080419,
group1,64,16,4096,1024,16,4,128,0.082879,0.098328,,CUDA error: an illegal memory access was encountered
group1,64,16,4096,1024,16,4,256,0.083620,0.098286,0.081891,
group1,64,16,4096,1024,16,4,512,0.084275,0.098673,0.087350,
group1,64,16,4096,1024,16,4,1024,0.084099,0.098416,0.137793,
group1,64,16,4096,1024,16,4,2048,0.142665,0.100606,0.264008,
group1,64,16,4096,1024,16,4,4096,0.270907,0.133716,0.491705,
group1,64,16,4096,1024,32,2,2,0.082241,0.098302,0.082587,
group1,64,16,4096,1024,32,2,4,0.082761,0.098559,0.083393,
group1,64,16,4096,1024,32,2,8,0.083069,0.099116,0.082959,
group1,64,16,4096,1024,32,2,16,0.083432,0.098708,0.083479,
group1,64,16,4096,1024,32,2,32,0.083252,0.098742,0.082700,
group1,64,16,4096,1024,32,2,64,0.083059,0.098033,0.083037,
group1,64,16,4096,1024,32,2,128,0.082615,0.098121,,CUDA error: an illegal memory access was encountered
group1,64,16,4096,1024,32,2,256,0.083480,0.098622,0.081345,
group1,64,16,4096,1024,32,2,512,0.084056,0.099213,0.082276,
group1,64,16,4096,1024,32,2,1024,0.084177,0.098844,0.110047,
group1,64,16,4096,1024,32,2,2048,0.142922,0.100296,0.205600,
group1,64,16,4096,1024,32,2,4096,0.270970,0.134973,0.381464,
group1,64,16,4096,1024,64,1,2,0.083755,0.062498,0.080623,
group1,64,16,4096,1024,64,1,4,0.083522,0.062394,0.081267,
group1,64,16,4096,1024,64,1,8,0.083450,0.062688,0.081478,
group1,64,16,4096,1024,64,1,16,0.083718,0.062113,0.081749,
group1,64,16,4096,1024,64,1,32,0.083846,0.062566,0.081289,
group1,64,16,4096,1024,64,1,64,0.082883,0.062667,0.080966,
group1,64,16,4096,1024,64,1,128,0.083025,0.062529,,CUDA error: an illegal memory access was encountered
group1,64,16,4096,1024,64,1,256,0.083658,0.062422,0.081398,
group1,64,16,4096,1024,64,1,512,0.084392,0.062731,0.082218,
group1,64,16,4096,1024,64,1,1024,0.084486,0.062885,0.084940,
group1,64,16,4096,1024,64,1,2048,0.142696,0.062798,0.160398,
group1,64,16,4096,1024,64,1,4096,0.270941,0.062911,0.283393,
group1,64,32,1024,512,1,16,2,0.082529,0.101032,0.079754,
group1,64,32,1024,512,1,16,4,0.083332,0.100718,0.079702,
group1,64,32,1024,512,1,16,8,0.082695,0.101509,0.080079,
group1,64,32,1024,512,1,16,16,0.083318,0.101397,0.079321,
group1,64,32,1024,512,1,16,32,0.082936,0.101317,0.079503,
group1,64,32,1024,512,1,16,64,0.083002,0.100563,0.079594,
group1,64,32,1024,512,1,16,128,0.083020,0.101457,0.079612,
group1,64,32,1024,512,1,16,256,0.083335,0.101014,0.082120,
group1,64,32,1024,512,1,16,512,0.083419,0.101359,0.082336,
group1,64,32,1024,512,1,16,1024,0.083477,0.101012,0.081511,
group1,64,32,1024,512,1,16,2048,0.084022,0.101426,0.105698,
group1,64,32,1024,512,1,16,4096,0.105694,0.101471,0.163163,
group1,64,32,1024,512,2,8,2,0.082748,0.098361,0.079250,
group1,64,32,1024,512,2,8,4,0.082940,0.099034,0.079649,
group1,64,32,1024,512,2,8,8,0.083363,0.098954,0.079664,
group1,64,32,1024,512,2,8,16,0.083437,0.099020,0.079098,
group1,64,32,1024,512,2,8,32,0.083155,0.098336,0.079519,
group1,64,32,1024,512,2,8,64,0.083446,0.098309,0.079737,
group1,64,32,1024,512,2,8,128,0.083244,0.098762,0.079555,
group1,64,32,1024,512,2,8,256,0.082909,0.098811,0.081803,
group1,64,32,1024,512,2,8,512,0.083600,0.098380,0.081916,
group1,64,32,1024,512,2,8,1024,0.083773,0.098475,0.081534,
group1,64,32,1024,512,2,8,2048,0.083903,0.098412,0.101894,
group1,64,32,1024,512,2,8,4096,0.105621,0.098660,0.162930,
group1,64,32,1024,512,4,4,2,0.082672,0.098282,0.079139,
group1,64,32,1024,512,4,4,4,0.082880,0.099040,0.079193,
group1,64,32,1024,512,4,4,8,0.082638,0.098669,0.079298,
group1,64,32,1024,512,4,4,16,0.083120,0.098613,0.079678,
group1,64,32,1024,512,4,4,32,0.082931,0.098385,0.079570,
group1,64,32,1024,512,4,4,64,0.082845,0.098663,0.079605,
group1,64,32,1024,512,4,4,128,0.082796,0.098184,0.079471,
group1,64,32,1024,512,4,4,256,0.083189,0.098476,0.081328,
group1,64,32,1024,512,4,4,512,0.083053,0.097628,0.082141,
group1,64,32,1024,512,4,4,1024,0.083342,0.098086,0.080877,
group1,64,32,1024,512,4,4,2048,0.084126,0.097987,0.100892,
group1,64,32,1024,512,4,4,4096,0.105620,0.098951,0.162205,
group1,64,32,1024,512,8,2,2,0.082629,0.098067,0.079291,
group1,64,32,1024,512,8,2,4,0.082620,0.098267,0.079317,
group1,64,32,1024,512,8,2,8,0.083064,0.099201,0.079066,
group1,64,32,1024,512,8,2,16,0.083256,0.098555,0.079675,
group1,64,32,1024,512,8,2,32,0.083058,0.098640,0.079533,
group1,64,32,1024,512,8,2,64,0.083238,0.098861,0.079719,
group1,64,32,1024,512,8,2,128,0.083202,0.099096,0.079540,
group1,64,32,1024,512,8,2,256,0.082780,0.098876,0.081245,
group1,64,32,1024,512,8,2,512,0.083813,0.099062,0.081708,
group1,64,32,1024,512,8,2,1024,0.083959,0.098996,0.081221,
group1,64,32,1024,512,8,2,2048,0.083921,0.098530,0.080458,
group1,64,32,1024,512,8,2,4096,0.105670,0.098783,0.130277,
group1,64,32,1024,512,16,1,2,0.082989,0.062868,0.079619,
group1,64,32,1024,512,16,1,4,0.083193,0.062493,0.079127,
group1,64,32,1024,512,16,1,8,0.083238,0.062599,0.079022,
group1,64,32,1024,512,16,1,16,0.083091,0.062799,0.079177,
group1,64,32,1024,512,16,1,32,0.082774,0.062695,0.079643,
group1,64,32,1024,512,16,1,64,0.082861,0.062324,0.079408,
group1,64,32,1024,512,16,1,128,0.083124,0.062812,0.079319,
group1,64,32,1024,512,16,1,256,0.083354,0.062529,0.080929,
group1,64,32,1024,512,16,1,512,0.084303,0.062730,0.081119,
group1,64,32,1024,512,16,1,1024,0.083816,0.062389,0.080879,
group1,64,32,1024,512,16,1,2048,0.084399,0.062339,0.079787,
group1,64,32,1024,512,16,1,4096,0.105595,0.062766,0.107402,
group1,64,32,2048,1024,1,32,2,0.082611,0.101586,0.079378,
group1,64,32,2048,1024,1,32,4,0.083144,0.101806,0.079106,
group1,64,32,2048,1024,1,32,8,0.082964,0.101249,0.078673,
group1,64,32,2048,1024,1,32,16,0.083521,0.101798,0.079177,
group1,64,32,2048,1024,1,32,32,0.083161,0.101872,0.079243,
group1,64,32,2048,1024,1,32,64,0.083137,0.101644,0.078901,
group1,64,32,2048,1024,1,32,128,0.083277,0.101573,0.079392,
group1,64,32,2048,1024,1,32,256,0.083657,0.101785,0.079998,
group1,64,32,2048,1024,1,32,512,0.083260,0.101349,0.080982,
group1,64,32,2048,1024,1,32,1024,0.084082,0.101067,0.100726,
group1,64,32,2048,1024,1,32,2048,0.103533,0.102965,0.151173,
group1,64,32,2048,1024,1,32,4096,0.194834,0.106779,0.330805,
group1,64,32,2048,1024,2,16,2,0.082819,0.098074,0.078954,
group1,64,32,2048,1024,2,16,4,0.083434,0.099592,0.079074,
group1,64,32,2048,1024,2,16,8,0.082696,0.098546,0.078950,
group1,64,32,2048,1024,2,16,16,0.083600,0.098798,0.079013,
group1,64,32,2048,1024,2,16,32,0.082882,0.098758,0.078523,
group1,64,32,2048,1024,2,16,64,0.083125,0.099354,0.078811,
group1,64,32,2048,1024,2,16,128,0.082800,0.098363,0.078620,
group1,64,32,2048,1024,2,16,256,0.083763,0.098512,0.079796,
group1,64,32,2048,1024,2,16,512,0.083774,0.098909,0.081248,
group1,64,32,2048,1024,2,16,1024,0.083764,0.098552,0.102610,
group1,64,32,2048,1024,2,16,2048,0.103609,0.099796,0.158403,
group1,64,32,2048,1024,2,16,4096,0.194794,0.099841,0.333587,
group1,64,32,2048,1024,4,8,2,0.082531,0.098193,0.078732,
group1,64,32,2048,1024,4,8,4,0.082965,0.098491,0.078821,
group1,64,32,2048,1024,4,8,8,0.082732,0.098717,0.078939,
group1,64,32,2048,1024,4,8,16,0.083278,0.098620,0.078544,
group1,64,32,2048,1024,4,8,32,0.082989,0.098442,0.078257,
group1,64,32,2048,1024,4,8,64,0.083150,0.098154,0.078842,
group1,64,32,2048,1024,4,8,128,0.082654,0.098468,0.078643,
group1,64,32,2048,1024,4,8,256,0.083496,0.098932,0.080733,
group1,64,32,2048,1024,4,8,512,0.083893,0.098368,0.080616,
group1,64,32,2048,1024,4,8,1024,0.084267,0.098759,0.101958,
group1,64,32,2048,1024,4,8,2048,0.103504,0.099541,0.163730,
group1,64,32,2048,1024,4,8,4096,0.194777,0.099891,0.343034,
group1,64,32,2048,1024,8,4,2,0.082747,0.098272,0.078447,
group1,64,32,2048,1024,8,4,4,0.082768,0.098673,0.078498,
group1,64,32,2048,1024,8,4,8,0.082970,0.099033,0.078733,
group1,64,32,2048,1024,8,4,16,0.083348,0.097573,0.078958,
group1,64,32,2048,1024,8,4,32,0.083284,0.098554,0.078275,
group1,64,32,2048,1024,8,4,64,0.083047,0.098443,0.078757,
group1,64,32,2048,1024,8,4,128,0.083663,0.098904,0.078587,
group1,64,32,2048,1024,8,4,256,0.084186,0.098765,0.080027,
group1,64,32,2048,1024,8,4,512,0.083825,0.098225,0.080605,
group1,64,32,2048,1024,8,4,1024,0.084218,0.098104,0.099897,
group1,64,32,2048,1024,8,4,2048,0.103529,0.099460,0.163109,
group1,64,32,2048,1024,8,4,4096,0.194810,0.100126,0.334623,
group1,64,32,2048,1024,16,2,2,0.082743,0.098012,0.078315,
group1,64,32,2048,1024,16,2,4,0.083288,0.099097,0.078239,
group1,64,32,2048,1024,16,2,8,0.082926,0.099177,0.078506,
group1,64,32,2048,1024,16,2,16,0.083448,0.099033,0.078364,
group1,64,32,2048,1024,16,2,32,0.083157,0.098975,0.077994,
group1,64,32,2048,1024,16,2,64,0.082914,0.098439,0.078307,
group1,64,32,2048,1024,16,2,128,0.083296,0.098583,0.078175,
group1,64,32,2048,1024,16,2,256,0.083508,0.098742,0.080336,
group1,64,32,2048,1024,16,2,512,0.083956,0.098015,0.080414,
group1,64,32,2048,1024,16,2,1024,0.084180,0.098102,0.080354,
group1,64,32,2048,1024,16,2,2048,0.103593,0.099505,0.130098,
group1,64,32,2048,1024,16,2,4096,0.194967,0.100426,0.263957,
group1,64,32,2048,1024,32,1,2,0.082681,0.062332,0.078340,
group1,64,32,2048,1024,32,1,4,0.083090,0.062774,0.078105,
group1,64,32,2048,1024,32,1,8,0.082994,0.062634,0.078216,
group1,64,32,2048,1024,32,1,16,0.083394,0.062464,0.078128,
group1,64,32,2048,1024,32,1,32,0.082220,0.062871,0.077732,
group1,64,32,2048,1024,32,1,64,0.082710,0.062271,0.078057,
group1,64,32,2048,1024,32,1,128,0.082843,0.062740,0.078291,
group1,64,32,2048,1024,32,1,256,0.083582,0.062802,0.079678,
group1,64,32,2048,1024,32,1,512,0.083216,0.062464,0.080532,
group1,64,32,2048,1024,32,1,1024,0.084012,0.062375,0.080273,
group1,64,32,2048,1024,32,1,2048,0.103559,0.063123,0.106794,
group1,64,32,2048,1024,32,1,4096,0.194911,0.063413,0.231639,
group1,64,32,4096,2048,1,64,2,0.082987,0.100898,0.077936,
group1,64,32,4096,2048,1,64,4,0.082706,0.101468,0.077848,
group1,64,32,4096,2048,1,64,8,0.083279,0.101074,0.077919,
group1,64,32,4096,2048,1,64,16,0.083914,0.101430,0.077975,
group1,64,32,4096,2048,1,64,32,0.083287,0.101744,0.078070,
group1,64,32,4096,2048,1,64,64,0.083171,0.101161,0.078370,
group1,64,32,4096,2048,1,64,128,0.083236,0.100997,,CUDA error: an illegal memory access was encountered
group1,64,32,4096,2048,1,64,256,0.083385,0.100878,0.079769,
group1,64,32,4096,2048,1,64,512,0.083968,0.101091,0.101974,
group1,64,32,4096,2048,1,64,1024,0.103599,0.101674,0.154543,
group1,64,32,4096,2048,1,64,2048,0.195708,0.123562,0.354958,
group1,64,32,4096,2048,1,64,4096,0.383047,0.242278,0.625133,
group1,64,32,4096,2048,2,32,2,0.082378,0.098128,0.080312,
group1,64,32,4096,2048,2,32,4,0.082980,0.098092,0.080338,
group1,64,32,4096,2048,2,32,8,0.082823,0.098456,0.080179,
group1,64,32,4096,2048,2,32,16,0.082925,0.097408,0.079629,
group1,64,32,4096,2048,2,32,32,0.082911,0.098309,0.079460,
group1,64,32,4096,2048,2,32,64,0.082858,0.098157,0.079522,
group1,64,32,4096,2048,2,32,128,0.083134,0.098505,,CUDA error: an illegal memory access was encountered
group1,64,32,4096,2048,2,32,256,0.083465,0.097894,0.079155,
group1,64,32,4096,2048,2,32,512,0.084036,0.098159,0.099696,
group1,64,32,4096,2048,2,32,1024,0.103504,0.098640,0.153865,
group1,64,32,4096,2048,2,32,2048,0.195583,0.106960,0.338493,
group1,64,32,4096,2048,2,32,4096,0.382845,0.208123,0.600761,
group1,64,32,4096,2048,4,16,2,0.082087,0.098063,0.079166,
group1,64,32,4096,2048,4,16,4,0.082810,0.097866,0.079486,
group1,64,32,4096,2048,4,16,8,0.083211,0.098644,0.079164,
group1,64,32,4096,2048,4,16,16,0.083270,0.097122,0.078600,
group1,64,32,4096,2048,4,16,32,0.082897,0.098585,0.078521,
group1,64,32,4096,2048,4,16,64,0.083409,0.098431,0.078528,
group1,64,32,4096,2048,4,16,128,0.083350,0.098543,,CUDA error: an illegal memory access was encountered
group1,64,32,4096,2048,4,16,256,0.083253,0.097864,0.079270,
group1,64,32,4096,2048,4,16,512,0.084004,0.098331,0.102309,
group1,64,32,4096,2048,4,16,1024,0.103563,0.098631,0.155457,
group1,64,32,4096,2048,4,16,2048,0.195694,0.099887,0.331978,
group1,64,32,4096,2048,4,16,4096,0.382961,0.144494,0.591901,
group1,64,32,4096,2048,8,8,2,0.082899,0.098133,0.077986,
group1,64,32,4096,2048,8,8,4,0.083183,0.098594,0.078006,
group1,64,32,4096,2048,8,8,8,0.083391,0.098785,0.078251,
group1,64,32,4096,2048,8,8,16,0.083465,0.097309,0.077517,
group1,64,32,4096,2048,8,8,32,0.083317,0.098263,0.077605,
group1,64,32,4096,2048,8,8,64,0.083440,0.098134,0.078010,
group1,64,32,4096,2048,8,8,128,0.083434,0.098282,,CUDA error: an illegal memory access was encountered
group1,64,32,4096,2048,8,8,256,0.083060,0.097736,0.078766,
group1,64,32,4096,2048,8,8,512,0.083864,0.098902,0.102729,
group1,64,32,4096,2048,8,8,1024,0.103427,0.098683,0.160394,
group1,64,32,4096,2048,8,8,2048,0.195595,0.099976,0.334430,
group1,64,32,4096,2048,8,8,4096,0.382650,0.146602,0.598933,
group1,64,32,4096,2048,16,4,2,0.082456,0.098023,0.079561,
group1,64,32,4096,2048,16,4,4,0.083018,0.098409,0.079605,
group1,64,32,4096,2048,16,4,8,0.083173,0.098770,0.079425,
group1,64,32,4096,2048,16,4,16,0.083088,0.097063,0.078921,
group1,64,32,4096,2048,16,4,32,0.082926,0.098281,0.079173,
group1,64,32,4096,2048,16,4,64,0.083022,0.098499,0.079343,
group1,64,32,4096,2048,16,4,128,0.083237,0.098729,,CUDA error: an illegal memory access was encountered
group1,64,32,4096,2048,16,4,256,0.083162,0.098367,0.078817,
group1,64,32,4096,2048,16,4,512,0.084031,0.098514,0.100437,
group1,64,32,4096,2048,16,4,1024,0.103445,0.098670,0.159084,
group1,64,32,4096,2048,16,4,2048,0.195607,0.099996,0.328509,
group1,64,32,4096,2048,16,4,4096,0.382686,0.159317,0.592433,
group1,64,32,4096,2048,32,2,2,0.082545,0.097983,0.079887,
group1,64,32,4096,2048,32,2,4,0.083014,0.098305,0.080638,
group1,64,32,4096,2048,32,2,8,0.083545,0.098957,0.080909,
group1,64,32,4096,2048,32,2,16,0.083319,0.097370,0.079521,
group1,64,32,4096,2048,32,2,32,0.083207,0.098338,0.080372,
group1,64,32,4096,2048,32,2,64,0.083400,0.098476,0.080531,
group1,64,32,4096,2048,32,2,128,0.083623,0.098726,,CUDA error: an illegal memory access was encountered
group1,64,32,4096,2048,32,2,256,0.083602,0.098415,0.078545,
group1,64,32,4096,2048,32,2,512,0.084562,0.098500,0.080064,
group1,64,32,4096,2048,32,2,1024,0.103560,0.098779,0.129249,
group1,64,32,4096,2048,32,2,2048,0.195717,0.100011,0.264169,
group1,64,32,4096,2048,32,2,4096,0.383002,0.160614,0.481394,
group1,64,32,4096,2048,64,1,2,0.083540,0.062809,0.077148,
group1,64,32,4096,2048,64,1,4,0.083228,0.062306,0.077740,
group1,64,32,4096,2048,64,1,8,0.083217,0.062628,0.077404,
group1,64,32,4096,2048,64,1,16,0.083027,0.062507,0.076876,
group1,64,32,4096,2048,64,1,32,0.082714,0.062577,0.076891,
group1,64,32,4096,2048,64,1,64,0.082903,0.062635,0.077413,
group1,64,32,4096,2048,64,1,128,0.082110,0.062930,,CUDA error: an illegal memory access was encountered
group1,64,32,4096,2048,64,1,256,0.083010,0.062469,0.078514,
group1,64,32,4096,2048,64,1,512,0.083286,0.062528,0.079148,
group1,64,32,4096,2048,64,1,1024,0.103406,0.062867,0.103825,
group1,64,32,4096,2048,64,1,2048,0.195721,0.062999,0.228462,
group1,64,32,4096,2048,64,1,4096,0.383009,0.063106,0.396580,
group1,64,64,512,512,1,8,2,0.082748,0.101205,0.086448,
group1,64,64,512,512,1,8,4,0.082685,0.101714,0.086847,
group1,64,64,512,512,1,8,8,0.082425,0.101891,0.086382,
group1,64,64,512,512,1,8,16,0.082281,0.100894,0.086875,
group1,64,64,512,512,1,8,32,0.082589,0.101355,0.086380,
group1,64,64,512,512,1,8,64,0.082089,0.101501,0.086551,
group1,64,64,512,512,1,8,128,0.082686,0.101836,0.086076,
group1,64,64,512,512,1,8,256,0.082746,0.101766,0.078649,
group1,64,64,512,512,1,8,512,0.083363,0.101829,0.079689,
group1,64,64,512,512,1,8,1024,0.083065,0.101004,0.078517,
group1,64,64,512,512,1,8,2048,0.083518,0.100764,0.079846,
group1,64,64,512,512,1,8,4096,0.084407,0.101630,0.128144,
group1,64,64,512,512,2,4,2,0.082754,0.098066,0.086184,
group1,64,64,512,512,2,4,4,0.082473,0.098032,0.086722,
group1,64,64,512,512,2,4,8,0.082813,0.098662,0.086113,
group1,64,64,512,512,2,4,16,0.082998,0.098282,0.086429,
group1,64,64,512,512,2,4,32,0.083007,0.098796,0.086067,
group1,64,64,512,512,2,4,64,0.082887,0.098453,0.086295,
group1,64,64,512,512,2,4,128,0.082757,0.098855,0.086317,
group1,64,64,512,512,2,4,256,0.083282,0.098702,0.078407,
group1,64,64,512,512,2,4,512,0.083956,0.098837,0.079331,
group1,64,64,512,512,2,4,1024,0.083462,0.098787,0.078290,
group1,64,64,512,512,2,4,2048,0.084080,0.098435,0.078261,
group1,64,64,512,512,2,4,4096,0.084671,0.099115,0.126156,
group1,64,64,512,512,4,2,2,0.083221,0.098373,0.085527,
group1,64,64,512,512,4,2,4,0.082767,0.099280,0.085507,
group1,64,64,512,512,4,2,8,0.082621,0.098524,0.085623,
group1,64,64,512,512,4,2,16,0.082935,0.098829,0.085980,
group1,64,64,512,512,4,2,32,0.083025,0.099446,0.085785,
group1,64,64,512,512,4,2,64,0.082887,0.098722,0.085999,
group1,64,64,512,512,4,2,128,0.082861,0.098549,0.085521,
group1,64,64,512,512,4,2,256,0.083204,0.098546,0.077585,
group1,64,64,512,512,4,2,512,0.083562,0.098843,0.078034,
group1,64,64,512,512,4,2,1024,0.083468,0.098159,0.078211,
group1,64,64,512,512,4,2,2048,0.084147,0.098417,0.078321,
group1,64,64,512,512,4,2,4096,0.084351,0.098826,0.102879,
group1,64,64,512,512,8,1,2,0.082310,0.062156,,CUDA error: an illegal memory access was encountered
group1,64,64,512,512,8,1,4,0.082586,0.062080,,skipped (pattern previously crashed)
group1,64,64,512,512,8,1,8,0.082887,0.061969,,skipped (pattern previously crashed)
group1,64,64,512,512,8,1,16,0.082382,0.062741,,skipped (pattern previously crashed)
group1,64,64,512,512,8,1,32,0.082675,0.061908,,skipped (pattern previously crashed)
group1,64,64,512,512,8,1,64,0.082741,0.061512,,skipped (pattern previously crashed)
group1,64,64,512,512,8,1,128,0.082619,0.062095,,skipped (pattern previously crashed)
group1,64,64,512,512,8,1,256,0.082650,0.061956,0.077654,
group1,64,64,512,512,8,1,512,0.083120,0.062477,0.078660,
group1,64,64,512,512,8,1,1024,0.081995,0.062462,0.078025,
group1,64,64,512,512,8,1,2048,0.083742,0.062150,0.077347,
group1,64,64,512,512,8,1,4096,0.084255,0.062856,0.102826,
group1,64,64,1024,1024,1,16,2,0.082593,0.101322,0.076765,
group1,64,64,1024,1024,1,16,4,0.082592,0.101623,0.077240,
group1,64,64,1024,1024,1,16,8,0.083176,0.101922,0.077377,
group1,64,64,1024,1024,1,16,16,0.082845,0.101569,0.077428,
group1,64,64,1024,1024,1,16,32,0.082922,0.101319,0.077033,
group1,64,64,1024,1024,1,16,64,0.082566,0.101332,0.077065,
group1,64,64,1024,1024,1,16,128,0.083015,0.101662,0.076995,
group1,64,64,1024,1024,1,16,256,0.082858,0.101795,0.077621,
group1,64,64,1024,1024,1,16,512,0.083004,0.101766,0.078047,
group1,64,64,1024,1024,1,16,1024,0.083951,0.102324,0.077885,
group1,64,64,1024,1024,1,16,2048,0.084534,0.103107,0.131043,
group1,64,64,1024,1024,1,16,4096,0.138029,0.103055,0.200914,
group1,64,64,1024,1024,2,8,2,0.082558,0.098301,0.076681,
group1,64,64,1024,1024,2,8,4,0.082746,0.098092,0.076329,
group1,64,64,1024,1024,2,8,8,0.083107,0.098725,0.076622,
group1,64,64,1024,1024,2,8,16,0.082880,0.098165,0.076849,
group1,64,64,1024,1024,2,8,32,0.082506,0.097906,0.077188,
group1,64,64,1024,1024,2,8,64,0.082539,0.097648,0.076966,
group1,64,64,1024,1024,2,8,128,0.082732,0.098435,0.076392,
group1,64,64,1024,1024,2,8,256,0.083069,0.098183,0.077561,
group1,64,64,1024,1024,2,8,512,0.082830,0.098335,0.077573,
group1,64,64,1024,1024,2,8,1024,0.083355,0.099068,0.077714,
group1,64,64,1024,1024,2,8,2048,0.083857,0.099087,0.126555,
group1,64,64,1024,1024,2,8,4096,0.138150,0.099195,0.199179,
group1,64,64,1024,1024,4,4,2,0.082147,0.098147,,CUDA error: an illegal memory access was encountered
group1,64,64,1024,1024,4,4,4,0.082868,0.098457,,skipped (pattern previously crashed)
group1,64,64,1024,1024,4,4,8,0.082456,0.098264,,skipped (pattern previously crashed)
group1,64,64,1024,1024,4,4,16,0.082515,0.098185,,skipped (pattern previously crashed)
group1,64,64,1024,1024,4,4,32,0.082777,0.098674,,skipped (pattern previously crashed)
group1,64,64,1024,1024,4,4,64,0.082731,0.098521,,skipped (pattern previously crashed)
group1,64,64,1024,1024,4,4,128,0.082931,0.099334,,skipped (pattern previously crashed)
group1,64,64,1024,1024,4,4,256,0.083261,0.099085,0.077341,
group1,64,64,1024,1024,4,4,512,0.082960,0.098789,0.077557,
group1,64,64,1024,1024,4,4,1024,0.083776,0.098953,0.077786,
group1,64,64,1024,1024,4,4,2048,0.084199,0.099704,0.124597,
group1,64,64,1024,1024,4,4,4096,0.138658,0.099819,0.194887,
group1,64,64,1024,1024,8,2,2,0.082566,0.098082,0.076478,
group1,64,64,1024,1024,8,2,4,0.083162,0.098932,0.077035,
group1,64,64,1024,1024,8,2,8,0.082795,0.098986,0.077135,
group1,64,64,1024,1024,8,2,16,0.082917,0.098749,0.076763,
group1,64,64,1024,1024,8,2,32,0.082715,0.099195,0.076689,
group1,64,64,1024,1024,8,2,64,0.083054,0.099112,0.076604,
group1,64,64,1024,1024,8,2,128,0.082791,0.099186,0.076653,
group1,64,64,1024,1024,8,2,256,0.083390,0.099357,0.076965,
group1,64,64,1024,1024,8,2,512,0.083052,0.098959,0.077655,
group1,64,64,1024,1024,8,2,1024,0.083941,0.099233,0.077997,
group1,64,64,1024,1024,8,2,2048,0.084126,0.099747,0.105589,
group1,64,64,1024,1024,8,2,4096,0.138709,0.099840,0.160768,
group1,64,64,1024,1024,16,1,2,0.082887,0.062717,0.076938,
group1,64,64,1024,1024,16,1,4,0.082714,0.062425,0.075894,
group1,64,64,1024,1024,16,1,8,0.082880,0.062369,0.076577,
group1,64,64,1024,1024,16,1,16,0.082406,0.062503,0.076784,
group1,64,64,1024,1024,16,1,32,0.082383,0.062661,0.076680,
group1,64,64,1024,1024,16,1,64,0.082996,0.062504,0.076660,
group1,64,64,1024,1024,16,1,128,0.083137,0.062691,0.076432,
group1,64,64,1024,1024,16,1,256,0.083150,0.062915,0.077177,
group1,64,64,1024,1024,16,1,512,0.083589,0.062287,0.077147,
group1,64,64,1024,1024,16,1,1024,0.083652,0.063051,0.077138,
group1,64,64,1024,1024,16,1,2048,0.084236,0.063311,0.101476,
group1,64,64,1024,1024,16,1,4096,0.138686,0.063167,0.133484,
group1,64,64,2048,2048,1,32,2,0.082759,0.101620,,CUDA error: an illegal memory access was encountered
group1,64,64,2048,2048,1,32,4,0.083038,0.101991,,skipped (pattern previously crashed)
group1,64,64,2048,2048,1,32,8,0.082537,0.101618,,skipped (pattern previously crashed)
group1,64,64,2048,2048,1,32,16,0.083049,0.101925,,skipped (pattern previously crashed)
group1,64,64,2048,2048,1,32,32,0.083454,0.101401,,skipped (pattern previously crashed)
group1,64,64,2048,2048,1,32,64,0.082884,0.101872,,skipped (pattern previously crashed)
group1,64,64,2048,2048,1,32,128,0.082973,0.101835,,skipped (pattern previously crashed)
group1,64,64,2048,2048,1,32,256,0.083452,0.101790,0.076860,
group1,64,64,2048,2048,1,32,512,0.084045,0.101256,0.077259,
group1,64,64,2048,2048,1,32,1024,0.083875,0.102824,0.128655,
group1,64,64,2048,2048,1,32,2048,0.138758,0.102701,0.192291,
group1,64,64,2048,2048,1,32,4096,0.265318,0.132471,0.417679,
group1,64,64,2048,2048,2,16,2,0.082427,0.097797,0.077226,
group1,64,64,2048,2048,2,16,4,0.082147,0.098396,0.077169,
group1,64,64,2048,2048,2,16,8,0.082346,0.098143,0.077132,
group1,64,64,2048,2048,2,16,16,0.082342,0.098049,0.077042,
group1,64,64,2048,2048,2,16,32,0.082648,0.098506,0.077111,
group1,64,64,2048,2048,2,16,64,0.082640,0.098653,0.076971,
group1,64,64,2048,2048,2,16,128,0.082861,0.098440,0.077156,
group1,64,64,2048,2048,2,16,256,0.082879,0.098034,0.075869,
group1,64,64,2048,2048,2,16,512,0.083849,0.098252,0.076885,
group1,64,64,2048,2048,2,16,1024,0.083854,0.099173,0.129822,
group1,64,64,2048,2048,2,16,2048,0.139056,0.099455,0.198013,
group1,64,64,2048,2048,2,16,4096,0.265082,0.099634,0.412006,
group1,64,64,2048,2048,4,8,2,0.082465,0.097891,0.076541,
group1,64,64,2048,2048,4,8,4,0.082313,0.098059,0.076866,
group1,64,64,2048,2048,4,8,8,0.082770,0.098427,0.076487,
group1,64,64,2048,2048,4,8,16,0.082359,0.098810,0.076546,
group1,64,64,2048,2048,4,8,32,0.082698,0.098858,0.076616,
group1,64,64,2048,2048,4,8,64,0.082656,0.098834,0.076797,
group1,64,64,2048,2048,4,8,128,0.083212,0.098045,,CUDA error: an illegal memory access was encountered
group1,64,64,2048,2048,4,8,256,0.082958,0.098063,0.076134,
group1,64,64,2048,2048,4,8,512,0.084101,0.098298,0.076904,
group1,64,64,2048,2048,4,8,1024,0.084629,0.099718,0.126695,
group1,64,64,2048,2048,4,8,2048,0.139466,0.099706,0.199621,
group1,64,64,2048,2048,4,8,4096,0.264770,0.099550,0.413659,
group1,64,64,2048,2048,8,4,2,0.083271,0.098534,0.075058,
group1,64,64,2048,2048,8,4,4,0.082123,0.098410,0.075528,
group1,64,64,2048,2048,8,4,8,0.082553,0.098594,0.075181,
group1,64,64,2048,2048,8,4,16,0.082766,0.098322,0.075368,
group1,64,64,2048,2048,8,4,32,0.082817,0.098734,0.074852,
group1,64,64,2048,2048,8,4,64,0.083196,0.099199,0.075239,
group1,64,64,2048,2048,8,4,128,0.083567,0.098439,0.075232,
group1,64,64,2048,2048,8,4,256,0.083524,0.098627,0.076554,
group1,64,64,2048,2048,8,4,512,0.084559,0.098538,0.076828,
group1,64,64,2048,2048,8,4,1024,0.084563,0.099906,0.124786,
group1,64,64,2048,2048,8,4,2048,0.139594,0.099646,0.197573,
group1,64,64,2048,2048,8,4,4096,0.264818,0.099747,0.407355,
group1,64,64,2048,2048,16,2,2,0.083033,0.098367,0.074846,
group1,64,64,2048,2048,16,2,4,0.082590,0.098286,0.074708,
group1,64,64,2048,2048,16,2,8,0.083232,0.098832,0.074872,
group1,64,64,2048,2048,16,2,16,0.082790,0.098813,0.074721,
group1,64,64,2048,2048,16,2,32,0.082924,0.098843,0.074562,
group1,64,64,2048,2048,16,2,64,0.083455,0.099185,0.074856,
group1,64,64,2048,2048,16,2,128,0.083632,0.098505,,CUDA error: an illegal memory access was encountered
group1,64,64,2048,2048,16,2,256,0.083215,0.098750,0.075750,
group1,64,64,2048,2048,16,2,512,0.084076,0.098856,0.076163,
group1,64,64,2048,2048,16,2,1024,0.084288,0.099649,0.104855,
group1,64,64,2048,2048,16,2,2048,0.139588,0.099963,0.163145,
group1,64,64,2048,2048,16,2,4096,0.264890,0.107174,0.338734,
group1,64,64,2048,2048,32,1,2,0.082931,0.062499,0.075659,
group1,64,64,2048,2048,32,1,4,0.082577,0.062156,0.075973,
group1,64,64,2048,2048,32,1,8,0.082874,0.062256,0.076024,
group1,64,64,2048,2048,32,1,16,0.083727,0.062541,0.075866,
group1,64,64,2048,2048,32,1,32,0.083099,0.062821,0.075747,
group1,64,64,2048,2048,32,1,64,0.083109,0.062293,0.075764,
group1,64,64,2048,2048,32,1,128,0.082471,0.062639,0.075811,
group1,64,64,2048,2048,32,1,256,0.084095,0.062354,0.075558,
group1,64,64,2048,2048,32,1,512,0.083849,0.062580,0.075909,
group1,64,64,2048,2048,32,1,1024,0.084618,0.062841,0.101154,
group1,64,64,2048,2048,32,1,2048,0.139386,0.062915,0.130581,
group1,64,64,2048,2048,32,1,4096,0.264959,0.063280,0.296847,
group1,64,64,4096,4096,1,64,2,0.082912,0.101327,,CUDA error: an illegal memory access was encountered
group1,64,64,4096,4096,1,64,4,0.082249,0.101418,,skipped (pattern previously crashed)
group1,64,64,4096,4096,1,64,8,0.082717,0.101508,,skipped (pattern previously crashed)
group1,64,64,4096,4096,1,64,16,0.082648,0.101020,,skipped (pattern previously crashed)
group1,64,64,4096,4096,1,64,32,0.082962,0.101629,,skipped (pattern previously crashed)
group1,64,64,4096,4096,1,64,64,0.082171,0.101135,,skipped (pattern previously crashed)
group1,64,64,4096,4096,1,64,128,0.082828,0.100689,,skipped (pattern previously crashed)
group1,64,64,4096,4096,1,64,256,0.083353,0.101017,0.076101,
group1,64,64,4096,4096,1,64,512,0.083911,0.101820,0.130990,
group1,64,64,4096,4096,1,64,1024,0.138462,0.103636,0.199628,
group1,64,64,4096,4096,1,64,2048,0.263828,0.166227,0.443419,
group1,64,64,4096,4096,1,64,4096,0.519698,0.323108,0.760914,
group1,64,64,4096,4096,2,32,2,0.082688,0.097790,0.076302,
group1,64,64,4096,4096,2,32,4,0.082828,0.098810,0.076395,
group1,64,64,4096,4096,2,32,8,0.082917,0.098724,0.076558,
group1,64,64,4096,4096,2,32,16,0.083318,0.098827,0.076221,
group1,64,64,4096,4096,2,32,32,0.082528,0.098232,0.075511,
group1,64,64,4096,4096,2,32,64,0.082762,0.098281,0.076489,
group1,64,64,4096,4096,2,32,128,0.083217,0.098260,,CUDA error: an illegal memory access was encountered
group1,64,64,4096,4096,2,32,256,0.083507,0.098111,0.075626,
group1,64,64,4096,4096,2,32,512,0.083474,0.098688,0.129802,
group1,64,64,4096,4096,2,32,1024,0.138662,0.099638,0.197565,
group1,64,64,4096,4096,2,32,2048,0.263570,0.132815,0.425513,
group1,64,64,4096,4096,2,32,4096,0.518884,0.255570,0.731076,
group1,64,64,4096,4096,4,16,2,0.082689,0.098246,,CUDA error: an illegal memory access was encountered
group1,64,64,4096,4096,4,16,4,0.082955,0.097868,,skipped (pattern previously crashed)
group1,64,64,4096,4096,4,16,8,0.082752,0.099233,,skipped (pattern previously crashed)
group1,64,64,4096,4096,4,16,16,0.082833,0.097972,,skipped (pattern previously crashed)
group1,64,64,4096,4096,4,16,32,0.082570,0.098633,,skipped (pattern previously crashed)
group1,64,64,4096,4096,4,16,64,0.083783,0.099080,,skipped (pattern previously crashed)
group1,64,64,4096,4096,4,16,128,0.082925,0.097863,,skipped (pattern previously crashed)
group1,64,64,4096,4096,4,16,256,0.083529,0.098118,0.075431,
group1,64,64,4096,4096,4,16,512,0.084215,0.098609,0.129453,
group1,64,64,4096,4096,4,16,1024,0.139098,0.099572,0.198547,
group1,64,64,4096,4096,4,16,2048,0.263313,0.099780,0.410287,
group1,64,64,4096,4096,4,16,4096,0.518923,0.185374,0.719289,
group1,64,64,4096,4096,8,8,2,0.082921,0.097903,0.074760,
group1,64,64,4096,4096,8,8,4,0.083342,0.098031,0.076402,
group1,64,64,4096,4096,8,8,8,0.083349,0.098876,0.075944,
group1,64,64,4096,4096,8,8,16,0.083514,0.098334,0.075619,
group1,64,64,4096,4096,8,8,32,0.082301,0.098629,0.075583,
group1,64,64,4096,4096,8,8,64,0.083259,0.098920,0.074929,
group1,64,64,4096,4096,8,8,128,0.082927,0.098062,,CUDA error: an illegal memory access was encountered
group1,64,64,4096,4096,8,8,256,0.083346,0.098106,0.075628,
group1,64,64,4096,4096,8,8,512,0.084097,0.098610,0.125779,
group1,64,64,4096,4096,8,8,1024,0.139356,0.099601,0.197752,
group1,64,64,4096,4096,8,8,2048,0.263404,0.099789,0.413309,
group1,64,64,4096,4096,8,8,4096,0.518495,0.187487,0.720629,
group1,64,64,4096,4096,16,4,2,0.082591,0.097913,,CUDA error: an illegal memory access was encountered
group1,64,64,4096,4096,16,4,4,0.083033,0.098486,,skipped (pattern previously crashed)
group1,64,64,4096,4096,16,4,8,0.083026,0.098665,,skipped (pattern previously crashed)
group1,64,64,4096,4096,16,4,16,0.083053,0.098549,,skipped (pattern previously crashed)
group1,64,64,4096,4096,16,4,32,0.082620,0.098365,,skipped (pattern previously crashed)
group1,64,64,4096,4096,16,4,64,0.083172,0.099123,,skipped (pattern previously crashed)
group1,64,64,4096,4096,16,4,128,0.082699,0.098247,,skipped (pattern previously crashed)
group1,64,64,4096,4096,16,4,256,0.083598,0.097956,0.074940,
group1,64,64,4096,4096,16,4,512,0.083868,0.098535,0.125157,
group1,64,64,4096,4096,16,4,1024,0.139324,0.099297,0.195268,
group1,64,64,4096,4096,16,4,2048,0.263215,0.099074,0.406411,
group1,64,64,4096,4096,16,4,4096,0.518633,0.193754,0.708645,
group1,64,64,4096,4096,32,2,2,0.082677,0.098178,0.074730,
group1,64,64,4096,4096,32,2,4,0.083179,0.097994,0.075016,
group1,64,64,4096,4096,32,2,8,0.083347,0.098492,0.074929,
group1,64,64,4096,4096,32,2,16,0.083410,0.098405,0.074381,
group1,64,64,4096,4096,32,2,32,0.082568,0.098542,0.074371,
group1,64,64,4096,4096,32,2,64,0.083646,0.099280,0.075000,
group1,64,64,4096,4096,32,2,128,0.082659,0.097483,,CUDA error: an illegal memory access was encountered
group1,64,64,4096,4096,32,2,256,0.083415,0.098086,0.074718,
group1,64,64,4096,4096,32,2,512,0.084181,0.098783,0.108901,
group1,64,64,4096,4096,32,2,1024,0.139411,0.099783,0.163587,
group1,64,64,4096,4096,32,2,2048,0.263522,0.107634,0.343674,
group1,64,64,4096,4096,32,2,4096,0.518437,0.211154,0.593084,
group1,64,64,4096,4096,64,1,2,0.082362,0.062314,,CUDA error: an illegal memory access was encountered
group1,64,64,4096,4096,64,1,4,0.082569,0.062255,,skipped (pattern previously crashed)
group1,64,64,4096,4096,64,1,8,0.083123,0.062257,,skipped (pattern previously crashed)
group1,64,64,4096,4096,64,1,16,0.082504,0.062489,,skipped (pattern previously crashed)
group1,64,64,4096,4096,64,1,32,0.082594,0.062287,,skipped (pattern previously crashed)
group1,64,64,4096,4096,64,1,64,0.082896,0.062319,,skipped (pattern previously crashed)
group1,64,64,4096,4096,64,1,128,0.083436,0.062824,,skipped (pattern previously crashed)
group1,64,64,4096,4096,64,1,256,0.083444,0.062536,0.074937,
group1,64,64,4096,4096,64,1,512,0.084178,0.062695,0.102781,
group1,64,64,4096,4096,64,1,1024,0.139611,0.062941,0.133312,
group1,64,64,4096,4096,64,1,2048,0.263700,0.063338,0.299437,
group1,64,64,4096,4096,64,1,4096,0.519544,0.064256,0.524672,
