{
  "rank": 128,
  "epochs": [
    1,
    2,
    3,
    4,
    5,
    6,
    7,
    8,
    9,
    10,
    11,
    12,
    13,
    14,
    15,
    16,
    17,
    18,
    19,
    20,
    21,
    22,
    23,
    24,
    25,
    26,
    27,
    28,
    29,
    30,
    31,
    32,
    33,
    34,
    35,
    36,
    37,
    38,
    39,
    40,
    41,
    42,
    43,
    44,
    45,
    46,
    47,
    48,
    49,
    50,
    51,
    52,
    53,
    54,
    55,
    56,
    57,
    58,
    59,
    60,
    61,
    62,
    63,
    64,
    65,
    66,
    67,
    68,
    69,
    70,
    71,
    72,
    73,
    74,
    75,
    76,
    77,
    78,
    79,
    80,
    81,
    82,
    83,
    84,
    85,
    86,
    87,
    88,
    89,
    90,
    91,
    92,
    93,
    94,
    95,
    96,
    97,
    98,
    99,
    100,
    101,
    102,
    103,
    104,
    105,
    106,
    107,
    108,
    109,
    110,
    111,
    112,
    113,
    114,
    115,
    116,
    117,
    118,
    119,
    120,
    121,
    122,
    123,
    124,
    125,
    126,
    127,
    128,
    129,
    130,
    131,
    132,
    133,
    134,
    135,
    136,
    137,
    138,
    139,
    140,
    141,
    142,
    143,
    144,
    145,
    146,
    147,
    148,
    149,
    150,
    151,
    152,
    153,
    154,
    155,
    156,
    157,
    158,
    159,
    160,
    161,
    162,
    163,
    164,
    165,
    166,
    167,
    168,
    169,
    170,
    171,
    172,
    173,
    174,
    175,
    176,
    177,
    178,
    179,
    180,
    181,
    182,
    183,
    184,
    185,
    186,
    187,
    188,
    189,
    190,
    191,
    192,
    193,
    194,
    195,
    196,
    197,
    198,
    199,
    200
  ],
  "train_losses": [
    1.1523976349830627,
    1.1161857371330262,
    1.0485686626434325,
    0.9898579111099243,
    0.956946338891983,
    0.9353786826133728,
    0.91976233792305,
    0.907750641822815,
    0.8978317029476166,
    0.8895540058612823,
    0.8825987095832825,
    0.8766420850753784,
    0.8712907388210297,
    0.8664115037918091,
    0.8619468872547149,
    0.8579172341823578,
    0.8542251818180084,
    0.8507482800483703,
    0.8474780611991882,
    0.8443453984260559,
    0.8413449156284333,
    0.838538857460022,
    0.8358997488021851,
    0.8334009585380554,
    0.8309769868850708,
    0.8286574764251708,
    0.8263603785037994,
    0.824124103307724,
    0.8219894132614136,
    0.8198987436294556,
    0.8178545174598694,
    0.8159209704399109,
    0.8140092184543609,
    0.8122422614097595,
    0.8105181477069855,
    0.8089090356826782,
    0.8073578274250031,
    0.8058498640060425,
    0.8043811748027802,
    0.8029473164081573,
    0.8015412669181824,
    0.8001450579166413,
    0.7988207950592041,
    0.7975083327293396,
    0.7962917218208313,
    0.7950892460346222,
    0.7939224519729614,
    0.7927758874893188,
    0.7916469490528106,
    0.7905928115844727,
    0.7895422601699829,
    0.7884886832237243,
    0.7874326128959656,
    0.7863827402591705,
    0.7853121619224548,
    0.7843262100219727,
    0.7833190712928771,
    0.7824000587463379,
    0.7814680573940277,
    0.7805967974662781,
    0.7797043268680572,
    0.7788795366287231,
    0.7779776701927185,
    0.7771359469890594,
    0.7762911682128906,
    0.7753864374160767,
    0.7745230464935303,
    0.7736703097820282,
    0.772862182855606,
    0.7720550463199616,
    0.7713503384590149,
    0.7706014161109924,
    0.769871335029602,
    0.7691518111228943,
    0.7684815909862518,
    0.7677864928245545,
    0.7671319544315338,
    0.7664570219516754,
    0.7658021810054779,
    0.7651683614253998,
    0.7645500266551971,
    0.7639990282058716,
    0.763397353887558,
    0.7628615250587464,
    0.7622965774536132,
    0.7617166411876678,
    0.7611338698863983,
    0.7605791301727295,
    0.7600248935222625,
    0.7594488596916199,
    0.7589178462028503,
    0.7583862075805664,
    0.7578450663089752,
    0.7573521494865417,
    0.7568241610527039,
    0.756311930179596,
    0.7558722672462463,
    0.7553840873241424,
    0.7549490201473236,
    0.7544862270355225,
    0.7540633397102356,
    0.7535953605175019,
    0.7531395387649537,
    0.7526498734951019,
    0.7521400003433227,
    0.7516569499969482,
    0.7511782848834991,
    0.7506828417778015,
    0.7502430202960968,
    0.749792765378952,
    0.7493684875965119,
    0.7489482483863831,
    0.7485610263347626,
    0.7481513359546661,
    0.7477996575832367,
    0.7474215466976166,
    0.7470573766231536,
    0.7466956033706665,
    0.7463119404315949,
    0.7459103362560272,
    0.7455342264175415,
    0.7451492800712586,
    0.7447975001335144,
    0.7444601590633393,
    0.7441262860298157,
    0.7438527250289917,
    0.74356356549263,
    0.7432728114128113,
    0.7429973876476288,
    0.7427280406951904,
    0.7424229555130005,
    0.7421498744487762,
    0.7418469405174255,
    0.7415892522335052,
    0.7412753689289093,
    0.7409809291362762,
    0.7407086081504822,
    0.7403907518386841,
    0.7401563246250152,
    0.7398971552848816,
    0.7396408224105835,
    0.7393892562389374,
    0.7391386344432831,
    0.7388907270431518,
    0.7386127252578736,
    0.7383804211616516,
    0.7381436247825622,
    0.7379256353378296,
    0.737717521905899,
    0.7375044174194336,
    0.737271150112152,
    0.7370718445777893,
    0.7368565528392792,
    0.7366596784591675,
    0.7364993751049042,
    0.7362883074283599,
    0.7360935637950897,
    0.7358882060050964,
    0.7356643445491791,
    0.735476574420929,
    0.7352817690372467,
    0.7350697848796844,
    0.7348666121959686,
    0.7346655328273773,
    0.7344792308807373,
    0.7342841713428497,
    0.7340460019111633,
    0.7338740665912629,
    0.733673828125,
    0.7334782576560974,
    0.7332622420787811,
    0.7330835959911346,
    0.7328659002780914,
    0.7326485676765442,
    0.7324427025318145,
    0.7321799683570862,
    0.7319719936847687,
    0.7317474687099457,
    0.7315531787872315,
    0.7313080859184266,
    0.7311099393367767,
    0.7308696358203888,
    0.730668185710907,
    0.7304967496395111,
    0.7303039326667785,
    0.730140563249588,
    0.7299840891361237,
    0.7298312168121338,
    0.7296911818981171,
    0.7295622544288636,
    0.7294244105815888,
    0.7292863729000092,
    0.7291508774757385,
    0.7289760932922363,
    0.7288375053405761,
    0.7286874980926513,
    0.728516405582428,
    0.7283741915225983,
    0.7282447736263276,
    0.7281083166599274
  ],