{
  "rank": 4,
  "epochs": [
    1,
    2,
    3,
    4,
    5,
    6,
    7,
    8,
    9,
    10,
    11,
    12,
    13,
    14,
    15,
    16,
    17,
    18,
    19,
    20,
    21,
    22,
    23,
    24,
    25,
    26,
    27,
    28,
    29,
    30,
    31,
    32,
    33,
    34,
    35,
    36,
    37,
    38,
    39,
    40,
    41,
    42,
    43,
    44,
    45,
    46,
    47,
    48,
    49,
    50,
    51,
    52,
    53,
    54,
    55,
    56,
    57,
    58,
    59,
    60,
    61,
    62,
    63,
    64,
    65,
    66,
    67,
    68,
    69,
    70,
    71,
    72,
    73,
    74,
    75,
    76,
    77,
    78,
    79,
    80,
    81,
    82,
    83,
    84,
    85,
    86,
    87,
    88,
    89,
    90,
    91,
    92,
    93,
    94,
    95,
    96,
    97,
    98,
    99,
    100,
    101,
    102,
    103,
    104,
    105,
    106,
    107,
    108,
    109,
    110,
    111,
    112,
    113,
    114,
    115,
    116,
    117,
    118,
    119,
    120,
    121,
    122,
    123,
    124,
    125,
    126,
    127,
    128,
    129,
    130,
    131,
    132,
    133,
    134,
    135,
    136,
    137,
    138,
    139,
    140,
    141,
    142,
    143,
    144,
    145,
    146,
    147,
    148,
    149,
    150,
    151,
    152,
    153,
    154,
    155,
    156,
    157,
    158,
    159,
    160,
    161,
    162,
    163,
    164,
    165,
    166,
    167,
    168,
    169,
    170,
    171,
    172,
    173,
    174,
    175,
    176,
    177,
    178,
    179,
    180,
    181,
    182,
    183,
    184,
    185,
    186,
    187,
    188,
    189,
    190,
    191,
    192,
    193,
    194,
    195,
    196,
    197,
    198,
    199,
    200
  ],
  "train_losses": [
    1.1541052055358887,
    1.1490881156921386,
    1.1437226657867432,
    1.1409096255302429,
    1.1394647617340088,
    1.138585005760193,
    1.1379751973152161,
    1.1375246548652649,
    1.1371733293533326,
    1.1368880228996276,
    1.1366685972213746,
    1.1364851713180542,
    1.1363255958557128,
    1.1361910214424134,
    1.1360794687271119,
    1.1359836735725404,
    1.1358779401779175,
    1.1357849588394164,
    1.1357101917266845,
    1.1356342883110047,
    1.1355580434799195,
    1.135497480392456,
    1.1354433207511903,
    1.1353795709609986,
    1.13533691740036,
    1.1352833361625672,
    1.135252772808075,
    1.1352019991874696,
    1.1351660070419312,
    1.1351302132606507,
    1.135099775314331,
    1.1350651683807373,
    1.1350360288619996,
    1.1350101656913758,
    1.134977840423584,
    1.134957525730133,
    1.1349308362007142,
    1.1349188103675842,
    1.1348870272636413,
    1.1348680710792542,
    1.1345828075408935,
    1.1345570168495178,
    1.134543248653412,
    1.1345347137451172,
    1.1345265655517578,
    1.134516453742981,
    1.1345098843574524,
    1.1345034165382386,
    1.134493221282959,
    1.1344877591133118,
    1.1344785380363465,
    1.134474615097046,
    1.1344663386344909,
    1.1344603543281555,
    1.1343070092201233,
    1.134296266078949,
    1.134291922569275,
    1.1342882537841796,
    1.1342865986824036,
    1.134282609462738,
    1.1342804994583129,
    1.1342757201194764,
    1.1342721085548402,
    1.1342709789276122,
    1.1342674384117126,
    1.1342637782096863,
    1.1342612929344178,
    1.1342594032287598,
    1.1341762371063233,
    1.1341723246574402,
    1.1341705746650697,
    1.134169656276703,
    1.1341683478355409,
    1.1341653261184692,
    1.1341658239364625,
    1.1341627283096314,
    1.1341618785858154,
    1.1341607179641724,
    1.1341586575508118,
    1.134115505695343,
    1.1341146636009216,
    1.1341141586303711,
    1.1341128435134888,
    1.1341126651763915,
    1.1341120476722717,
    1.1341112432479858,
    1.134110185623169,
    1.1341094255447388,
    1.1341088933944703,
    1.134107570171356,
    1.1340855879783631,
    1.134085207939148,
    1.1340850915908813,
    1.1340846891403198,
    1.13408421087265,
    1.134083604335785,
    1.1340837545394897,
    1.1340829205513,
    1.1340825324058532,
    1.1340823426246642,
    1.1340821313858032,
    1.1340705370903015,
    1.1340706458091736,
    1.1340702724456788,
    1.1340700817108154,
    1.1340699043273925,
    1.1340698447227477,
    1.1340696482658386,
    1.1340694394111632,
    1.1340692682266236,
    1.1340691714286804,
    1.13406889629364,
    1.1340631561279297,
    1.1340630269050598,
    1.134062961101532,
    1.134062895298004,
    1.1340627403259278,
    1.1340627279281617,
    1.134062617778778,
    1.1340625705718994,
    1.1340624809265136,
    1.1340624113082887,
    1.134062307357788,
    1.1340594267845154,
    1.1340593428611756,
    1.1340593409538269,
    1.1340592832565308,
    1.1340591893196106,
    1.1340591540336609,
    1.1340591297149658,
    1.1340590839385987,
    1.1340590562820434,
    1.13405899143219,
    1.1340589356422424,
    1.134057511806488,
    1.1340574855804444,
    1.1340574631690978,
    1.1340574374198913,
    1.134057427406311,
    1.134057400226593,
    1.1340573663711548,
    1.1340573477745055,
    1.1340573649406434,
    1.1340573239326477,
    1.1340572881698607,
    1.1340565752983094,
    1.1340565671920777,
    1.1340565419197082,
    1.134056538105011,
    1.1340565257072448,
    1.134056513786316,
    1.134056499004364,
    1.1340564908981323,
    1.1340564818382264,
    1.1340564680099487,
    1.1340564537048339,
    1.1340560984611512,
    1.134056095123291,
    1.1340560989379882,
    1.1340560779571534,
    1.1340560712814332,
    1.1340560750961304,
    1.1340560593605042,
    1.1340560626983642,
    1.134056050300598,
    1.1340560460090636,
    1.1340560388565064,
    1.1340558619499206,
    1.1340558638572693,
    1.1340558586120606,
    1.1340558524131774,
    1.1340558514595032,
    1.1340558500289917,
    1.134055850505829,
    1.1340558452606202,
    1.13405584192276,
    1.134055839061737,
    1.1340558395385743,
    1.134055742263794,
    1.1340557389259338,
    1.134055742740631,
    1.1340557408332825,
    1.1340557413101195,
    1.1340557408332825,
    1.1340557327270508,
    1.1340557403564453,
    1.1340557289123536,
    1.1340557312965394,
    1.1340557332038879,
    1.134055682182312,
    1.1340556783676148,
    1.134055682182312,
    1.1340556812286378,
    1.1340556769371033,
    1.1340556707382201,
    1.1340556721687316,
    1.1340556788444518,
    1.134055676460266,
    1.1340556721687316,
    1.1340556678771974
  ],