{
  "rank": 512,
  "epochs": [
    1,
    2,
    3,
    4,
    5,
    6,
    7,
    8,
    9,
    10,
    11,
    12,
    13,
    14,
    15,
    16,
    17,
    18,
    19,
    20,
    21,
    22,
    23,
    24,
    25,
    26,
    27,
    28,
    29,
    30,
    31,
    32,
    33,
    34,
    35,
    36,
    37,
    38,
    39,
    40,
    41,
    42,
    43,
    44,
    45,
    46,
    47,
    48,
    49,
    50,
    51,
    52,
    53,
    54,
    55,
    56,
    57,
    58,
    59,
    60,
    61,
    62,
    63,
    64,
    65,
    66,
    67,
    68,
    69,
    70,
    71,
    72,
    73,
    74,
    75,
    76,
    77,
    78,
    79,
    80,
    81,
    82,
    83,
    84,
    85,
    86,
    87,
    88,
    89,
    90,
    91,
    92,
    93,
    94,
    95,
    96,
    97,
    98,
    99,
    100,
    101,
    102,
    103,
    104,
    105,
    106,
    107,
    108,
    109,
    110,
    111,
    112,
    113,
    114,
    115,
    116,
    117,
    118,
    119,
    120,
    121,
    122,
    123,
    124,
    125,
    126,
    127,
    128,
    129,
    130,
    131,
    132,
    133,
    134,
    135,
    136,
    137,
    138,
    139,
    140,
    141,
    142,
    143,
    144,
    145,
    146,
    147,
    148,
    149,
    150,
    151,
    152,
    153,
    154,
    155,
    156,
    157,
    158,
    159,
    160,
    161,
    162,
    163,
    164,
    165,
    166,
    167,
    168,
    169,
    170,
    171,
    172,
    173,
    174,
    175,
    176,
    177,
    178,
    179,
    180,
    181,
    182,
    183,
    184,
    185,
    186,
    187,
    188,
    189,
    190,
    191,
    192,
    193,
    194,
    195,
    196,
    197,
    198,
    199,
    200
  ],
  "train_losses": [
    1.1506402163505554,
    1.1029904775619508,
    0.9923099303245544,
    0.8586178312301636,
    0.7432675421237945,
    0.655718544960022,
    0.5936747395992279,
    0.551491126537323,
    0.5190100061893463,
    0.49438397443294524,
    0.472393700838089,
    0.45246779906749723,
    0.4352047950029373,
    0.42014885449409484,
    0.40670053362846376,
    0.3941954953670502,
    0.3822331099510193,
    0.37155684804916383,
    0.3622868206501007,
    0.35459280681610106,
    0.3466725389957428,
    0.33754751074314115,
    0.32999484157562253,
    0.32351321160793306,
    0.3179475110769272,
    0.31294934976100924,
    0.30816115355491636,
    0.3028914757966995,
    0.29678186333179474,
    0.2907754757404327,
    0.2847269995212555,
    0.279351158618927,
    0.27474595546722413,
    0.270142369389534,
    0.2650043330192566,
    0.2601927956342697,
    0.2554351949095726,
    0.2510785857439041,
    0.24705762505531312,
    0.2431904143691063,
    0.23952962285280227,
    0.23583221393823622,
    0.2318104214668274,
    0.2280985164642334,
    0.22477550530433654,
    0.22120923256874084,
    0.21795588344335556,
    0.21531807428598404,
    0.21298851615190506,
    0.2105871913433075,
    0.20777702903747558,
    0.2047420253753662,
    0.2020518600344658,
    0.1999307975769043,
    0.1979750317931175,
    0.19611738812923432,
    0.1944358522295952,
    0.19294299894571304,
    0.1913187100291252,
    0.18944995534420014,
    0.18767848926782607,
    0.18618041330575943,
    0.1845574977993965,
    0.18295606034994125,
    0.1815196506381035,
    0.1796659939289093,
    0.178016814827919,
    0.17623098611831664,
    0.17404232436418535,
    0.17216903346776963,
    0.17056279504299163,
    0.16907657760381697,
    0.16754276275634766,
    0.1662408304810524,
    0.16510283529758454,
    0.16399595189094543,
    0.16236233919858933,
    0.161263618350029,
    0.1602661145925522,
    0.1592860243320465,
    0.15811689066886903,
    0.15664102125167848,
    0.15529046154022216,
    0.15416796886920928,
    0.1529017621278763,
    0.15158959156274796,
    0.1507124344110489,
    0.1499832915663719,
    0.1489007738828659,
    0.14783382207155227,
    0.146700237929821,
    0.14583610373735428,
    0.14527413994073868,
    0.14474577283859252,
    0.1441363151073456,
    0.1432999619245529,
    0.1422752451300621,
    0.14131874638795852,
    0.14027388817071915,
    0.13930787885189055,
    0.13820028632879258,
    0.13709946417808533,
    0.13633453071117402,
    0.1355595828294754,
    0.1348142868876457,
    0.13418559914827347,
    0.1335510328412056,
    0.13300274950265883,
    0.1325269032716751,
    0.13216633474826814,
    0.1317109144628048,
    0.13137708395719527,
    0.13102543395757676,
    0.13031317356228828,
    0.12942682689428328,
    0.12894463464617728,
    0.12869427609443665,
    0.12822479274868964,
    0.12725710389018058,
    0.12606800919771194,
    0.12543327111005784,
    0.12499702677130699,
    0.12466660594940185,
    0.12434814575314522,
    0.12410205799341202,
    0.12389270719885827,
    0.12372330835461616,
    0.12345436829328536,
    0.12300850626826286,
    0.12267230838537216,
    0.12254005473852157,
    0.12243504682183266,
    0.12225122505426407,
    0.12209731912612914,
    0.12189861500263215,
    0.12174737784266472,
    0.12168287175893784,
    0.12157007104158402,
    0.12129563802480697,
    0.12097002387046814,
    0.12074387979507446,
    0.12063782981038093,
    0.12056725630164146,
    0.12050225129723549,
    0.1203232596218586,
    0.11989108845591545,
    0.11969168949127197,
    0.11931279790401458,
    0.11890518006682396,
    0.11876405242085457,
    0.11866804665327071,
    0.1185001123547554,
    0.11837095645070075,
    0.11829206076264381,
    0.11825764977931977,
    0.11821243026852608,
    0.11807284703850746,
    0.1178936453461647,
    0.11782752075791358,
    0.11779471448063851,
    0.1177485965192318,
    0.11771132293343543,
    0.1176430175602436,
    0.11732493728399276,
    0.11710579466819764,
    0.11684634444117546,
    0.11662059023976326,
    0.11630889883637428,
    0.11618942713737487,
    0.11610974922776222,
    0.11605374592542649,
    0.11602577945590019,
    0.1159966018795967,
    0.11594928205013275,
    0.11592391270399094,
    0.11581357389688492,
    0.1156142218708992,
    0.11555535078048706,
    0.11543203923106193,
    0.1153078801035881,
    0.11520665720105171,
    0.11514440044760704,
    0.11511913546919823,
    0.11506766802072525,
    0.11504792052507401,
    0.11502207100391387,
    0.11497425699234008,
    0.11484088942408562,
    0.11472044229507446,
    0.11465246737003326,
    0.11462792691588401,
    0.114546312302351,
    0.11437043166160583,
    0.11427277648448944,
    0.11409087413549424,
    0.1136102135181427,
    0.11338502317667007,
    0.1133005932867527,
    0.11328059920668603,
    0.11324048393964767
  ],