group,b,N,batch,factor_idx,log_n,time_ms
single_factor,2,512,1,0,8,0.10393600463867188
single_factor,2,512,1,1,8,0.1285529613494873
single_factor,2,512,1,2,8,0.12849151611328125
single_factor,2,512,1,3,8,0.1275391960144043
single_factor,2,512,1,4,8,0.12785663604736328
single_factor,2,512,1,5,8,0.12776448249816894
single_factor,2,512,1,6,8,0.12712960243225097
single_factor,2,512,1,7,8,0.12827648162841798
single_factor,2,512,2,0,8,0.10559488296508789
single_factor,2,512,2,1,8,0.1279487991333008
single_factor,2,512,2,2,8,0.12776448249816894
single_factor,2,512,2,3,8,0.1283174419403076
single_factor,2,512,2,4,8,0.12761088371276855
single_factor,2,512,2,5,8,0.12858367919921876
single_factor,2,512,2,6,8,0.12749823570251465
single_factor,2,512,2,7,8,0.12710911750793458
single_factor,2,512,4,0,8,0.10545151710510253
single_factor,2,512,4,1,8,0.1277952003479004
single_factor,2,512,4,2,8,0.12738559722900392
single_factor,2,512,4,3,8,0.12737536430358887
single_factor,2,512,4,4,8,0.12703743934631348
single_factor,2,512,4,5,8,0.12807168006896974
single_factor,2,512,4,6,8,0.12721152305603028
single_factor,2,512,4,7,8,0.12750847816467284
single_factor,2,512,8,0,8,0.10613759994506836
single_factor,2,512,8,1,8,0.12750847816467284
single_factor,2,512,8,2,8,0.12726271629333497
single_factor,2,512,8,3,8,0.1273958396911621
single_factor,2,512,8,4,8,0.1275596809387207
single_factor,2,512,8,5,8,0.12784640312194825
single_factor,2,512,8,6,8,0.1275596809387207
single_factor,2,512,8,7,8,0.1277030372619629
single_factor,2,512,16,0,8,0.1063424015045166
single_factor,2,512,16,1,8,0.1277952003479004
single_factor,2,512,16,2,8,0.12890111923217773
single_factor,2,512,16,3,8,0.12810239791870118
single_factor,2,512,16,4,8,0.12769280433654784
single_factor,2,512,16,5,8,0.1274880027770996
single_factor,2,512,16,6,8,0.12771327972412108
single_factor,2,512,16,7,8,0.12849151611328125
single_factor,2,512,32,0,8,0.1053593635559082
single_factor,2,512,32,1,8,0.12809215545654296
single_factor,2,512,32,2,8,0.12796928405761718
single_factor,2,512,32,3,8,0.12775424003601074
single_factor,2,512,32,4,8,0.12724224090576172
single_factor,2,512,32,5,8,0.12744704246520996
single_factor,2,512,32,6,8,0.12709888458251953
single_factor,2,512,32,7,8,0.12744704246520996
single_factor,2,512,64,0,8,0.10490880012512208
single_factor,2,512,64,1,8,0.1275596809387207
single_factor,2,512,64,2,8,0.1278054428100586
single_factor,2,512,64,3,8,0.1276416015625
single_factor,2,512,64,4,8,0.12807168006896974
single_factor,2,512,64,5,8,0.1274060821533203
single_factor,2,512,64,6,8,0.12822527885437013
single_factor,2,512,64,7,8,0.12727295875549316
single_factor,2,512,128,0,8,0.10552319526672363
single_factor,2,512,128,1,8,0.1286963176727295
single_factor,2,512,128,2,8,0.1286451244354248
single_factor,2,512,128,3,8,0.1283276844024658
single_factor,2,512,128,4,8,0.12802047729492189
single_factor,2,512,128,5,8,0.1277030372619629
single_factor,2,512,128,6,8,0.12809215545654296
single_factor,2,512,128,7,8,0.12767231941223145
single_factor,2,512,256,0,8,0.10524671554565429
single_factor,2,512,256,1,8,0.12857343673706054
single_factor,2,512,256,2,8,0.12849151611328125
single_factor,2,512,256,3,8,0.12824576377868652
single_factor,2,512,256,4,8,0.12856320381164552
single_factor,2,512,256,5,8,0.12843008041381837
single_factor,2,512,256,6,8,0.12826623916625976
single_factor,2,512,256,7,8,0.12976127624511719
single_factor,2,512,512,0,8,0.10660863876342773
single_factor,2,512,512,1,8,0.12882944107055663
single_factor,2,512,512,2,8,0.1288806438446045
single_factor,2,512,512,3,8,0.12924927711486817
single_factor,2,512,512,4,8,0.12893183708190917
single_factor,2,512,512,5,8,0.12924927711486817
single_factor,2,512,512,6,8,0.12914688110351563
single_factor,2,512,512,7,8,0.12877823829650878
single_factor,2,512,1024,0,8,0.10591232299804687
single_factor,2,512,1024,1,8,0.12931072235107421
single_factor,2,512,1024,2,8,0.12980223655700684
single_factor,2,512,1024,3,8,0.1288806438446045
single_factor,2,512,1024,4,8,0.12906496047973634
single_factor,2,512,1024,5,8,0.12908543586730958
single_factor,2,512,1024,6,8,0.12896256446838378
single_factor,2,512,1024,7,8,0.12928000450134278
single_factor,2,512,2048,0,8,0.10622976303100586
single_factor,2,512,2048,1,8,0.13001728057861328
single_factor,2,512,2048,2,8,0.13005824089050294
single_factor,2,512,2048,3,8,0.13004799842834472
single_factor,2,512,2048,4,8,0.1303756809234619
single_factor,2,512,2048,5,8,0.12992511749267577
single_factor,2,512,2048,6,8,0.13054976463317872
single_factor,2,512,2048,7,8,0.13024255752563477
single_factor,2,512,4096,0,8,0.16975872039794923
single_factor,2,512,4096,1,8,0.17510400772094725
single_factor,2,512,4096,2,8,0.17532928466796874
single_factor,2,512,4096,3,8,0.17447935104370116
single_factor,2,512,4096,4,8,0.17674240112304687
single_factor,2,512,4096,5,8,0.17715200424194336
single_factor,2,512,4096,6,8,0.17878015518188475
single_factor,2,512,4096,7,8,0.1796403121948242
single_factor,2,1024,1,0,9,0.10155008316040039
single_factor,2,1024,1,1,9,0.1286348819732666
single_factor,2,1024,1,2,9,0.12759039878845216
single_factor,2,1024,1,3,9,0.12828672409057618
single_factor,2,1024,1,4,9,0.1277337646484375
single_factor,2,1024,1,5,9,0.12816384315490723
single_factor,2,1024,1,6,9,0.12751872062683106
single_factor,2,1024,1,7,9,0.12806143760681152
single_factor,2,1024,1,8,9,0.1278771209716797
single_factor,2,1024,2,0,9,0.10639360427856445
single_factor,2,1024,2,1,9,0.12803071975708008
single_factor,2,1024,2,2,9,0.12750847816467284
single_factor,2,1024,2,3,9,0.12793855667114257
single_factor,2,1024,2,4,9,0.12778495788574218
single_factor,2,1024,2,5,9,0.1275596809387207
single_factor,2,1024,2,6,9,0.12768256187438964
single_factor,2,1024,2,7,9,0.12717056274414062
single_factor,2,1024,2,8,9,0.12731391906738282
single_factor,2,1024,4,0,9,0.10656767845153808
single_factor,2,1024,4,1,9,0.1278771209716797
single_factor,2,1024,4,2,9,0.1285529613494873
single_factor,2,1024,4,3,9,0.12793855667114257
single_factor,2,1024,4,4,9,0.1283891201019287
single_factor,2,1024,4,5,9,0.12940287590026855
single_factor,2,1024,4,6,9,0.12881919860839844
single_factor,2,1024,4,7,9,0.12899328231811524
single_factor,2,1024,4,8,9,0.12793855667114257
single_factor,2,1024,8,0,9,0.10726400375366212
single_factor,2,1024,8,1,9,0.12896256446838378
single_factor,2,1024,8,2,9,0.12820480346679688
single_factor,2,1024,8,3,9,0.128788480758667
single_factor,2,1024,8,4,9,0.1284607982635498
single_factor,2,1024,8,5,9,0.12860416412353515
single_factor,2,1024,8,6,9,0.12882944107055663
single_factor,2,1024,8,7,9,0.1283891201019287
single_factor,2,1024,8,8,9,0.1284505558013916
single_factor,2,1024,16,0,9,0.10720255851745605
single_factor,2,1024,16,1,9,0.12891136169433592
single_factor,2,1024,16,2,9,0.12798975944519042
single_factor,2,1024,16,3,9,0.12783616065979003
single_factor,2,1024,16,4,9,0.12919808387756349
single_factor,2,1024,16,5,9,0.12983296394348146
single_factor,2,1024,16,6,9,0.12857343673706054
single_factor,2,1024,16,7,9,0.1279487991333008
single_factor,2,1024,16,8,9,0.12818431854248047
single_factor,2,1024,32,0,9,0.10575872421264648
single_factor,2,1024,32,1,9,0.12820480346679688
single_factor,2,1024,32,2,9,0.1288601589202881
single_factor,2,1024,32,3,9,0.12868608474731447
single_factor,2,1024,32,4,9,0.12866559982299805
single_factor,2,1024,32,5,9,0.12809215545654296
single_factor,2,1024,32,6,9,0.12837887763977052
single_factor,2,1024,32,7,9,0.12840959548950195
single_factor,2,1024,32,8,9,0.12797951698303223
single_factor,2,1024,64,0,9,0.10692607879638671
single_factor,2,1024,64,1,9,0.12725248336791992
single_factor,2,1024,64,2,9,0.1276518440246582
single_factor,2,1024,64,3,9,0.12856320381164552
single_factor,2,1024,64,4,9,0.12891136169433592
single_factor,2,1024,64,5,9,0.12775424003601074
single_factor,2,1024,64,6,9,0.12807168006896974
single_factor,2,1024,64,7,9,0.1277235221862793
single_factor,2,1024,64,8,9,0.1274777603149414
single_factor,2,1024,128,0,9,0.10563584327697755
single_factor,2,1024,128,1,9,0.12823552131652832
single_factor,2,1024,128,2,9,0.12852224349975586
single_factor,2,1024,128,3,9,0.12906496047973634
single_factor,2,1024,128,4,9,0.128471040725708
single_factor,2,1024,128,5,9,0.12835840225219727
single_factor,2,1024,128,6,9,0.12851200103759766
single_factor,2,1024,128,7,9,0.1283276844024658
single_factor,2,1024,128,8,9,0.12817407608032227
single_factor,2,1024,256,0,9,0.10598400115966797
single_factor,2,1024,256,1,9,0.12905471801757812
single_factor,2,1024,256,2,9,0.12865535736083986
single_factor,2,1024,256,3,9,0.12852224349975586
single_factor,2,1024,256,4,9,0.128788480758667
single_factor,2,1024,256,5,9,0.12841983795166015
single_factor,2,1024,256,6,9,0.12907520294189453
single_factor,2,1024,256,7,9,0.12876799583435058
single_factor,2,1024,256,8,9,0.12914688110351563
single_factor,2,1024,512,0,9,0.1064243221282959
single_factor,2,1024,512,1,9,0.12956671714782714
single_factor,2,1024,512,2,9,0.1297817611694336
single_factor,2,1024,512,3,9,0.12957695960998536
single_factor,2,1024,512,4,9,0.12930047988891602
single_factor,2,1024,512,5,9,0.12904447555541992
single_factor,2,1024,512,6,9,0.12965888023376465
single_factor,2,1024,512,7,9,0.1293619155883789
single_factor,2,1024,512,8,9,0.12957695960998536
single_factor,2,1024,1024,0,9,0.10776576042175293
single_factor,2,1024,1024,1,9,0.1303859233856201
single_factor,2,1024,1024,2,9,0.17760255813598633
single_factor,2,1024,1024,3,9,0.24173568725585937
single_factor,2,1024,1024,4,9,0.2488934326171875
single_factor,2,1024,1024,5,9,0.24723455429077149
single_factor,2,1024,1024,6,9,0.2500812721252441
single_factor,2,1024,1024,7,9,0.24948736190795898
single_factor,2,1024,1024,8,9,0.25378816604614257
single_factor,2,1024,2048,0,9,0.22006784439086913
single_factor,2,1024,2048,1,9,0.18106367111206054
single_factor,2,1024,2048,2,9,0.17546239852905274
single_factor,2,1024,2048,3,9,0.17502208709716796
single_factor,2,1024,2048,4,9,0.17723392486572265
single_factor,2,1024,2048,5,9,0.1779916763305664
single_factor,2,1024,2048,6,9,0.17929216384887695
single_factor,2,1024,2048,7,9,0.18088960647583008
single_factor,2,1024,2048,8,9,0.18149375915527344
single_factor,2,1024,4096,0,9,0.33993728637695314
single_factor,2,1024,4096,1,9,0.35769344329833985
single_factor,2,1024,4096,2,9,0.35785728454589844
single_factor,2,1024,4096,3,9,0.356044807434082
single_factor,2,1024,4096,4,9,0.35943424224853515
single_factor,2,1024,4096,5,9,0.35994625091552734
single_factor,2,1024,4096,6,9,0.35981311798095705
single_factor,2,1024,4096,7,9,0.3628134536743164
single_factor,2,1024,4096,8,9,0.36334590911865233
single_factor,2,2048,1,0,10,0.10186752319335937
single_factor,2,2048,1,1,10,0.12801024436950684
single_factor,2,2048,1,2,10,0.1277030372619629
single_factor,2,2048,1,3,10,0.12756992340087892
single_factor,2,2048,1,4,10,0.12790783882141113
single_factor,2,2048,1,5,10,0.12761088371276855
single_factor,2,2048,1,6,10,0.12691455841064453
single_factor,2,2048,1,7,10,0.12741632461547853
single_factor,2,2048,1,8,10,0.12718079566955567
single_factor,2,2048,1,9,10,0.12768256187438964
single_factor,2,2048,2,0,10,0.10590208053588868
single_factor,2,2048,2,1,10,0.12823552131652832
single_factor,2,2048,2,2,10,0.12771327972412108
single_factor,2,2048,2,3,10,0.12774399757385255
single_factor,2,2048,2,4,10,0.12716032028198243
single_factor,2,2048,2,5,10,0.12737536430358887
single_factor,2,2048,2,6,10,0.12761088371276855
single_factor,2,2048,2,7,10,0.12761088371276855
single_factor,2,2048,2,8,10,0.12760064125061035
single_factor,2,2048,2,9,10,0.12775424003601074
single_factor,2,2048,4,0,10,0.10587136268615722
single_factor,2,2048,4,1,10,0.12830719947814942
single_factor,2,2048,4,2,10,0.12826623916625976
single_factor,2,2048,4,3,10,0.1274060821533203
single_factor,2,2048,4,4,10,0.1278054428100586
single_factor,2,2048,4,5,10,0.12751872062683106
single_factor,2,2048,4,6,10,0.127324161529541
single_factor,2,2048,4,7,10,0.12836864471435547
single_factor,2,2048,4,8,10,0.1275391960144043
single_factor,2,2048,4,9,10,0.1278873634338379
single_factor,2,2048,8,0,10,0.10553343772888184
single_factor,2,2048,8,1,10,0.12791808128356932
single_factor,2,2048,8,2,10,0.1276416015625
single_factor,2,2048,8,3,10,0.1273036766052246
single_factor,2,2048,8,4,10,0.12785663604736328
single_factor,2,2048,8,5,10,0.1278873634338379
single_factor,2,2048,8,6,10,0.12784640312194825
single_factor,2,2048,8,7,10,0.12790783882141113
single_factor,2,2048,8,8,10,0.12768256187438964
single_factor,2,2048,8,9,10,0.12776448249816894
single_factor,2,2048,16,0,10,0.10595328330993653
single_factor,2,2048,16,1,10,0.12783616065979003
single_factor,2,2048,16,2,10,0.12759039878845216
single_factor,2,2048,16,3,10,0.12724224090576172
single_factor,2,2048,16,4,10,0.12784640312194825
single_factor,2,2048,16,5,10,0.1277235221862793
single_factor,2,2048,16,6,10,0.12744704246520996
single_factor,2,2048,16,7,10,0.1276416015625
single_factor,2,2048,16,8,10,0.12718079566955567
single_factor,2,2048,16,9,10,0.1272217559814453
single_factor,2,2048,32,0,10,0.10597375869750976
single_factor,2,2048,32,1,10,0.12823552131652832
single_factor,2,2048,32,2,10,0.12796928405761718
single_factor,2,2048,32,3,10,0.1279487991333008
single_factor,2,2048,32,4,10,0.12800000190734864
single_factor,2,2048,32,5,10,0.1278771209716797
single_factor,2,2048,32,6,10,0.12796928405761718
single_factor,2,2048,32,7,10,0.1279487991333008
single_factor,2,2048,32,8,10,0.1282150363922119
single_factor,2,2048,32,9,10,0.1276416015625
single_factor,2,2048,64,0,10,0.1054412841796875
single_factor,2,2048,64,1,10,0.12783616065979003
single_factor,2,2048,64,2,10,0.12789759635925294
single_factor,2,2048,64,3,10,0.12823552131652832
single_factor,2,2048,64,4,10,0.12802047729492189
single_factor,2,2048,64,5,10,0.12803071975708008
single_factor,2,2048,64,6,10,0.12860416412353515
single_factor,2,2048,64,7,10,0.1275494384765625
single_factor,2,2048,64,8,10,0.1283891201019287
single_factor,2,2048,64,9,10,0.1278668785095215
single_factor,2,2048,128,0,10,0.10764287948608399
single_factor,2,2048,128,1,10,0.12727295875549316
single_factor,2,2048,128,2,10,0.12849151611328125
single_factor,2,2048,128,3,10,0.1278054428100586
single_factor,2,2048,128,4,10,0.12809215545654296
single_factor,2,2048,128,5,10,0.12775424003601074
single_factor,2,2048,128,6,10,0.12801024436950684
single_factor,2,2048,128,7,10,0.12756992340087892
single_factor,2,2048,128,8,10,0.12866559982299805
single_factor,2,2048,128,9,10,0.12800000190734864
single_factor,2,2048,256,0,10,0.10557439804077148
single_factor,2,2048,256,1,10,0.1285427188873291
single_factor,2,2048,256,2,10,0.12849151611328125
single_factor,2,2048,256,3,10,0.13054976463317872
single_factor,2,2048,256,4,10,0.12851200103759766
single_factor,2,2048,256,5,10,0.12818431854248047
single_factor,2,2048,256,6,10,0.1277952003479004
single_factor,2,2048,256,7,10,0.12815360069274903
single_factor,2,2048,256,8,10,0.12924927711486817
single_factor,2,2048,256,9,10,0.12875776290893554
single_factor,2,2048,512,0,10,0.10622976303100586
single_factor,2,2048,512,1,10,0.1298534393310547
single_factor,2,2048,512,2,10,0.12966912269592284
single_factor,2,2048,512,3,10,0.12943360328674317
single_factor,2,2048,512,4,10,0.12964863777160646
single_factor,2,2048,512,5,10,0.1294643211364746
single_factor,2,2048,512,6,10,0.12988415718078614
single_factor,2,2048,512,7,10,0.12924927711486817
single_factor,2,2048,512,8,10,0.12958720207214355
single_factor,2,2048,512,9,10,0.13030400276184081
single_factor,2,2048,1024,0,10,0.1703219223022461
single_factor,2,2048,1024,1,10,0.17557504653930664
single_factor,2,2048,1024,2,10,0.17567743301391603
single_factor,2,2048,1024,3,10,0.17530879974365235
single_factor,2,2048,1024,4,10,0.17736703872680665
single_factor,2,2048,1024,5,10,0.1779916763305664
single_factor,2,2048,1024,6,10,0.17953792572021485
single_factor,2,2048,1024,7,10,0.18193407058715821
single_factor,2,2048,1024,8,10,0.18284543991088867
single_factor,2,2048,1024,9,10,0.1827225685119629
single_factor,2,2048,2048,0,10,0.3484364700317383
single_factor,2,2048,2048,1,10,0.35773441314697263
single_factor,2,2048,2048,2,10,0.35767295837402346
single_factor,2,2048,2048,3,10,0.35646465301513675
single_factor,2,2048,2048,4,10,0.35774463653564453
single_factor,2,2048,2048,5,10,0.3590143966674805
single_factor,2,2048,2048,6,10,0.35986431121826173
single_factor,2,2048,2048,7,10,0.3608780670166016
single_factor,2,2048,2048,8,10,0.3624140930175781
single_factor,2,2048,2048,9,10,0.3621478271484375
single_factor,2,2048,4096,0,10,0.6703001403808594
single_factor,2,2048,4096,1,10,0.7001395416259766
single_factor,2,2048,4096,2,10,0.7003238677978516
single_factor,2,2048,4096,3,10,0.6968115234375
single_factor,2,2048,4096,4,10,0.699688949584961
single_factor,2,2048,4096,5,10,0.7054233551025391
single_factor,2,2048,4096,6,10,0.7063142395019532
single_factor,2,2048,4096,7,10,0.7062118530273438
single_factor,2,2048,4096,8,10,0.7071846771240234
single_factor,2,2048,4096,9,10,0.7064575958251953
single_factor,2,4096,1,0,11,0.10221568107604981
single_factor,2,4096,1,1,11,0.12922880172729492
single_factor,2,4096,1,2,11,0.12819456100463866
single_factor,2,4096,1,3,11,0.12826623916625976
single_factor,2,4096,1,4,11,0.12828672409057618
single_factor,2,4096,1,5,11,0.12834815979003905
single_factor,2,4096,1,6,11,0.12875776290893554
single_factor,2,4096,1,7,11,0.1282969570159912
single_factor,2,4096,1,8,11,0.12860416412353515
single_factor,2,4096,1,9,11,0.12856320381164552
single_factor,2,4096,1,10,11,0.1278873634338379
single_factor,2,4096,2,0,11,0.10555392265319824
single_factor,2,4096,2,1,11,0.12781567573547364
single_factor,2,4096,2,2,11,0.12767231941223145
single_factor,2,4096,2,3,11,0.12784640312194825
single_factor,2,4096,2,4,11,0.12720128059387206
single_factor,2,4096,2,5,11,0.12717056274414062
single_factor,2,4096,2,6,11,0.127457275390625
single_factor,2,4096,2,7,11,0.12758015632629394
single_factor,2,4096,2,8,11,0.12723199844360353
single_factor,2,4096,2,9,11,0.1281433582305908
single_factor,2,4096,2,10,11,0.1276211166381836
single_factor,2,4096,4,0,11,0.10515456199645996
single_factor,2,4096,4,1,11,0.12850175857543944
single_factor,2,4096,4,2,11,0.12840959548950195
single_factor,2,4096,4,3,11,0.12867584228515624
single_factor,2,4096,4,4,11,0.12851200103759766
single_factor,2,4096,4,5,11,0.12798975944519042
single_factor,2,4096,4,6,11,0.12870656013488768
single_factor,2,4096,4,7,11,0.12808192253112793
single_factor,2,4096,4,8,11,0.1279487991333008
single_factor,2,4096,4,9,11,0.12883968353271485
single_factor,2,4096,4,10,11,0.12826623916625976
single_factor,2,4096,8,0,11,0.10564607620239258
single_factor,2,4096,8,1,11,0.1275391960144043
single_factor,2,4096,8,2,11,0.127457275390625
single_factor,2,4096,8,3,11,0.12751872062683106
single_factor,2,4096,8,4,11,0.12731391906738282
single_factor,2,4096,8,5,11,0.12798975944519042
single_factor,2,4096,8,6,11,0.12687359809875487
single_factor,2,4096,8,7,11,0.12775424003601074
single_factor,2,4096,8,8,11,0.12884991645812988
single_factor,2,4096,8,9,11,0.1282150363922119
single_factor,2,4096,8,10,11,0.12769280433654784
single_factor,2,4096,16,0,11,0.10573823928833008
single_factor,2,4096,16,1,11,0.1278771209716797
single_factor,2,4096,16,2,11,0.12801024436950684
single_factor,2,4096,16,3,11,0.12782591819763184
single_factor,2,4096,16,4,11,0.12822527885437013
single_factor,2,4096,16,5,11,0.12767231941223145
single_factor,2,4096,16,6,11,0.12808192253112793
single_factor,2,4096,16,7,11,0.12775424003601074
single_factor,2,4096,16,8,11,0.12743680000305177
single_factor,2,4096,16,9,11,0.12774399757385255
single_factor,2,4096,16,10,11,0.12790783882141113
single_factor,2,4096,32,0,11,0.10575872421264648
single_factor,2,4096,32,1,11,0.12818431854248047
single_factor,2,4096,32,2,11,0.1283891201019287
single_factor,2,4096,32,3,11,0.12775424003601074
single_factor,2,4096,32,4,11,0.1278771209716797
single_factor,2,4096,32,5,11,0.1277952003479004
single_factor,2,4096,32,6,11,0.12804096221923827
single_factor,2,4096,32,7,11,0.1284607982635498
single_factor,2,4096,32,8,11,0.12915712356567383
single_factor,2,4096,32,9,11,0.12876799583435058
single_factor,2,4096,32,10,11,0.12860416412353515
single_factor,2,4096,64,0,11,0.10587136268615722
single_factor,2,4096,64,1,11,0.1285529613494873
single_factor,2,4096,64,2,11,0.1278054428100586
single_factor,2,4096,64,3,11,0.1286963176727295
single_factor,2,4096,64,4,11,0.12834815979003905
single_factor,2,4096,64,5,11,0.1275596809387207
single_factor,2,4096,64,6,11,0.12937215805053712
single_factor,2,4096,64,7,11,0.12790783882141113
single_factor,2,4096,64,8,11,0.12808192253112793
single_factor,2,4096,64,9,11,0.12830719947814942
single_factor,2,4096,64,10,11,0.12872703552246093
single_factor,2,4096,128,0,11,0.10604543685913086
single_factor,2,4096,128,1,11,0.12815360069274903
single_factor,2,4096,128,2,11,0.1276211166381836
single_factor,2,4096,128,3,11,0.12771327972412108
single_factor,2,4096,128,4,11,0.12806143760681152
single_factor,2,4096,128,5,11,0.1278668785095215
single_factor,2,4096,128,6,11,0.12803071975708008
single_factor,2,4096,128,7,11,0.1285324764251709
single_factor,2,4096,128,8,11,0.1282150363922119
single_factor,2,4096,128,9,11,0.1294643211364746
single_factor,2,4096,128,10,11,0.1280512046813965
single_factor,2,4096,256,0,11,0.10612735748291016
single_factor,2,4096,256,1,11,0.13273088455200197
single_factor,2,4096,256,2,11,0.12992511749267577
single_factor,2,4096,256,3,11,0.1302015972137451
single_factor,2,4096,256,4,11,0.1296076774597168
single_factor,2,4096,256,5,11,0.13066240310668945
single_factor,2,4096,256,6,11,0.12975104331970214
single_factor,2,4096,256,7,11,0.1297817611694336
single_factor,2,4096,256,8,11,0.13006848335266114
single_factor,2,4096,256,9,11,0.1302732753753662
single_factor,2,4096,256,10,11,0.13048831939697267
single_factor,2,4096,512,0,11,0.1701068878173828
single_factor,2,4096,512,1,11,0.17556480407714845
single_factor,2,4096,512,2,11,0.17561599731445313
single_factor,2,4096,512,3,11,0.17530879974365235
single_factor,2,4096,512,4,11,0.17743871688842774
single_factor,2,4096,512,5,11,0.1782067108154297
single_factor,2,4096,512,6,11,0.17960960388183594
single_factor,2,4096,512,7,11,0.18165760040283202
single_factor,2,4096,512,8,11,0.1818111991882324
single_factor,2,4096,512,9,11,0.1838591957092285
single_factor,2,4096,512,10,11,0.1816268730163574
single_factor,2,4096,1024,0,11,0.34408447265625
single_factor,2,4096,1024,1,11,0.359628791809082
single_factor,2,4096,1024,2,11,0.35956737518310544
single_factor,2,4096,1024,3,11,0.35900417327880857
single_factor,2,4096,1024,4,11,0.3607551956176758
single_factor,2,4096,1024,5,11,0.36159488677978513
single_factor,2,4096,1024,6,11,0.3623628616333008
single_factor,2,4096,1024,7,11,0.3647999954223633
single_factor,2,4096,1024,8,11,0.36380672454833984
single_factor,2,4096,1024,9,11,0.3672166442871094
single_factor,2,4096,1024,10,11,0.3623014450073242
single_factor,2,4096,2048,0,11,0.6825164794921875
single_factor,2,4096,2048,1,11,0.7026995086669922
single_factor,2,4096,2048,2,11,0.7170764923095703
single_factor,2,4096,2048,3,11,0.7009792327880859
single_factor,2,4096,2048,4,11,0.7173939514160156
single_factor,2,4096,2048,5,11,0.7071129608154297
single_factor,2,4096,2048,6,11,0.7104716491699219
single_factor,2,4096,2048,7,11,0.7096115112304687
single_factor,2,4096,2048,8,11,0.7063552093505859
single_factor,2,4096,2048,9,11,0.7124992370605469
single_factor,2,4096,2048,10,11,0.717291488647461
single_factor,2,4096,4096,0,11,1.3283737182617188
single_factor,2,4096,4096,1,11,1.3875712585449218
single_factor,2,4096,4096,2,11,1.3877145385742187
single_factor,2,4096,4096,3,11,1.38176513671875
single_factor,2,4096,4096,4,11,1.3896908569335937
single_factor,2,4096,4096,5,11,1.4022451782226562
single_factor,2,4096,4096,6,11,1.4031462097167968
single_factor,2,4096,4096,7,11,1.405306854248047
single_factor,2,4096,4096,8,11,1.3959373474121093
single_factor,2,4096,4096,9,11,1.4092697143554687
single_factor,2,4096,4096,10,11,1.3898751831054688
single_factor,4,512,1,0,7,0.10196991920471192
single_factor,4,512,1,1,7,0.12914688110351563
single_factor,4,512,1,2,7,0.12867584228515624
single_factor,4,512,1,3,7,0.12841983795166015
single_factor,4,512,1,4,7,0.12875776290893554
single_factor,4,512,1,5,7,0.12822527885437013
single_factor,4,512,1,6,7,0.12783616065979003
single_factor,4,512,2,0,7,0.10574848175048829
single_factor,4,512,2,1,7,0.12758015632629394
single_factor,4,512,2,2,7,0.1273958396911621
single_factor,4,512,2,3,7,0.12743680000305177
single_factor,4,512,2,4,7,0.12793855667114257
single_factor,4,512,2,5,7,0.1274880027770996
single_factor,4,512,2,6,7,0.12693504333496095
single_factor,4,512,4,0,7,0.10557439804077148
single_factor,4,512,4,1,7,0.12803071975708008
single_factor,4,512,4,2,7,0.12760064125061035
single_factor,4,512,4,3,7,0.1276416015625
single_factor,4,512,4,4,7,0.1272217559814453
single_factor,4,512,4,5,7,0.12776448249816894
single_factor,4,512,4,6,7,0.1278771209716797
single_factor,4,512,8,0,7,0.10540032386779785
single_factor,4,512,8,1,7,0.1277030372619629
single_factor,4,512,8,2,7,0.12720128059387206
single_factor,4,512,8,3,7,0.12738559722900392
single_factor,4,512,8,4,7,0.12820480346679688
single_factor,4,512,8,5,7,0.1274675178527832
single_factor,4,512,8,6,7,0.12735487937927245
single_factor,4,512,16,0,7,0.10477567672729492
single_factor,4,512,16,1,7,0.12727295875549316
single_factor,4,512,16,2,7,0.12744704246520996
single_factor,4,512,16,3,7,0.12744704246520996
single_factor,4,512,16,4,7,0.1276211166381836
single_factor,4,512,16,5,7,0.12734463691711426
single_factor,4,512,16,6,7,0.12724224090576172
single_factor,4,512,32,0,7,0.10502143859863282
single_factor,4,512,32,1,7,0.12801024436950684
single_factor,4,512,32,2,7,0.1274880027770996
single_factor,4,512,32,3,7,0.12797951698303223
single_factor,4,512,32,4,7,0.1283993625640869
single_factor,4,512,32,5,7,0.12833791732788086
single_factor,4,512,32,6,7,0.12866559982299805
single_factor,4,512,64,0,7,0.10583040237426758
single_factor,4,512,64,1,7,0.12834815979003905
single_factor,4,512,64,2,7,0.12801024436950684
single_factor,4,512,64,3,7,0.12808192253112793
single_factor,4,512,64,4,7,0.12816384315490723
single_factor,4,512,64,5,7,0.12759039878845216
single_factor,4,512,64,6,7,0.12944383621215821
single_factor,4,512,128,0,7,0.10584063529968261
single_factor,4,512,128,1,7,0.12791808128356932
single_factor,4,512,128,2,7,0.1283993625640869
single_factor,4,512,128,3,7,0.12793855667114257
single_factor,4,512,128,4,7,0.12778495788574218
single_factor,4,512,128,5,7,0.12793855667114257
single_factor,4,512,128,6,7,0.12738559722900392
single_factor,4,512,256,0,7,0.10502143859863282
single_factor,4,512,256,1,7,0.1280512046813965
single_factor,4,512,256,2,7,0.12759039878845216
single_factor,4,512,256,3,7,0.12783616065979003
single_factor,4,512,256,4,7,0.12790783882141113
single_factor,4,512,256,5,7,0.12809215545654296
single_factor,4,512,256,6,7,0.12749823570251465
single_factor,4,512,512,0,7,0.10717184066772462
single_factor,4,512,512,1,7,0.12811264038085937
single_factor,4,512,512,2,7,0.12790783882141113
single_factor,4,512,512,3,7,0.12870656013488768
single_factor,4,512,512,4,7,0.12859392166137695
single_factor,4,512,512,5,7,0.12813311576843261
single_factor,4,512,512,6,7,0.1291366386413574
single_factor,4,512,1024,0,7,0.10614784240722656
single_factor,4,512,1024,1,7,0.12874752044677734
single_factor,4,512,1024,2,7,0.12898303985595702
single_factor,4,512,1024,3,7,0.12868608474731447
single_factor,4,512,1024,4,7,0.12922880172729492
single_factor,4,512,1024,5,7,0.128788480758667
single_factor,4,512,1024,6,7,0.12860416412353515
single_factor,4,512,2048,0,7,0.10569727897644043
single_factor,4,512,2048,1,7,0.1303551959991455
single_factor,4,512,2048,2,7,0.13064191818237306
single_factor,4,512,2048,3,7,0.12974080085754394
single_factor,4,512,2048,4,7,0.13007871627807618
single_factor,4,512,2048,5,7,0.12981247901916504
single_factor,4,512,2048,6,7,0.1295359992980957
single_factor,4,512,4096,0,7,0.12637184143066407
single_factor,4,512,4096,1,7,0.13023232460021972
single_factor,4,512,4096,2,7,0.13050880432128906
single_factor,4,512,4096,3,7,0.12965888023376465
single_factor,4,512,4096,4,7,0.1306931209564209
single_factor,4,512,4096,5,7,0.12977151870727538
single_factor,4,512,4096,6,7,0.1293824005126953
single_factor,4,1024,1,0,8,0.10164223670959473
single_factor,4,1024,1,1,8,0.12810239791870118
single_factor,4,1024,1,2,8,0.12801024436950684
single_factor,4,1024,1,3,8,0.12825599670410157
single_factor,4,1024,1,4,8,0.12816384315490723
single_factor,4,1024,1,5,8,0.12836864471435547
single_factor,4,1024,1,6,8,0.12844032287597656
single_factor,4,1024,1,7,8,0.12811264038085937
single_factor,4,1024,2,0,8,0.10669055938720703
single_factor,4,1024,2,1,8,0.12918784141540526
single_factor,4,1024,2,2,8,0.12807168006896974
single_factor,4,1024,2,3,8,0.12791808128356932
single_factor,4,1024,2,4,8,0.1275391960144043
single_factor,4,1024,2,5,8,0.12777471542358398
single_factor,4,1024,2,6,8,0.1276211166381836
single_factor,4,1024,2,7,8,0.12761088371276855
single_factor,4,1024,4,0,8,0.1054207992553711
single_factor,4,1024,4,1,8,0.12798975944519042
single_factor,4,1024,4,2,8,0.12777471542358398
single_factor,4,1024,4,3,8,0.12800000190734864
single_factor,4,1024,4,4,8,0.12750847816467284
single_factor,4,1024,4,5,8,0.12807168006896974
single_factor,4,1024,4,6,8,0.12789759635925294
single_factor,4,1024,4,7,8,0.12803071975708008
single_factor,4,1024,8,0,8,0.10571776390075684
single_factor,4,1024,8,1,8,0.12781567573547364
single_factor,4,1024,8,2,8,0.12790783882141113
single_factor,4,1024,8,3,8,0.1277337646484375
single_factor,4,1024,8,4,8,0.12731391906738282
single_factor,4,1024,8,5,8,0.12781567573547364
single_factor,4,1024,8,6,8,0.12784640312194825
single_factor,4,1024,8,7,8,0.12751872062683106
single_factor,4,1024,16,0,8,0.10567680358886719
single_factor,4,1024,16,1,8,0.12782591819763184
single_factor,4,1024,16,2,8,0.12760064125061035
single_factor,4,1024,16,3,8,0.12750847816467284
single_factor,4,1024,16,4,8,0.12749823570251465
single_factor,4,1024,16,5,8,0.12782591819763184
single_factor,4,1024,16,6,8,0.12751872062683106
single_factor,4,1024,16,7,8,0.12803071975708008
single_factor,4,1024,32,0,8,0.10575872421264648
single_factor,4,1024,32,1,8,0.1280512046813965
single_factor,4,1024,32,2,8,0.12816384315490723
single_factor,4,1024,32,3,8,0.12734463691711426
single_factor,4,1024,32,4,8,0.12744704246520996
single_factor,4,1024,32,5,8,0.12776448249816894
single_factor,4,1024,32,6,8,0.12759039878845216
single_factor,4,1024,32,7,8,0.12796928405761718
single_factor,4,1024,64,0,8,0.10560511589050293
single_factor,4,1024,64,1,8,0.12777471542358398
single_factor,4,1024,64,2,8,0.1285529613494873
single_factor,4,1024,64,3,8,0.12819456100463866
single_factor,4,1024,64,4,8,0.12751872062683106
single_factor,4,1024,64,5,8,0.12749823570251465
single_factor,4,1024,64,6,8,0.12792832374572755
single_factor,4,1024,64,7,8,0.1273036766052246
single_factor,4,1024,128,0,8,0.10493951797485351
single_factor,4,1024,128,1,8,0.1278054428100586
single_factor,4,1024,128,2,8,0.12807168006896974
single_factor,4,1024,128,3,8,0.12801024436950684
single_factor,4,1024,128,4,8,0.12856320381164552
single_factor,4,1024,128,5,8,0.12751872062683106
single_factor,4,1024,128,6,8,0.1287987232208252
single_factor,4,1024,128,7,8,0.12777471542358398
single_factor,4,1024,256,0,8,0.1064140796661377
single_factor,4,1024,256,1,8,0.12828672409057618
single_factor,4,1024,256,2,8,0.1286246395111084
single_factor,4,1024,256,3,8,0.1281433582305908
single_factor,4,1024,256,4,8,0.12837887763977052
single_factor,4,1024,256,5,8,0.1276518440246582
single_factor,4,1024,256,6,8,0.1283174419403076
single_factor,4,1024,256,7,8,0.1276518440246582
single_factor,4,1024,512,0,8,0.10561535835266113
single_factor,4,1024,512,1,8,0.12835840225219727
single_factor,4,1024,512,2,8,0.12850175857543944
single_factor,4,1024,512,3,8,0.12850175857543944
single_factor,4,1024,512,4,8,0.12796928405761718
single_factor,4,1024,512,5,8,0.12909567832946778
single_factor,4,1024,512,6,8,0.12806143760681152
single_factor,4,1024,512,7,8,0.1283174419403076
single_factor,4,1024,1024,0,8,0.10561535835266113
single_factor,4,1024,1024,1,8,0.1294643211364746
single_factor,4,1024,1024,2,8,0.12923904418945312
single_factor,4,1024,1024,3,8,0.12918784141540526
single_factor,4,1024,1024,4,8,0.12908543586730958
single_factor,4,1024,1024,5,8,0.12934144020080565
single_factor,4,1024,1024,6,8,0.1295257568359375
single_factor,4,1024,1024,7,8,0.1286348819732666
single_factor,4,1024,2048,0,8,0.1263308811187744
single_factor,4,1024,2048,1,8,0.13009920120239257
single_factor,4,1024,2048,2,8,0.1295257568359375
single_factor,4,1024,2048,3,8,0.130129919052124
single_factor,4,1024,2048,4,8,0.1295462417602539
single_factor,4,1024,2048,5,8,0.12963839530944823
single_factor,4,1024,2048,6,8,0.12898303985595702
single_factor,4,1024,2048,7,8,0.12923904418945312
single_factor,4,1024,4096,0,8,0.2523135948181152
single_factor,4,1024,4096,1,8,0.2103603172302246
single_factor,4,1024,4096,2,8,0.2088140869140625
single_factor,4,1024,4096,3,8,0.20934656143188476
single_factor,4,1024,4096,4,8,0.2109440040588379
single_factor,4,1024,4096,5,8,0.20800512313842773
single_factor,4,1024,4096,6,8,0.21344255447387694
single_factor,4,1024,4096,7,8,0.21265407562255859
single_factor,4,2048,1,0,9,0.10168319702148437
single_factor,4,2048,1,1,9,0.12789759635925294
single_factor,4,2048,1,2,9,0.12836864471435547
single_factor,4,2048,1,3,9,0.12796928405761718
single_factor,4,2048,1,4,9,0.12776448249816894
single_factor,4,2048,1,5,9,0.12789759635925294
single_factor,4,2048,1,6,9,0.12768256187438964
single_factor,4,2048,1,7,9,0.12792832374572755
single_factor,4,2048,1,8,9,0.12741632461547853
single_factor,4,2048,2,0,9,0.10561535835266113
single_factor,4,2048,2,1,9,0.12815360069274903
single_factor,4,2048,2,2,9,0.12743680000305177
single_factor,4,2048,2,3,9,0.12798975944519042
single_factor,4,2048,2,4,9,0.12738559722900392
single_factor,4,2048,2,5,9,0.12749823570251465
single_factor,4,2048,2,6,9,0.127457275390625
single_factor,4,2048,2,7,9,0.12782591819763184
single_factor,4,2048,2,8,9,0.12910592079162597
single_factor,4,2048,4,0,9,0.10534912109375
single_factor,4,2048,4,1,9,0.1277337646484375
single_factor,4,2048,4,2,9,0.12795904159545898
single_factor,4,2048,4,3,9,0.12731391906738282
single_factor,4,2048,4,4,9,0.12851200103759766
single_factor,4,2048,4,5,9,0.1274675178527832
single_factor,4,2048,4,6,9,0.12803071975708008
single_factor,4,2048,4,7,9,0.1280512046813965
single_factor,4,2048,4,8,9,0.1273036766052246
single_factor,4,2048,8,0,9,0.10554368019104005
single_factor,4,2048,8,1,9,0.12815360069274903
single_factor,4,2048,8,2,9,0.12816384315490723
single_factor,4,2048,8,3,9,0.12828672409057618
single_factor,4,2048,8,4,9,0.12801024436950684
single_factor,4,2048,8,5,9,0.12816384315490723
single_factor,4,2048,8,6,9,0.1284607982635498
single_factor,4,2048,8,7,9,0.12911616325378417
single_factor,4,2048,8,8,9,0.1278668785095215
single_factor,4,2048,16,0,9,0.10499072074890137
single_factor,4,2048,16,1,9,0.12790783882141113
single_factor,4,2048,16,2,9,0.12767231941223145
single_factor,4,2048,16,3,9,0.12776448249816894
single_factor,4,2048,16,4,9,0.12811264038085937
single_factor,4,2048,16,5,9,0.12756992340087892
single_factor,4,2048,16,6,9,0.1280512046813965
single_factor,4,2048,16,7,9,0.1278054428100586
single_factor,4,2048,16,8,9,0.12742655754089355
single_factor,4,2048,32,0,9,0.10559488296508789
single_factor,4,2048,32,1,9,0.1283993625640869
single_factor,4,2048,32,2,9,0.12820480346679688
single_factor,4,2048,32,3,9,0.12769280433654784
single_factor,4,2048,32,4,9,0.12807168006896974
single_factor,4,2048,32,5,9,0.128471040725708
single_factor,4,2048,32,6,9,0.12789759635925294
single_factor,4,2048,32,7,9,0.1284505558013916
single_factor,4,2048,32,8,9,0.12690431594848633
single_factor,4,2048,64,0,9,0.10489855766296387
single_factor,4,2048,64,1,9,0.12873727798461915
single_factor,4,2048,64,2,9,0.1277235221862793
single_factor,4,2048,64,3,9,0.12767231941223145
single_factor,4,2048,64,4,9,0.1277030372619629
single_factor,4,2048,64,5,9,0.12812288284301757
single_factor,4,2048,64,6,9,0.1283174419403076
single_factor,4,2048,64,7,9,0.12810239791870118
single_factor,4,2048,64,8,9,0.12775424003601074
single_factor,4,2048,128,0,9,0.10600447654724121
single_factor,4,2048,128,1,9,0.1279487991333008
single_factor,4,2048,128,2,9,0.12804096221923827
single_factor,4,2048,128,3,9,0.1276313591003418
single_factor,4,2048,128,4,9,0.12804096221923827
single_factor,4,2048,128,5,9,0.1276211166381836
single_factor,4,2048,128,6,9,0.12782591819763184
single_factor,4,2048,128,7,9,0.12798975944519042
single_factor,4,2048,128,8,9,0.1274675178527832
single_factor,4,2048,256,0,9,0.10502143859863282
single_factor,4,2048,256,1,9,0.12881919860839844
single_factor,4,2048,256,2,9,0.12817407608032227
single_factor,4,2048,256,3,9,0.12880895614624024
single_factor,4,2048,256,4,9,0.1283891201019287
single_factor,4,2048,256,5,9,0.1287168025970459
single_factor,4,2048,256,6,9,0.12817407608032227
single_factor,4,2048,256,7,9,0.12808192253112793
single_factor,4,2048,256,8,9,0.12820480346679688
single_factor,4,2048,512,0,9,0.10587136268615722
single_factor,4,2048,512,1,9,0.13028351783752443
single_factor,4,2048,512,2,9,0.12911616325378417
single_factor,4,2048,512,3,9,0.12883968353271485
single_factor,4,2048,512,4,9,0.12907520294189453
single_factor,4,2048,512,5,9,0.12867584228515624
single_factor,4,2048,512,6,9,0.12909567832946778
single_factor,4,2048,512,7,9,0.12876799583435058
single_factor,4,2048,512,8,9,0.1292083168029785
single_factor,4,2048,1024,0,9,0.12657664299011231
single_factor,4,2048,1024,1,9,0.1303551959991455
single_factor,4,2048,1024,2,9,0.12963839530944823
single_factor,4,2048,1024,3,9,0.12937215805053712
single_factor,4,2048,1024,4,9,0.1295257568359375
single_factor,4,2048,1024,5,9,0.12891136169433592
single_factor,4,2048,1024,6,9,0.12957695960998536
single_factor,4,2048,1024,7,9,0.1291366386413574
single_factor,4,2048,1024,8,9,0.12922880172729492
single_factor,4,2048,2048,0,9,0.2527231979370117
single_factor,4,2048,2048,1,9,0.21073919296264648
single_factor,4,2048,2048,2,9,0.20962303161621093
single_factor,4,2048,2048,3,9,0.20982784271240235
single_factor,4,2048,2048,4,9,0.2107187271118164
single_factor,4,2048,2048,5,9,0.2087116813659668
single_factor,4,2048,2048,6,9,0.21154815673828126
single_factor,4,2048,2048,7,9,0.21180416107177735
single_factor,4,2048,2048,8,9,0.2105446434020996
single_factor,4,2048,4096,0,9,0.4946944046020508
single_factor,4,2048,4096,1,9,0.4037939071655273
single_factor,4,2048,4096,2,9,0.40066047668457033
single_factor,4,2048,4096,3,9,0.401530876159668
single_factor,4,2048,4096,4,9,0.4059852981567383
single_factor,4,2048,4096,5,9,0.4010393524169922
single_factor,4,2048,4096,6,9,0.40817665100097655
single_factor,4,2048,4096,7,9,0.4086783981323242
single_factor,4,2048,4096,8,9,0.4074803161621094
single_factor,4,4096,1,0,10,0.10251263618469238
single_factor,4,4096,1,1,10,0.1277952003479004
single_factor,4,4096,1,2,10,0.12837887763977052
single_factor,4,4096,1,3,10,0.12812288284301757
single_factor,4,4096,1,4,10,0.1283891201019287
single_factor,4,4096,1,5,10,0.12795904159545898
single_factor,4,4096,1,6,10,0.12777471542358398
single_factor,4,4096,1,7,10,0.1278054428100586
single_factor,4,4096,1,8,10,0.12777471542358398
single_factor,4,4096,1,9,10,0.12777471542358398
single_factor,4,4096,2,0,10,0.10503168106079101
single_factor,4,4096,2,1,10,0.1272217559814453
single_factor,4,4096,2,2,10,0.1273958396911621
single_factor,4,4096,2,3,10,0.12724224090576172
single_factor,4,4096,2,4,10,0.1273344039916992
single_factor,4,4096,2,5,10,0.12696576118469238
single_factor,4,4096,2,6,10,0.12677120208740233
single_factor,4,4096,2,7,10,0.1275494384765625
single_factor,4,4096,2,8,10,0.12720128059387206
single_factor,4,4096,2,9,10,0.12777471542358398
single_factor,4,4096,4,0,10,0.10547200202941895
single_factor,4,4096,4,1,10,0.1276211166381836
single_factor,4,4096,4,2,10,0.1285529613494873
single_factor,4,4096,4,3,10,0.12758015632629394
single_factor,4,4096,4,4,10,0.12813311576843261
single_factor,4,4096,4,5,10,0.12817407608032227
single_factor,4,4096,4,6,10,0.12758015632629394
single_factor,4,4096,4,7,10,0.12823552131652832
single_factor,4,4096,4,8,10,0.12751872062683106
single_factor,4,4096,4,9,10,0.12835840225219727
single_factor,4,4096,8,0,10,0.10603520393371582
single_factor,4,4096,8,1,10,0.12784640312194825
single_factor,4,4096,8,2,10,0.12997632026672362
single_factor,4,4096,8,3,10,0.12904447555541992
single_factor,4,4096,8,4,10,0.12844032287597656
single_factor,4,4096,8,5,10,0.1283276844024658
single_factor,4,4096,8,6,10,0.12777471542358398
single_factor,4,4096,8,7,10,0.12827648162841798
single_factor,4,4096,8,8,10,0.12751872062683106
single_factor,4,4096,8,9,10,0.1285324764251709
single_factor,4,4096,16,0,10,0.10558464050292969
single_factor,4,4096,16,1,10,0.1278771209716797
single_factor,4,4096,16,2,10,0.1282150363922119
single_factor,4,4096,16,3,10,0.12761088371276855
single_factor,4,4096,16,4,10,0.12783616065979003
single_factor,4,4096,16,5,10,0.12761088371276855
single_factor,4,4096,16,6,10,0.12791808128356932
single_factor,4,4096,16,7,10,0.1279487991333008
single_factor,4,4096,16,8,10,0.1278873634338379
single_factor,4,4096,16,9,10,0.1288601589202881
single_factor,4,4096,32,0,10,0.10694656372070313
single_factor,4,4096,32,1,10,0.12947456359863282
single_factor,4,4096,32,2,10,0.12944383621215821
single_factor,4,4096,32,3,10,0.12890111923217773
single_factor,4,4096,32,4,10,0.1286963176727295
single_factor,4,4096,32,5,10,0.1285529613494873
single_factor,4,4096,32,6,10,0.12935168266296387
single_factor,4,4096,32,7,10,0.12942336082458497
single_factor,4,4096,32,8,10,0.12815360069274903
single_factor,4,4096,32,9,10,0.12882944107055663
single_factor,4,4096,64,0,10,0.10618880271911621
single_factor,4,4096,64,1,10,0.12810239791870118
single_factor,4,4096,64,2,10,0.128471040725708
single_factor,4,4096,64,3,10,0.12777471542358398
single_factor,4,4096,64,4,10,0.12803071975708008
single_factor,4,4096,64,5,10,0.12815360069274903
single_factor,4,4096,64,6,10,0.1277030372619629
single_factor,4,4096,64,7,10,0.1276518440246582
single_factor,4,4096,64,8,10,0.1276211166381836
single_factor,4,4096,64,9,10,0.127324161529541
single_factor,4,4096,128,0,10,0.1055129623413086
single_factor,4,4096,128,1,10,0.12800000190734864
single_factor,4,4096,128,2,10,0.12872703552246093
single_factor,4,4096,128,3,10,0.1278054428100586
single_factor,4,4096,128,4,10,0.12826623916625976
single_factor,4,4096,128,5,10,0.12777471542358398
single_factor,4,4096,128,6,10,0.12768256187438964
single_factor,4,4096,128,7,10,0.1279487991333008
single_factor,4,4096,128,8,10,0.12820480346679688
single_factor,4,4096,128,9,10,0.12881919860839844
single_factor,4,4096,256,0,10,0.10620927810668945
single_factor,4,4096,256,1,10,0.12923904418945312
single_factor,4,4096,256,2,10,0.12915712356567383
single_factor,4,4096,256,3,10,0.12877823829650878
single_factor,4,4096,256,4,10,0.1286143970489502
single_factor,4,4096,256,5,10,0.12904447555541992
single_factor,4,4096,256,6,10,0.1288601589202881
single_factor,4,4096,256,7,10,0.1295359992980957
single_factor,4,4096,256,8,10,0.12907520294189453
single_factor,4,4096,256,9,10,0.1297817611694336
single_factor,4,4096,512,0,10,0.1270579242706299
single_factor,4,4096,512,1,10,0.1305292797088623
single_factor,4,4096,512,2,10,0.13008895874023438
single_factor,4,4096,512,3,10,0.13014016151428223
single_factor,4,4096,512,4,10,0.13004799842834472
single_factor,4,4096,512,5,10,0.1301094436645508
single_factor,4,4096,512,6,10,0.13054976463317872
single_factor,4,4096,512,7,10,0.13025279998779296
single_factor,4,4096,512,8,10,0.1302015972137451
single_factor,4,4096,512,9,10,0.13032447814941406
single_factor,4,4096,1024,0,10,0.2512281608581543
single_factor,4,4096,1024,1,10,0.21380096435546875
single_factor,4,4096,1024,2,10,0.21296127319335936
single_factor,4,4096,1024,3,10,0.21359615325927733
single_factor,4,4096,1024,4,10,0.2143948745727539
single_factor,4,4096,1024,5,10,0.2126335906982422
single_factor,4,4096,1024,6,10,0.21442560195922852
single_factor,4,4096,1024,7,10,0.21246976852416993
single_factor,4,4096,1024,8,10,0.21537792205810546
single_factor,4,4096,1024,9,10,0.21066751480102539
single_factor,4,4096,2048,0,10,0.49188865661621095
single_factor,4,4096,2048,1,10,0.4092108917236328
single_factor,4,4096,2048,2,10,0.4073062515258789
single_factor,4,4096,2048,3,10,0.4078694534301758
single_factor,4,4096,2048,4,10,0.4110233688354492
single_factor,4,4096,2048,5,10,0.406640625
single_factor,4,4096,2048,6,10,0.41120769500732424
single_factor,4,4096,2048,7,10,0.4068761444091797
single_factor,4,4096,2048,8,10,0.41457664489746093
single_factor,4,4096,2048,9,10,0.4049100875854492
single_factor,4,4096,4096,0,10,0.9754828643798829
single_factor,4,4096,4096,1,10,0.7984947204589844
single_factor,4,4096,4096,2,10,0.7925657653808593
single_factor,4,4096,4096,3,10,0.7948697662353515
single_factor,4,4096,4096,4,10,0.8056626892089844
single_factor,4,4096,4096,5,10,0.8070758056640625
single_factor,4,4096,4096,6,10,0.8110284423828125
single_factor,4,4096,4096,7,10,0.8114995574951172
single_factor,4,4096,4096,8,10,0.8133734130859375
single_factor,4,4096,4096,9,10,0.7919001770019531
single_factor,8,512,1,0,6,0.10219519615173339
single_factor,8,512,1,1,6,0.128471040725708
single_factor,8,512,1,2,6,0.128471040725708
single_factor,8,512,1,3,6,0.12867584228515624
single_factor,8,512,1,4,6,0.12823552131652832
single_factor,8,512,1,5,6,0.12778495788574218
single_factor,8,512,2,0,6,0.10566656112670898
single_factor,8,512,2,1,6,0.12825599670410157
single_factor,8,512,2,2,6,0.12806143760681152
single_factor,8,512,2,3,6,0.1275391960144043
single_factor,8,512,2,4,6,0.12726271629333497
single_factor,8,512,2,5,6,0.12700672149658204
single_factor,8,512,4,0,6,0.1061580753326416
single_factor,8,512,4,1,6,0.12849151611328125
single_factor,8,512,4,2,6,0.12836864471435547
single_factor,8,512,4,3,6,0.1285324764251709
single_factor,8,512,4,4,6,0.12758015632629394
single_factor,8,512,4,5,6,0.12737536430358887
single_factor,8,512,8,0,6,0.10559488296508789
single_factor,8,512,8,1,6,0.1279487991333008
single_factor,8,512,8,2,6,0.12858367919921876
single_factor,8,512,8,3,6,0.12795904159545898
single_factor,8,512,8,4,6,0.1279487991333008
single_factor,8,512,8,5,6,0.1276416015625
single_factor,8,512,16,0,6,0.10564607620239258
single_factor,8,512,16,1,6,0.12802047729492189
single_factor,8,512,16,2,6,0.12774399757385255
single_factor,8,512,16,3,6,0.12774399757385255
single_factor,8,512,16,4,6,0.12824576377868652
single_factor,8,512,16,5,6,0.12721152305603028
single_factor,8,512,32,0,6,0.10594304084777832
single_factor,8,512,32,1,6,0.1283174419403076
single_factor,8,512,32,2,6,0.1287987232208252
single_factor,8,512,32,3,6,0.12872703552246093
single_factor,8,512,32,4,6,0.12925951957702636
single_factor,8,512,32,5,6,0.12824576377868652
single_factor,8,512,64,0,6,0.10546175956726074
single_factor,8,512,64,1,6,0.1283174419403076
single_factor,8,512,64,2,6,0.12820480346679688
single_factor,8,512,64,3,6,0.12795904159545898
single_factor,8,512,64,4,6,0.12802047729492189
single_factor,8,512,64,5,6,0.12736512184143067
single_factor,8,512,128,0,6,0.10514431953430176
single_factor,8,512,128,1,6,0.12801024436950684
single_factor,8,512,128,2,6,0.12809215545654296
single_factor,8,512,128,3,6,0.1274880027770996
single_factor,8,512,128,4,6,0.1280512046813965
single_factor,8,512,128,5,6,0.12790783882141113
single_factor,8,512,256,0,6,0.10566656112670898
single_factor,8,512,256,1,6,0.1284505558013916
single_factor,8,512,256,2,6,0.1286451244354248
single_factor,8,512,256,3,6,0.12912639617919922
single_factor,8,512,256,4,6,0.1281433582305908
single_factor,8,512,256,5,6,0.12856320381164552
single_factor,8,512,512,0,6,0.10611712455749511
single_factor,8,512,512,1,6,0.128788480758667
single_factor,8,512,512,2,6,0.12876799583435058
single_factor,8,512,512,3,6,0.12849151611328125
single_factor,8,512,512,4,6,0.1286143970489502
single_factor,8,512,512,5,6,0.12873727798461915
single_factor,8,512,1024,0,6,0.10599424362182618
single_factor,8,512,1024,1,6,0.12883968353271485
single_factor,8,512,1024,2,6,0.12830719947814942
single_factor,8,512,1024,3,6,0.12824576377868652
single_factor,8,512,1024,4,6,0.12792832374572755
single_factor,8,512,1024,5,6,0.12774399757385255
single_factor,8,512,2048,0,6,0.1061580753326416
single_factor,8,512,2048,1,6,0.1297100830078125
single_factor,8,512,2048,2,6,0.12975104331970214
single_factor,8,512,2048,3,6,0.12956671714782714
single_factor,8,512,2048,4,6,0.12933119773864746
single_factor,8,512,2048,5,6,0.12948479652404785
single_factor,8,512,4096,0,6,0.12594176292419434
single_factor,8,512,4096,1,6,0.12983296394348146
single_factor,8,512,4096,2,6,0.12937215805053712
single_factor,8,512,4096,3,6,0.12982272148132323
single_factor,8,512,4096,4,6,0.12931072235107421
single_factor,8,512,4096,5,6,0.12902400016784668
single_factor,8,1024,1,0,7,0.10188799858093261
single_factor,8,1024,1,1,7,0.1283174419403076
single_factor,8,1024,1,2,7,0.12877823829650878
single_factor,8,1024,1,3,7,0.12807168006896974
single_factor,8,1024,1,4,7,0.12837887763977052
single_factor,8,1024,1,5,7,0.12804096221923827
single_factor,8,1024,1,6,7,0.12776448249816894
single_factor,8,1024,2,0,7,0.10540032386779785
single_factor,8,1024,2,1,7,0.1278771209716797
single_factor,8,1024,2,2,7,0.12708864212036133
single_factor,8,1024,2,3,7,0.12792832374572755
single_factor,8,1024,2,4,7,0.12723199844360353
single_factor,8,1024,2,5,7,0.12802047729492189
single_factor,8,1024,2,6,7,0.12669952392578124
single_factor,8,1024,4,0,7,0.10537983894348145
single_factor,8,1024,4,1,7,0.12819456100463866
single_factor,8,1024,4,2,7,0.12725248336791992
single_factor,8,1024,4,3,7,0.12702719688415529
single_factor,8,1024,4,4,7,0.12720128059387206
single_factor,8,1024,4,5,7,0.12758015632629394
single_factor,8,1024,4,6,7,0.1275494384765625
single_factor,8,1024,8,0,7,0.10519552230834961
single_factor,8,1024,8,1,7,0.12729344367980958
single_factor,8,1024,8,2,7,0.1277337646484375
single_factor,8,1024,8,3,7,0.12731391906738282
single_factor,8,1024,8,4,7,0.1276211166381836
single_factor,8,1024,8,5,7,0.12735487937927245
single_factor,8,1024,8,6,7,0.12728320121765135
single_factor,8,1024,16,0,7,0.10576895713806152
single_factor,8,1024,16,1,7,0.12784640312194825
single_factor,8,1024,16,2,7,0.1276416015625
single_factor,8,1024,16,3,7,0.12751872062683106
single_factor,8,1024,16,4,7,0.1275596809387207
single_factor,8,1024,16,5,7,0.1275391960144043
single_factor,8,1024,16,6,7,0.1273958396911621
single_factor,8,1024,32,0,7,0.10549247741699219
single_factor,8,1024,32,1,7,0.1287987232208252
single_factor,8,1024,32,2,7,0.12807168006896974
single_factor,8,1024,32,3,7,0.1290137577056885
single_factor,8,1024,32,4,7,0.12826623916625976
single_factor,8,1024,32,5,7,0.12752896308898926
single_factor,8,1024,32,6,7,0.12783616065979003
single_factor,8,1024,64,0,7,0.10562560081481934
single_factor,8,1024,64,1,7,0.1283174419403076
single_factor,8,1024,64,2,7,0.1277952003479004
single_factor,8,1024,64,3,7,0.12841983795166015
single_factor,8,1024,64,4,7,0.12909567832946778
single_factor,8,1024,64,5,7,0.12768256187438964
single_factor,8,1024,64,6,7,0.12818431854248047
single_factor,8,1024,128,0,7,0.10582015991210937
single_factor,8,1024,128,1,7,0.12860416412353515
single_factor,8,1024,128,2,7,0.12767231941223145
single_factor,8,1024,128,3,7,0.1274675178527832
single_factor,8,1024,128,4,7,0.12769280433654784
single_factor,8,1024,128,5,7,0.1279487991333008
single_factor,8,1024,128,6,7,0.1278054428100586
single_factor,8,1024,256,0,7,0.10585087776184082
single_factor,8,1024,256,1,7,0.12896256446838378
single_factor,8,1024,256,2,7,0.12820480346679688
single_factor,8,1024,256,3,7,0.1282150363922119
single_factor,8,1024,256,4,7,0.12801024436950684
single_factor,8,1024,256,5,7,0.1285324764251709
single_factor,8,1024,256,6,7,0.12774399757385255
single_factor,8,1024,512,0,7,0.10595328330993653
single_factor,8,1024,512,1,7,0.12867584228515624
single_factor,8,1024,512,2,7,0.12857343673706054
single_factor,8,1024,512,3,7,0.12896256446838378
single_factor,8,1024,512,4,7,0.1285427188873291
single_factor,8,1024,512,5,7,0.12907520294189453
single_factor,8,1024,512,6,7,0.12782591819763184
single_factor,8,1024,1024,0,7,0.10572799682617187
single_factor,8,1024,1024,1,7,0.13006848335266114
single_factor,8,1024,1024,2,7,0.12981247901916504
single_factor,8,1024,1024,3,7,0.1296076774597168
single_factor,8,1024,1024,4,7,0.1295257568359375
single_factor,8,1024,1024,5,7,0.12930047988891602
single_factor,8,1024,1024,6,7,0.12906496047973634
single_factor,8,1024,2048,0,7,0.12637184143066407
single_factor,8,1024,2048,1,7,0.1296076774597168
single_factor,8,1024,2048,2,7,0.1295257568359375
single_factor,8,1024,2048,3,7,0.12977151870727538
single_factor,8,1024,2048,4,7,0.12928000450134278
single_factor,8,1024,2048,5,7,0.12995583534240723
single_factor,8,1024,2048,6,7,0.12898303985595702
single_factor,8,1024,4096,0,7,0.2524569511413574
single_factor,8,1024,4096,1,7,0.16662527084350587
single_factor,8,1024,4096,2,7,0.16766975402832032
single_factor,8,1024,4096,3,7,0.16954368591308594
single_factor,8,1024,4096,4,7,0.16772096633911132
single_factor,8,1024,4096,5,7,0.17087488174438475
single_factor,8,1024,4096,6,7,0.16943103790283204
single_factor,8,2048,1,0,8,0.10203136444091797
single_factor,8,2048,1,1,8,0.12791808128356932
single_factor,8,2048,1,2,8,0.12749823570251465
single_factor,8,2048,1,3,8,0.1283891201019287
single_factor,8,2048,1,4,8,0.12701696395874024
single_factor,8,2048,1,5,8,0.12776448249816894
single_factor,8,2048,1,6,8,0.12744704246520996
single_factor,8,2048,1,7,8,0.126627836227417
single_factor,8,2048,2,0,8,0.10475520133972167
single_factor,8,2048,2,1,8,0.1268838405609131
single_factor,8,2048,2,2,8,0.12694527626037597
single_factor,8,2048,2,3,8,0.12692480087280272
single_factor,8,2048,2,4,8,0.12669952392578124
single_factor,8,2048,2,5,8,0.12718079566955567
single_factor,8,2048,2,6,8,0.12653568267822266
single_factor,8,2048,2,7,8,0.12669952392578124
single_factor,8,2048,4,0,8,0.10489855766296387
single_factor,8,2048,4,1,8,0.12696576118469238
single_factor,8,2048,4,2,8,0.12718079566955567
single_factor,8,2048,4,3,8,0.12683263778686524
single_factor,8,2048,4,4,8,0.12713983535766601
single_factor,8,2048,4,5,8,0.12696576118469238
single_factor,8,2048,4,6,8,0.12741632461547853
single_factor,8,2048,4,7,8,0.12783616065979003
single_factor,8,2048,8,0,8,0.10467328071594238
single_factor,8,2048,8,1,8,0.12771327972412108
single_factor,8,2048,8,2,8,0.1278054428100586
single_factor,8,2048,8,3,8,0.12717056274414062
single_factor,8,2048,8,4,8,0.12768256187438964
single_factor,8,2048,8,5,8,0.1273036766052246
single_factor,8,2048,8,6,8,0.12717056274414062
single_factor,8,2048,8,7,8,0.12741632461547853
single_factor,8,2048,16,0,8,0.10657792091369629
single_factor,8,2048,16,1,8,0.128471040725708
single_factor,8,2048,16,2,8,0.12775424003601074
single_factor,8,2048,16,3,8,0.1275494384765625
single_factor,8,2048,16,4,8,0.1278054428100586
single_factor,8,2048,16,5,8,0.12725248336791992
single_factor,8,2048,16,6,8,0.12781567573547364
single_factor,8,2048,16,7,8,0.12734463691711426
single_factor,8,2048,32,0,8,0.1053388786315918
single_factor,8,2048,32,1,8,0.12803071975708008
single_factor,8,2048,32,2,8,0.12704768180847167
single_factor,8,2048,32,3,8,0.12724224090576172
single_factor,8,2048,32,4,8,0.12701696395874024
single_factor,8,2048,32,5,8,0.12669952392578124
single_factor,8,2048,32,6,8,0.12756992340087892
single_factor,8,2048,32,7,8,0.12646400451660156
single_factor,8,2048,64,0,8,0.10553343772888184
single_factor,8,2048,64,1,8,0.12684288024902343
single_factor,8,2048,64,2,8,0.12669952392578124
single_factor,8,2048,64,3,8,0.1275596809387207
single_factor,8,2048,64,4,8,0.1275596809387207
single_factor,8,2048,64,5,8,0.12685312271118165
single_factor,8,2048,64,6,8,0.12720128059387206
single_factor,8,2048,64,7,8,0.12678144454956056
single_factor,8,2048,128,0,8,0.10504192352294922
single_factor,8,2048,128,1,8,0.12820480346679688
single_factor,8,2048,128,2,8,0.1279487991333008
single_factor,8,2048,128,3,8,0.12826623916625976
single_factor,8,2048,128,4,8,0.12795904159545898
single_factor,8,2048,128,5,8,0.1280512046813965
single_factor,8,2048,128,6,8,0.12801024436950684
single_factor,8,2048,128,7,8,0.1278771209716797
single_factor,8,2048,256,0,8,0.10571776390075684
single_factor,8,2048,256,1,8,0.12777471542358398
single_factor,8,2048,256,2,8,0.12769280433654784
single_factor,8,2048,256,3,8,0.1278873634338379
single_factor,8,2048,256,4,8,0.12896256446838378
single_factor,8,2048,256,5,8,0.12801024436950684
single_factor,8,2048,256,6,8,0.12744704246520996
single_factor,8,2048,256,7,8,0.12736512184143067
single_factor,8,2048,512,0,8,0.10577919960021973
single_factor,8,2048,512,1,8,0.12983296394348146
single_factor,8,2048,512,2,8,0.13171711921691895
single_factor,8,2048,512,3,8,0.13011967658996582
single_factor,8,2048,512,4,8,0.129617919921875
single_factor,8,2048,512,5,8,0.12975104331970214
single_factor,8,2048,512,6,8,0.12956671714782714
single_factor,8,2048,512,7,8,0.13066240310668945
single_factor,8,2048,1024,0,8,0.12658687591552734
single_factor,8,2048,1024,1,8,0.13025279998779296
single_factor,8,2048,1024,2,8,0.13006848335266114
single_factor,8,2048,1024,3,8,0.1301094436645508
single_factor,8,2048,1024,4,8,0.13050880432128906
single_factor,8,2048,1024,5,8,0.13164544105529785
single_factor,8,2048,1024,6,8,0.1297817611694336
single_factor,8,2048,1024,7,8,0.1294643211364746
single_factor,8,2048,2048,0,8,0.2516275215148926
single_factor,8,2048,2048,1,8,0.16727039337158203
single_factor,8,2048,2048,2,8,0.16821247100830078
single_factor,8,2048,2048,3,8,0.16935935974121094
single_factor,8,2048,2048,4,8,0.16821247100830078
single_factor,8,2048,2048,5,8,0.16970752716064452
single_factor,8,2048,2048,6,8,0.16975872039794923
single_factor,8,2048,2048,7,8,0.16910335540771484
single_factor,8,2048,4096,0,8,0.4958720016479492
single_factor,8,2048,4096,1,8,0.3184025573730469
single_factor,8,2048,4096,2,8,0.31893503189086914
single_factor,8,2048,4096,3,8,0.3244134521484375
single_factor,8,2048,4096,4,8,0.32249855041503905
single_factor,8,2048,4096,5,8,0.32512001037597654
single_factor,8,2048,4096,6,8,0.3256832122802734
single_factor,8,2048,4096,7,8,0.3248332977294922
single_factor,8,4096,1,0,9,0.1024409580230713
single_factor,8,4096,1,1,9,0.12793855667114257
single_factor,8,4096,1,2,9,0.12824576377868652
single_factor,8,4096,1,3,9,0.12870656013488768
single_factor,8,4096,1,4,9,0.12797951698303223
single_factor,8,4096,1,5,9,0.12792832374572755
single_factor,8,4096,1,6,9,0.12709888458251953
single_factor,8,4096,1,7,9,0.1277952003479004
single_factor,8,4096,1,8,9,0.12710911750793458
single_factor,8,4096,2,0,9,0.10478591918945312
single_factor,8,4096,2,1,9,0.1274060821533203
single_factor,8,4096,2,2,9,0.12708864212036133
single_factor,8,4096,2,3,9,0.12742655754089355
single_factor,8,4096,2,4,9,0.12756992340087892
single_factor,8,4096,2,5,9,0.12710911750793458
single_factor,8,4096,2,6,9,0.12724224090576172
single_factor,8,4096,2,7,9,0.1268019199371338
single_factor,8,4096,2,8,9,0.12704768180847167
single_factor,8,4096,4,0,9,0.10498047828674316
single_factor,8,4096,4,1,9,0.1271500778198242
single_factor,8,4096,4,2,9,0.12699647903442382
single_factor,8,4096,4,3,9,0.12736512184143067
single_factor,8,4096,4,4,9,0.12728320121765135
single_factor,8,4096,4,5,9,0.12720128059387206
single_factor,8,4096,4,6,9,0.12702719688415529
single_factor,8,4096,4,7,9,0.12712960243225097
single_factor,8,4096,4,8,9,0.12716032028198243
single_factor,8,4096,8,0,9,0.10547200202941895
single_factor,8,4096,8,1,9,0.1276518440246582
single_factor,8,4096,8,2,9,0.12756992340087892
single_factor,8,4096,8,3,9,0.1274880027770996
single_factor,8,4096,8,4,9,0.127324161529541
single_factor,8,4096,8,5,9,0.127457275390625
single_factor,8,4096,8,6,9,0.12708864212036133
single_factor,8,4096,8,7,9,0.12758015632629394
single_factor,8,4096,8,8,9,0.12738559722900392
single_factor,8,4096,16,0,9,0.10570752143859863
single_factor,8,4096,16,1,9,0.1277337646484375
single_factor,8,4096,16,2,9,0.12736512184143067
single_factor,8,4096,16,3,9,0.12706815719604492
single_factor,8,4096,16,4,9,0.1277030372619629
single_factor,8,4096,16,5,9,0.12725248336791992
single_factor,8,4096,16,6,9,0.12704768180847167
single_factor,8,4096,16,7,9,0.12725248336791992
single_factor,8,4096,16,8,9,0.12698623657226563
single_factor,8,4096,32,0,9,0.10567680358886719
single_factor,8,4096,32,1,9,0.1268838405609131
single_factor,8,4096,32,2,9,0.12737536430358887
single_factor,8,4096,32,3,9,0.1270579242706299
single_factor,8,4096,32,4,9,0.1274880027770996
single_factor,8,4096,32,5,9,0.12749823570251465
single_factor,8,4096,32,6,9,0.12751872062683106
single_factor,8,4096,32,7,9,0.12652544021606446
single_factor,8,4096,32,8,9,0.12679167747497558
single_factor,8,4096,64,0,9,0.10573823928833008
single_factor,8,4096,64,1,9,0.12719103813171387
single_factor,8,4096,64,2,9,0.12720128059387206
single_factor,8,4096,64,3,9,0.12758015632629394
single_factor,8,4096,64,4,9,0.12716032028198243
single_factor,8,4096,64,5,9,0.12718079566955567
single_factor,8,4096,64,6,9,0.12653568267822266
single_factor,8,4096,64,7,9,0.12693504333496095
single_factor,8,4096,64,8,9,0.12728320121765135
single_factor,8,4096,128,0,9,0.1063219165802002
single_factor,8,4096,128,1,9,0.12808192253112793
single_factor,8,4096,128,2,9,0.1276211166381836
single_factor,8,4096,128,3,9,0.12743680000305177
single_factor,8,4096,128,4,9,0.12682239532470704
single_factor,8,4096,128,5,9,0.12713983535766601
single_factor,8,4096,128,6,9,0.1274060821533203
single_factor,8,4096,128,7,9,0.12693504333496095
single_factor,8,4096,128,8,9,0.12729344367980958
single_factor,8,4096,256,0,9,0.10560511589050293
single_factor,8,4096,256,1,9,0.1288806438446045
single_factor,8,4096,256,2,9,0.12883968353271485
single_factor,8,4096,256,3,9,0.12872703552246093
single_factor,8,4096,256,4,9,0.12857343673706054
single_factor,8,4096,256,5,9,0.12860416412353515
single_factor,8,4096,256,6,9,0.12858367919921876
single_factor,8,4096,256,7,9,0.128788480758667
single_factor,8,4096,256,8,9,0.1277030372619629
single_factor,8,4096,512,0,9,0.12679167747497558
single_factor,8,4096,512,1,9,0.1300070381164551
single_factor,8,4096,512,2,9,0.13081600189208983
single_factor,8,4096,512,3,9,0.12957695960998536
single_factor,8,4096,512,4,9,0.12951552391052246
single_factor,8,4096,512,5,9,0.12893183708190917
single_factor,8,4096,512,6,9,0.12924927711486817
single_factor,8,4096,512,7,9,0.12991488456726075
single_factor,8,4096,512,8,9,0.130129919052124
single_factor,8,4096,1024,0,9,0.2514227294921875
single_factor,8,4096,1024,1,9,0.17005567550659179
single_factor,8,4096,1024,2,9,0.17098751068115234
single_factor,8,4096,1024,3,9,0.1718783950805664
single_factor,8,4096,1024,4,9,0.17053695678710937
single_factor,8,4096,1024,5,9,0.1721651268005371
single_factor,8,4096,1024,6,9,0.1706598472595215
single_factor,8,4096,1024,7,9,0.17340415954589844
single_factor,8,4096,1024,8,9,0.1686016082763672
single_factor,8,4096,2048,0,9,0.4921343994140625
single_factor,8,4096,2048,1,9,0.32304126739501954
single_factor,8,4096,2048,2,9,0.3239116668701172
single_factor,8,4096,2048,3,9,0.32635902404785155
single_factor,8,4096,2048,4,9,0.32700416564941404
single_factor,8,4096,2048,5,9,0.32750591278076174
single_factor,8,4096,2048,6,9,0.3236044692993164
single_factor,8,4096,2048,7,9,0.3307622528076172
single_factor,8,4096,2048,8,9,0.3216998291015625
single_factor,8,4096,4096,0,9,0.9777766418457031
single_factor,8,4096,4096,1,9,0.6277324676513671
single_factor,8,4096,4096,2,9,0.6299135971069336
single_factor,8,4096,4096,3,9,0.6396006393432617
single_factor,8,4096,4096,4,9,0.6366924667358398
single_factor,8,4096,4096,5,9,0.6452326202392578
single_factor,8,4096,4096,6,9,0.6342758560180664
single_factor,8,4096,4096,7,9,0.6486937713623047
single_factor,8,4096,4096,8,9,0.6284492874145508
single_factor,16,512,1,0,5,0.10194944381713868
single_factor,16,512,1,1,5,0.12841983795166015
single_factor,16,512,1,2,5,0.12852224349975586
single_factor,16,512,1,3,5,0.12804096221923827
single_factor,16,512,1,4,5,0.12790783882141113
single_factor,16,512,2,0,5,0.10548224449157714
single_factor,16,512,2,1,5,0.12717056274414062
single_factor,16,512,2,2,5,0.12771327972412108
single_factor,16,512,2,3,5,0.1269555187225342
single_factor,16,512,2,4,5,0.1273036766052246
single_factor,16,512,4,0,5,0.10644479751586915
single_factor,16,512,4,1,5,0.12803071975708008
single_factor,16,512,4,2,5,0.12774399757385255
single_factor,16,512,4,3,5,0.1276518440246582
single_factor,16,512,4,4,5,0.1276211166381836
single_factor,16,512,8,0,5,0.10668031692504883
single_factor,16,512,8,1,5,0.12781567573547364
single_factor,16,512,8,2,5,0.12816384315490723
single_factor,16,512,8,3,5,0.12826623916625976
single_factor,16,512,8,4,5,0.12807168006896974
single_factor,16,512,16,0,5,0.10776576042175293
single_factor,16,512,16,1,5,0.12807168006896974
single_factor,16,512,16,2,5,0.12857343673706054
single_factor,16,512,16,3,5,0.1281433582305908
single_factor,16,512,16,4,5,0.12776448249816894
single_factor,16,512,32,0,5,0.10629119873046874
single_factor,16,512,32,1,5,0.1278771209716797
single_factor,16,512,32,2,5,0.1278873634338379
single_factor,16,512,32,3,5,0.12778495788574218
single_factor,16,512,32,4,5,0.12720128059387206
single_factor,16,512,64,0,5,0.10620927810668945
single_factor,16,512,64,1,5,0.12712960243225097
single_factor,16,512,64,2,5,0.12803071975708008
single_factor,16,512,64,3,5,0.12771327972412108
single_factor,16,512,64,4,5,0.12793855667114257
single_factor,16,512,128,0,5,0.10660863876342773
single_factor,16,512,128,1,5,0.1285427188873291
single_factor,16,512,128,2,5,0.1276416015625
single_factor,16,512,128,3,5,0.12791808128356932
single_factor,16,512,128,4,5,0.127457275390625
single_factor,16,512,256,0,5,0.1062399959564209
single_factor,16,512,256,1,5,0.12783616065979003
single_factor,16,512,256,2,5,0.12834815979003905
single_factor,16,512,256,3,5,0.12874752044677734
single_factor,16,512,256,4,5,0.1277235221862793
single_factor,16,512,512,0,5,0.1065062427520752
single_factor,16,512,512,1,5,0.12850175857543944
single_factor,16,512,512,2,5,0.12912639617919922
single_factor,16,512,512,3,5,0.1296076774597168
single_factor,16,512,512,4,5,0.12827648162841798
single_factor,16,512,1024,0,5,0.10611712455749511
single_factor,16,512,1024,1,5,0.1286451244354248
single_factor,16,512,1024,2,5,0.1282969570159912
single_factor,16,512,1024,3,5,0.12882944107055663
single_factor,16,512,1024,4,5,0.1285427188873291
single_factor,16,512,2048,0,5,0.10583040237426758
single_factor,16,512,2048,1,5,0.13001728057861328
single_factor,16,512,2048,2,5,0.13030400276184081
single_factor,16,512,2048,3,5,0.13007871627807618
single_factor,16,512,2048,4,5,0.12955648422241212
single_factor,16,512,4096,0,5,0.10807295799255372
single_factor,16,512,4096,1,5,0.13066240310668945
single_factor,16,512,4096,2,5,0.13015040397644043
single_factor,16,512,4096,3,5,0.13001728057861328
single_factor,16,512,4096,4,5,0.12989439964294433
single_factor,16,1024,1,0,6,0.10162176132202148
single_factor,16,1024,1,1,6,0.12803071975708008
single_factor,16,1024,1,2,6,0.12806143760681152
single_factor,16,1024,1,3,6,0.12804096221923827
single_factor,16,1024,1,4,6,0.12797951698303223
single_factor,16,1024,1,5,6,0.1275494384765625
single_factor,16,1024,2,0,6,0.1063321590423584
single_factor,16,1024,2,1,6,0.1277030372619629
single_factor,16,1024,2,2,6,0.12744704246520996
single_factor,16,1024,2,3,6,0.1285529613494873
single_factor,16,1024,2,4,6,0.12796928405761718
single_factor,16,1024,2,5,6,0.12795904159545898
single_factor,16,1024,4,0,6,0.10560511589050293
single_factor,16,1024,4,1,6,0.12830719947814942
single_factor,16,1024,4,2,6,0.12784640312194825
single_factor,16,1024,4,3,6,0.12837887763977052
single_factor,16,1024,4,4,6,0.12876799583435058
single_factor,16,1024,4,5,6,0.12824576377868652
single_factor,16,1024,8,0,6,0.10562560081481934
single_factor,16,1024,8,1,6,0.12777471542358398
single_factor,16,1024,8,2,6,0.12791808128356932
single_factor,16,1024,8,3,6,0.12783616065979003
single_factor,16,1024,8,4,6,0.12790783882141113
single_factor,16,1024,8,5,6,0.12781567573547364
single_factor,16,1024,16,0,6,0.10597375869750976
single_factor,16,1024,16,1,6,0.12792832374572755
single_factor,16,1024,16,2,6,0.1277030372619629
single_factor,16,1024,16,3,6,0.12785663604736328
single_factor,16,1024,16,4,6,0.12843008041381837
single_factor,16,1024,16,5,6,0.1287987232208252
single_factor,16,1024,32,0,6,0.10604543685913086
single_factor,16,1024,32,1,6,0.12932095527648926
single_factor,16,1024,32,2,6,0.12825599670410157
single_factor,16,1024,32,3,6,0.12882944107055663
single_factor,16,1024,32,4,6,0.1283993625640869
single_factor,16,1024,32,5,6,0.12776448249816894
single_factor,16,1024,64,0,6,0.10576895713806152
single_factor,16,1024,64,1,6,0.12751872062683106
single_factor,16,1024,64,2,6,0.12807168006896974
single_factor,16,1024,64,3,6,0.12774399757385255
single_factor,16,1024,64,4,6,0.12802047729492189
single_factor,16,1024,64,5,6,0.12720128059387206
single_factor,16,1024,128,0,6,0.10713088035583496
single_factor,16,1024,128,1,6,0.1295257568359375
single_factor,16,1024,128,2,6,0.12849151611328125
single_factor,16,1024,128,3,6,0.1278873634338379
single_factor,16,1024,128,4,6,0.12795904159545898
single_factor,16,1024,128,5,6,0.1277952003479004
single_factor,16,1024,256,0,6,0.10691583633422852
single_factor,16,1024,256,1,6,0.12884991645812988
single_factor,16,1024,256,2,6,0.1276416015625
single_factor,16,1024,256,3,6,0.12790783882141113
single_factor,16,1024,256,4,6,0.12834815979003905
single_factor,16,1024,256,5,6,0.1278668785095215
single_factor,16,1024,512,0,6,0.10621952056884766
single_factor,16,1024,512,1,6,0.12857343673706054
single_factor,16,1024,512,2,6,0.12883968353271485
single_factor,16,1024,512,3,6,0.12815360069274903
single_factor,16,1024,512,4,6,0.1286348819732666
single_factor,16,1024,512,5,6,0.1284607982635498
single_factor,16,1024,1024,0,6,0.10645503997802734
single_factor,16,1024,1024,1,6,0.1305907154083252
single_factor,16,1024,1024,2,6,0.1297817611694336
single_factor,16,1024,1024,3,6,0.13025279998779296
single_factor,16,1024,1024,4,6,0.12935168266296387
single_factor,16,1024,1024,5,6,0.12930047988891602
single_factor,16,1024,2048,0,6,0.10631168365478516
single_factor,16,1024,2048,1,6,0.12974080085754394
single_factor,16,1024,2048,2,6,0.12994560241699218
single_factor,16,1024,2048,3,6,0.12928000450134278
single_factor,16,1024,2048,4,6,0.13017087936401367
single_factor,16,1024,2048,5,6,0.12928000450134278
single_factor,16,1024,4096,0,6,0.10727423667907715
single_factor,16,1024,4096,1,6,0.15078399658203126
single_factor,16,1024,4096,2,6,0.15279104232788085
single_factor,16,1024,4096,3,6,0.15135744094848633
single_factor,16,1024,4096,4,6,0.15477760314941405
single_factor,16,1024,4096,5,6,0.1529753589630127
single_factor,16,2048,1,0,7,0.1022054386138916
single_factor,16,2048,1,1,7,0.12793855667114257
single_factor,16,2048,1,2,7,0.12803071975708008
single_factor,16,2048,1,3,7,0.12813311576843261
single_factor,16,2048,1,4,7,0.1282969570159912
single_factor,16,2048,1,5,7,0.12852224349975586
single_factor,16,2048,1,6,7,0.12813311576843261
single_factor,16,2048,2,0,7,0.10576895713806152
single_factor,16,2048,2,1,7,0.1279487991333008
single_factor,16,2048,2,2,7,0.12865535736083986
single_factor,16,2048,2,3,7,0.12812288284301757
single_factor,16,2048,2,4,7,0.13066240310668945
single_factor,16,2048,2,5,7,0.12741632461547853
single_factor,16,2048,2,6,7,0.1277030372619629
single_factor,16,2048,4,0,7,0.10665984153747558
single_factor,16,2048,4,1,7,0.12775424003601074
single_factor,16,2048,4,2,7,0.12783616065979003
single_factor,16,2048,4,3,7,0.1280512046813965
single_factor,16,2048,4,4,7,0.12758015632629394
single_factor,16,2048,4,5,7,0.1276211166381836
single_factor,16,2048,4,6,7,0.1276416015625
single_factor,16,2048,8,0,7,0.10576895713806152
single_factor,16,2048,8,1,7,0.1281433582305908
single_factor,16,2048,8,2,7,0.12815360069274903
single_factor,16,2048,8,3,7,0.12782591819763184
single_factor,16,2048,8,4,7,0.128471040725708
single_factor,16,2048,8,5,7,0.1281433582305908
single_factor,16,2048,8,6,7,0.12741632461547853
single_factor,16,2048,16,0,7,0.10578944206237793
single_factor,16,2048,16,1,7,0.12790783882141113
single_factor,16,2048,16,2,7,0.1276313591003418
single_factor,16,2048,16,3,7,0.12802047729492189
single_factor,16,2048,16,4,7,0.12768256187438964
single_factor,16,2048,16,5,7,0.12769280433654784
single_factor,16,2048,16,6,7,0.12808192253112793
single_factor,16,2048,32,0,7,0.10593279838562011
single_factor,16,2048,32,1,7,0.1282969570159912
single_factor,16,2048,32,2,7,0.1278668785095215
single_factor,16,2048,32,3,7,0.12782591819763184
single_factor,16,2048,32,4,7,0.12768256187438964
single_factor,16,2048,32,5,7,0.12758015632629394
single_factor,16,2048,32,6,7,0.12796928405761718
single_factor,16,2048,64,0,7,0.1060863971710205
single_factor,16,2048,64,1,7,0.12926976203918458
single_factor,16,2048,64,2,7,0.12815360069274903
single_factor,16,2048,64,3,7,0.1278054428100586
single_factor,16,2048,64,4,7,0.1278054428100586
single_factor,16,2048,64,5,7,0.1277952003479004
single_factor,16,2048,64,6,7,0.1277235221862793
single_factor,16,2048,128,0,7,0.10611712455749511
single_factor,16,2048,128,1,7,0.1283174419403076
single_factor,16,2048,128,2,7,0.12828672409057618
single_factor,16,2048,128,3,7,0.12783616065979003
single_factor,16,2048,128,4,7,0.12756992340087892
single_factor,16,2048,128,5,7,0.12725248336791992
single_factor,16,2048,128,6,7,0.126812162399292
single_factor,16,2048,256,0,7,0.1063526439666748
single_factor,16,2048,256,1,7,0.1288601589202881
single_factor,16,2048,256,2,7,0.1285427188873291
single_factor,16,2048,256,3,7,0.12817407608032227
single_factor,16,2048,256,4,7,0.12818431854248047
single_factor,16,2048,256,5,7,0.12731391906738282
single_factor,16,2048,256,6,7,0.127457275390625
single_factor,16,2048,512,0,7,0.10590208053588868
single_factor,16,2048,512,1,7,0.130447359085083
single_factor,16,2048,512,2,7,0.12997632026672362
single_factor,16,2048,512,3,7,0.12929023742675783
single_factor,16,2048,512,4,7,0.12973055839538575
single_factor,16,2048,512,5,7,0.12917759895324707
single_factor,16,2048,512,6,7,0.12902400016784668
single_factor,16,2048,1024,0,7,0.10834943771362304
single_factor,16,2048,1024,1,7,0.13042688369750977
single_factor,16,2048,1024,2,7,0.13109248161315917
single_factor,16,2048,1024,3,7,0.13024255752563477
single_factor,16,2048,1024,4,7,0.13082624435424806
single_factor,16,2048,1024,5,7,0.13047807693481445
single_factor,16,2048,1024,6,7,0.1306112003326416
single_factor,16,2048,2048,0,7,0.10813440322875977
single_factor,16,2048,2048,1,7,0.15116288185119628
single_factor,16,2048,2048,2,7,0.15229951858520507
single_factor,16,2048,2048,3,7,0.15186944007873535
single_factor,16,2048,2048,4,7,0.15347711563110353
single_factor,16,2048,2048,5,7,0.15385600090026855
single_factor,16,2048,2048,6,7,0.15170559883117676
single_factor,16,2048,4096,0,7,0.1663180732727051
single_factor,16,2048,4096,1,7,0.28070911407470706
single_factor,16,2048,4096,2,7,0.2853068733215332
single_factor,16,2048,4096,3,7,0.2811801528930664
single_factor,16,2048,4096,4,7,0.28813312530517576
single_factor,16,2048,4096,5,7,0.2883481597900391
single_factor,16,2048,4096,6,7,0.28698623657226563
single_factor,16,4096,1,0,8,0.10214400291442871
single_factor,16,4096,1,1,8,0.12899328231811524
single_factor,16,4096,1,2,8,0.1283174419403076
single_factor,16,4096,1,3,8,0.12804096221923827
single_factor,16,4096,1,4,8,0.1286348819732666
single_factor,16,4096,1,5,8,0.12809215545654296
single_factor,16,4096,1,6,8,0.12816384315490723
single_factor,16,4096,1,7,8,0.1273036766052246
single_factor,16,4096,2,0,8,0.10600447654724121
single_factor,16,4096,2,1,8,0.1286963176727295
single_factor,16,4096,2,2,8,0.12824576377868652
single_factor,16,4096,2,3,8,0.12859392166137695
single_factor,16,4096,2,4,8,0.12791808128356932
single_factor,16,4096,2,5,8,0.12793855667114257
single_factor,16,4096,2,6,8,0.12782591819763184
single_factor,16,4096,2,7,8,0.12721152305603028
single_factor,16,4096,4,0,8,0.10620927810668945
single_factor,16,4096,4,1,8,0.1276211166381836
single_factor,16,4096,4,2,8,0.12767231941223145
single_factor,16,4096,4,3,8,0.12742655754089355
single_factor,16,4096,4,4,8,0.1274777603149414
single_factor,16,4096,4,5,8,0.12709888458251953
single_factor,16,4096,4,6,8,0.12710911750793458
single_factor,16,4096,4,7,8,0.12669952392578124
single_factor,16,4096,8,0,8,0.10584063529968261
single_factor,16,4096,8,1,8,0.12728320121765135
single_factor,16,4096,8,2,8,0.12807168006896974
single_factor,16,4096,8,3,8,0.12796928405761718
single_factor,16,4096,8,4,8,0.1274880027770996
single_factor,16,4096,8,5,8,0.12824576377868652
single_factor,16,4096,8,6,8,0.12741632461547853
single_factor,16,4096,8,7,8,0.12759039878845216
single_factor,16,4096,16,0,8,0.10610688209533692
single_factor,16,4096,16,1,8,0.12774399757385255
single_factor,16,4096,16,2,8,0.12833791732788086
single_factor,16,4096,16,3,8,0.12921855926513673
single_factor,16,4096,16,4,8,0.12921855926513673
single_factor,16,4096,16,5,8,0.12836864471435547
single_factor,16,4096,16,6,8,0.12826623916625976
single_factor,16,4096,16,7,8,0.1278873634338379
single_factor,16,4096,32,0,8,0.10611712455749511
single_factor,16,4096,32,1,8,0.127324161529541
single_factor,16,4096,32,2,8,0.12771327972412108
single_factor,16,4096,32,3,8,0.1270783996582031
single_factor,16,4096,32,4,8,0.12736512184143067
single_factor,16,4096,32,5,8,0.12693504333496095
single_factor,16,4096,32,6,8,0.127457275390625
single_factor,16,4096,32,7,8,0.12687359809875487
single_factor,16,4096,64,0,8,0.10589183807373047
single_factor,16,4096,64,1,8,0.1275494384765625
single_factor,16,4096,64,2,8,0.12735487937927245
single_factor,16,4096,64,3,8,0.1273344039916992
single_factor,16,4096,64,4,8,0.12771327972412108
single_factor,16,4096,64,5,8,0.12751872062683106
single_factor,16,4096,64,6,8,0.12783616065979003
single_factor,16,4096,64,7,8,0.12743680000305177
single_factor,16,4096,128,0,8,0.10585087776184082
single_factor,16,4096,128,1,8,0.12824576377868652
single_factor,16,4096,128,2,8,0.12796928405761718
single_factor,16,4096,128,3,8,0.12827648162841798
single_factor,16,4096,128,4,8,0.12738559722900392
single_factor,16,4096,128,5,8,0.1277952003479004
single_factor,16,4096,128,6,8,0.1276313591003418
single_factor,16,4096,128,7,8,0.12728320121765135
single_factor,16,4096,256,0,8,0.10691583633422852
single_factor,16,4096,256,1,8,0.1294643211364746
single_factor,16,4096,256,2,8,0.1294643211364746
single_factor,16,4096,256,3,8,0.12926976203918458
single_factor,16,4096,256,4,8,0.12926976203918458
single_factor,16,4096,256,5,8,0.13049856185913086
single_factor,16,4096,256,6,8,0.12915712356567383
single_factor,16,4096,256,7,8,0.12975104331970214
single_factor,16,4096,512,0,8,0.10714112281799316
single_factor,16,4096,512,1,8,0.12966912269592284
single_factor,16,4096,512,2,8,0.13029376029968262
single_factor,16,4096,512,3,8,0.12966912269592284
single_factor,16,4096,512,4,8,0.13075455665588379
single_factor,16,4096,512,5,8,0.12990464210510255
single_factor,16,4096,512,6,8,0.13024255752563477
single_factor,16,4096,512,7,8,0.1298534393310547
single_factor,16,4096,1024,0,8,0.10773504257202149
single_factor,16,4096,1024,1,8,0.1543884754180908
single_factor,16,4096,1024,2,8,0.15531007766723634
single_factor,16,4096,1024,3,8,0.1549824047088623
single_factor,16,4096,1024,4,8,0.15577088356018065
single_factor,16,4096,1024,5,8,0.15381504058837892
single_factor,16,4096,1024,6,8,0.1568051242828369
single_factor,16,4096,1024,7,8,0.1519820785522461
single_factor,16,4096,2048,0,8,0.16755712509155274
single_factor,16,4096,2048,1,8,0.2861260795593262
single_factor,16,4096,2048,2,8,0.28869632720947264
single_factor,16,4096,2048,3,8,0.28682239532470705
single_factor,16,4096,2048,4,8,0.2898124885559082
single_factor,16,4096,2048,5,8,0.28634111404418944
single_factor,16,4096,2048,6,8,0.29358079910278323
single_factor,16,4096,2048,7,8,0.2839244842529297
single_factor,16,4096,4096,0,8,0.31859712600708007
single_factor,16,4096,4096,1,8,0.5520383834838867
single_factor,16,4096,4096,2,8,0.5640499114990234
single_factor,16,4096,4096,3,8,0.5532160186767578
single_factor,16,4096,4096,4,8,0.5678796768188477
single_factor,16,4096,4096,5,8,0.5570355224609375
single_factor,16,4096,4096,6,8,0.5727129745483398
single_factor,16,4096,4096,7,8,0.5517107009887695
block_butterfly,2,512,1,,8,0.9211186981201172
block_butterfly,2,512,2,,8,0.919920654296875
block_butterfly,2,512,4,,8,0.9201254272460937
block_butterfly,2,512,8,,8,0.92189697265625
block_butterfly,2,512,16,,8,0.9225727844238282
block_butterfly,2,512,32,,8,0.9240473937988282
block_butterfly,2,512,64,,8,0.9260749053955079
block_butterfly,2,512,128,,8,0.9240370941162109
block_butterfly,2,512,256,,8,0.933724136352539
block_butterfly,2,512,512,,8,0.9390080261230469
block_butterfly,2,512,1024,,8,0.934307861328125
block_butterfly,2,512,2048,,8,0.9396121978759766
block_butterfly,2,512,4096,,8,1.404190673828125
block_butterfly,2,1024,1,,9,1.027399673461914
block_butterfly,2,1024,2,,9,1.0293043518066407
block_butterfly,2,1024,4,,9,1.02940673828125
block_butterfly,2,1024,8,,9,1.0294579315185546
block_butterfly,2,1024,16,,9,1.0326220703125
block_butterfly,2,1024,32,,9,1.0395750427246093
block_butterfly,2,1024,64,,9,1.0370252990722657
block_butterfly,2,1024,128,,9,1.0416639709472657
block_butterfly,2,1024,256,,9,1.3267251586914062
block_butterfly,2,1024,512,,9,1.3622988891601562
block_butterfly,2,1024,1024,,9,1.3642649841308594
block_butterfly,2,1024,2048,,9,1.592227783203125
block_butterfly,2,1024,4096,,9,3.1762124633789064
block_butterfly,2,2048,1,,10,1.4924185180664062
block_butterfly,2,2048,2,,10,1.50150146484375
block_butterfly,2,2048,4,,10,1.5011225891113282
block_butterfly,2,2048,8,,10,1.5015936279296875
block_butterfly,2,2048,16,,10,1.4977842712402343
block_butterfly,2,2048,32,,10,1.4971597290039063
block_butterfly,2,2048,64,,10,1.5060479736328125
block_butterfly,2,2048,128,,10,1.5059149169921875
block_butterfly,2,2048,256,,10,1.512755126953125
block_butterfly,2,2048,512,,10,1.52163330078125
block_butterfly,2,2048,1024,,10,1.7772647094726564
block_butterfly,2,2048,2048,,10,3.5472280883789065
block_butterfly,2,2048,4096,,10,6.966968383789062
block_butterfly,2,4096,1,,11,1.64642822265625
block_butterfly,2,4096,2,,11,1.652797393798828
block_butterfly,2,4096,4,,11,1.6521420288085937
block_butterfly,2,4096,8,,11,1.65396484375
block_butterfly,2,4096,16,,11,1.64706298828125
block_butterfly,2,4096,32,,11,1.6579379272460937
block_butterfly,2,4096,64,,11,1.6534938049316406
block_butterfly,2,4096,128,,11,1.6491622924804688
block_butterfly,2,4096,256,,11,1.6710552978515625
block_butterfly,2,4096,512,,11,1.9573759460449218
block_butterfly,2,4096,1024,,11,3.9228005981445313
block_butterfly,2,4096,2048,,11,7.725404052734375
block_butterfly,2,4096,4096,,11,15.25001220703125
block_butterfly,4,512,1,,7,1.0449100494384767
block_butterfly,4,512,2,,7,1.0464460754394531
block_butterfly,4,512,4,,7,1.046261749267578
block_butterfly,4,512,8,,7,1.04595458984375
block_butterfly,4,512,16,,7,1.0512281799316405
block_butterfly,4,512,32,,7,1.0501837158203124
block_butterfly,4,512,64,,7,1.0516172790527343
block_butterfly,4,512,128,,7,1.0538700866699218
block_butterfly,4,512,256,,7,1.0570956420898439
block_butterfly,4,512,512,,7,0.8694681549072265
block_butterfly,4,512,1024,,7,0.8124518585205078
block_butterfly,4,512,2048,,7,0.8182476806640625
block_butterfly,4,512,4096,,7,0.8195686340332031
block_butterfly,4,1024,1,,8,0.9170636749267578
block_butterfly,4,1024,2,,8,0.9214361572265625
block_butterfly,4,1024,4,,8,0.9180364990234375
block_butterfly,4,1024,8,,8,0.9161727905273438
block_butterfly,4,1024,16,,8,0.9162751770019532
block_butterfly,4,1024,32,,8,0.9187020874023437
block_butterfly,4,1024,64,,8,0.9179238128662109
block_butterfly,4,1024,128,,8,0.9217740631103516
block_butterfly,4,1024,256,,8,0.9238425445556641
block_butterfly,4,1024,512,,8,0.9295359802246094
block_butterfly,4,1024,1024,,8,0.9358541107177735
block_butterfly,4,1024,2048,,8,0.9349632263183594
block_butterfly,4,1024,4096,,8,1.6826675415039063
block_butterfly,4,2048,1,,9,1.0235699462890624
block_butterfly,4,2048,2,,9,1.0324889373779298
block_butterfly,4,2048,4,,9,1.0332672119140625
block_butterfly,4,2048,8,,9,1.0354278564453125
block_butterfly,4,2048,16,,9,1.0389606475830078
block_butterfly,4,2048,32,,9,1.0364109039306642
block_butterfly,4,2048,64,,9,1.0399539184570312
block_butterfly,4,2048,128,,9,1.038888931274414
block_butterfly,4,2048,256,,9,1.0363801574707032
block_butterfly,4,2048,512,,9,1.0484326171875
block_butterfly,4,2048,1024,,9,1.0502143859863282
block_butterfly,4,2048,2048,,9,1.8865869140625
block_butterfly,4,2048,4096,,9,3.702589416503906
block_butterfly,4,4096,1,,10,1.1458969879150391
block_butterfly,4,4096,2,,10,1.1517235565185546
block_butterfly,4,4096,4,,10,1.1492249298095703
block_butterfly,4,4096,8,,10,1.1492454528808593
block_butterfly,4,4096,16,,10,1.150914535522461
block_butterfly,4,4096,32,,10,1.1590860748291016
block_butterfly,4,4096,64,,10,1.1574374389648439
block_butterfly,4,4096,128,,10,1.154027557373047
block_butterfly,4,4096,256,,10,1.1710873413085938
block_butterfly,4,4096,512,,10,1.1740672302246093
block_butterfly,4,4096,1024,,10,2.102528076171875
block_butterfly,4,4096,2048,,10,4.133621826171875
block_butterfly,4,4096,4096,,10,8.108165283203125
block_butterfly,8,512,1,,6,0.6826290893554687
block_butterfly,8,512,2,,6,0.6845951843261718
block_butterfly,8,512,4,,6,0.687667236328125
block_butterfly,8,512,8,,6,0.6891519927978516
block_butterfly,8,512,16,,6,0.6879334259033203
block_butterfly,8,512,32,,6,0.6905651092529297
block_butterfly,8,512,64,,6,0.6922239685058593
block_butterfly,8,512,128,,6,0.6921523284912109
block_butterfly,8,512,256,,6,0.6933811187744141
block_butterfly,8,512,512,,6,0.6980710601806641
block_butterfly,8,512,1024,,6,0.6922137451171875
block_butterfly,8,512,2048,,6,0.7030989074707031
block_butterfly,8,512,4096,,6,0.7036211395263672
block_butterfly,8,1024,1,,7,0.8022528076171875
block_butterfly,8,1024,2,,7,0.8023347473144531
block_butterfly,8,1024,4,,7,0.8061235046386719
block_butterfly,8,1024,8,,7,0.8057855987548828
block_butterfly,8,1024,16,,7,0.8042495727539063
block_butterfly,8,1024,32,,7,0.8062156677246094
block_butterfly,8,1024,64,,7,0.8095027160644531
block_butterfly,8,1024,128,,7,0.808622055053711
block_butterfly,8,1024,256,,7,0.81185791015625
block_butterfly,8,1024,512,,7,0.8085094451904297
block_butterfly,8,1024,1024,,7,0.8188211059570313
block_butterfly,8,1024,2048,,7,0.8206233978271484
block_butterfly,8,1024,4096,,7,1.234298858642578
block_butterfly,8,2048,1,,8,0.9115955352783203
block_butterfly,8,2048,2,,8,0.9122406768798829
block_butterfly,8,2048,4,,8,0.9157119750976562
block_butterfly,8,2048,8,,8,0.9133261108398437
block_butterfly,8,2048,16,,8,0.9140838623046875
block_butterfly,8,2048,32,,8,0.9233715057373046
block_butterfly,8,2048,64,,8,0.9151590728759765
block_butterfly,8,2048,128,,8,0.9154150390625
block_butterfly,8,2048,256,,8,0.9193881225585937
block_butterfly,8,2048,512,,8,0.9363046264648438
block_butterfly,8,2048,1024,,8,0.9340518188476562
block_butterfly,8,2048,2048,,8,1.4025216674804688
block_butterfly,8,2048,4096,,8,2.74408447265625
block_butterfly,8,4096,1,,9,1.0244198608398438
block_butterfly,8,4096,2,,9,1.034792938232422
block_butterfly,8,4096,4,,9,1.0344960021972656
block_butterfly,8,4096,8,,9,1.0324172973632812
block_butterfly,8,4096,16,,9,1.0303488159179688
block_butterfly,8,4096,32,,9,1.0446438598632812
block_butterfly,8,4096,64,,9,1.039831008911133
block_butterfly,8,4096,128,,9,1.03731201171875
block_butterfly,8,4096,256,,9,1.0507059478759766
block_butterfly,8,4096,512,,9,1.0527232360839844
block_butterfly,8,4096,1024,,9,1.5686553955078124
block_butterfly,8,4096,2048,,9,3.072491455078125
block_butterfly,8,4096,4096,,9,5.999882202148438
block_butterfly,16,512,1,,5,0.570777587890625
block_butterfly,16,512,2,,5,0.5732966232299804
block_butterfly,16,512,4,,5,0.5749964904785156
block_butterfly,16,512,8,,5,0.5758771133422852
block_butterfly,16,512,16,,5,0.5769728088378906
block_butterfly,16,512,32,,5,0.5772185516357422
block_butterfly,16,512,64,,5,0.5812736129760743
block_butterfly,16,512,128,,5,0.580423698425293
block_butterfly,16,512,256,,5,0.5801881790161133
block_butterfly,16,512,512,,5,0.5871923065185547
block_butterfly,16,512,1024,,5,0.5785087966918945
block_butterfly,16,512,2048,,5,0.5895679855346679
block_butterfly,16,512,4096,,5,0.5883903884887696
block_butterfly,16,1024,1,,6,0.6872064208984375
block_butterfly,16,1024,2,,6,0.6910566711425781
block_butterfly,16,1024,4,,6,0.6923366546630859
block_butterfly,16,1024,8,,6,0.68890625
block_butterfly,16,1024,16,,6,0.6899404907226563
block_butterfly,16,1024,32,,6,0.693391342163086
block_butterfly,16,1024,64,,6,0.6921932983398438
block_butterfly,16,1024,128,,6,0.6909849548339844
block_butterfly,16,1024,256,,6,0.6963097381591797
block_butterfly,16,1024,512,,6,0.6938111877441406
block_butterfly,16,1024,1024,,6,0.7017164611816407
block_butterfly,16,1024,2048,,6,0.7019827270507812
block_butterfly,16,1024,4096,,6,0.830904312133789
block_butterfly,16,2048,1,,7,0.8041881561279297
block_butterfly,16,2048,2,,7,0.8037375640869141
block_butterfly,16,2048,4,,7,0.8061337280273437
block_butterfly,16,2048,8,,7,0.8075468444824219
block_butterfly,16,2048,16,,7,0.8072704315185547
block_butterfly,16,2048,32,,7,0.8070758056640625
block_butterfly,16,2048,64,,7,0.8104447937011718
block_butterfly,16,2048,128,,7,0.8078950500488281
block_butterfly,16,2048,256,,7,0.8056012725830078
block_butterfly,16,2048,512,,7,0.8255078125
block_butterfly,16,2048,1024,,7,0.824975357055664
block_butterfly,16,2048,2048,,7,0.9808486175537109
block_butterfly,16,2048,4096,,7,1.8710426330566405
block_butterfly,16,4096,1,,8,0.9157734680175781
block_butterfly,16,4096,2,,8,0.9222860717773438
block_butterfly,16,4096,4,,8,0.9192038726806641
block_butterfly,16,4096,8,,8,0.9177497863769531
block_butterfly,16,4096,16,,8,0.9247641754150391
block_butterfly,16,4096,32,,8,0.9217740631103516
block_butterfly,16,4096,64,,8,0.9229618835449219
block_butterfly,16,4096,128,,8,0.9284095764160156
block_butterfly,16,4096,256,,8,0.9368985748291015
block_butterfly,16,4096,512,,8,0.9392742156982422
block_butterfly,16,4096,1024,,8,1.1355340576171875
block_butterfly,16,4096,2048,,8,2.1636505126953125
block_butterfly,16,4096,4096,,8,4.22751220703125
flatblock_butterfly,2,512,1,,,0.15349760055541992
flatblock_butterfly,2,512,2,,,0.15120384216308594
flatblock_butterfly,2,512,4,,,0.1496780776977539
flatblock_butterfly,2,512,8,,,0.14987263679504395
flatblock_butterfly,2,512,16,,,0.14969856262207032
flatblock_butterfly,2,512,32,,,0.1498624038696289
flatblock_butterfly,2,512,64,,,0.14969856262207032
flatblock_butterfly,2,512,128,,,0.14936063766479493
flatblock_butterfly,2,512,256,,,0.1510707187652588
flatblock_butterfly,2,512,512,,,0.15896575927734374
flatblock_butterfly,2,512,1024,,,0.15952896118164062
flatblock_butterfly,2,512,2048,,,0.3002060890197754
flatblock_butterfly,2,512,4096,,,0.5880524826049804
flatblock_butterfly,2,1024,1,,,0.15039487838745116
flatblock_butterfly,2,1024,2,,,0.14899200439453125
flatblock_butterfly,2,1024,4,,,0.14916607856750488
flatblock_butterfly,2,1024,8,,,0.14820351600646972
flatblock_butterfly,2,1024,16,,,0.14815232276916504
flatblock_butterfly,2,1024,32,,,0.14956543922424317
flatblock_butterfly,2,1024,64,,,0.1481932830810547
flatblock_butterfly,2,1024,128,,,0.15072256088256836
flatblock_butterfly,2,1024,256,,,0.15316991806030272
flatblock_butterfly,2,1024,512,,,0.159682559967041
flatblock_butterfly,2,1024,1024,,,0.30033920288085936
flatblock_butterfly,2,1024,2048,,,0.5884518432617187
flatblock_butterfly,2,1024,4096,,,1.1653324890136718
flatblock_butterfly,2,2048,1,,,0.14958592414855956
flatblock_butterfly,2,2048,2,,,0.14829567909240723
flatblock_butterfly,2,2048,4,,,0.14806015968322753
flatblock_butterfly,2,2048,8,,,0.14822400093078614
flatblock_butterfly,2,2048,16,,,0.14748671531677246
flatblock_butterfly,2,2048,32,,,0.1500160026550293
flatblock_butterfly,2,2048,64,,,0.14961664199829103
flatblock_butterfly,2,2048,128,,,0.14988287925720215
flatblock_butterfly,2,2048,256,,,0.15963135719299315
flatblock_butterfly,2,2048,512,,,0.3004006385803223
flatblock_butterfly,2,2048,1024,,,0.5890867233276367
flatblock_butterfly,2,2048,2048,,,1.1651174163818359
flatblock_butterfly,2,2048,4096,,,2.3164108276367186
flatblock_butterfly,2,4096,1,,,0.1497804832458496
flatblock_butterfly,2,4096,2,,,0.14775296211242675
flatblock_butterfly,2,4096,4,,,0.14782464027404785
flatblock_butterfly,2,4096,8,,,0.14798848152160646
flatblock_butterfly,2,4096,16,,,0.1477734375
flatblock_butterfly,2,4096,32,,,0.1505996799468994
flatblock_butterfly,2,4096,64,,,0.14993408203125
flatblock_butterfly,2,4096,128,,,0.1496883201599121
flatblock_butterfly,2,4096,256,,,0.3002060890197754
flatblock_butterfly,2,4096,512,,,0.5900799942016601
flatblock_butterfly,2,4096,1024,,,1.1659776306152343
flatblock_butterfly,2,4096,2048,,,2.3169842529296876
flatblock_butterfly,2,4096,4096,,,4.610375671386719
flatblock_butterfly,4,512,1,,,0.15036416053771973
flatblock_butterfly,4,512,2,,,0.14916607856750488
flatblock_butterfly,4,512,4,,,0.14823424339294433
flatblock_butterfly,4,512,8,,,0.14781439781188965
flatblock_butterfly,4,512,16,,,0.14799872398376465
flatblock_butterfly,4,512,32,,,0.14877696037292482
flatblock_butterfly,4,512,64,,,0.14911487579345703
flatblock_butterfly,4,512,128,,,0.1492787170410156
flatblock_butterfly,4,512,256,,,0.15078399658203126
flatblock_butterfly,4,512,512,,,0.15022080421447753
flatblock_butterfly,4,512,1024,,,0.15095808029174804
flatblock_butterfly,4,512,2048,,,0.16300031661987305
flatblock_butterfly,4,512,4096,,,0.3139379119873047
flatblock_butterfly,4,1024,1,,,0.14922752380371093
flatblock_butterfly,4,1024,2,,,0.14907391548156737
flatblock_butterfly,4,1024,4,,,0.14844927787780762
flatblock_butterfly,4,1024,8,,,0.148469762802124
flatblock_butterfly,4,1024,16,,,0.1490227222442627
flatblock_butterfly,4,1024,32,,,0.14910464286804198
flatblock_butterfly,4,1024,64,,,0.14887935638427735
flatblock_butterfly,4,1024,128,,,0.14990336418151856
flatblock_butterfly,4,1024,256,,,0.15011839866638182
flatblock_butterfly,4,1024,512,,,0.14972928047180176
flatblock_butterfly,4,1024,1024,,,0.1637990379333496
flatblock_butterfly,4,1024,2048,,,0.3159552001953125
flatblock_butterfly,4,1024,4096,,,0.6212198257446289
flatblock_butterfly,4,2048,1,,,0.1498624038696289
flatblock_butterfly,4,2048,2,,,0.1485414409637451
flatblock_butterfly,4,2048,4,,,0.14808064460754394
flatblock_butterfly,4,2048,8,,,0.1490329647064209
flatblock_butterfly,4,2048,16,,,0.1486131191253662
flatblock_butterfly,4,2048,32,,,0.14929920196533203
flatblock_butterfly,4,2048,64,,,0.14965760231018066
flatblock_butterfly,4,2048,128,,,0.1502617645263672
flatblock_butterfly,4,2048,256,,,0.15029248237609863
flatblock_butterfly,4,2048,512,,,0.1640345573425293
flatblock_butterfly,4,2048,1024,,,0.31687679290771487
flatblock_butterfly,4,2048,2048,,,0.6222540664672852
flatblock_butterfly,4,2048,4096,,,1.227294692993164
flatblock_butterfly,4,4096,1,,,0.15002623558044434
flatblock_butterfly,4,4096,2,,,0.14853119850158691
flatblock_butterfly,4,4096,4,,,0.14789631843566894
flatblock_butterfly,4,4096,8,,,0.1476300811767578
flatblock_butterfly,4,4096,16,,,0.14825471878051757
flatblock_butterfly,4,4096,32,,,0.15035391807556153
flatblock_butterfly,4,4096,64,,,0.14858240127563477
flatblock_butterfly,4,4096,128,,,0.14991359710693358
flatblock_butterfly,4,4096,256,,,0.16360448837280273
flatblock_butterfly,4,4096,512,,,0.3182899284362793
flatblock_butterfly,4,4096,1024,,,0.6239846420288085
flatblock_butterfly,4,4096,2048,,,1.2288102722167968
flatblock_butterfly,4,4096,4096,,,2.445004730224609
flatblock_butterfly,8,512,1,,,0.15112192153930665
flatblock_butterfly,8,512,2,,,0.1490022373199463
flatblock_butterfly,8,512,4,,,0.14898176193237306
flatblock_butterfly,8,512,8,,,0.14865407943725586
flatblock_butterfly,8,512,16,,,0.1490944004058838
flatblock_butterfly,8,512,32,,,0.148469762802124
flatblock_butterfly,8,512,64,,,0.14892031669616698
flatblock_butterfly,8,512,128,,,0.14879743576049806
flatblock_butterfly,8,512,256,,,0.14955519676208495
flatblock_butterfly,8,512,512,,,0.14950400352478027
flatblock_butterfly,8,512,1024,,,0.15011839866638182
flatblock_butterfly,8,512,2048,,,0.15131648063659667
flatblock_butterfly,8,512,4096,,,0.17148927688598634
flatblock_butterfly,8,1024,1,,,0.1502719974517822
flatblock_butterfly,8,1024,2,,,0.14841856002807619
flatblock_butterfly,8,1024,4,,,0.14881792068481445
flatblock_butterfly,8,1024,8,,,0.14803968429565428
flatblock_butterfly,8,1024,16,,,0.148787202835083
flatblock_butterfly,8,1024,32,,,0.1490124797821045
flatblock_butterfly,8,1024,64,,,0.14947327613830566
flatblock_butterfly,8,1024,128,,,0.14919679641723632
flatblock_butterfly,8,1024,256,,,0.1497804832458496
flatblock_butterfly,8,1024,512,,,0.15011839866638182
flatblock_butterfly,8,1024,1024,,,0.15042559623718263
flatblock_butterfly,8,1024,2048,,,0.17161216735839843
flatblock_butterfly,8,1024,4096,,,0.3321343994140625
flatblock_butterfly,8,2048,1,,,0.15054847717285155
flatblock_butterfly,8,2048,2,,,0.1486847972869873
flatblock_butterfly,8,2048,4,,,0.14913536071777345
flatblock_butterfly,8,2048,8,,,0.1484390354156494
flatblock_butterfly,8,2048,16,,,0.14818304061889648
flatblock_butterfly,8,2048,32,,,0.1490841579437256
flatblock_butterfly,8,2048,64,,,0.14955519676208495
flatblock_butterfly,8,2048,128,,,0.14881792068481445
flatblock_butterfly,8,2048,256,,,0.1501491165161133
flatblock_butterfly,8,2048,512,,,0.151398401260376
flatblock_butterfly,8,2048,1024,,,0.17546239852905274
flatblock_butterfly,8,2048,2048,,,0.3378790283203125
flatblock_butterfly,8,2048,4096,,,0.6604390716552735
flatblock_butterfly,8,4096,1,,,0.14928895950317383
flatblock_butterfly,8,4096,2,,,0.1488383960723877
flatblock_butterfly,8,4096,4,,,0.14788607597351075
flatblock_butterfly,8,4096,8,,,0.1484390354156494
flatblock_butterfly,8,4096,16,,,0.14792703628540038
flatblock_butterfly,8,4096,32,,,0.15024127960205078
flatblock_butterfly,8,4096,64,,,0.14931967735290527
flatblock_butterfly,8,4096,128,,,0.15172608375549315
flatblock_butterfly,8,4096,256,,,0.15115263938903808
flatblock_butterfly,8,4096,512,,,0.17757183074951172
flatblock_butterfly,8,4096,1024,,,0.3408998489379883
flatblock_butterfly,8,4096,2048,,,0.6626611328125
flatblock_butterfly,8,4096,4096,,,1.3017701721191406
flatblock_butterfly,16,512,1,,,0.15044608116149902
flatblock_butterfly,16,512,2,,,0.14766079902648926
flatblock_butterfly,16,512,4,,,0.1479372787475586
flatblock_butterfly,16,512,8,,,0.1480191993713379
flatblock_butterfly,16,512,16,,,0.14799872398376465
flatblock_butterfly,16,512,32,,,0.14897151947021484
flatblock_butterfly,16,512,64,,,0.14852095603942872
flatblock_butterfly,16,512,128,,,0.14836735725402833
flatblock_butterfly,16,512,256,,,0.14940159797668456
flatblock_butterfly,16,512,512,,,0.1509171199798584
flatblock_butterfly,16,512,1024,,,0.14955519676208495
flatblock_butterfly,16,512,2048,,,0.1506611156463623
flatblock_butterfly,16,512,4096,,,0.15148032188415528
flatblock_butterfly,16,1024,1,,,0.1500774383544922
flatblock_butterfly,16,1024,2,,,0.14804991722106933
flatblock_butterfly,16,1024,4,,,0.14811136245727538
flatblock_butterfly,16,1024,8,,,0.14853119850158691
flatblock_butterfly,16,1024,16,,,0.1479372787475586
flatblock_butterfly,16,1024,32,,,0.14962688446044922
flatblock_butterfly,16,1024,64,,,0.14947327613830566
flatblock_butterfly,16,1024,128,,,0.14955519676208495
flatblock_butterfly,16,1024,256,,,0.14948351860046385
flatblock_butterfly,16,1024,512,,,0.15030271530151368
flatblock_butterfly,16,1024,1024,,,0.15149056434631347
flatblock_butterfly,16,1024,2048,,,0.1509273624420166
flatblock_butterfly,16,1024,4096,,,0.25076736450195314
flatblock_butterfly,16,2048,1,,,0.14866432189941406
flatblock_butterfly,16,2048,2,,,0.1485414409637451
flatblock_butterfly,16,2048,4,,,0.14849023818969725
flatblock_butterfly,16,2048,8,,,0.148285436630249
flatblock_butterfly,16,2048,16,,,0.14807040214538575
flatblock_butterfly,16,2048,32,,,0.14941184043884279
flatblock_butterfly,16,2048,64,,,0.14940159797668456
flatblock_butterfly,16,2048,128,,,0.14939135551452637
flatblock_butterfly,16,2048,256,,,0.14937088012695313
flatblock_butterfly,16,2048,512,,,0.1500876808166504
flatblock_butterfly,16,2048,1024,,,0.1509171199798584
flatblock_butterfly,16,2048,2048,,,0.2560307121276855
flatblock_butterfly,16,2048,4096,,,0.49761280059814456
flatblock_butterfly,16,4096,1,,,0.14951423645019532
flatblock_butterfly,16,4096,2,,,0.14837759971618653
flatblock_butterfly,16,4096,4,,,0.14807040214538575
flatblock_butterfly,16,4096,8,,,0.14865407943725586
flatblock_butterfly,16,4096,16,,,0.14818304061889648
flatblock_butterfly,16,4096,32,,,0.14925824165344237
flatblock_butterfly,16,4096,64,,,0.14855168342590333
flatblock_butterfly,16,4096,128,,,0.14944255828857422
flatblock_butterfly,16,4096,256,,,0.151398401260376
flatblock_butterfly,16,4096,512,,,0.15130623817443847
flatblock_butterfly,16,4096,1024,,,0.2601164817810059
flatblock_butterfly,16,4096,2048,,,0.504606704711914
flatblock_butterfly,16,4096,4096,,,0.98661376953125
