{
  "rank": 8,
  "epochs": [
    1,
    2,
    3,
    4,
    5,
    6,
    7,
    8,
    9,
    10,
    11,
    12,
    13,
    14,
    15,
    16,
    17,
    18,
    19,
    20,
    21,
    22,
    23,
    24,
    25,
    26,
    27,
    28,
    29,
    30,
    31,
    32,
    33,
    34,
    35,
    36,
    37,
    38,
    39,
    40,
    41,
    42,
    43,
    44,
    45,
    46,
    47,
    48,
    49,
    50,
    51,
    52,
    53,
    54,
    55,
    56,
    57,
    58,
    59,
    60,
    61,
    62,
    63,
    64,
    65,
    66,
    67,
    68,
    69,
    70,
    71,
    72,
    73,
    74,
    75,
    76,
    77,
    78,
    79,
    80,
    81,
    82,
    83,
    84,
    85,
    86,
    87,
    88,
    89,
    90,
    91,
    92,
    93,
    94,
    95,
    96,
    97,
    98,
    99,
    100,
    101,
    102,
    103,
    104,
    105,
    106,
    107,
    108,
    109,
    110,
    111,
    112,
    113,
    114,
    115,
    116,
    117,
    118,
    119,
    120,
    121,
    122,
    123,
    124,
    125,
    126,
    127,
    128,
    129,
    130,
    131,
    132,
    133,
    134,
    135,
    136,
    137,
    138,
    139,
    140,
    141,
    142,
    143,
    144,
    145,
    146,
    147,
    148,
    149,
    150,
    151,
    152,
    153,
    154,
    155,
    156,
    157,
    158,
    159,
    160,
    161,
    162,
    163,
    164,
    165,
    166,
    167,
    168,
    169,
    170,
    171,
    172,
    173,
    174,
    175,
    176,
    177,
    178,
    179,
    180,
    181,
    182,
    183,
    184,
    185,
    186,
    187,
    188,
    189,
    190,
    191,
    192,
    193,
    194,
    195,
    196,
    197,
    198,
    199,
    200
  ],
  "train_losses": [
    1.1554024991989136,
    1.1480419359207152,
    1.1410524039268493,
    1.1364493923187255,
    1.1334424505233764,
    1.131367847442627,
    1.1298765249252318,
    1.1287743935585022,
    1.1279039387702943,
    1.1271804704666137,
    1.1265818195343018,
    1.1260685014724732,
    1.125609314441681,
    1.1252086663246155,
    1.1248553280830382,
    1.124536967754364,
    1.1242379183769227,
    1.1239693031311035,
    1.1237249431610108,
    1.1234858198165893,
    1.1232726655006409,
    1.1230732803344727,
    1.122894468307495,
    1.1227173538208008,
    1.1225679416656493,
    1.1224059362411498,
    1.1222861452102662,
    1.12213126039505,
    1.122009502887726,
    1.1219003448486329,
    1.1217964282035828,
    1.1216799077987671,
    1.121589674949646,
    1.1214866786003113,
    1.121399094581604,
    1.1213126134872438,
    1.1212321848869324,
    1.121150695323944,
    1.1210765914916991,
    1.1210009198188782,
    1.1209337859153747,
    1.1208724584579468,
    1.1208064441680907,
    1.1207576360702514,
    1.120686499595642,
    1.1206382336616516,
    1.1205761322975158,
    1.1205321135520936,
    1.1204938063621521,
    1.120436044216156,
    1.1203906760215758,
    1.1203432002067566,
    1.1203095870018005,
    1.1202653965950011,
    1.1202196369171142,
    1.1201818633079528,
    1.1201610217094422,
    1.120110191822052,
    1.120073571205139,
    1.1200488357543945,
    1.1200088438987732,
    1.1199774560928344,
    1.119953773021698,
    1.1199287619590759,
    1.119900194644928,
    1.119869019985199,
    1.1198398213386536,
    1.1198194551467895,
    1.1197980427742005,
    1.1197729964256287,
    1.119758222579956,
    1.1197280044555664,
    1.1197139339447022,
    1.1196904344558716,
    1.119673056602478,
    1.1196499452590942,
    1.1196198186874389,
    1.119601803779602,
    1.1195838737487793,
    1.1195565218925476,
    1.1195365171432494,
    1.1190697226524353,
    1.119017249584198,
    1.1190036916732788,
    1.1189982509613037,
    1.1189874410629272,
    1.1189754872322082,
    1.1189698767662049,
    1.1189612059593201,
    1.1189559421539306,
    1.1189369311332702,
    1.1189316577911377,
    1.1189208550453187,
    1.1189159588813782,
    1.1189094052314759,
    1.1188977398872375,
    1.1188904323577882,
    1.118879738330841,
    1.1188696427345275,
    1.1188636345863343,
    1.1188588004112243,
    1.1188494839668275,
    1.1185807242393493,
    1.1185634365081787,
    1.1185560979843139,
    1.118551730155945,
    1.1185488562583923,
    1.1185457692146301,
    1.1185385551452636,
    1.1185337152481079,
    1.118533281326294,
    1.118530270576477,
    1.1185251097679139,
    1.118374870300293,
    1.1183720984458922,
    1.1183677582740783,
    1.1183656401634217,
    1.1183638291358948,
    1.1183623490333556,
    1.1183592138290406,
    1.1183585019111633,
    1.11835662317276,
    1.1183535294532776,
    1.1183513946533203,
    1.118348741054535,
    1.1182707338333129,
    1.1182695336341857,
    1.1182674145698548,
    1.11826633310318,
    1.118265329360962,
    1.1182646284103392,
    1.1182638387680053,
    1.1182628564834596,
    1.1182615041732789,
    1.1182604260444642,
    1.1182597031593322,
    1.1182189693450928,
    1.1182181186676026,
    1.1182175464630126,
    1.1182172365188598,
    1.118216453552246,
    1.1182159314155578,
    1.1182155847549438,
    1.11821524477005,
    1.1182146105766297,
    1.118214059829712,
    1.1182133855819703,
    1.1181927142143249,
    1.118192228794098,
    1.1181920766830444,
    1.1181916828155518,
    1.1181915521621704,
    1.1181913523674012,
    1.1181909675598145,
    1.1181908378601073,
    1.1181906595230102,
    1.1181902160644532,
    1.1181898493766784,
    1.1181795029640198,
    1.1181794614791871,
    1.11817924785614,
    1.118179144859314,
    1.1181790790557862,
    1.1181788358688354,
    1.118178744316101,
    1.1181786670684815,
    1.1181785106658935,
    1.1181783485412597,
    1.1181782193183898,
    1.1181729321479796,
    1.1181728825569153,
    1.1181728296279907,
    1.1181726994514465,
    1.1181726484298706,
    1.118172655582428,
    1.1181725277900696,
    1.1181725125312805,
    1.1181724290847779,
    1.11817240858078,
    1.1181722893714905,
    1.1181696515083313,
    1.1181696200370788,
    1.1181695804595948,
    1.118169563293457,
    1.118169521331787,
    1.118169523715973,
    1.1181694602966308,
    1.1181694445610046,
    1.11816938829422,
    1.1181693663597108,
    1.118169355392456,
    1.1181680297851562,
    1.1181679964065552,
    1.1181679935455322,
    1.1181679639816284,
    1.1181679410934449,
    1.1181679387092591,
    1.1181679110527039,
    1.118167896270752,
    1.118167866230011
  ],