rank,final_train_loss,final_val_loss,min_train_loss,min_val_loss,min_train_epoch,min_val_epoch,num_epochs
2,1.143409390449524,1.145155666366456,1.1434093804359435,1.144897074926467,195,127,200
4,1.1340556678771974,1.1398354390310863,1.1340556678771974,1.1395198087843637,200,156,200
8,1.118167866230011,1.123928319840204,1.118167866230011,1.123632099893358,200,134,200
16,1.086641456604004,1.0979607805373175,1.086641456604004,1.0975650605701266,200,189,200
32,1.026299826145172,1.0447311590588282,1.026299826145172,1.0447311590588282,200,200,200
64,0.9158374650478364,0.949682633082072,0.9158374650478364,0.9495949612723456,200,199,200
128,0.7281083166599274,0.7763942546314664,0.7281083166599274,0.7763942546314664,200,200,200
512,0.1132404839396476,0.1367891329148459,0.1132404839396476,0.1367891329148459,200,200,200
