{
  "rank": 16,
  "epochs": [
    1,
    2,
    3,
    4,
    5,
    6,
    7,
    8,
    9,
    10,
    11,
    12,
    13,
    14,
    15,
    16,
    17,
    18,
    19,
    20,
    21,
    22,
    23,
    24,
    25,
    26,
    27,
    28,
    29,
    30,
    31,
    32,
    33,
    34,
    35,
    36,
    37,
    38,
    39,
    40,
    41,
    42,
    43,
    44,
    45,
    46,
    47,
    48,
    49,
    50,
    51,
    52,
    53,
    54,
    55,
    56,
    57,
    58,
    59,
    60,
    61,
    62,
    63,
    64,
    65,
    66,
    67,
    68,
    69,
    70,
    71,
    72,
    73,
    74,
    75,
    76,
    77,
    78,
    79,
    80,
    81,
    82,
    83,
    84,
    85,
    86,
    87,
    88,
    89,
    90,
    91,
    92,
    93,
    94,
    95,
    96,
    97,
    98,
    99,
    100,
    101,
    102,
    103,
    104,
    105,
    106,
    107,
    108,
    109,
    110,
    111,
    112,
    113,
    114,
    115,
    116,
    117,
    118,
    119,
    120,
    121,
    122,
    123,
    124,
    125,
    126,
    127,
    128,
    129,
    130,
    131,
    132,
    133,
    134,
    135,
    136,
    137,
    138,
    139,
    140,
    141,
    142,
    143,
    144,
    145,
    146,
    147,
    148,
    149,
    150,
    151,
    152,
    153,
    154,
    155,
    156,
    157,
    158,
    159,
    160,
    161,
    162,
    163,
    164,
    165,
    166,
    167,
    168,
    169,
    170,
    171,
    172,
    173,
    174,
    175,
    176,
    177,
    178,
    179,
    180,
    181,
    182,
    183,
    184,
    185,
    186,
    187,
    188,
    189,
    190,
    191,
    192,
    193,
    194,
    195,
    196,
    197,
    198,
    199,
    200
  ],
  "train_losses": [
    1.1549136838912963,
    1.1417632856369018,
    1.130269359588623,
    1.1228371000289916,
    1.11805841588974,
    1.114691279411316,
    1.11219122505188,
    1.1102460503578186,
    1.1086540231704711,
    1.107328944683075,
    1.1061549878120422,
    1.1051356358528137,
    1.1042154636383057,
    1.1033943810462952,
    1.102643461227417,
    1.1019857110977174,
    1.101386028289795,
    1.100833724975586,
    1.100349639892578,
    1.0998906183242798,
    1.0994631242752075,
    1.0990908346176147,
    1.0987054462432861,
    1.0983686513900757,
    1.098049786090851,
    1.0977390947341918,
    1.0974570536613464,
    1.09718190908432,
    1.0969156923294068,
    1.0966612305641175,
    1.0964223203659058,
    1.096195200920105,
    1.0959760403633119,
    1.0957603697776794,
    1.0955578107833863,
    1.0953549571037293,
    1.0951621408462524,
    1.0949819355010986,
    1.0948046188354492,
    1.0946378030776978,
    1.094469793319702,
    1.0943047270774842,
    1.0941679825782775,
    1.0940162796974182,
    1.0938604693412781,
    1.0937255840301514,
    1.0935801253318786,
    1.0934521503448487,
    1.0933126411437988,
    1.0932104568481444,
    1.093084572315216,
    1.0929614429473877,
    1.0928537545204162,
    1.0927388210296631,
    1.0926463289260864,
    1.0925410985946655,
    1.092441379547119,
    1.0923435955047607,
    1.0922468571662902,
    1.0921538586616517,
    1.0920832557678222,
    1.0919843111038208,
    1.091888738632202,
    1.0918038306236266,
    1.091723849773407,
    1.0916490483283996,
    1.0915837225914002,
    1.0915013523101806,
    1.0914320969581603,
    1.091362054824829,
    1.0912903318405152,
    1.0912205862998963,
    1.0911516537666321,
    1.0911049947738647,
    1.091020932674408,
    1.0909591588974,
    1.090899393081665,
    1.0908318042755127,
    1.0907875771522522,
    1.0907152132987976,
    1.0906750736236572,
    1.0906009635925293,
    1.0905510158538818,
    1.0904881081581115,
    1.0904289135932923,
    1.0903890471458435,
    1.090338963985443,
    1.090276358127594,
    1.0902325682640075,
    1.090195195198059,
    1.0901364736557007,
    1.090090548992157,
    1.0900547070503235,
    1.089998903274536,
    1.0899573283195496,
    1.0899158873558044,
    1.089877356529236,
    1.0898268270492553,
    1.0897874159812928,
    1.0897411952018738,
    1.0896988759040833,
    1.089660101890564,
    1.089630325317383,
    1.0895889582633973,
    1.089533051967621,
    1.0895175457000732,
    1.0894670457839966,
    1.0894302806854248,
    1.0893963804244995,
    1.089347014427185,
    1.0893206338882446,
    1.0892881002426147,
    1.0892556266784668,
    1.0892176904678346,
    1.0891835641860963,
    1.0891418414115905,
    1.0891126704216003,
    1.0890736312866212,
    1.0890479111671447,
    1.089019019126892,
    1.0881836490631103,
    1.0880962247848511,
    1.0880710458755494,
    1.0880492959022523,
    1.0880374603271485,
    1.0880221371650696,
    1.0880064406394958,
    1.0879886116981505,
    1.087972855091095,
    1.0879614310264587,
    1.0879407076835632,
    1.0879319543838502,
    1.0879101958274842,
    1.0878979754447937,
    1.0878812346458435,
    1.0878716373443604,
    1.087849021434784,
    1.0873821206092835,
    1.0873466639518738,
    1.0873362379074096,
    1.0873286905288697,
    1.0873209319114685,
    1.08731271982193,
    1.0873034090995788,
    1.087299458026886,
    1.0872871117591858,
    1.0872833189964295,
    1.087276879310608,
    1.0872704048156738,
    1.0872611203193665,
    1.086998131752014,
    1.0869871373176574,
    1.0869808225631714,
    1.0869776391983033,
    1.0869740681648254,
    1.086971516609192,
    1.0869667792320252,
    1.0869650230407715,
    1.0869601273536682,
    1.0869575734138488,
    1.086953978061676,
    1.0869475684165955,
    1.086944887638092,
    1.0869415512084961,
    1.0869363093376159,
    1.0869319286346435,
    1.0867927103042603,
    1.0867891144752502,
    1.0867865238189698,
    1.0867845668792724,
    1.0867834796905518,
    1.0867811045646667,
    1.0867791647911071,
    1.086777777671814,
    1.0867754554748534,
    1.0867734456062317,
    1.086772168636322,
    1.0867696509361267,
    1.086769114971161,
    1.0867669615745545,
    1.0866928300857543,
    1.0866915144920348,
    1.0866903047561645,
    1.0866895079612733,
    1.0866888456344606,
    1.0866880197525024,
    1.0866867098808288,
    1.0866857967376709,
    1.0866849851608276,
    1.08668399143219,
    1.0866831846237182,
    1.086645550251007,
    1.086645020008087,
    1.0866443977355957,
    1.0866438956260682,
    1.086643428325653,
    1.0866428933143615,
    1.0866425514221192,
    1.086642324924469,
    1.086641456604004
  ],