{
  "rank": 64,
  "epochs": [
    1,
    2,
    3,
    4,
    5,
    6,
    7,
    8,
    9,
    10,
    11,
    12,
    13,
    14,
    15,
    16,
    17,
    18,
    19,
    20,
    21,
    22,
    23,
    24,
    25,
    26,
    27,
    28,
    29,
    30,
    31,
    32,
    33,
    34,
    35,
    36,
    37,
    38,
    39,
    40,
    41,
    42,
    43,
    44,
    45,
    46,
    47,
    48,
    49,
    50,
    51,
    52,
    53,
    54,
    55,
    56,
    57,
    58,
    59,
    60,
    61,
    62,
    63,
    64,
    65,
    66,
    67,
    68,
    69,
    70,
    71,
    72,
    73,
    74,
    75,
    76,
    77,
    78,
    79,
    80,
    81,
    82,
    83,
    84,
    85,
    86,
    87,
    88,
    89,
    90,
    91,
    92,
    93,
    94,
    95,
    96,
    97,
    98,
    99,
    100,
    101,
    102,
    103,
    104,
    105,
    106,
    107,
    108,
    109,
    110,
    111,
    112,
    113,
    114,
    115,
    116,
    117,
    118,
    119,
    120,
    121,
    122,
    123,
    124,
    125,
    126,
    127,
    128,
    129,
    130,
    131,
    132,
    133,
    134,
    135,
    136,
    137,
    138,
    139,
    140,
    141,
    142,
    143,
    144,
    145,
    146,
    147,
    148,
    149,
    150,
    151,
    152,
    153,
    154,
    155,
    156,
    157,
    158,
    159,
    160,
    161,
    162,
    163,
    164,
    165,
    166,
    167,
    168,
    169,
    170,
    171,
    172,
    173,
    174,
    175,
    176,
    177,
    178,
    179,
    180,
    181,
    182,
    183,
    184,
    185,
    186,
    187,
    188,
    189,
    190,
    191,
    192,
    193,
    194,
    195,
    196,
    197,
    198,
    199,
    200
  ],
  "train_losses": [
    1.152309076309204,
    1.1234417366981506,
    1.0830017943382264,
    1.057592309474945,
    1.0416321425437927,
    1.0303850033283233,
    1.0218784708976745,
    1.015199035167694,
    1.0096867189407348,
    1.0049607558250426,
    1.0008156006336213,
    0.9972129580974579,
    0.9940092532634736,
    0.9911064133644104,
    0.9884725420475006,
    0.986058865070343,
    0.9838074843883514,
    0.9817247693538665,
    0.9798010451793671,
    0.9779968872070313,
    0.9763489203453064,
    0.9747626914978027,
    0.97329523229599,
    0.9718723349571228,
    0.9705512406826019,
    0.969269722700119,
    0.9680826098918914,
    0.9668689043521881,
    0.965762125492096,
    0.9646980166435242,
    0.9636369218826294,
    0.9626394460201263,
    0.9616284923553466,
    0.9606838963031769,
    0.9597795219421387,
    0.9589016716480255,
    0.9580631713867187,
    0.9572533450126648,
    0.9564512646198273,
    0.9556681277751923,
    0.9549356122016907,
    0.9541921234130859,
    0.9534323678016663,
    0.9527655000686646,
    0.9520497527122498,
    0.9513843829631805,
    0.9507158739566803,
    0.9500518035888672,
    0.9494343771934509,
    0.9487940819263458,
    0.9481831133365631,
    0.9475825355052948,
    0.9470235455036163,
    0.9464578146934509,
    0.9459048147201539,
    0.9453639426231384,
    0.9448513760566711,
    0.9443734731674195,
    0.9438850541114807,
    0.9433999795913697,
    0.9429558479785919,
    0.9425075070858002,
    0.9420374932289124,
    0.9415762555599213,
    0.9411349947452545,
    0.94072918009758,
    0.9402732954025269,
    0.9398755893707276,
    0.9394690349102021,
    0.9390499536991119,
    0.9386688463687897,
    0.9382180614471436,
    0.9378374931812287,
    0.9374463851451874,
    0.9370721712112426,
    0.9367006373405456,
    0.9363572180271149,
    0.935988660812378,
    0.9356646575927734,
    0.935314243555069,
    0.9349863049983979,
    0.9346488468647003,
    0.934325248003006,
    0.9340403628349304,
    0.9337117879390716,
    0.9333816165924073,
    0.9331030323505402,
    0.932821658372879,
    0.932532821893692,
    0.9322299723625183,
    0.9319401319026948,
    0.9316751947402954,
    0.9314000897407532,
    0.9311280100345611,
    0.930866997718811,
    0.9306134433746338,
    0.9303588871955871,
    0.9300905632972717,
    0.9298604254722596,
    0.9296251060962677,
    0.9293738930225373,
    0.9291414868831634,
    0.9289229531288147,
    0.9286612391471862,
    0.9284479188919067,
    0.9282257223129272,
    0.9280047864913941,
    0.9277754912376404,
    0.9275352528095245,
    0.9273368532657623,
    0.9271218554973603,
    0.9269046308994293,
    0.9266950254440307,
    0.9264779801368713,
    0.9262623302936553,
    0.926045407295227,
    0.9258310887813568,
    0.9256310684680938,
    0.9254315676689148,
    0.9252345480918884,
    0.9250416178703308,
    0.9248599421977997,
    0.9246479933261871,
    0.9244859619140625,
    0.9242811968326569,
    0.9241095688343048,
    0.9239292595386505,
    0.9237562627792358,
    0.9235709366798401,
    0.9234200937747955,
    0.9232570705413818,
    0.9230806064605713,
    0.9229056203365326,
    0.9227897505760193,
    0.9226114652156829,
    0.9224763991832733,
    0.9223215565681457,
    0.922172625541687,
    0.9220309705734253,
    0.9218918151855469,
    0.9217690043449401,
    0.9216389853954315,
    0.9214807810783386,
    0.9213666899204254,
    0.9212239663600922,
    0.9211020879745483,
    0.9209642076492309,
    0.9208263952732086,
    0.9206764404773712,
    0.9205722317695618,
    0.9204220728874206,
    0.9202913060188294,
    0.920171349287033,
    0.9200577871799469,
    0.9199452364444732,
    0.919796496629715,
    0.919705495595932,
    0.9195780260562897,
    0.9194607377052307,
    0.919361222743988,
    0.9192372674942016,
    0.9191504623889923,
    0.9190519585609436,
    0.9189413223266601,
    0.9188239910602569,
    0.9187394936084747,
    0.918610878944397,
    0.918499844789505,
    0.9184204699993134,
    0.9183062565326691,
    0.9182104761600495,
    0.9181152143478394,
    0.9179943752288818,
    0.9179251005649567,
    0.9178378624916077,
    0.9177335336208343,
    0.9176331701278686,
    0.9175582633018494,
    0.917467443227768,
    0.9173680188655853,
    0.9172950260639191,
    0.9171911470890045,
    0.9171240596771241,
    0.9170252928733825,
    0.9169421525001525,
    0.91687526512146,
    0.9167939658164979,
    0.9166987571716309,
    0.9166358611583709,
    0.9165637035369874,
    0.9164668850898743,
    0.9164065594673156,
    0.9163224501609802,
    0.9162611153125763,
    0.9161908950805664,
    0.9161340794563293,
    0.9160186698436737,
    0.9159788930416107,
    0.9159111235141754,
    0.9158374650478363
  ],