{
  "rank": 2,
  "epochs": [
    1,
    2,
    3,
    4,
    5,
    6,
    7,
    8,
    9,
    10,
    11,
    12,
    13,
    14,
    15,
    16,
    17,
    18,
    19,
    20,
    21,
    22,
    23,
    24,
    25,
    26,
    27,
    28,
    29,
    30,
    31,
    32,
    33,
    34,
    35,
    36,
    37,
    38,
    39,
    40,
    41,
    42,
    43,
    44,
    45,
    46,
    47,
    48,
    49,
    50,
    51,
    52,
    53,
    54,
    55,
    56,
    57,
    58,
    59,
    60,
    61,
    62,
    63,
    64,
    65,
    66,
    67,
    68,
    69,
    70,
    71,
    72,
    73,
    74,
    75,
    76,
    77,
    78,
    79,
    80,
    81,
    82,
    83,
    84,
    85,
    86,
    87,
    88,
    89,
    90,
    91,
    92,
    93,
    94,
    95,
    96,
    97,
    98,
    99,
    100,
    101,
    102,
    103,
    104,
    105,
    106,
    107,
    108,
    109,
    110,
    111,
    112,
    113,
    114,
    115,
    116,
    117,
    118,
    119,
    120,
    121,
    122,
    123,
    124,
    125,
    126,
    127,
    128,
    129,
    130,
    131,
    132,
    133,
    134,
    135,
    136,
    137,
    138,
    139,
    140,
    141,
    142,
    143,
    144,
    145,
    146,
    147,
    148,
    149,
    150,
    151,
    152,
    153,
    154,
    155,
    156,
    157,
    158,
    159,
    160,
    161,
    162,
    163,
    164,
    165,
    166,
    167,
    168,
    169,
    170,
    171,
    172,
    173,
    174,
    175,
    176,
    177,
    178,
    179,
    180,
    181,
    182,
    183,
    184,
    185,
    186,
    187,
    188,
    189,
    190,
    191,
    192,
    193,
    194,
    195,
    196,
    197,
    198,
    199,
    200
  ],
  "train_losses": [
    1.1548384337425233,
    1.1521600699424743,
    1.1496568489074708,
    1.1484924092292785,
    1.147737982749939,
    1.1470960912704469,
    1.1465207209587098,
    1.1460354070663452,
    1.1456283798217775,
    1.1452981295585631,
    1.1450675058364868,
    1.1448803334236144,
    1.1447282481193541,
    1.1445996384620667,
    1.14450767660141,
    1.1444319314956666,
    1.1443600234985352,
    1.1443087921142578,
    1.1442639117240905,
    1.1442290606498717,
    1.1441969027519225,
    1.1441682324409486,
    1.1441486673355103,
    1.1441220650672912,
    1.1441093845367432,
    1.1440891737937928,
    1.144065640449524,
    1.1440503301620484,
    1.144032551765442,
    1.1440183219909668,
    1.1440048866271972,
    1.1439874000549317,
    1.1439767866134642,
    1.14395720911026,
    1.1439539227485658,
    1.1437706789970399,
    1.1437564482688904,
    1.143742696762085,
    1.1437404942512512,
    1.1437331366539,
    1.1437281827926635,
    1.1437212681770326,
    1.143718508720398,
    1.1437076263427735,
    1.1437017712593078,
    1.143698268890381,
    1.143690794467926,
    1.1435903816223145,
    1.1435859489440918,
    1.14358238697052,
    1.143577709197998,
    1.1435744972229005,
    1.1435734372138977,
    1.1435688033103943,
    1.143565915107727,
    1.1435615720748902,
    1.1435597896575929,
    1.1435571303367615,
    1.1435550684928895,
    1.1435508489608766,
    1.1434971933364868,
    1.1434950618743895,
    1.1434937391281128,
    1.143491946697235,
    1.1434900817871094,
    1.1434887852668763,
    1.1434870619773865,
    1.1434851965904236,
    1.143483383655548,
    1.143482843875885,
    1.1434809021949768,
    1.1434528346061708,
    1.1434524064064027,
    1.143451231956482,
    1.143450475692749,
    1.143449951171875,
    1.1434491147994996,
    1.1434486441612244,
    1.1434476022720337,
    1.1434469385147095,
    1.1434463715553285,
    1.1434453711509704,
    1.1434312233924866,
    1.1434309010505677,
    1.1434303946495057,
    1.1434301643371583,
    1.1434297680854797,
    1.1434293627738952,
    1.1434287910461425,
    1.1434284448623657,
    1.1434282493591308,
    1.1434279289245606,
    1.1434273128509522,
    1.143420202255249,
    1.1434201359748841,
    1.1434198970794678,
    1.1434198932647706,
    1.1434195318222047,
    1.143419400215149,
    1.1434192142486572,
    1.1434190392494201,
    1.1434187803268432,
    1.1434186449050903,
    1.1434185485839843,
    1.143414849281311,
    1.1434146847724915,
    1.1434146780967713,
    1.1434145965576172,
    1.143414436340332,
    1.1434143614768981,
    1.143414246559143,
    1.1434141907691955,
    1.1434141244888305,
    1.1434140281677245,
    1.1434139065742492,
    1.1434121022224426,
    1.1434120526313782,
    1.1434120092391968,
    1.1434119839668273,
    1.1434118995666505,
    1.1434119019508362,
    1.14341184091568,
    1.1434117794036864,
    1.1434117422103882,
    1.143411684513092,
    1.1434116544723512,
    1.1434107284545898,
    1.1434107174873351,
    1.143410701751709,
    1.143410662651062,
    1.1434106464385987,
    1.1434106178283692,
    1.143410620212555,
    1.1434105854034424,
    1.1434105615615844,
    1.1434105262756347,
    1.1434105172157287,
    1.1434100570678711,
    1.1434100451469422,
    1.1434100365638733,
    1.14341002368927,
    1.1434100003242493,
    1.143409987449646,
    1.1434099884033204,
    1.1434099750518798,
    1.1434099640846251,
    1.1434099564552307,
    1.1434099402427673,
    1.1434097180366516,
    1.14340970659256,
    1.1434097023010255,
    1.1434096937179565,
    1.1434096975326538,
    1.1434096851348876,
    1.143409677028656,
    1.143409676551819,
    1.1434096665382385,
    1.1434096632003785,
    1.1434096603393555,
    1.1434095373153688,
    1.143409541606903,
    1.14340953874588,
    1.1434095311164856,
    1.1434095287322998,
    1.1434095244407654,
    1.1434095225334167,
    1.143409526348114,
    1.143409517288208,
    1.143409513950348,
    1.1434095120429992,
    1.1434094524383545,
    1.1434094552993774,
    1.1434094514846802,
    1.1434094495773315,
    1.1434094500541687,
    1.1434094457626343,
    1.14340944814682,
    1.1434094438552855,
    1.1434094443321228,
    1.1434094471931457,
    1.1434094386100768,
    1.1434094104766845,
    1.143409414768219,
    1.143409409046173,
    1.1434094133377075,
    1.1434094066619873,
    1.143409405708313,
    1.1434093952178954,
    1.1434094076156616,
    1.1434094023704529,
    1.1434093995094299,
    1.1434094042778016,
    1.143409387588501,
    1.1434093861579895,
    1.1434093804359435,
    1.1434093918800354,
    1.1434093894958497,
    1.1434093852043152,
    1.1434093866348267,
    1.143409390449524
  ],