group,b,c,M,N,a,d,batch_size,triton_ms,cuda_ms,cuda_error
group1,2,2,512,512,1,256,1,0.063201,,"ERROR: Could not find hyperparameters for the kernel instance corresponding to the target (batch_size, a, b, c, d, precision, VSIZE) = (1, 1, 2, 2, 256, half, 4) in the .best file, nor could we find d"
group1,2,2,512,512,1,256,2,0.082557,,"ERROR: Could not find hyperparameters for the kernel instance corresponding to the target (batch_size, a, b, c, d, precision, VSIZE) = (2, 1, 2, 2, 256, half, 4) in the .best file, nor could we find d"
group1,2,2,512,512,1,256,4,0.086011,,"ERROR: Could not find hyperparameters for the kernel instance corresponding to the target (batch_size, a, b, c, d, precision, VSIZE) = (4, 1, 2, 2, 256, half, 4) in the .best file, nor could we find d"
group1,2,2,512,512,1,256,8,0.084730,,"ERROR: Could not find hyperparameters for the kernel instance corresponding to the target (batch_size, a, b, c, d, precision, VSIZE) = (8, 1, 2, 2, 256, half, 4) in the .best file, nor could we find d"
group1,2,2,512,512,1,256,16,0.099614,,"ERROR: Could not find hyperparameters for the kernel instance corresponding to the target (batch_size, a, b, c, d, precision, VSIZE) = (16, 1, 2, 2, 256, half, 4) in the .best file, nor could we find "
group1,2,2,512,512,1,256,32,0.081652,,"ERROR: Could not find hyperparameters for the kernel instance corresponding to the target (batch_size, a, b, c, d, precision, VSIZE) = (32, 1, 2, 2, 256, half, 4) in the .best file, nor could we find "
group1,2,2,512,512,1,256,64,0.081687,,"ERROR: Could not find hyperparameters for the kernel instance corresponding to the target (batch_size, a, b, c, d, precision, VSIZE) = (64, 1, 2, 2, 256, half, 4) in the .best file, nor could we find "
group1,2,2,512,512,1,256,128,0.101343,,"ERROR: Could not find hyperparameters for the kernel instance corresponding to the target (batch_size, a, b, c, d, precision, VSIZE) = (128, 1, 2, 2, 256, half, 4) in the .best file, nor could we find"
group1,2,2,512,512,1,256,256,0.083494,,"ERROR: Could not find hyperparameters for the kernel instance corresponding to the target (batch_size, a, b, c, d, precision, VSIZE) = (256, 1, 2, 2, 256, half, 4) in the .best file, nor could we find"
group1,2,2,512,512,1,256,512,0.084063,,"ERROR: Could not find hyperparameters for the kernel instance corresponding to the target (batch_size, a, b, c, d, precision, VSIZE) = (512, 1, 2, 2, 256, half, 4) in the .best file, nor could we find"
group1,2,2,512,512,1,256,1024,0.082980,,"ERROR: Could not find hyperparameters for the kernel instance corresponding to the target (batch_size, a, b, c, d, precision, VSIZE) = (1024, 1, 2, 2, 256, half, 4) in the .best file, nor could we fin"
group1,2,2,512,512,1,256,2048,0.085051,,"ERROR: Could not find hyperparameters for the kernel instance corresponding to the target (batch_size, a, b, c, d, precision, VSIZE) = (2048, 1, 2, 2, 256, half, 4) in the .best file, nor could we fin"
group1,2,2,512,512,1,256,4096,0.085764,,"ERROR: Could not find hyperparameters for the kernel instance corresponding to the target (batch_size, a, b, c, d, precision, VSIZE) = (4096, 1, 2, 2, 256, half, 4) in the .best file, nor could we fin"
group1,2,2,512,512,2,128,1,0.052649,,"ERROR: Could not find hyperparameters for the kernel instance corresponding to the target (batch_size, a, b, c, d, precision, VSIZE) = (1, 2, 2, 2, 128, half, 4) in the .best file, nor could we find d"
group1,2,2,512,512,2,128,2,0.082467,,"ERROR: Could not find hyperparameters for the kernel instance corresponding to the target (batch_size, a, b, c, d, precision, VSIZE) = (2, 2, 2, 2, 128, half, 4) in the .best file, nor could we find d"
group1,2,2,512,512,2,128,4,0.081815,,"ERROR: Could not find hyperparameters for the kernel instance corresponding to the target (batch_size, a, b, c, d, precision, VSIZE) = (4, 2, 2, 2, 128, half, 4) in the .best file, nor could we find d"
group1,2,2,512,512,2,128,8,0.082229,,"ERROR: Could not find hyperparameters for the kernel instance corresponding to the target (batch_size, a, b, c, d, precision, VSIZE) = (8, 2, 2, 2, 128, half, 4) in the .best file, nor could we find d"
group1,2,2,512,512,2,128,16,0.085455,,"ERROR: Could not find hyperparameters for the kernel instance corresponding to the target (batch_size, a, b, c, d, precision, VSIZE) = (16, 2, 2, 2, 128, half, 4) in the .best file, nor could we find "
group1,2,2,512,512,2,128,32,0.099956,,"ERROR: Could not find hyperparameters for the kernel instance corresponding to the target (batch_size, a, b, c, d, precision, VSIZE) = (32, 2, 2, 2, 128, half, 4) in the .best file, nor could we find "
group1,2,2,512,512,2,128,64,0.081670,,"ERROR: Could not find hyperparameters for the kernel instance corresponding to the target (batch_size, a, b, c, d, precision, VSIZE) = (64, 2, 2, 2, 128, half, 4) in the .best file, nor could we find "
group1,2,2,512,512,2,128,128,0.083836,,"ERROR: Could not find hyperparameters for the kernel instance corresponding to the target (batch_size, a, b, c, d, precision, VSIZE) = (128, 2, 2, 2, 128, half, 4) in the .best file, nor could we find"
group1,2,2,512,512,2,128,256,0.083242,,"ERROR: Could not find hyperparameters for the kernel instance corresponding to the target (batch_size, a, b, c, d, precision, VSIZE) = (256, 2, 2, 2, 128, half, 4) in the .best file, nor could we find"
group1,2,2,512,512,2,128,512,0.082324,,"ERROR: Could not find hyperparameters for the kernel instance corresponding to the target (batch_size, a, b, c, d, precision, VSIZE) = (512, 2, 2, 2, 128, half, 4) in the .best file, nor could we find"
group1,2,2,512,512,2,128,1024,0.083769,,"ERROR: Could not find hyperparameters for the kernel instance corresponding to the target (batch_size, a, b, c, d, precision, VSIZE) = (1024, 2, 2, 2, 128, half, 4) in the .best file, nor could we fin"
group1,2,2,512,512,2,128,2048,0.083599,,"ERROR: Could not find hyperparameters for the kernel instance corresponding to the target (batch_size, a, b, c, d, precision, VSIZE) = (2048, 2, 2, 2, 128, half, 4) in the .best file, nor could we fin"
group1,2,2,512,512,2,128,4096,0.085597,,"ERROR: Could not find hyperparameters for the kernel instance corresponding to the target (batch_size, a, b, c, d, precision, VSIZE) = (4096, 2, 2, 2, 128, half, 4) in the .best file, nor could we fin"
group1,2,2,512,512,4,64,1,0.051629,,"ERROR: Could not find hyperparameters for the kernel instance corresponding to the target (batch_size, a, b, c, d, precision, VSIZE) = (1, 4, 2, 2, 64, half, 4) in the .best file, nor could we find de"
group1,2,2,512,512,4,64,2,0.081143,,"ERROR: Could not find hyperparameters for the kernel instance corresponding to the target (batch_size, a, b, c, d, precision, VSIZE) = (2, 4, 2, 2, 64, half, 4) in the .best file, nor could we find de"
group1,2,2,512,512,4,64,4,0.081959,,"ERROR: Could not find hyperparameters for the kernel instance corresponding to the target (batch_size, a, b, c, d, precision, VSIZE) = (4, 4, 2, 2, 64, half, 4) in the .best file, nor could we find de"
group1,2,2,512,512,4,64,8,0.082787,,"ERROR: Could not find hyperparameters for the kernel instance corresponding to the target (batch_size, a, b, c, d, precision, VSIZE) = (8, 4, 2, 2, 64, half, 4) in the .best file, nor could we find de"
group1,2,2,512,512,4,64,16,0.100803,,"ERROR: Could not find hyperparameters for the kernel instance corresponding to the target (batch_size, a, b, c, d, precision, VSIZE) = (16, 4, 2, 2, 64, half, 4) in the .best file, nor could we find d"
group1,2,2,512,512,4,64,32,0.084265,,"ERROR: Could not find hyperparameters for the kernel instance corresponding to the target (batch_size, a, b, c, d, precision, VSIZE) = (32, 4, 2, 2, 64, half, 4) in the .best file, nor could we find d"
group1,2,2,512,512,4,64,64,0.082997,,"ERROR: Could not find hyperparameters for the kernel instance corresponding to the target (batch_size, a, b, c, d, precision, VSIZE) = (64, 4, 2, 2, 64, half, 4) in the .best file, nor could we find d"
group1,2,2,512,512,4,64,128,0.081679,,"ERROR: Could not find hyperparameters for the kernel instance corresponding to the target (batch_size, a, b, c, d, precision, VSIZE) = (128, 4, 2, 2, 64, half, 4) in the .best file, nor could we find "
group1,2,2,512,512,4,64,256,0.082067,,"ERROR: Could not find hyperparameters for the kernel instance corresponding to the target (batch_size, a, b, c, d, precision, VSIZE) = (256, 4, 2, 2, 64, half, 4) in the .best file, nor could we find "
group1,2,2,512,512,4,64,512,0.083111,,"ERROR: Could not find hyperparameters for the kernel instance corresponding to the target (batch_size, a, b, c, d, precision, VSIZE) = (512, 4, 2, 2, 64, half, 4) in the .best file, nor could we find "
group1,2,2,512,512,4,64,1024,0.085350,,"ERROR: Could not find hyperparameters for the kernel instance corresponding to the target (batch_size, a, b, c, d, precision, VSIZE) = (1024, 4, 2, 2, 64, half, 4) in the .best file, nor could we find"
group1,2,2,512,512,4,64,2048,0.083730,,"ERROR: Could not find hyperparameters for the kernel instance corresponding to the target (batch_size, a, b, c, d, precision, VSIZE) = (2048, 4, 2, 2, 64, half, 4) in the .best file, nor could we find"
group1,2,2,512,512,4,64,4096,0.103931,,"ERROR: Could not find hyperparameters for the kernel instance corresponding to the target (batch_size, a, b, c, d, precision, VSIZE) = (4096, 4, 2, 2, 64, half, 4) in the .best file, nor could we find"
group1,2,2,512,512,8,32,1,0.052335,,"ERROR: Could not find hyperparameters for the kernel instance corresponding to the target (batch_size, a, b, c, d, precision, VSIZE) = (1, 8, 2, 2, 32, half, 4) in the .best file, nor could we find de"
group1,2,2,512,512,8,32,2,0.082925,,"ERROR: Could not find hyperparameters for the kernel instance corresponding to the target (batch_size, a, b, c, d, precision, VSIZE) = (2, 8, 2, 2, 32, half, 4) in the .best file, nor could we find de"
group1,2,2,512,512,8,32,4,0.082718,,"ERROR: Could not find hyperparameters for the kernel instance corresponding to the target (batch_size, a, b, c, d, precision, VSIZE) = (4, 8, 2, 2, 32, half, 4) in the .best file, nor could we find de"
group1,2,2,512,512,8,32,8,0.084890,,"ERROR: Could not find hyperparameters for the kernel instance corresponding to the target (batch_size, a, b, c, d, precision, VSIZE) = (8, 8, 2, 2, 32, half, 4) in the .best file, nor could we find de"
group1,2,2,512,512,8,32,16,0.103146,,"ERROR: Could not find hyperparameters for the kernel instance corresponding to the target (batch_size, a, b, c, d, precision, VSIZE) = (16, 8, 2, 2, 32, half, 4) in the .best file, nor could we find d"
group1,2,2,512,512,8,32,32,0.083845,,"ERROR: Could not find hyperparameters for the kernel instance corresponding to the target (batch_size, a, b, c, d, precision, VSIZE) = (32, 8, 2, 2, 32, half, 4) in the .best file, nor could we find d"
group1,2,2,512,512,8,32,64,0.082138,,"ERROR: Could not find hyperparameters for the kernel instance corresponding to the target (batch_size, a, b, c, d, precision, VSIZE) = (64, 8, 2, 2, 32, half, 4) in the .best file, nor could we find d"
group1,2,2,512,512,8,32,128,0.099788,,"ERROR: Could not find hyperparameters for the kernel instance corresponding to the target (batch_size, a, b, c, d, precision, VSIZE) = (128, 8, 2, 2, 32, half, 4) in the .best file, nor could we find "
group1,2,2,512,512,8,32,256,0.082384,,"ERROR: Could not find hyperparameters for the kernel instance corresponding to the target (batch_size, a, b, c, d, precision, VSIZE) = (256, 8, 2, 2, 32, half, 4) in the .best file, nor could we find "
group1,2,2,512,512,8,32,512,0.084759,,"ERROR: Could not find hyperparameters for the kernel instance corresponding to the target (batch_size, a, b, c, d, precision, VSIZE) = (512, 8, 2, 2, 32, half, 4) in the .best file, nor could we find "
group1,2,2,512,512,8,32,1024,0.101047,,"ERROR: Could not find hyperparameters for the kernel instance corresponding to the target (batch_size, a, b, c, d, precision, VSIZE) = (1024, 8, 2, 2, 32, half, 4) in the .best file, nor could we find"
group1,2,2,512,512,8,32,2048,0.083798,,"ERROR: Could not find hyperparameters for the kernel instance corresponding to the target (batch_size, a, b, c, d, precision, VSIZE) = (2048, 8, 2, 2, 32, half, 4) in the .best file, nor could we find"
group1,2,2,512,512,8,32,4096,0.086864,,"ERROR: Could not find hyperparameters for the kernel instance corresponding to the target (batch_size, a, b, c, d, precision, VSIZE) = (4096, 8, 2, 2, 32, half, 4) in the .best file, nor could we find"
group1,2,2,512,512,16,16,1,0.053684,,"ERROR: Could not find hyperparameters for the kernel instance corresponding to the target (batch_size, a, b, c, d, precision, VSIZE) = (1, 16, 2, 2, 16, half, 4) in the .best file, nor could we find d"
group1,2,2,512,512,16,16,2,0.084001,,"ERROR: Could not find hyperparameters for the kernel instance corresponding to the target (batch_size, a, b, c, d, precision, VSIZE) = (2, 16, 2, 2, 16, half, 4) in the .best file, nor could we find d"
group1,2,2,512,512,16,16,4,0.082041,,"ERROR: Could not find hyperparameters for the kernel instance corresponding to the target (batch_size, a, b, c, d, precision, VSIZE) = (4, 16, 2, 2, 16, half, 4) in the .best file, nor could we find d"
group1,2,2,512,512,16,16,8,0.082511,,"ERROR: Could not find hyperparameters for the kernel instance corresponding to the target (batch_size, a, b, c, d, precision, VSIZE) = (8, 16, 2, 2, 16, half, 4) in the .best file, nor could we find d"
group1,2,2,512,512,16,16,16,0.083055,,"ERROR: Could not find hyperparameters for the kernel instance corresponding to the target (batch_size, a, b, c, d, precision, VSIZE) = (16, 16, 2, 2, 16, half, 4) in the .best file, nor could we find "
group1,2,2,512,512,16,16,32,0.081316,,"ERROR: Could not find hyperparameters for the kernel instance corresponding to the target (batch_size, a, b, c, d, precision, VSIZE) = (32, 16, 2, 2, 16, half, 4) in the .best file, nor could we find "
group1,2,2,512,512,16,16,64,0.083131,,"ERROR: Could not find hyperparameters for the kernel instance corresponding to the target (batch_size, a, b, c, d, precision, VSIZE) = (64, 16, 2, 2, 16, half, 4) in the .best file, nor could we find "
group1,2,2,512,512,16,16,128,0.100316,,"ERROR: Could not find hyperparameters for the kernel instance corresponding to the target (batch_size, a, b, c, d, precision, VSIZE) = (128, 16, 2, 2, 16, half, 4) in the .best file, nor could we find"
group1,2,2,512,512,16,16,256,0.085907,,"ERROR: Could not find hyperparameters for the kernel instance corresponding to the target (batch_size, a, b, c, d, precision, VSIZE) = (256, 16, 2, 2, 16, half, 4) in the .best file, nor could we find"
group1,2,2,512,512,16,16,512,0.083788,,"ERROR: Could not find hyperparameters for the kernel instance corresponding to the target (batch_size, a, b, c, d, precision, VSIZE) = (512, 16, 2, 2, 16, half, 4) in the .best file, nor could we find"
group1,2,2,512,512,16,16,1024,0.085967,,"ERROR: Could not find hyperparameters for the kernel instance corresponding to the target (batch_size, a, b, c, d, precision, VSIZE) = (1024, 16, 2, 2, 16, half, 4) in the .best file, nor could we fin"
group1,2,2,512,512,16,16,2048,0.100309,,"ERROR: Could not find hyperparameters for the kernel instance corresponding to the target (batch_size, a, b, c, d, precision, VSIZE) = (2048, 16, 2, 2, 16, half, 4) in the .best file, nor could we fin"
group1,2,2,512,512,16,16,4096,0.085308,,"ERROR: Could not find hyperparameters for the kernel instance corresponding to the target (batch_size, a, b, c, d, precision, VSIZE) = (4096, 16, 2, 2, 16, half, 4) in the .best file, nor could we fin"
group1,2,2,512,512,32,8,1,0.062794,,"ERROR: Could not find hyperparameters for the kernel instance corresponding to the target (batch_size, a, b, c, d, precision, VSIZE) = (1, 32, 2, 2, 8, half, 4) in the .best file, nor could we find de"
group1,2,2,512,512,32,8,2,0.081441,,"ERROR: Could not find hyperparameters for the kernel instance corresponding to the target (batch_size, a, b, c, d, precision, VSIZE) = (2, 32, 2, 2, 8, half, 4) in the .best file, nor could we find de"
group1,2,2,512,512,32,8,4,0.100705,,"ERROR: Could not find hyperparameters for the kernel instance corresponding to the target (batch_size, a, b, c, d, precision, VSIZE) = (4, 32, 2, 2, 8, half, 4) in the .best file, nor could we find de"
group1,2,2,512,512,32,8,8,0.083994,,"ERROR: Could not find hyperparameters for the kernel instance corresponding to the target (batch_size, a, b, c, d, precision, VSIZE) = (8, 32, 2, 2, 8, half, 4) in the .best file, nor could we find de"
group1,2,2,512,512,32,8,16,0.082334,,"ERROR: Could not find hyperparameters for the kernel instance corresponding to the target (batch_size, a, b, c, d, precision, VSIZE) = (16, 32, 2, 2, 8, half, 4) in the .best file, nor could we find d"
group1,2,2,512,512,32,8,32,0.081471,,"ERROR: Could not find hyperparameters for the kernel instance corresponding to the target (batch_size, a, b, c, d, precision, VSIZE) = (32, 32, 2, 2, 8, half, 4) in the .best file, nor could we find d"
group1,2,2,512,512,32,8,64,0.082516,,"ERROR: Could not find hyperparameters for the kernel instance corresponding to the target (batch_size, a, b, c, d, precision, VSIZE) = (64, 32, 2, 2, 8, half, 4) in the .best file, nor could we find d"
group1,2,2,512,512,32,8,128,0.082849,,"ERROR: Could not find hyperparameters for the kernel instance corresponding to the target (batch_size, a, b, c, d, precision, VSIZE) = (128, 32, 2, 2, 8, half, 4) in the .best file, nor could we find "
group1,2,2,512,512,32,8,256,0.086016,,"ERROR: Could not find hyperparameters for the kernel instance corresponding to the target (batch_size, a, b, c, d, precision, VSIZE) = (256, 32, 2, 2, 8, half, 4) in the .best file, nor could we find "
group1,2,2,512,512,32,8,512,0.082930,,"ERROR: Could not find hyperparameters for the kernel instance corresponding to the target (batch_size, a, b, c, d, precision, VSIZE) = (512, 32, 2, 2, 8, half, 4) in the .best file, nor could we find "
group1,2,2,512,512,32,8,1024,0.083404,,"ERROR: Could not find hyperparameters for the kernel instance corresponding to the target (batch_size, a, b, c, d, precision, VSIZE) = (1024, 32, 2, 2, 8, half, 4) in the .best file, nor could we find"
group1,2,2,512,512,32,8,2048,0.083032,,"ERROR: Could not find hyperparameters for the kernel instance corresponding to the target (batch_size, a, b, c, d, precision, VSIZE) = (2048, 32, 2, 2, 8, half, 4) in the .best file, nor could we find"
group1,2,2,512,512,32,8,4096,0.085593,,"ERROR: Could not find hyperparameters for the kernel instance corresponding to the target (batch_size, a, b, c, d, precision, VSIZE) = (4096, 32, 2, 2, 8, half, 4) in the .best file, nor could we find"
group1,2,2,512,512,64,4,1,0.053974,,"ERROR: Could not find hyperparameters for the kernel instance corresponding to the target (batch_size, a, b, c, d, precision, VSIZE) = (1, 64, 2, 2, 4, half, 4) in the .best file, nor could we find de"
group1,2,2,512,512,64,4,2,0.100480,,"ERROR: Could not find hyperparameters for the kernel instance corresponding to the target (batch_size, a, b, c, d, precision, VSIZE) = (2, 64, 2, 2, 4, half, 4) in the .best file, nor could we find de"
group1,2,2,512,512,64,4,4,0.085956,,"ERROR: Could not find hyperparameters for the kernel instance corresponding to the target (batch_size, a, b, c, d, precision, VSIZE) = (4, 64, 2, 2, 4, half, 4) in the .best file, nor could we find de"
group1,2,2,512,512,64,4,8,0.080328,,"ERROR: Could not find hyperparameters for the kernel instance corresponding to the target (batch_size, a, b, c, d, precision, VSIZE) = (8, 64, 2, 2, 4, half, 4) in the .best file, nor could we find de"
group1,2,2,512,512,64,4,16,0.081951,,"ERROR: Could not find hyperparameters for the kernel instance corresponding to the target (batch_size, a, b, c, d, precision, VSIZE) = (16, 64, 2, 2, 4, half, 4) in the .best file, nor could we find d"
group1,2,2,512,512,64,4,32,0.082472,,"ERROR: Could not find hyperparameters for the kernel instance corresponding to the target (batch_size, a, b, c, d, precision, VSIZE) = (32, 64, 2, 2, 4, half, 4) in the .best file, nor could we find d"
group1,2,2,512,512,64,4,64,0.080916,,"ERROR: Could not find hyperparameters for the kernel instance corresponding to the target (batch_size, a, b, c, d, precision, VSIZE) = (64, 64, 2, 2, 4, half, 4) in the .best file, nor could we find d"
group1,2,2,512,512,64,4,128,0.081239,,"ERROR: Could not find hyperparameters for the kernel instance corresponding to the target (batch_size, a, b, c, d, precision, VSIZE) = (128, 64, 2, 2, 4, half, 4) in the .best file, nor could we find "
group1,2,2,512,512,64,4,256,0.082779,,"ERROR: Could not find hyperparameters for the kernel instance corresponding to the target (batch_size, a, b, c, d, precision, VSIZE) = (256, 64, 2, 2, 4, half, 4) in the .best file, nor could we find "
group1,2,2,512,512,64,4,512,0.084888,,"ERROR: Could not find hyperparameters for the kernel instance corresponding to the target (batch_size, a, b, c, d, precision, VSIZE) = (512, 64, 2, 2, 4, half, 4) in the .best file, nor could we find "
group1,2,2,512,512,64,4,1024,0.082941,,"ERROR: Could not find hyperparameters for the kernel instance corresponding to the target (batch_size, a, b, c, d, precision, VSIZE) = (1024, 64, 2, 2, 4, half, 4) in the .best file, nor could we find"
group1,2,2,512,512,64,4,2048,0.081945,,"ERROR: Could not find hyperparameters for the kernel instance corresponding to the target (batch_size, a, b, c, d, precision, VSIZE) = (2048, 64, 2, 2, 4, half, 4) in the .best file, nor could we find"
group1,2,2,512,512,64,4,4096,0.085252,,"ERROR: Could not find hyperparameters for the kernel instance corresponding to the target (batch_size, a, b, c, d, precision, VSIZE) = (4096, 64, 2, 2, 4, half, 4) in the .best file, nor could we find"
group1,2,2,512,512,128,2,1,0.052881,,"ERROR: Could not find hyperparameters for the kernel instance corresponding to the target (batch_size, a, b, c, d, precision, VSIZE) = (1, 128, 2, 2, 2, half, 4) in the .best file, nor could we find d"
group1,2,2,512,512,128,2,2,0.081403,,"ERROR: Could not find hyperparameters for the kernel instance corresponding to the target (batch_size, a, b, c, d, precision, VSIZE) = (2, 128, 2, 2, 2, half, 4) in the .best file, nor could we find d"
group1,2,2,512,512,128,2,4,0.100392,,"ERROR: Could not find hyperparameters for the kernel instance corresponding to the target (batch_size, a, b, c, d, precision, VSIZE) = (4, 128, 2, 2, 2, half, 4) in the .best file, nor could we find d"
group1,2,2,512,512,128,2,8,0.083520,,"ERROR: Could not find hyperparameters for the kernel instance corresponding to the target (batch_size, a, b, c, d, precision, VSIZE) = (8, 128, 2, 2, 2, half, 4) in the .best file, nor could we find d"
group1,2,2,512,512,128,2,16,0.084693,,"ERROR: Could not find hyperparameters for the kernel instance corresponding to the target (batch_size, a, b, c, d, precision, VSIZE) = (16, 128, 2, 2, 2, half, 4) in the .best file, nor could we find "
group1,2,2,512,512,128,2,32,0.082218,,"ERROR: Could not find hyperparameters for the kernel instance corresponding to the target (batch_size, a, b, c, d, precision, VSIZE) = (32, 128, 2, 2, 2, half, 4) in the .best file, nor could we find "
group1,2,2,512,512,128,2,64,0.083782,,"ERROR: Could not find hyperparameters for the kernel instance corresponding to the target (batch_size, a, b, c, d, precision, VSIZE) = (64, 128, 2, 2, 2, half, 4) in the .best file, nor could we find "
group1,2,2,512,512,128,2,128,0.084609,,"ERROR: Could not find hyperparameters for the kernel instance corresponding to the target (batch_size, a, b, c, d, precision, VSIZE) = (128, 128, 2, 2, 2, half, 4) in the .best file, nor could we find"
group1,2,2,512,512,128,2,256,0.082404,,"ERROR: Could not find hyperparameters for the kernel instance corresponding to the target (batch_size, a, b, c, d, precision, VSIZE) = (256, 128, 2, 2, 2, half, 4) in the .best file, nor could we find"
group1,2,2,512,512,128,2,512,0.082125,,"ERROR: Could not find hyperparameters for the kernel instance corresponding to the target (batch_size, a, b, c, d, precision, VSIZE) = (512, 128, 2, 2, 2, half, 4) in the .best file, nor could we find"
group1,2,2,512,512,128,2,1024,0.081590,,"ERROR: Could not find hyperparameters for the kernel instance corresponding to the target (batch_size, a, b, c, d, precision, VSIZE) = (1024, 128, 2, 2, 2, half, 4) in the .best file, nor could we fin"
group1,2,2,512,512,128,2,2048,0.084693,,"ERROR: Could not find hyperparameters for the kernel instance corresponding to the target (batch_size, a, b, c, d, precision, VSIZE) = (2048, 128, 2, 2, 2, half, 4) in the .best file, nor could we fin"
group1,2,2,512,512,128,2,4096,0.085795,,"ERROR: Could not find hyperparameters for the kernel instance corresponding to the target (batch_size, a, b, c, d, precision, VSIZE) = (4096, 128, 2, 2, 2, half, 4) in the .best file, nor could we fin"
group1,2,2,512,512,256,1,1,0.053699,,"ERROR: Could not find hyperparameters for the kernel instance corresponding to the target (batch_size, a, b, c, d, precision, VSIZE) = (1, 256, 2, 2, 1, half, 4) in the .best file, nor could we find d"
group1,2,2,512,512,256,1,2,0.083266,,"ERROR: Could not find hyperparameters for the kernel instance corresponding to the target (batch_size, a, b, c, d, precision, VSIZE) = (2, 256, 2, 2, 1, half, 4) in the .best file, nor could we find d"
group1,2,2,512,512,256,1,4,0.082607,,"ERROR: Could not find hyperparameters for the kernel instance corresponding to the target (batch_size, a, b, c, d, precision, VSIZE) = (4, 256, 2, 2, 1, half, 4) in the .best file, nor could we find d"
group1,2,2,512,512,256,1,8,0.083337,,"ERROR: Could not find hyperparameters for the kernel instance corresponding to the target (batch_size, a, b, c, d, precision, VSIZE) = (8, 256, 2, 2, 1, half, 4) in the .best file, nor could we find d"
group1,2,2,512,512,256,1,16,0.101506,,"ERROR: Could not find hyperparameters for the kernel instance corresponding to the target (batch_size, a, b, c, d, precision, VSIZE) = (16, 256, 2, 2, 1, half, 4) in the .best file, nor could we find "
group1,2,2,512,512,256,1,32,0.080629,,"ERROR: Could not find hyperparameters for the kernel instance corresponding to the target (batch_size, a, b, c, d, precision, VSIZE) = (32, 256, 2, 2, 1, half, 4) in the .best file, nor could we find "
group1,2,2,512,512,256,1,64,0.083084,,"ERROR: Could not find hyperparameters for the kernel instance corresponding to the target (batch_size, a, b, c, d, precision, VSIZE) = (64, 256, 2, 2, 1, half, 4) in the .best file, nor could we find "
group1,2,2,512,512,256,1,128,0.080819,,"ERROR: Could not find hyperparameters for the kernel instance corresponding to the target (batch_size, a, b, c, d, precision, VSIZE) = (128, 256, 2, 2, 1, half, 4) in the .best file, nor could we find"
group1,2,2,512,512,256,1,256,0.081580,,"ERROR: Could not find hyperparameters for the kernel instance corresponding to the target (batch_size, a, b, c, d, precision, VSIZE) = (256, 256, 2, 2, 1, half, 4) in the .best file, nor could we find"
group1,2,2,512,512,256,1,512,0.082627,,"ERROR: Could not find hyperparameters for the kernel instance corresponding to the target (batch_size, a, b, c, d, precision, VSIZE) = (512, 256, 2, 2, 1, half, 4) in the .best file, nor could we find"
group1,2,2,512,512,256,1,1024,0.083312,,"ERROR: Could not find hyperparameters for the kernel instance corresponding to the target (batch_size, a, b, c, d, precision, VSIZE) = (1024, 256, 2, 2, 1, half, 4) in the .best file, nor could we fin"
group1,2,2,512,512,256,1,2048,0.101523,,"ERROR: Could not find hyperparameters for the kernel instance corresponding to the target (batch_size, a, b, c, d, precision, VSIZE) = (2048, 256, 2, 2, 1, half, 4) in the .best file, nor could we fin"
group1,2,2,512,512,256,1,4096,0.084980,,"ERROR: Could not find hyperparameters for the kernel instance corresponding to the target (batch_size, a, b, c, d, precision, VSIZE) = (4096, 256, 2, 2, 1, half, 4) in the .best file, nor could we fin"
group1,2,2,1024,1024,1,512,1,0.052812,,"ERROR: Could not find hyperparameters for the kernel instance corresponding to the target (batch_size, a, b, c, d, precision, VSIZE) = (1, 1, 2, 2, 512, half, 4) in the .best file, nor could we find d"
group1,2,2,1024,1024,1,512,2,0.085233,,"ERROR: Could not find hyperparameters for the kernel instance corresponding to the target (batch_size, a, b, c, d, precision, VSIZE) = (2, 1, 2, 2, 512, half, 4) in the .best file, nor could we find d"
group1,2,2,1024,1024,1,512,4,0.080869,,"ERROR: Could not find hyperparameters for the kernel instance corresponding to the target (batch_size, a, b, c, d, precision, VSIZE) = (4, 1, 2, 2, 512, half, 4) in the .best file, nor could we find d"
group1,2,2,1024,1024,1,512,8,0.084880,,"ERROR: Could not find hyperparameters for the kernel instance corresponding to the target (batch_size, a, b, c, d, precision, VSIZE) = (8, 1, 2, 2, 512, half, 4) in the .best file, nor could we find d"
group1,2,2,1024,1024,1,512,16,0.083565,,"ERROR: Could not find hyperparameters for the kernel instance corresponding to the target (batch_size, a, b, c, d, precision, VSIZE) = (16, 1, 2, 2, 512, half, 4) in the .best file, nor could we find "
group1,2,2,1024,1024,1,512,32,0.081942,,"ERROR: Could not find hyperparameters for the kernel instance corresponding to the target (batch_size, a, b, c, d, precision, VSIZE) = (32, 1, 2, 2, 512, half, 4) in the .best file, nor could we find "
group1,2,2,1024,1024,1,512,64,0.082640,,"ERROR: Could not find hyperparameters for the kernel instance corresponding to the target (batch_size, a, b, c, d, precision, VSIZE) = (64, 1, 2, 2, 512, half, 4) in the .best file, nor could we find "
group1,2,2,1024,1024,1,512,128,0.083012,,"ERROR: Could not find hyperparameters for the kernel instance corresponding to the target (batch_size, a, b, c, d, precision, VSIZE) = (128, 1, 2, 2, 512, half, 4) in the .best file, nor could we find"
group1,2,2,1024,1024,1,512,256,0.082389,,"ERROR: Could not find hyperparameters for the kernel instance corresponding to the target (batch_size, a, b, c, d, precision, VSIZE) = (256, 1, 2, 2, 512, half, 4) in the .best file, nor could we find"
group1,2,2,1024,1024,1,512,512,0.082604,,"ERROR: Could not find hyperparameters for the kernel instance corresponding to the target (batch_size, a, b, c, d, precision, VSIZE) = (512, 1, 2, 2, 512, half, 4) in the .best file, nor could we find"
group1,2,2,1024,1024,1,512,1024,0.103049,,"ERROR: Could not find hyperparameters for the kernel instance corresponding to the target (batch_size, a, b, c, d, precision, VSIZE) = (1024, 1, 2, 2, 512, half, 4) in the .best file, nor could we fin"
group1,2,2,1024,1024,1,512,2048,0.102842,,"ERROR: Could not find hyperparameters for the kernel instance corresponding to the target (batch_size, a, b, c, d, precision, VSIZE) = (2048, 1, 2, 2, 512, half, 4) in the .best file, nor could we fin"
group1,2,2,1024,1024,1,512,4096,0.159302,,"ERROR: Could not find hyperparameters for the kernel instance corresponding to the target (batch_size, a, b, c, d, precision, VSIZE) = (4096, 1, 2, 2, 512, half, 4) in the .best file, nor could we fin"
group1,2,2,1024,1024,2,256,1,0.053559,,"ERROR: Could not find hyperparameters for the kernel instance corresponding to the target (batch_size, a, b, c, d, precision, VSIZE) = (1, 2, 2, 2, 256, half, 4) in the .best file, nor could we find d"
group1,2,2,1024,1024,2,256,2,0.083527,,"ERROR: Could not find hyperparameters for the kernel instance corresponding to the target (batch_size, a, b, c, d, precision, VSIZE) = (2, 2, 2, 2, 256, half, 4) in the .best file, nor could we find d"
group1,2,2,1024,1024,2,256,4,0.102262,,"ERROR: Could not find hyperparameters for the kernel instance corresponding to the target (batch_size, a, b, c, d, precision, VSIZE) = (4, 2, 2, 2, 256, half, 4) in the .best file, nor could we find d"
group1,2,2,1024,1024,2,256,8,0.081919,,"ERROR: Could not find hyperparameters for the kernel instance corresponding to the target (batch_size, a, b, c, d, precision, VSIZE) = (8, 2, 2, 2, 256, half, 4) in the .best file, nor could we find d"
group1,2,2,1024,1024,2,256,16,0.083193,,"ERROR: Could not find hyperparameters for the kernel instance corresponding to the target (batch_size, a, b, c, d, precision, VSIZE) = (16, 2, 2, 2, 256, half, 4) in the .best file, nor could we find "
group1,2,2,1024,1024,2,256,32,0.082050,,"ERROR: Could not find hyperparameters for the kernel instance corresponding to the target (batch_size, a, b, c, d, precision, VSIZE) = (32, 2, 2, 2, 256, half, 4) in the .best file, nor could we find "
group1,2,2,1024,1024,2,256,64,0.086069,,"ERROR: Could not find hyperparameters for the kernel instance corresponding to the target (batch_size, a, b, c, d, precision, VSIZE) = (64, 2, 2, 2, 256, half, 4) in the .best file, nor could we find "
group1,2,2,1024,1024,2,256,128,0.084075,,"ERROR: Could not find hyperparameters for the kernel instance corresponding to the target (batch_size, a, b, c, d, precision, VSIZE) = (128, 2, 2, 2, 256, half, 4) in the .best file, nor could we find"
group1,2,2,1024,1024,2,256,256,0.084147,,"ERROR: Could not find hyperparameters for the kernel instance corresponding to the target (batch_size, a, b, c, d, precision, VSIZE) = (256, 2, 2, 2, 256, half, 4) in the .best file, nor could we find"
group1,2,2,1024,1024,2,256,512,0.083679,,"ERROR: Could not find hyperparameters for the kernel instance corresponding to the target (batch_size, a, b, c, d, precision, VSIZE) = (512, 2, 2, 2, 256, half, 4) in the .best file, nor could we find"
group1,2,2,1024,1024,2,256,1024,0.086683,,"ERROR: Could not find hyperparameters for the kernel instance corresponding to the target (batch_size, a, b, c, d, precision, VSIZE) = (1024, 2, 2, 2, 256, half, 4) in the .best file, nor could we fin"
group1,2,2,1024,1024,2,256,2048,0.084471,,"ERROR: Could not find hyperparameters for the kernel instance corresponding to the target (batch_size, a, b, c, d, precision, VSIZE) = (2048, 2, 2, 2, 256, half, 4) in the .best file, nor could we fin"
group1,2,2,1024,1024,2,256,4096,0.159300,,"ERROR: Could not find hyperparameters for the kernel instance corresponding to the target (batch_size, a, b, c, d, precision, VSIZE) = (4096, 2, 2, 2, 256, half, 4) in the .best file, nor could we fin"
group1,2,2,1024,1024,4,128,1,0.053066,,"ERROR: Could not find hyperparameters for the kernel instance corresponding to the target (batch_size, a, b, c, d, precision, VSIZE) = (1, 4, 2, 2, 128, half, 4) in the .best file, nor could we find d"
group1,2,2,1024,1024,4,128,2,0.082589,,"ERROR: Could not find hyperparameters for the kernel instance corresponding to the target (batch_size, a, b, c, d, precision, VSIZE) = (2, 4, 2, 2, 128, half, 4) in the .best file, nor could we find d"
group1,2,2,1024,1024,4,128,4,0.082633,,"ERROR: Could not find hyperparameters for the kernel instance corresponding to the target (batch_size, a, b, c, d, precision, VSIZE) = (4, 4, 2, 2, 128, half, 4) in the .best file, nor could we find d"
group1,2,2,1024,1024,4,128,8,0.083734,,"ERROR: Could not find hyperparameters for the kernel instance corresponding to the target (batch_size, a, b, c, d, precision, VSIZE) = (8, 4, 2, 2, 128, half, 4) in the .best file, nor could we find d"
group1,2,2,1024,1024,4,128,16,0.082327,,"ERROR: Could not find hyperparameters for the kernel instance corresponding to the target (batch_size, a, b, c, d, precision, VSIZE) = (16, 4, 2, 2, 128, half, 4) in the .best file, nor could we find "
group1,2,2,1024,1024,4,128,32,0.082533,,"ERROR: Could not find hyperparameters for the kernel instance corresponding to the target (batch_size, a, b, c, d, precision, VSIZE) = (32, 4, 2, 2, 128, half, 4) in the .best file, nor could we find "
group1,2,2,1024,1024,4,128,64,0.084269,,"ERROR: Could not find hyperparameters for the kernel instance corresponding to the target (batch_size, a, b, c, d, precision, VSIZE) = (64, 4, 2, 2, 128, half, 4) in the .best file, nor could we find "
group1,2,2,1024,1024,4,128,128,0.084732,,"ERROR: Could not find hyperparameters for the kernel instance corresponding to the target (batch_size, a, b, c, d, precision, VSIZE) = (128, 4, 2, 2, 128, half, 4) in the .best file, nor could we find"
group1,2,2,1024,1024,4,128,256,0.083245,,"ERROR: Could not find hyperparameters for the kernel instance corresponding to the target (batch_size, a, b, c, d, precision, VSIZE) = (256, 4, 2, 2, 128, half, 4) in the .best file, nor could we find"
group1,2,2,1024,1024,4,128,512,0.084913,,"ERROR: Could not find hyperparameters for the kernel instance corresponding to the target (batch_size, a, b, c, d, precision, VSIZE) = (512, 4, 2, 2, 128, half, 4) in the .best file, nor could we find"
group1,2,2,1024,1024,4,128,1024,0.103826,,"ERROR: Could not find hyperparameters for the kernel instance corresponding to the target (batch_size, a, b, c, d, precision, VSIZE) = (1024, 4, 2, 2, 128, half, 4) in the .best file, nor could we fin"
group1,2,2,1024,1024,4,128,2048,0.085523,,"ERROR: Could not find hyperparameters for the kernel instance corresponding to the target (batch_size, a, b, c, d, precision, VSIZE) = (2048, 4, 2, 2, 128, half, 4) in the .best file, nor could we fin"
group1,2,2,1024,1024,4,128,4096,0.159081,,"ERROR: Could not find hyperparameters for the kernel instance corresponding to the target (batch_size, a, b, c, d, precision, VSIZE) = (4096, 4, 2, 2, 128, half, 4) in the .best file, nor could we fin"
group1,2,2,1024,1024,8,64,1,0.054693,,"ERROR: Could not find hyperparameters for the kernel instance corresponding to the target (batch_size, a, b, c, d, precision, VSIZE) = (1, 8, 2, 2, 64, half, 4) in the .best file, nor could we find de"
group1,2,2,1024,1024,8,64,2,0.085491,,"ERROR: Could not find hyperparameters for the kernel instance corresponding to the target (batch_size, a, b, c, d, precision, VSIZE) = (2, 8, 2, 2, 64, half, 4) in the .best file, nor could we find de"
group1,2,2,1024,1024,8,64,4,0.081690,,"ERROR: Could not find hyperparameters for the kernel instance corresponding to the target (batch_size, a, b, c, d, precision, VSIZE) = (4, 8, 2, 2, 64, half, 4) in the .best file, nor could we find de"
group1,2,2,1024,1024,8,64,8,0.085743,,"ERROR: Could not find hyperparameters for the kernel instance corresponding to the target (batch_size, a, b, c, d, precision, VSIZE) = (8, 8, 2, 2, 64, half, 4) in the .best file, nor could we find de"
group1,2,2,1024,1024,8,64,16,0.082799,,"ERROR: Could not find hyperparameters for the kernel instance corresponding to the target (batch_size, a, b, c, d, precision, VSIZE) = (16, 8, 2, 2, 64, half, 4) in the .best file, nor could we find d"
group1,2,2,1024,1024,8,64,32,0.083335,,"ERROR: Could not find hyperparameters for the kernel instance corresponding to the target (batch_size, a, b, c, d, precision, VSIZE) = (32, 8, 2, 2, 64, half, 4) in the .best file, nor could we find d"
group1,2,2,1024,1024,8,64,64,0.082527,,"ERROR: Could not find hyperparameters for the kernel instance corresponding to the target (batch_size, a, b, c, d, precision, VSIZE) = (64, 8, 2, 2, 64, half, 4) in the .best file, nor could we find d"
group1,2,2,1024,1024,8,64,128,0.099785,,"ERROR: Could not find hyperparameters for the kernel instance corresponding to the target (batch_size, a, b, c, d, precision, VSIZE) = (128, 8, 2, 2, 64, half, 4) in the .best file, nor could we find "
group1,2,2,1024,1024,8,64,256,0.083515,,"ERROR: Could not find hyperparameters for the kernel instance corresponding to the target (batch_size, a, b, c, d, precision, VSIZE) = (256, 8, 2, 2, 64, half, 4) in the .best file, nor could we find "
group1,2,2,1024,1024,8,64,512,0.083233,,"ERROR: Could not find hyperparameters for the kernel instance corresponding to the target (batch_size, a, b, c, d, precision, VSIZE) = (512, 8, 2, 2, 64, half, 4) in the .best file, nor could we find "
group1,2,2,1024,1024,8,64,1024,0.086164,,"ERROR: Could not find hyperparameters for the kernel instance corresponding to the target (batch_size, a, b, c, d, precision, VSIZE) = (1024, 8, 2, 2, 64, half, 4) in the .best file, nor could we find"
group1,2,2,1024,1024,8,64,2048,0.084979,,"ERROR: Could not find hyperparameters for the kernel instance corresponding to the target (batch_size, a, b, c, d, precision, VSIZE) = (2048, 8, 2, 2, 64, half, 4) in the .best file, nor could we find"
group1,2,2,1024,1024,8,64,4096,0.159212,,"ERROR: Could not find hyperparameters for the kernel instance corresponding to the target (batch_size, a, b, c, d, precision, VSIZE) = (4096, 8, 2, 2, 64, half, 4) in the .best file, nor could we find"
group1,2,2,1024,1024,16,32,1,0.053722,,"ERROR: Could not find hyperparameters for the kernel instance corresponding to the target (batch_size, a, b, c, d, precision, VSIZE) = (1, 16, 2, 2, 32, half, 4) in the .best file, nor could we find d"
group1,2,2,1024,1024,16,32,2,0.082845,,"ERROR: Could not find hyperparameters for the kernel instance corresponding to the target (batch_size, a, b, c, d, precision, VSIZE) = (2, 16, 2, 2, 32, half, 4) in the .best file, nor could we find d"
group1,2,2,1024,1024,16,32,4,0.081245,,"ERROR: Could not find hyperparameters for the kernel instance corresponding to the target (batch_size, a, b, c, d, precision, VSIZE) = (4, 16, 2, 2, 32, half, 4) in the .best file, nor could we find d"
group1,2,2,1024,1024,16,32,8,0.081180,,"ERROR: Could not find hyperparameters for the kernel instance corresponding to the target (batch_size, a, b, c, d, precision, VSIZE) = (8, 16, 2, 2, 32, half, 4) in the .best file, nor could we find d"
group1,2,2,1024,1024,16,32,16,0.084750,,"ERROR: Could not find hyperparameters for the kernel instance corresponding to the target (batch_size, a, b, c, d, precision, VSIZE) = (16, 16, 2, 2, 32, half, 4) in the .best file, nor could we find "
group1,2,2,1024,1024,16,32,32,0.082048,,"ERROR: Could not find hyperparameters for the kernel instance corresponding to the target (batch_size, a, b, c, d, precision, VSIZE) = (32, 16, 2, 2, 32, half, 4) in the .best file, nor could we find "
group1,2,2,1024,1024,16,32,64,0.081721,,"ERROR: Could not find hyperparameters for the kernel instance corresponding to the target (batch_size, a, b, c, d, precision, VSIZE) = (64, 16, 2, 2, 32, half, 4) in the .best file, nor could we find "
group1,2,2,1024,1024,16,32,128,0.084345,,"ERROR: Could not find hyperparameters for the kernel instance corresponding to the target (batch_size, a, b, c, d, precision, VSIZE) = (128, 16, 2, 2, 32, half, 4) in the .best file, nor could we find"
group1,2,2,1024,1024,16,32,256,0.101382,,"ERROR: Could not find hyperparameters for the kernel instance corresponding to the target (batch_size, a, b, c, d, precision, VSIZE) = (256, 16, 2, 2, 32, half, 4) in the .best file, nor could we find"
group1,2,2,1024,1024,16,32,512,0.082095,,"ERROR: Could not find hyperparameters for the kernel instance corresponding to the target (batch_size, a, b, c, d, precision, VSIZE) = (512, 16, 2, 2, 32, half, 4) in the .best file, nor could we find"
group1,2,2,1024,1024,16,32,1024,0.085582,,"ERROR: Could not find hyperparameters for the kernel instance corresponding to the target (batch_size, a, b, c, d, precision, VSIZE) = (1024, 16, 2, 2, 32, half, 4) in the .best file, nor could we fin"
group1,2,2,1024,1024,16,32,2048,0.084586,,"ERROR: Could not find hyperparameters for the kernel instance corresponding to the target (batch_size, a, b, c, d, precision, VSIZE) = (2048, 16, 2, 2, 32, half, 4) in the .best file, nor could we fin"
group1,2,2,1024,1024,16,32,4096,0.160521,,"ERROR: Could not find hyperparameters for the kernel instance corresponding to the target (batch_size, a, b, c, d, precision, VSIZE) = (4096, 16, 2, 2, 32, half, 4) in the .best file, nor could we fin"
group1,2,2,1024,1024,32,16,1,0.052845,,"ERROR: Could not find hyperparameters for the kernel instance corresponding to the target (batch_size, a, b, c, d, precision, VSIZE) = (1, 32, 2, 2, 16, half, 4) in the .best file, nor could we find d"
group1,2,2,1024,1024,32,16,2,0.085394,,"ERROR: Could not find hyperparameters for the kernel instance corresponding to the target (batch_size, a, b, c, d, precision, VSIZE) = (2, 32, 2, 2, 16, half, 4) in the .best file, nor could we find d"
group1,2,2,1024,1024,32,16,4,0.085126,,"ERROR: Could not find hyperparameters for the kernel instance corresponding to the target (batch_size, a, b, c, d, precision, VSIZE) = (4, 32, 2, 2, 16, half, 4) in the .best file, nor could we find d"
group1,2,2,1024,1024,32,16,8,0.081640,,"ERROR: Could not find hyperparameters for the kernel instance corresponding to the target (batch_size, a, b, c, d, precision, VSIZE) = (8, 32, 2, 2, 16, half, 4) in the .best file, nor could we find d"
group1,2,2,1024,1024,32,16,16,0.082731,,"ERROR: Could not find hyperparameters for the kernel instance corresponding to the target (batch_size, a, b, c, d, precision, VSIZE) = (16, 32, 2, 2, 16, half, 4) in the .best file, nor could we find "
group1,2,2,1024,1024,32,16,32,0.100171,,"ERROR: Could not find hyperparameters for the kernel instance corresponding to the target (batch_size, a, b, c, d, precision, VSIZE) = (32, 32, 2, 2, 16, half, 4) in the .best file, nor could we find "
group1,2,2,1024,1024,32,16,64,0.085552,,"ERROR: Could not find hyperparameters for the kernel instance corresponding to the target (batch_size, a, b, c, d, precision, VSIZE) = (64, 32, 2, 2, 16, half, 4) in the .best file, nor could we find "
group1,2,2,1024,1024,32,16,128,0.082294,,"ERROR: Could not find hyperparameters for the kernel instance corresponding to the target (batch_size, a, b, c, d, precision, VSIZE) = (128, 32, 2, 2, 16, half, 4) in the .best file, nor could we find"
group1,2,2,1024,1024,32,16,256,0.081896,,"ERROR: Could not find hyperparameters for the kernel instance corresponding to the target (batch_size, a, b, c, d, precision, VSIZE) = (256, 32, 2, 2, 16, half, 4) in the .best file, nor could we find"
group1,2,2,1024,1024,32,16,512,0.083804,,"ERROR: Could not find hyperparameters for the kernel instance corresponding to the target (batch_size, a, b, c, d, precision, VSIZE) = (512, 32, 2, 2, 16, half, 4) in the .best file, nor could we find"
group1,2,2,1024,1024,32,16,1024,0.087522,,"ERROR: Could not find hyperparameters for the kernel instance corresponding to the target (batch_size, a, b, c, d, precision, VSIZE) = (1024, 32, 2, 2, 16, half, 4) in the .best file, nor could we fin"
group1,2,2,1024,1024,32,16,2048,0.084695,,"ERROR: Could not find hyperparameters for the kernel instance corresponding to the target (batch_size, a, b, c, d, precision, VSIZE) = (2048, 32, 2, 2, 16, half, 4) in the .best file, nor could we fin"
group1,2,2,1024,1024,32,16,4096,0.158889,,"ERROR: Could not find hyperparameters for the kernel instance corresponding to the target (batch_size, a, b, c, d, precision, VSIZE) = (4096, 32, 2, 2, 16, half, 4) in the .best file, nor could we fin"
group1,2,2,1024,1024,64,8,1,0.053232,,"ERROR: Could not find hyperparameters for the kernel instance corresponding to the target (batch_size, a, b, c, d, precision, VSIZE) = (1, 64, 2, 2, 8, half, 4) in the .best file, nor could we find de"
group1,2,2,1024,1024,64,8,2,0.082500,,"ERROR: Could not find hyperparameters for the kernel instance corresponding to the target (batch_size, a, b, c, d, precision, VSIZE) = (2, 64, 2, 2, 8, half, 4) in the .best file, nor could we find de"
group1,2,2,1024,1024,64,8,4,0.084686,,"ERROR: Could not find hyperparameters for the kernel instance corresponding to the target (batch_size, a, b, c, d, precision, VSIZE) = (4, 64, 2, 2, 8, half, 4) in the .best file, nor could we find de"
group1,2,2,1024,1024,64,8,8,0.083114,,"ERROR: Could not find hyperparameters for the kernel instance corresponding to the target (batch_size, a, b, c, d, precision, VSIZE) = (8, 64, 2, 2, 8, half, 4) in the .best file, nor could we find de"
group1,2,2,1024,1024,64,8,16,0.083347,,"ERROR: Could not find hyperparameters for the kernel instance corresponding to the target (batch_size, a, b, c, d, precision, VSIZE) = (16, 64, 2, 2, 8, half, 4) in the .best file, nor could we find d"
group1,2,2,1024,1024,64,8,32,0.081440,,"ERROR: Could not find hyperparameters for the kernel instance corresponding to the target (batch_size, a, b, c, d, precision, VSIZE) = (32, 64, 2, 2, 8, half, 4) in the .best file, nor could we find d"
group1,2,2,1024,1024,64,8,64,0.081649,,"ERROR: Could not find hyperparameters for the kernel instance corresponding to the target (batch_size, a, b, c, d, precision, VSIZE) = (64, 64, 2, 2, 8, half, 4) in the .best file, nor could we find d"
group1,2,2,1024,1024,64,8,128,0.082807,,"ERROR: Could not find hyperparameters for the kernel instance corresponding to the target (batch_size, a, b, c, d, precision, VSIZE) = (128, 64, 2, 2, 8, half, 4) in the .best file, nor could we find "
group1,2,2,1024,1024,64,8,256,0.083143,,"ERROR: Could not find hyperparameters for the kernel instance corresponding to the target (batch_size, a, b, c, d, precision, VSIZE) = (256, 64, 2, 2, 8, half, 4) in the .best file, nor could we find "
group1,2,2,1024,1024,64,8,512,0.081727,,"ERROR: Could not find hyperparameters for the kernel instance corresponding to the target (batch_size, a, b, c, d, precision, VSIZE) = (512, 64, 2, 2, 8, half, 4) in the .best file, nor could we find "
group1,2,2,1024,1024,64,8,1024,0.086996,,"ERROR: Could not find hyperparameters for the kernel instance corresponding to the target (batch_size, a, b, c, d, precision, VSIZE) = (1024, 64, 2, 2, 8, half, 4) in the .best file, nor could we find"
group1,2,2,1024,1024,64,8,2048,0.103840,,"ERROR: Could not find hyperparameters for the kernel instance corresponding to the target (batch_size, a, b, c, d, precision, VSIZE) = (2048, 64, 2, 2, 8, half, 4) in the .best file, nor could we find"
group1,2,2,1024,1024,64,8,4096,0.158820,,"ERROR: Could not find hyperparameters for the kernel instance corresponding to the target (batch_size, a, b, c, d, precision, VSIZE) = (4096, 64, 2, 2, 8, half, 4) in the .best file, nor could we find"
group1,2,2,1024,1024,128,4,1,0.054806,,"ERROR: Could not find hyperparameters for the kernel instance corresponding to the target (batch_size, a, b, c, d, precision, VSIZE) = (1, 128, 2, 2, 4, half, 4) in the .best file, nor could we find d"
group1,2,2,1024,1024,128,4,2,0.082238,,"ERROR: Could not find hyperparameters for the kernel instance corresponding to the target (batch_size, a, b, c, d, precision, VSIZE) = (2, 128, 2, 2, 4, half, 4) in the .best file, nor could we find d"
group1,2,2,1024,1024,128,4,4,0.085276,,"ERROR: Could not find hyperparameters for the kernel instance corresponding to the target (batch_size, a, b, c, d, precision, VSIZE) = (4, 128, 2, 2, 4, half, 4) in the .best file, nor could we find d"
group1,2,2,1024,1024,128,4,8,0.082310,,"ERROR: Could not find hyperparameters for the kernel instance corresponding to the target (batch_size, a, b, c, d, precision, VSIZE) = (8, 128, 2, 2, 4, half, 4) in the .best file, nor could we find d"
group1,2,2,1024,1024,128,4,16,0.083453,,"ERROR: Could not find hyperparameters for the kernel instance corresponding to the target (batch_size, a, b, c, d, precision, VSIZE) = (16, 128, 2, 2, 4, half, 4) in the .best file, nor could we find "
group1,2,2,1024,1024,128,4,32,0.084295,,"ERROR: Could not find hyperparameters for the kernel instance corresponding to the target (batch_size, a, b, c, d, precision, VSIZE) = (32, 128, 2, 2, 4, half, 4) in the .best file, nor could we find "
group1,2,2,1024,1024,128,4,64,0.081929,,"ERROR: Could not find hyperparameters for the kernel instance corresponding to the target (batch_size, a, b, c, d, precision, VSIZE) = (64, 128, 2, 2, 4, half, 4) in the .best file, nor could we find "
group1,2,2,1024,1024,128,4,128,0.082215,,"ERROR: Could not find hyperparameters for the kernel instance corresponding to the target (batch_size, a, b, c, d, precision, VSIZE) = (128, 128, 2, 2, 4, half, 4) in the .best file, nor could we find"
group1,2,2,1024,1024,128,4,256,0.084966,,"ERROR: Could not find hyperparameters for the kernel instance corresponding to the target (batch_size, a, b, c, d, precision, VSIZE) = (256, 128, 2, 2, 4, half, 4) in the .best file, nor could we find"
group1,2,2,1024,1024,128,4,512,0.085457,,"ERROR: Could not find hyperparameters for the kernel instance corresponding to the target (batch_size, a, b, c, d, precision, VSIZE) = (512, 128, 2, 2, 4, half, 4) in the .best file, nor could we find"
group1,2,2,1024,1024,128,4,1024,0.087477,,"ERROR: Could not find hyperparameters for the kernel instance corresponding to the target (batch_size, a, b, c, d, precision, VSIZE) = (1024, 128, 2, 2, 4, half, 4) in the .best file, nor could we fin"
group1,2,2,1024,1024,128,4,2048,0.084853,,"ERROR: Could not find hyperparameters for the kernel instance corresponding to the target (batch_size, a, b, c, d, precision, VSIZE) = (2048, 128, 2, 2, 4, half, 4) in the .best file, nor could we fin"
group1,2,2,1024,1024,128,4,4096,0.159194,,"ERROR: Could not find hyperparameters for the kernel instance corresponding to the target (batch_size, a, b, c, d, precision, VSIZE) = (4096, 128, 2, 2, 4, half, 4) in the .best file, nor could we fin"
group1,2,2,1024,1024,256,2,1,0.054115,,"ERROR: Could not find hyperparameters for the kernel instance corresponding to the target (batch_size, a, b, c, d, precision, VSIZE) = (1, 256, 2, 2, 2, half, 4) in the .best file, nor could we find d"
group1,2,2,1024,1024,256,2,2,0.083345,,"ERROR: Could not find hyperparameters for the kernel instance corresponding to the target (batch_size, a, b, c, d, precision, VSIZE) = (2, 256, 2, 2, 2, half, 4) in the .best file, nor could we find d"
group1,2,2,1024,1024,256,2,4,0.083149,,"ERROR: Could not find hyperparameters for the kernel instance corresponding to the target (batch_size, a, b, c, d, precision, VSIZE) = (4, 256, 2, 2, 2, half, 4) in the .best file, nor could we find d"
group1,2,2,1024,1024,256,2,8,0.080879,,"ERROR: Could not find hyperparameters for the kernel instance corresponding to the target (batch_size, a, b, c, d, precision, VSIZE) = (8, 256, 2, 2, 2, half, 4) in the .best file, nor could we find d"
group1,2,2,1024,1024,256,2,16,0.082780,,"ERROR: Could not find hyperparameters for the kernel instance corresponding to the target (batch_size, a, b, c, d, precision, VSIZE) = (16, 256, 2, 2, 2, half, 4) in the .best file, nor could we find "
group1,2,2,1024,1024,256,2,32,0.084652,,"ERROR: Could not find hyperparameters for the kernel instance corresponding to the target (batch_size, a, b, c, d, precision, VSIZE) = (32, 256, 2, 2, 2, half, 4) in the .best file, nor could we find "
group1,2,2,1024,1024,256,2,64,0.102351,,"ERROR: Could not find hyperparameters for the kernel instance corresponding to the target (batch_size, a, b, c, d, precision, VSIZE) = (64, 256, 2, 2, 2, half, 4) in the .best file, nor could we find "
group1,2,2,1024,1024,256,2,128,0.082613,,"ERROR: Could not find hyperparameters for the kernel instance corresponding to the target (batch_size, a, b, c, d, precision, VSIZE) = (128, 256, 2, 2, 2, half, 4) in the .best file, nor could we find"
group1,2,2,1024,1024,256,2,256,0.100508,,"ERROR: Could not find hyperparameters for the kernel instance corresponding to the target (batch_size, a, b, c, d, precision, VSIZE) = (256, 256, 2, 2, 2, half, 4) in the .best file, nor could we find"
group1,2,2,1024,1024,256,2,512,0.084673,,"ERROR: Could not find hyperparameters for the kernel instance corresponding to the target (batch_size, a, b, c, d, precision, VSIZE) = (512, 256, 2, 2, 2, half, 4) in the .best file, nor could we find"
group1,2,2,1024,1024,256,2,1024,0.101760,,"ERROR: Could not find hyperparameters for the kernel instance corresponding to the target (batch_size, a, b, c, d, precision, VSIZE) = (1024, 256, 2, 2, 2, half, 4) in the .best file, nor could we fin"
group1,2,2,1024,1024,256,2,2048,0.084666,,"ERROR: Could not find hyperparameters for the kernel instance corresponding to the target (batch_size, a, b, c, d, precision, VSIZE) = (2048, 256, 2, 2, 2, half, 4) in the .best file, nor could we fin"
group1,2,2,1024,1024,256,2,4096,0.158902,,"ERROR: Could not find hyperparameters for the kernel instance corresponding to the target (batch_size, a, b, c, d, precision, VSIZE) = (4096, 256, 2, 2, 2, half, 4) in the .best file, nor could we fin"
group1,2,2,1024,1024,512,1,1,0.054724,,"ERROR: Could not find hyperparameters for the kernel instance corresponding to the target (batch_size, a, b, c, d, precision, VSIZE) = (1, 512, 2, 2, 1, half, 4) in the .best file, nor could we find d"
group1,2,2,1024,1024,512,1,2,0.083296,,"ERROR: Could not find hyperparameters for the kernel instance corresponding to the target (batch_size, a, b, c, d, precision, VSIZE) = (2, 512, 2, 2, 1, half, 4) in the .best file, nor could we find d"
group1,2,2,1024,1024,512,1,4,0.082053,,"ERROR: Could not find hyperparameters for the kernel instance corresponding to the target (batch_size, a, b, c, d, precision, VSIZE) = (4, 512, 2, 2, 1, half, 4) in the .best file, nor could we find d"
group1,2,2,1024,1024,512,1,8,0.084901,,"ERROR: Could not find hyperparameters for the kernel instance corresponding to the target (batch_size, a, b, c, d, precision, VSIZE) = (8, 512, 2, 2, 1, half, 4) in the .best file, nor could we find d"
group1,2,2,1024,1024,512,1,16,0.084256,,"ERROR: Could not find hyperparameters for the kernel instance corresponding to the target (batch_size, a, b, c, d, precision, VSIZE) = (16, 512, 2, 2, 1, half, 4) in the .best file, nor could we find "
group1,2,2,1024,1024,512,1,32,0.082568,,"ERROR: Could not find hyperparameters for the kernel instance corresponding to the target (batch_size, a, b, c, d, precision, VSIZE) = (32, 512, 2, 2, 1, half, 4) in the .best file, nor could we find "
group1,2,2,1024,1024,512,1,64,0.084916,,"ERROR: Could not find hyperparameters for the kernel instance corresponding to the target (batch_size, a, b, c, d, precision, VSIZE) = (64, 512, 2, 2, 1, half, 4) in the .best file, nor could we find "
group1,2,2,1024,1024,512,1,128,0.082411,,"ERROR: Could not find hyperparameters for the kernel instance corresponding to the target (batch_size, a, b, c, d, precision, VSIZE) = (128, 512, 2, 2, 1, half, 4) in the .best file, nor could we find"
group1,2,2,1024,1024,512,1,256,0.102091,,"ERROR: Could not find hyperparameters for the kernel instance corresponding to the target (batch_size, a, b, c, d, precision, VSIZE) = (256, 512, 2, 2, 1, half, 4) in the .best file, nor could we find"
group1,2,2,1024,1024,512,1,512,0.083006,,"ERROR: Could not find hyperparameters for the kernel instance corresponding to the target (batch_size, a, b, c, d, precision, VSIZE) = (512, 512, 2, 2, 1, half, 4) in the .best file, nor could we find"
group1,2,2,1024,1024,512,1,1024,0.083258,,"ERROR: Could not find hyperparameters for the kernel instance corresponding to the target (batch_size, a, b, c, d, precision, VSIZE) = (1024, 512, 2, 2, 1, half, 4) in the .best file, nor could we fin"
group1,2,2,1024,1024,512,1,2048,0.084088,,"ERROR: Could not find hyperparameters for the kernel instance corresponding to the target (batch_size, a, b, c, d, precision, VSIZE) = (2048, 512, 2, 2, 1, half, 4) in the .best file, nor could we fin"
group1,2,2,1024,1024,512,1,4096,0.157057,,"ERROR: Could not find hyperparameters for the kernel instance corresponding to the target (batch_size, a, b, c, d, precision, VSIZE) = (4096, 512, 2, 2, 1, half, 4) in the .best file, nor could we fin"
group1,2,2,2048,2048,1,1024,1,0.054413,,"ERROR: Could not find hyperparameters for the kernel instance corresponding to the target (batch_size, a, b, c, d, precision, VSIZE) = (1, 1, 2, 2, 1024, half, 4) in the .best file, nor could we find "
group1,2,2,2048,2048,1,1024,2,0.099690,,"ERROR: Could not find hyperparameters for the kernel instance corresponding to the target (batch_size, a, b, c, d, precision, VSIZE) = (2, 1, 2, 2, 1024, half, 4) in the .best file, nor could we find "
group1,2,2,2048,2048,1,1024,4,0.082169,,"ERROR: Could not find hyperparameters for the kernel instance corresponding to the target (batch_size, a, b, c, d, precision, VSIZE) = (4, 1, 2, 2, 1024, half, 4) in the .best file, nor could we find "
group1,2,2,2048,2048,1,1024,8,0.082366,,"ERROR: Could not find hyperparameters for the kernel instance corresponding to the target (batch_size, a, b, c, d, precision, VSIZE) = (8, 1, 2, 2, 1024, half, 4) in the .best file, nor could we find "
group1,2,2,2048,2048,1,1024,16,0.082146,,"ERROR: Could not find hyperparameters for the kernel instance corresponding to the target (batch_size, a, b, c, d, precision, VSIZE) = (16, 1, 2, 2, 1024, half, 4) in the .best file, nor could we find"
group1,2,2,2048,2048,1,1024,32,0.084411,,"ERROR: Could not find hyperparameters for the kernel instance corresponding to the target (batch_size, a, b, c, d, precision, VSIZE) = (32, 1, 2, 2, 1024, half, 4) in the .best file, nor could we find"
group1,2,2,2048,2048,1,1024,64,0.099372,,"ERROR: Could not find hyperparameters for the kernel instance corresponding to the target (batch_size, a, b, c, d, precision, VSIZE) = (64, 1, 2, 2, 1024, half, 4) in the .best file, nor could we find"
group1,2,2,2048,2048,1,1024,128,0.083119,,"ERROR: Could not find hyperparameters for the kernel instance corresponding to the target (batch_size, a, b, c, d, precision, VSIZE) = (128, 1, 2, 2, 1024, half, 4) in the .best file, nor could we fin"
group1,2,2,2048,2048,1,1024,256,0.082839,,"ERROR: Could not find hyperparameters for the kernel instance corresponding to the target (batch_size, a, b, c, d, precision, VSIZE) = (256, 1, 2, 2, 1024, half, 4) in the .best file, nor could we fin"
group1,2,2,2048,2048,1,1024,512,0.083331,,"ERROR: Could not find hyperparameters for the kernel instance corresponding to the target (batch_size, a, b, c, d, precision, VSIZE) = (512, 1, 2, 2, 1024, half, 4) in the .best file, nor could we fin"
group1,2,2,2048,2048,1,1024,1024,0.100878,,"ERROR: Could not find hyperparameters for the kernel instance corresponding to the target (batch_size, a, b, c, d, precision, VSIZE) = (1024, 1, 2, 2, 1024, half, 4) in the .best file, nor could we fi"
group1,2,2,2048,2048,1,1024,2048,0.159697,,"ERROR: Could not find hyperparameters for the kernel instance corresponding to the target (batch_size, a, b, c, d, precision, VSIZE) = (2048, 1, 2, 2, 1024, half, 4) in the .best file, nor could we fi"
group1,2,2,2048,2048,1,1024,4096,0.311690,,"ERROR: Could not find hyperparameters for the kernel instance corresponding to the target (batch_size, a, b, c, d, precision, VSIZE) = (4096, 1, 2, 2, 1024, half, 4) in the .best file, nor could we fi"
group1,2,2,2048,2048,2,512,1,0.062202,,"ERROR: Could not find hyperparameters for the kernel instance corresponding to the target (batch_size, a, b, c, d, precision, VSIZE) = (1, 2, 2, 2, 512, half, 4) in the .best file, nor could we find d"
group1,2,2,2048,2048,2,512,2,0.083520,,"ERROR: Could not find hyperparameters for the kernel instance corresponding to the target (batch_size, a, b, c, d, precision, VSIZE) = (2, 2, 2, 2, 512, half, 4) in the .best file, nor could we find d"
group1,2,2,2048,2048,2,512,4,0.082575,,"ERROR: Could not find hyperparameters for the kernel instance corresponding to the target (batch_size, a, b, c, d, precision, VSIZE) = (4, 2, 2, 2, 512, half, 4) in the .best file, nor could we find d"
group1,2,2,2048,2048,2,512,8,0.081705,,"ERROR: Could not find hyperparameters for the kernel instance corresponding to the target (batch_size, a, b, c, d, precision, VSIZE) = (8, 2, 2, 2, 512, half, 4) in the .best file, nor could we find d"
group1,2,2,2048,2048,2,512,16,0.082022,,"ERROR: Could not find hyperparameters for the kernel instance corresponding to the target (batch_size, a, b, c, d, precision, VSIZE) = (16, 2, 2, 2, 512, half, 4) in the .best file, nor could we find "
group1,2,2,2048,2048,2,512,32,0.081859,,"ERROR: Could not find hyperparameters for the kernel instance corresponding to the target (batch_size, a, b, c, d, precision, VSIZE) = (32, 2, 2, 2, 512, half, 4) in the .best file, nor could we find "
group1,2,2,2048,2048,2,512,64,0.082133,,"ERROR: Could not find hyperparameters for the kernel instance corresponding to the target (batch_size, a, b, c, d, precision, VSIZE) = (64, 2, 2, 2, 512, half, 4) in the .best file, nor could we find "
group1,2,2,2048,2048,2,512,128,0.083116,,"ERROR: Could not find hyperparameters for the kernel instance corresponding to the target (batch_size, a, b, c, d, precision, VSIZE) = (128, 2, 2, 2, 512, half, 4) in the .best file, nor could we find"
group1,2,2,2048,2048,2,512,256,0.083214,,"ERROR: Could not find hyperparameters for the kernel instance corresponding to the target (batch_size, a, b, c, d, precision, VSIZE) = (256, 2, 2, 2, 512, half, 4) in the .best file, nor could we find"
group1,2,2,2048,2048,2,512,512,0.085904,,"ERROR: Could not find hyperparameters for the kernel instance corresponding to the target (batch_size, a, b, c, d, precision, VSIZE) = (512, 2, 2, 2, 512, half, 4) in the .best file, nor could we find"
group1,2,2,2048,2048,2,512,1024,0.086639,,"ERROR: Could not find hyperparameters for the kernel instance corresponding to the target (batch_size, a, b, c, d, precision, VSIZE) = (1024, 2, 2, 2, 512, half, 4) in the .best file, nor could we fin"
group1,2,2,2048,2048,2,512,2048,0.159673,,"ERROR: Could not find hyperparameters for the kernel instance corresponding to the target (batch_size, a, b, c, d, precision, VSIZE) = (2048, 2, 2, 2, 512, half, 4) in the .best file, nor could we fin"
group1,2,2,2048,2048,2,512,4096,0.313221,,"ERROR: Could not find hyperparameters for the kernel instance corresponding to the target (batch_size, a, b, c, d, precision, VSIZE) = (4096, 2, 2, 2, 512, half, 4) in the .best file, nor could we fin"
group1,2,2,2048,2048,4,256,1,0.052686,,"ERROR: Could not find hyperparameters for the kernel instance corresponding to the target (batch_size, a, b, c, d, precision, VSIZE) = (1, 4, 2, 2, 256, half, 4) in the .best file, nor could we find d"
group1,2,2,2048,2048,4,256,2,0.083277,,"ERROR: Could not find hyperparameters for the kernel instance corresponding to the target (batch_size, a, b, c, d, precision, VSIZE) = (2, 4, 2, 2, 256, half, 4) in the .best file, nor could we find d"
group1,2,2,2048,2048,4,256,4,0.081927,,"ERROR: Could not find hyperparameters for the kernel instance corresponding to the target (batch_size, a, b, c, d, precision, VSIZE) = (4, 4, 2, 2, 256, half, 4) in the .best file, nor could we find d"
group1,2,2,2048,2048,4,256,8,0.082839,,"ERROR: Could not find hyperparameters for the kernel instance corresponding to the target (batch_size, a, b, c, d, precision, VSIZE) = (8, 4, 2, 2, 256, half, 4) in the .best file, nor could we find d"
group1,2,2,2048,2048,4,256,16,0.082121,,"ERROR: Could not find hyperparameters for the kernel instance corresponding to the target (batch_size, a, b, c, d, precision, VSIZE) = (16, 4, 2, 2, 256, half, 4) in the .best file, nor could we find "
group1,2,2,2048,2048,4,256,32,0.083530,,"ERROR: Could not find hyperparameters for the kernel instance corresponding to the target (batch_size, a, b, c, d, precision, VSIZE) = (32, 4, 2, 2, 256, half, 4) in the .best file, nor could we find "
group1,2,2,2048,2048,4,256,64,0.085159,,"ERROR: Could not find hyperparameters for the kernel instance corresponding to the target (batch_size, a, b, c, d, precision, VSIZE) = (64, 4, 2, 2, 256, half, 4) in the .best file, nor could we find "
group1,2,2,2048,2048,4,256,128,0.084169,,"ERROR: Could not find hyperparameters for the kernel instance corresponding to the target (batch_size, a, b, c, d, precision, VSIZE) = (128, 4, 2, 2, 256, half, 4) in the .best file, nor could we find"
group1,2,2,2048,2048,4,256,256,0.085650,,"ERROR: Could not find hyperparameters for the kernel instance corresponding to the target (batch_size, a, b, c, d, precision, VSIZE) = (256, 4, 2, 2, 256, half, 4) in the .best file, nor could we find"
group1,2,2,2048,2048,4,256,512,0.083941,,"ERROR: Could not find hyperparameters for the kernel instance corresponding to the target (batch_size, a, b, c, d, precision, VSIZE) = (512, 4, 2, 2, 256, half, 4) in the .best file, nor could we find"
group1,2,2,2048,2048,4,256,1024,0.084888,,"ERROR: Could not find hyperparameters for the kernel instance corresponding to the target (batch_size, a, b, c, d, precision, VSIZE) = (1024, 4, 2, 2, 256, half, 4) in the .best file, nor could we fin"
group1,2,2,2048,2048,4,256,2048,0.159908,,"ERROR: Could not find hyperparameters for the kernel instance corresponding to the target (batch_size, a, b, c, d, precision, VSIZE) = (2048, 4, 2, 2, 256, half, 4) in the .best file, nor could we fin"
group1,2,2,2048,2048,4,256,4096,0.312900,,"ERROR: Could not find hyperparameters for the kernel instance corresponding to the target (batch_size, a, b, c, d, precision, VSIZE) = (4096, 4, 2, 2, 256, half, 4) in the .best file, nor could we fin"
group1,2,2,2048,2048,8,128,1,0.054332,,"ERROR: Could not find hyperparameters for the kernel instance corresponding to the target (batch_size, a, b, c, d, precision, VSIZE) = (1, 8, 2, 2, 128, half, 4) in the .best file, nor could we find d"
group1,2,2,2048,2048,8,128,2,0.081562,,"ERROR: Could not find hyperparameters for the kernel instance corresponding to the target (batch_size, a, b, c, d, precision, VSIZE) = (2, 8, 2, 2, 128, half, 4) in the .best file, nor could we find d"
group1,2,2,2048,2048,8,128,4,0.082004,,"ERROR: Could not find hyperparameters for the kernel instance corresponding to the target (batch_size, a, b, c, d, precision, VSIZE) = (4, 8, 2, 2, 128, half, 4) in the .best file, nor could we find d"
group1,2,2,2048,2048,8,128,8,0.082479,,"ERROR: Could not find hyperparameters for the kernel instance corresponding to the target (batch_size, a, b, c, d, precision, VSIZE) = (8, 8, 2, 2, 128, half, 4) in the .best file, nor could we find d"
group1,2,2,2048,2048,8,128,16,0.084905,,"ERROR: Could not find hyperparameters for the kernel instance corresponding to the target (batch_size, a, b, c, d, precision, VSIZE) = (16, 8, 2, 2, 128, half, 4) in the .best file, nor could we find "
group1,2,2,2048,2048,8,128,32,0.081096,,"ERROR: Could not find hyperparameters for the kernel instance corresponding to the target (batch_size, a, b, c, d, precision, VSIZE) = (32, 8, 2, 2, 128, half, 4) in the .best file, nor could we find "
group1,2,2,2048,2048,8,128,64,0.100933,,"ERROR: Could not find hyperparameters for the kernel instance corresponding to the target (batch_size, a, b, c, d, precision, VSIZE) = (64, 8, 2, 2, 128, half, 4) in the .best file, nor could we find "
group1,2,2,2048,2048,8,128,128,0.100483,,"ERROR: Could not find hyperparameters for the kernel instance corresponding to the target (batch_size, a, b, c, d, precision, VSIZE) = (128, 8, 2, 2, 128, half, 4) in the .best file, nor could we find"
group1,2,2,2048,2048,8,128,256,0.082069,,"ERROR: Could not find hyperparameters for the kernel instance corresponding to the target (batch_size, a, b, c, d, precision, VSIZE) = (256, 8, 2, 2, 128, half, 4) in the .best file, nor could we find"
group1,2,2,2048,2048,8,128,512,0.084517,,"ERROR: Could not find hyperparameters for the kernel instance corresponding to the target (batch_size, a, b, c, d, precision, VSIZE) = (512, 8, 2, 2, 128, half, 4) in the .best file, nor could we find"
group1,2,2,2048,2048,8,128,1024,0.084868,,"ERROR: Could not find hyperparameters for the kernel instance corresponding to the target (batch_size, a, b, c, d, precision, VSIZE) = (1024, 8, 2, 2, 128, half, 4) in the .best file, nor could we fin"
group1,2,2,2048,2048,8,128,2048,0.159543,,"ERROR: Could not find hyperparameters for the kernel instance corresponding to the target (batch_size, a, b, c, d, precision, VSIZE) = (2048, 8, 2, 2, 128, half, 4) in the .best file, nor could we fin"
group1,2,2,2048,2048,8,128,4096,0.311535,,"ERROR: Could not find hyperparameters for the kernel instance corresponding to the target (batch_size, a, b, c, d, precision, VSIZE) = (4096, 8, 2, 2, 128, half, 4) in the .best file, nor could we fin"
group1,2,2,2048,2048,16,64,1,0.062913,,"ERROR: Could not find hyperparameters for the kernel instance corresponding to the target (batch_size, a, b, c, d, precision, VSIZE) = (1, 16, 2, 2, 64, half, 4) in the .best file, nor could we find d"
group1,2,2,2048,2048,16,64,2,0.083142,,"ERROR: Could not find hyperparameters for the kernel instance corresponding to the target (batch_size, a, b, c, d, precision, VSIZE) = (2, 16, 2, 2, 64, half, 4) in the .best file, nor could we find d"
group1,2,2,2048,2048,16,64,4,0.082358,,"ERROR: Could not find hyperparameters for the kernel instance corresponding to the target (batch_size, a, b, c, d, precision, VSIZE) = (4, 16, 2, 2, 64, half, 4) in the .best file, nor could we find d"
group1,2,2,2048,2048,16,64,8,0.081516,,"ERROR: Could not find hyperparameters for the kernel instance corresponding to the target (batch_size, a, b, c, d, precision, VSIZE) = (8, 16, 2, 2, 64, half, 4) in the .best file, nor could we find d"
group1,2,2,2048,2048,16,64,16,0.084890,,"ERROR: Could not find hyperparameters for the kernel instance corresponding to the target (batch_size, a, b, c, d, precision, VSIZE) = (16, 16, 2, 2, 64, half, 4) in the .best file, nor could we find "
group1,2,2,2048,2048,16,64,32,0.084096,,"ERROR: Could not find hyperparameters for the kernel instance corresponding to the target (batch_size, a, b, c, d, precision, VSIZE) = (32, 16, 2, 2, 64, half, 4) in the .best file, nor could we find "
group1,2,2,2048,2048,16,64,64,0.084731,,"ERROR: Could not find hyperparameters for the kernel instance corresponding to the target (batch_size, a, b, c, d, precision, VSIZE) = (64, 16, 2, 2, 64, half, 4) in the .best file, nor could we find "
group1,2,2,2048,2048,16,64,128,0.082705,,"ERROR: Could not find hyperparameters for the kernel instance corresponding to the target (batch_size, a, b, c, d, precision, VSIZE) = (128, 16, 2, 2, 64, half, 4) in the .best file, nor could we find"
group1,2,2,2048,2048,16,64,256,0.084998,,"ERROR: Could not find hyperparameters for the kernel instance corresponding to the target (batch_size, a, b, c, d, precision, VSIZE) = (256, 16, 2, 2, 64, half, 4) in the .best file, nor could we find"
group1,2,2,2048,2048,16,64,512,0.083863,,"ERROR: Could not find hyperparameters for the kernel instance corresponding to the target (batch_size, a, b, c, d, precision, VSIZE) = (512, 16, 2, 2, 64, half, 4) in the .best file, nor could we find"
group1,2,2,2048,2048,16,64,1024,0.084950,,"ERROR: Could not find hyperparameters for the kernel instance corresponding to the target (batch_size, a, b, c, d, precision, VSIZE) = (1024, 16, 2, 2, 64, half, 4) in the .best file, nor could we fin"
group1,2,2,2048,2048,16,64,2048,0.159557,,"ERROR: Could not find hyperparameters for the kernel instance corresponding to the target (batch_size, a, b, c, d, precision, VSIZE) = (2048, 16, 2, 2, 64, half, 4) in the .best file, nor could we fin"
group1,2,2,2048,2048,16,64,4096,0.311311,,"ERROR: Could not find hyperparameters for the kernel instance corresponding to the target (batch_size, a, b, c, d, precision, VSIZE) = (4096, 16, 2, 2, 64, half, 4) in the .best file, nor could we fin"
group1,2,2,2048,2048,32,32,1,0.053095,,"ERROR: Could not find hyperparameters for the kernel instance corresponding to the target (batch_size, a, b, c, d, precision, VSIZE) = (1, 32, 2, 2, 32, half, 4) in the .best file, nor could we find d"
group1,2,2,2048,2048,32,32,2,0.083928,,"ERROR: Could not find hyperparameters for the kernel instance corresponding to the target (batch_size, a, b, c, d, precision, VSIZE) = (2, 32, 2, 2, 32, half, 4) in the .best file, nor could we find d"
group1,2,2,2048,2048,32,32,4,0.085316,,"ERROR: Could not find hyperparameters for the kernel instance corresponding to the target (batch_size, a, b, c, d, precision, VSIZE) = (4, 32, 2, 2, 32, half, 4) in the .best file, nor could we find d"
group1,2,2,2048,2048,32,32,8,0.082946,,"ERROR: Could not find hyperparameters for the kernel instance corresponding to the target (batch_size, a, b, c, d, precision, VSIZE) = (8, 32, 2, 2, 32, half, 4) in the .best file, nor could we find d"
group1,2,2,2048,2048,32,32,16,0.102574,,"ERROR: Could not find hyperparameters for the kernel instance corresponding to the target (batch_size, a, b, c, d, precision, VSIZE) = (16, 32, 2, 2, 32, half, 4) in the .best file, nor could we find "
group1,2,2,2048,2048,32,32,32,0.082410,,"ERROR: Could not find hyperparameters for the kernel instance corresponding to the target (batch_size, a, b, c, d, precision, VSIZE) = (32, 32, 2, 2, 32, half, 4) in the .best file, nor could we find "
group1,2,2,2048,2048,32,32,64,0.083450,,"ERROR: Could not find hyperparameters for the kernel instance corresponding to the target (batch_size, a, b, c, d, precision, VSIZE) = (64, 32, 2, 2, 32, half, 4) in the .best file, nor could we find "
group1,2,2,2048,2048,32,32,128,0.086667,,"ERROR: Could not find hyperparameters for the kernel instance corresponding to the target (batch_size, a, b, c, d, precision, VSIZE) = (128, 32, 2, 2, 32, half, 4) in the .best file, nor could we find"
group1,2,2,2048,2048,32,32,256,0.083436,,"ERROR: Could not find hyperparameters for the kernel instance corresponding to the target (batch_size, a, b, c, d, precision, VSIZE) = (256, 32, 2, 2, 32, half, 4) in the .best file, nor could we find"
group1,2,2,2048,2048,32,32,512,0.083596,,"ERROR: Could not find hyperparameters for the kernel instance corresponding to the target (batch_size, a, b, c, d, precision, VSIZE) = (512, 32, 2, 2, 32, half, 4) in the .best file, nor could we find"
group1,2,2,2048,2048,32,32,1024,0.101250,,"ERROR: Could not find hyperparameters for the kernel instance corresponding to the target (batch_size, a, b, c, d, precision, VSIZE) = (1024, 32, 2, 2, 32, half, 4) in the .best file, nor could we fin"
group1,2,2,2048,2048,32,32,2048,0.159787,,"ERROR: Could not find hyperparameters for the kernel instance corresponding to the target (batch_size, a, b, c, d, precision, VSIZE) = (2048, 32, 2, 2, 32, half, 4) in the .best file, nor could we fin"
group1,2,2,2048,2048,32,32,4096,0.311459,,"ERROR: Could not find hyperparameters for the kernel instance corresponding to the target (batch_size, a, b, c, d, precision, VSIZE) = (4096, 32, 2, 2, 32, half, 4) in the .best file, nor could we fin"
group1,2,2,2048,2048,64,16,1,0.054324,,"ERROR: Could not find hyperparameters for the kernel instance corresponding to the target (batch_size, a, b, c, d, precision, VSIZE) = (1, 64, 2, 2, 16, half, 4) in the .best file, nor could we find d"
group1,2,2,2048,2048,64,16,2,0.084932,,"ERROR: Could not find hyperparameters for the kernel instance corresponding to the target (batch_size, a, b, c, d, precision, VSIZE) = (2, 64, 2, 2, 16, half, 4) in the .best file, nor could we find d"
group1,2,2,2048,2048,64,16,4,0.100765,,"ERROR: Could not find hyperparameters for the kernel instance corresponding to the target (batch_size, a, b, c, d, precision, VSIZE) = (4, 64, 2, 2, 16, half, 4) in the .best file, nor could we find d"
group1,2,2,2048,2048,64,16,8,0.082789,,"ERROR: Could not find hyperparameters for the kernel instance corresponding to the target (batch_size, a, b, c, d, precision, VSIZE) = (8, 64, 2, 2, 16, half, 4) in the .best file, nor could we find d"
group1,2,2,2048,2048,64,16,16,0.084047,,"ERROR: Could not find hyperparameters for the kernel instance corresponding to the target (batch_size, a, b, c, d, precision, VSIZE) = (16, 64, 2, 2, 16, half, 4) in the .best file, nor could we find "
group1,2,2,2048,2048,64,16,32,0.082532,,"ERROR: Could not find hyperparameters for the kernel instance corresponding to the target (batch_size, a, b, c, d, precision, VSIZE) = (32, 64, 2, 2, 16, half, 4) in the .best file, nor could we find "
group1,2,2,2048,2048,64,16,64,0.082480,,"ERROR: Could not find hyperparameters for the kernel instance corresponding to the target (batch_size, a, b, c, d, precision, VSIZE) = (64, 64, 2, 2, 16, half, 4) in the .best file, nor could we find "
group1,2,2,2048,2048,64,16,128,0.100103,,"ERROR: Could not find hyperparameters for the kernel instance corresponding to the target (batch_size, a, b, c, d, precision, VSIZE) = (128, 64, 2, 2, 16, half, 4) in the .best file, nor could we find"
group1,2,2,2048,2048,64,16,256,0.082459,,"ERROR: Could not find hyperparameters for the kernel instance corresponding to the target (batch_size, a, b, c, d, precision, VSIZE) = (256, 64, 2, 2, 16, half, 4) in the .best file, nor could we find"
group1,2,2,2048,2048,64,16,512,0.082902,,"ERROR: Could not find hyperparameters for the kernel instance corresponding to the target (batch_size, a, b, c, d, precision, VSIZE) = (512, 64, 2, 2, 16, half, 4) in the .best file, nor could we find"
group1,2,2,2048,2048,64,16,1024,0.085332,,"ERROR: Could not find hyperparameters for the kernel instance corresponding to the target (batch_size, a, b, c, d, precision, VSIZE) = (1024, 64, 2, 2, 16, half, 4) in the .best file, nor could we fin"
group1,2,2,2048,2048,64,16,2048,0.159713,,"ERROR: Could not find hyperparameters for the kernel instance corresponding to the target (batch_size, a, b, c, d, precision, VSIZE) = (2048, 64, 2, 2, 16, half, 4) in the .best file, nor could we fin"
group1,2,2,2048,2048,64,16,4096,0.311109,,"ERROR: Could not find hyperparameters for the kernel instance corresponding to the target (batch_size, a, b, c, d, precision, VSIZE) = (4096, 64, 2, 2, 16, half, 4) in the .best file, nor could we fin"
group1,2,2,2048,2048,128,8,1,0.053165,,"ERROR: Could not find hyperparameters for the kernel instance corresponding to the target (batch_size, a, b, c, d, precision, VSIZE) = (1, 128, 2, 2, 8, half, 4) in the .best file, nor could we find d"
group1,2,2,2048,2048,128,8,2,0.084894,,"ERROR: Could not find hyperparameters for the kernel instance corresponding to the target (batch_size, a, b, c, d, precision, VSIZE) = (2, 128, 2, 2, 8, half, 4) in the .best file, nor could we find d"
group1,2,2,2048,2048,128,8,4,0.100112,,"ERROR: Could not find hyperparameters for the kernel instance corresponding to the target (batch_size, a, b, c, d, precision, VSIZE) = (4, 128, 2, 2, 8, half, 4) in the .best file, nor could we find d"
group1,2,2,2048,2048,128,8,8,0.084968,,"ERROR: Could not find hyperparameters for the kernel instance corresponding to the target (batch_size, a, b, c, d, precision, VSIZE) = (8, 128, 2, 2, 8, half, 4) in the .best file, nor could we find d"
group1,2,2,2048,2048,128,8,16,0.085421,,"ERROR: Could not find hyperparameters for the kernel instance corresponding to the target (batch_size, a, b, c, d, precision, VSIZE) = (16, 128, 2, 2, 8, half, 4) in the .best file, nor could we find "
group1,2,2,2048,2048,128,8,32,0.083309,,"ERROR: Could not find hyperparameters for the kernel instance corresponding to the target (batch_size, a, b, c, d, precision, VSIZE) = (32, 128, 2, 2, 8, half, 4) in the .best file, nor could we find "
group1,2,2,2048,2048,128,8,64,0.083787,,"ERROR: Could not find hyperparameters for the kernel instance corresponding to the target (batch_size, a, b, c, d, precision, VSIZE) = (64, 128, 2, 2, 8, half, 4) in the .best file, nor could we find "
group1,2,2,2048,2048,128,8,128,0.085113,,"ERROR: Could not find hyperparameters for the kernel instance corresponding to the target (batch_size, a, b, c, d, precision, VSIZE) = (128, 128, 2, 2, 8, half, 4) in the .best file, nor could we find"
group1,2,2,2048,2048,128,8,256,0.086354,,"ERROR: Could not find hyperparameters for the kernel instance corresponding to the target (batch_size, a, b, c, d, precision, VSIZE) = (256, 128, 2, 2, 8, half, 4) in the .best file, nor could we find"
group1,2,2,2048,2048,128,8,512,0.085524,,"ERROR: Could not find hyperparameters for the kernel instance corresponding to the target (batch_size, a, b, c, d, precision, VSIZE) = (512, 128, 2, 2, 8, half, 4) in the .best file, nor could we find"
group1,2,2,2048,2048,128,8,1024,0.085990,,"ERROR: Could not find hyperparameters for the kernel instance corresponding to the target (batch_size, a, b, c, d, precision, VSIZE) = (1024, 128, 2, 2, 8, half, 4) in the .best file, nor could we fin"
group1,2,2,2048,2048,128,8,2048,0.159781,,"ERROR: Could not find hyperparameters for the kernel instance corresponding to the target (batch_size, a, b, c, d, precision, VSIZE) = (2048, 128, 2, 2, 8, half, 4) in the .best file, nor could we fin"
group1,2,2,2048,2048,128,8,4096,0.311033,,"ERROR: Could not find hyperparameters for the kernel instance corresponding to the target (batch_size, a, b, c, d, precision, VSIZE) = (4096, 128, 2, 2, 8, half, 4) in the .best file, nor could we fin"
group1,2,2,2048,2048,256,4,1,0.052505,,"ERROR: Could not find hyperparameters for the kernel instance corresponding to the target (batch_size, a, b, c, d, precision, VSIZE) = (1, 256, 2, 2, 4, half, 4) in the .best file, nor could we find d"
group1,2,2,2048,2048,256,4,2,0.082714,,"ERROR: Could not find hyperparameters for the kernel instance corresponding to the target (batch_size, a, b, c, d, precision, VSIZE) = (2, 256, 2, 2, 4, half, 4) in the .best file, nor could we find d"
group1,2,2,2048,2048,256,4,4,0.083447,,"ERROR: Could not find hyperparameters for the kernel instance corresponding to the target (batch_size, a, b, c, d, precision, VSIZE) = (4, 256, 2, 2, 4, half, 4) in the .best file, nor could we find d"
group1,2,2,2048,2048,256,4,8,0.084996,,"ERROR: Could not find hyperparameters for the kernel instance corresponding to the target (batch_size, a, b, c, d, precision, VSIZE) = (8, 256, 2, 2, 4, half, 4) in the .best file, nor could we find d"
group1,2,2,2048,2048,256,4,16,0.083876,,"ERROR: Could not find hyperparameters for the kernel instance corresponding to the target (batch_size, a, b, c, d, precision, VSIZE) = (16, 256, 2, 2, 4, half, 4) in the .best file, nor could we find "
group1,2,2,2048,2048,256,4,32,0.085717,,"ERROR: Could not find hyperparameters for the kernel instance corresponding to the target (batch_size, a, b, c, d, precision, VSIZE) = (32, 256, 2, 2, 4, half, 4) in the .best file, nor could we find "
group1,2,2,2048,2048,256,4,64,0.082566,,"ERROR: Could not find hyperparameters for the kernel instance corresponding to the target (batch_size, a, b, c, d, precision, VSIZE) = (64, 256, 2, 2, 4, half, 4) in the .best file, nor could we find "
group1,2,2,2048,2048,256,4,128,0.085377,,"ERROR: Could not find hyperparameters for the kernel instance corresponding to the target (batch_size, a, b, c, d, precision, VSIZE) = (128, 256, 2, 2, 4, half, 4) in the .best file, nor could we find"
group1,2,2,2048,2048,256,4,256,0.086169,,"ERROR: Could not find hyperparameters for the kernel instance corresponding to the target (batch_size, a, b, c, d, precision, VSIZE) = (256, 256, 2, 2, 4, half, 4) in the .best file, nor could we find"
group1,2,2,2048,2048,256,4,512,0.086225,,"ERROR: Could not find hyperparameters for the kernel instance corresponding to the target (batch_size, a, b, c, d, precision, VSIZE) = (512, 256, 2, 2, 4, half, 4) in the .best file, nor could we find"
group1,2,2,2048,2048,256,4,1024,0.101324,,"ERROR: Could not find hyperparameters for the kernel instance corresponding to the target (batch_size, a, b, c, d, precision, VSIZE) = (1024, 256, 2, 2, 4, half, 4) in the .best file, nor could we fin"
group1,2,2,2048,2048,256,4,2048,0.159731,,"ERROR: Could not find hyperparameters for the kernel instance corresponding to the target (batch_size, a, b, c, d, precision, VSIZE) = (2048, 256, 2, 2, 4, half, 4) in the .best file, nor could we fin"
group1,2,2,2048,2048,256,4,4096,0.311530,,"ERROR: Could not find hyperparameters for the kernel instance corresponding to the target (batch_size, a, b, c, d, precision, VSIZE) = (4096, 256, 2, 2, 4, half, 4) in the .best file, nor could we fin"
group1,2,2,2048,2048,512,2,1,0.052461,,"ERROR: Could not find hyperparameters for the kernel instance corresponding to the target (batch_size, a, b, c, d, precision, VSIZE) = (1, 512, 2, 2, 2, half, 4) in the .best file, nor could we find d"
group1,2,2,2048,2048,512,2,2,0.085301,,"ERROR: Could not find hyperparameters for the kernel instance corresponding to the target (batch_size, a, b, c, d, precision, VSIZE) = (2, 512, 2, 2, 2, half, 4) in the .best file, nor could we find d"
group1,2,2,2048,2048,512,2,4,0.082362,,"ERROR: Could not find hyperparameters for the kernel instance corresponding to the target (batch_size, a, b, c, d, precision, VSIZE) = (4, 512, 2, 2, 2, half, 4) in the .best file, nor could we find d"
group1,2,2,2048,2048,512,2,8,0.082753,,"ERROR: Could not find hyperparameters for the kernel instance corresponding to the target (batch_size, a, b, c, d, precision, VSIZE) = (8, 512, 2, 2, 2, half, 4) in the .best file, nor could we find d"
group1,2,2,2048,2048,512,2,16,0.082399,,"ERROR: Could not find hyperparameters for the kernel instance corresponding to the target (batch_size, a, b, c, d, precision, VSIZE) = (16, 512, 2, 2, 2, half, 4) in the .best file, nor could we find "
group1,2,2,2048,2048,512,2,32,0.083192,,"ERROR: Could not find hyperparameters for the kernel instance corresponding to the target (batch_size, a, b, c, d, precision, VSIZE) = (32, 512, 2, 2, 2, half, 4) in the .best file, nor could we find "
group1,2,2,2048,2048,512,2,64,0.081701,,"ERROR: Could not find hyperparameters for the kernel instance corresponding to the target (batch_size, a, b, c, d, precision, VSIZE) = (64, 512, 2, 2, 2, half, 4) in the .best file, nor could we find "
group1,2,2,2048,2048,512,2,128,0.085919,,"ERROR: Could not find hyperparameters for the kernel instance corresponding to the target (batch_size, a, b, c, d, precision, VSIZE) = (128, 512, 2, 2, 2, half, 4) in the .best file, nor could we find"
group1,2,2,2048,2048,512,2,256,0.083572,,"ERROR: Could not find hyperparameters for the kernel instance corresponding to the target (batch_size, a, b, c, d, precision, VSIZE) = (256, 512, 2, 2, 2, half, 4) in the .best file, nor could we find"
group1,2,2,2048,2048,512,2,512,0.084332,,"ERROR: Could not find hyperparameters for the kernel instance corresponding to the target (batch_size, a, b, c, d, precision, VSIZE) = (512, 512, 2, 2, 2, half, 4) in the .best file, nor could we find"
group1,2,2,2048,2048,512,2,1024,0.084657,,"ERROR: Could not find hyperparameters for the kernel instance corresponding to the target (batch_size, a, b, c, d, precision, VSIZE) = (1024, 512, 2, 2, 2, half, 4) in the .best file, nor could we fin"
group1,2,2,2048,2048,512,2,2048,0.159772,,"ERROR: Could not find hyperparameters for the kernel instance corresponding to the target (batch_size, a, b, c, d, precision, VSIZE) = (2048, 512, 2, 2, 2, half, 4) in the .best file, nor could we fin"
group1,2,2,2048,2048,512,2,4096,0.311502,,"ERROR: Could not find hyperparameters for the kernel instance corresponding to the target (batch_size, a, b, c, d, precision, VSIZE) = (4096, 512, 2, 2, 2, half, 4) in the .best file, nor could we fin"
group1,2,2,2048,2048,1024,1,1,0.054717,,"ERROR: Could not find hyperparameters for the kernel instance corresponding to the target (batch_size, a, b, c, d, precision, VSIZE) = (1, 1024, 2, 2, 1, half, 4) in the .best file, nor could we find "
group1,2,2,2048,2048,1024,1,2,0.085858,,"ERROR: Could not find hyperparameters for the kernel instance corresponding to the target (batch_size, a, b, c, d, precision, VSIZE) = (2, 1024, 2, 2, 1, half, 4) in the .best file, nor could we find "
group1,2,2,2048,2048,1024,1,4,0.083763,,"ERROR: Could not find hyperparameters for the kernel instance corresponding to the target (batch_size, a, b, c, d, precision, VSIZE) = (4, 1024, 2, 2, 1, half, 4) in the .best file, nor could we find "
group1,2,2,2048,2048,1024,1,8,0.083920,,"ERROR: Could not find hyperparameters for the kernel instance corresponding to the target (batch_size, a, b, c, d, precision, VSIZE) = (8, 1024, 2, 2, 1, half, 4) in the .best file, nor could we find "
group1,2,2,2048,2048,1024,1,16,0.083161,,"ERROR: Could not find hyperparameters for the kernel instance corresponding to the target (batch_size, a, b, c, d, precision, VSIZE) = (16, 1024, 2, 2, 1, half, 4) in the .best file, nor could we find"
group1,2,2,2048,2048,1024,1,32,0.084911,,"ERROR: Could not find hyperparameters for the kernel instance corresponding to the target (batch_size, a, b, c, d, precision, VSIZE) = (32, 1024, 2, 2, 1, half, 4) in the .best file, nor could we find"
group1,2,2,2048,2048,1024,1,64,0.082102,,"ERROR: Could not find hyperparameters for the kernel instance corresponding to the target (batch_size, a, b, c, d, precision, VSIZE) = (64, 1024, 2, 2, 1, half, 4) in the .best file, nor could we find"
group1,2,2,2048,2048,1024,1,128,0.083085,,"ERROR: Could not find hyperparameters for the kernel instance corresponding to the target (batch_size, a, b, c, d, precision, VSIZE) = (128, 1024, 2, 2, 1, half, 4) in the .best file, nor could we fin"
group1,2,2,2048,2048,1024,1,256,0.082857,,"ERROR: Could not find hyperparameters for the kernel instance corresponding to the target (batch_size, a, b, c, d, precision, VSIZE) = (256, 1024, 2, 2, 1, half, 4) in the .best file, nor could we fin"
group1,2,2,2048,2048,1024,1,512,0.083467,,"ERROR: Could not find hyperparameters for the kernel instance corresponding to the target (batch_size, a, b, c, d, precision, VSIZE) = (512, 1024, 2, 2, 1, half, 4) in the .best file, nor could we fin"
group1,2,2,2048,2048,1024,1,1024,0.084227,,"ERROR: Could not find hyperparameters for the kernel instance corresponding to the target (batch_size, a, b, c, d, precision, VSIZE) = (1024, 1024, 2, 2, 1, half, 4) in the .best file, nor could we fi"
group1,2,2,2048,2048,1024,1,2048,0.157712,,"ERROR: Could not find hyperparameters for the kernel instance corresponding to the target (batch_size, a, b, c, d, precision, VSIZE) = (2048, 1024, 2, 2, 1, half, 4) in the .best file, nor could we fi"
group1,2,2,2048,2048,1024,1,4096,0.307837,,"ERROR: Could not find hyperparameters for the kernel instance corresponding to the target (batch_size, a, b, c, d, precision, VSIZE) = (4096, 1024, 2, 2, 1, half, 4) in the .best file, nor could we fi"
group1,2,2,4096,4096,1,2048,1,0.054436,,"ERROR: Could not find hyperparameters for the kernel instance corresponding to the target (batch_size, a, b, c, d, precision, VSIZE) = (1, 1, 2, 2, 2048, half, 4) in the .best file, nor could we find "
group1,2,2,4096,4096,1,2048,2,0.083526,,"ERROR: Could not find hyperparameters for the kernel instance corresponding to the target (batch_size, a, b, c, d, precision, VSIZE) = (2, 1, 2, 2, 2048, half, 4) in the .best file, nor could we find "
group1,2,2,4096,4096,1,2048,4,0.083197,,"ERROR: Could not find hyperparameters for the kernel instance corresponding to the target (batch_size, a, b, c, d, precision, VSIZE) = (4, 1, 2, 2, 2048, half, 4) in the .best file, nor could we find "
group1,2,2,4096,4096,1,2048,8,0.083010,,"ERROR: Could not find hyperparameters for the kernel instance corresponding to the target (batch_size, a, b, c, d, precision, VSIZE) = (8, 1, 2, 2, 2048, half, 4) in the .best file, nor could we find "
group1,2,2,4096,4096,1,2048,16,0.085626,,"ERROR: Could not find hyperparameters for the kernel instance corresponding to the target (batch_size, a, b, c, d, precision, VSIZE) = (16, 1, 2, 2, 2048, half, 4) in the .best file, nor could we find"
group1,2,2,4096,4096,1,2048,32,0.081689,,"ERROR: Could not find hyperparameters for the kernel instance corresponding to the target (batch_size, a, b, c, d, precision, VSIZE) = (32, 1, 2, 2, 2048, half, 4) in the .best file, nor could we find"
group1,2,2,4096,4096,1,2048,64,0.085059,,"ERROR: Could not find hyperparameters for the kernel instance corresponding to the target (batch_size, a, b, c, d, precision, VSIZE) = (64, 1, 2, 2, 2048, half, 4) in the .best file, nor could we find"
group1,2,2,4096,4096,1,2048,128,0.084464,,"ERROR: Could not find hyperparameters for the kernel instance corresponding to the target (batch_size, a, b, c, d, precision, VSIZE) = (128, 1, 2, 2, 2048, half, 4) in the .best file, nor could we fin"
group1,2,2,4096,4096,1,2048,256,0.084431,,"ERROR: Could not find hyperparameters for the kernel instance corresponding to the target (batch_size, a, b, c, d, precision, VSIZE) = (256, 1, 2, 2, 2048, half, 4) in the .best file, nor could we fin"
group1,2,2,4096,4096,1,2048,512,0.085962,,"ERROR: Could not find hyperparameters for the kernel instance corresponding to the target (batch_size, a, b, c, d, precision, VSIZE) = (512, 1, 2, 2, 2048, half, 4) in the .best file, nor could we fin"
group1,2,2,4096,4096,1,2048,1024,0.159244,,"ERROR: Could not find hyperparameters for the kernel instance corresponding to the target (batch_size, a, b, c, d, precision, VSIZE) = (1024, 1, 2, 2, 2048, half, 4) in the .best file, nor could we fi"
group1,2,2,4096,4096,1,2048,2048,0.313442,,"ERROR: Could not find hyperparameters for the kernel instance corresponding to the target (batch_size, a, b, c, d, precision, VSIZE) = (2048, 1, 2, 2, 2048, half, 4) in the .best file, nor could we fi"
group1,2,2,4096,4096,1,2048,4096,0.612091,,"ERROR: Could not find hyperparameters for the kernel instance corresponding to the target (batch_size, a, b, c, d, precision, VSIZE) = (4096, 1, 2, 2, 2048, half, 4) in the .best file, nor could we fi"
group1,2,2,4096,4096,2,1024,1,0.053224,,"ERROR: Could not find hyperparameters for the kernel instance corresponding to the target (batch_size, a, b, c, d, precision, VSIZE) = (1, 2, 2, 2, 1024, half, 4) in the .best file, nor could we find "
group1,2,2,4096,4096,2,1024,2,0.082939,,"ERROR: Could not find hyperparameters for the kernel instance corresponding to the target (batch_size, a, b, c, d, precision, VSIZE) = (2, 2, 2, 2, 1024, half, 4) in the .best file, nor could we find "
group1,2,2,4096,4096,2,1024,4,0.082129,,"ERROR: Could not find hyperparameters for the kernel instance corresponding to the target (batch_size, a, b, c, d, precision, VSIZE) = (4, 2, 2, 2, 1024, half, 4) in the .best file, nor could we find "
group1,2,2,4096,4096,2,1024,8,0.100808,,"ERROR: Could not find hyperparameters for the kernel instance corresponding to the target (batch_size, a, b, c, d, precision, VSIZE) = (8, 2, 2, 2, 1024, half, 4) in the .best file, nor could we find "
group1,2,2,4096,4096,2,1024,16,0.082278,,"ERROR: Could not find hyperparameters for the kernel instance corresponding to the target (batch_size, a, b, c, d, precision, VSIZE) = (16, 2, 2, 2, 1024, half, 4) in the .best file, nor could we find"
group1,2,2,4096,4096,2,1024,32,0.082252,,"ERROR: Could not find hyperparameters for the kernel instance corresponding to the target (batch_size, a, b, c, d, precision, VSIZE) = (32, 2, 2, 2, 1024, half, 4) in the .best file, nor could we find"
group1,2,2,4096,4096,2,1024,64,0.084744,,"ERROR: Could not find hyperparameters for the kernel instance corresponding to the target (batch_size, a, b, c, d, precision, VSIZE) = (64, 2, 2, 2, 1024, half, 4) in the .best file, nor could we find"
group1,2,2,4096,4096,2,1024,128,0.084232,,"ERROR: Could not find hyperparameters for the kernel instance corresponding to the target (batch_size, a, b, c, d, precision, VSIZE) = (128, 2, 2, 2, 1024, half, 4) in the .best file, nor could we fin"
group1,2,2,4096,4096,2,1024,256,0.085059,,"ERROR: Could not find hyperparameters for the kernel instance corresponding to the target (batch_size, a, b, c, d, precision, VSIZE) = (256, 2, 2, 2, 1024, half, 4) in the .best file, nor could we fin"
group1,2,2,4096,4096,2,1024,512,0.102537,,"ERROR: Could not find hyperparameters for the kernel instance corresponding to the target (batch_size, a, b, c, d, precision, VSIZE) = (512, 2, 2, 2, 1024, half, 4) in the .best file, nor could we fin"
group1,2,2,4096,4096,2,1024,1024,0.159597,,"ERROR: Could not find hyperparameters for the kernel instance corresponding to the target (batch_size, a, b, c, d, precision, VSIZE) = (1024, 2, 2, 2, 1024, half, 4) in the .best file, nor could we fi"
group1,2,2,4096,4096,2,1024,2048,0.311702,,"ERROR: Could not find hyperparameters for the kernel instance corresponding to the target (batch_size, a, b, c, d, precision, VSIZE) = (2048, 2, 2, 2, 1024, half, 4) in the .best file, nor could we fi"
group1,2,2,4096,4096,2,1024,4096,0.612963,,"ERROR: Could not find hyperparameters for the kernel instance corresponding to the target (batch_size, a, b, c, d, precision, VSIZE) = (4096, 2, 2, 2, 1024, half, 4) in the .best file, nor could we fi"
group1,2,2,4096,4096,4,512,1,0.053752,,"ERROR: Could not find hyperparameters for the kernel instance corresponding to the target (batch_size, a, b, c, d, precision, VSIZE) = (1, 4, 2, 2, 512, half, 4) in the .best file, nor could we find d"
group1,2,2,4096,4096,4,512,2,0.102297,,"ERROR: Could not find hyperparameters for the kernel instance corresponding to the target (batch_size, a, b, c, d, precision, VSIZE) = (2, 4, 2, 2, 512, half, 4) in the .best file, nor could we find d"
group1,2,2,4096,4096,4,512,4,0.102520,,"ERROR: Could not find hyperparameters for the kernel instance corresponding to the target (batch_size, a, b, c, d, precision, VSIZE) = (4, 4, 2, 2, 512, half, 4) in the .best file, nor could we find d"
group1,2,2,4096,4096,4,512,8,0.086181,,"ERROR: Could not find hyperparameters for the kernel instance corresponding to the target (batch_size, a, b, c, d, precision, VSIZE) = (8, 4, 2, 2, 512, half, 4) in the .best file, nor could we find d"
group1,2,2,4096,4096,4,512,16,0.085087,,"ERROR: Could not find hyperparameters for the kernel instance corresponding to the target (batch_size, a, b, c, d, precision, VSIZE) = (16, 4, 2, 2, 512, half, 4) in the .best file, nor could we find "
group1,2,2,4096,4096,4,512,32,0.082873,,"ERROR: Could not find hyperparameters for the kernel instance corresponding to the target (batch_size, a, b, c, d, precision, VSIZE) = (32, 4, 2, 2, 512, half, 4) in the .best file, nor could we find "
group1,2,2,4096,4096,4,512,64,0.082894,,"ERROR: Could not find hyperparameters for the kernel instance corresponding to the target (batch_size, a, b, c, d, precision, VSIZE) = (64, 4, 2, 2, 512, half, 4) in the .best file, nor could we find "
group1,2,2,4096,4096,4,512,128,0.082057,,"ERROR: Could not find hyperparameters for the kernel instance corresponding to the target (batch_size, a, b, c, d, precision, VSIZE) = (128, 4, 2, 2, 512, half, 4) in the .best file, nor could we find"
group1,2,2,4096,4096,4,512,256,0.102457,,"ERROR: Could not find hyperparameters for the kernel instance corresponding to the target (batch_size, a, b, c, d, precision, VSIZE) = (256, 4, 2, 2, 512, half, 4) in the .best file, nor could we find"
group1,2,2,4096,4096,4,512,512,0.085513,,"ERROR: Could not find hyperparameters for the kernel instance corresponding to the target (batch_size, a, b, c, d, precision, VSIZE) = (512, 4, 2, 2, 512, half, 4) in the .best file, nor could we find"
group1,2,2,4096,4096,4,512,1024,0.159573,,"ERROR: Could not find hyperparameters for the kernel instance corresponding to the target (batch_size, a, b, c, d, precision, VSIZE) = (1024, 4, 2, 2, 512, half, 4) in the .best file, nor could we fin"
group1,2,2,4096,4096,4,512,2048,0.311493,,"ERROR: Could not find hyperparameters for the kernel instance corresponding to the target (batch_size, a, b, c, d, precision, VSIZE) = (2048, 4, 2, 2, 512, half, 4) in the .best file, nor could we fin"
group1,2,2,4096,4096,4,512,4096,0.611473,,"ERROR: Could not find hyperparameters for the kernel instance corresponding to the target (batch_size, a, b, c, d, precision, VSIZE) = (4096, 4, 2, 2, 512, half, 4) in the .best file, nor could we fin"
group1,2,2,4096,4096,8,256,1,0.053577,,"ERROR: Could not find hyperparameters for the kernel instance corresponding to the target (batch_size, a, b, c, d, precision, VSIZE) = (1, 8, 2, 2, 256, half, 4) in the .best file, nor could we find d"
group1,2,2,4096,4096,8,256,2,0.083574,,"ERROR: Could not find hyperparameters for the kernel instance corresponding to the target (batch_size, a, b, c, d, precision, VSIZE) = (2, 8, 2, 2, 256, half, 4) in the .best file, nor could we find d"
group1,2,2,4096,4096,8,256,4,0.081031,,"ERROR: Could not find hyperparameters for the kernel instance corresponding to the target (batch_size, a, b, c, d, precision, VSIZE) = (4, 8, 2, 2, 256, half, 4) in the .best file, nor could we find d"
group1,2,2,4096,4096,8,256,8,0.084621,,"ERROR: Could not find hyperparameters for the kernel instance corresponding to the target (batch_size, a, b, c, d, precision, VSIZE) = (8, 8, 2, 2, 256, half, 4) in the .best file, nor could we find d"
group1,2,2,4096,4096,8,256,16,0.082416,,"ERROR: Could not find hyperparameters for the kernel instance corresponding to the target (batch_size, a, b, c, d, precision, VSIZE) = (16, 8, 2, 2, 256, half, 4) in the .best file, nor could we find "
group1,2,2,4096,4096,8,256,32,0.082461,,"ERROR: Could not find hyperparameters for the kernel instance corresponding to the target (batch_size, a, b, c, d, precision, VSIZE) = (32, 8, 2, 2, 256, half, 4) in the .best file, nor could we find "
group1,2,2,4096,4096,8,256,64,0.102477,,"ERROR: Could not find hyperparameters for the kernel instance corresponding to the target (batch_size, a, b, c, d, precision, VSIZE) = (64, 8, 2, 2, 256, half, 4) in the .best file, nor could we find "
group1,2,2,4096,4096,8,256,128,0.082787,,"ERROR: Could not find hyperparameters for the kernel instance corresponding to the target (batch_size, a, b, c, d, precision, VSIZE) = (128, 8, 2, 2, 256, half, 4) in the .best file, nor could we find"
group1,2,2,4096,4096,8,256,256,0.086006,,"ERROR: Could not find hyperparameters for the kernel instance corresponding to the target (batch_size, a, b, c, d, precision, VSIZE) = (256, 8, 2, 2, 256, half, 4) in the .best file, nor could we find"
group1,2,2,4096,4096,8,256,512,0.084924,,"ERROR: Could not find hyperparameters for the kernel instance corresponding to the target (batch_size, a, b, c, d, precision, VSIZE) = (512, 8, 2, 2, 256, half, 4) in the .best file, nor could we find"
group1,2,2,4096,4096,8,256,1024,0.159381,,"ERROR: Could not find hyperparameters for the kernel instance corresponding to the target (batch_size, a, b, c, d, precision, VSIZE) = (1024, 8, 2, 2, 256, half, 4) in the .best file, nor could we fin"
group1,2,2,4096,4096,8,256,2048,0.311640,,"ERROR: Could not find hyperparameters for the kernel instance corresponding to the target (batch_size, a, b, c, d, precision, VSIZE) = (2048, 8, 2, 2, 256, half, 4) in the .best file, nor could we fin"
group1,2,2,4096,4096,8,256,4096,0.611907,,"ERROR: Could not find hyperparameters for the kernel instance corresponding to the target (batch_size, a, b, c, d, precision, VSIZE) = (4096, 8, 2, 2, 256, half, 4) in the .best file, nor could we fin"
group1,2,2,4096,4096,16,128,1,0.054789,,"ERROR: Could not find hyperparameters for the kernel instance corresponding to the target (batch_size, a, b, c, d, precision, VSIZE) = (1, 16, 2, 2, 128, half, 4) in the .best file, nor could we find "
group1,2,2,4096,4096,16,128,2,0.081902,,"ERROR: Could not find hyperparameters for the kernel instance corresponding to the target (batch_size, a, b, c, d, precision, VSIZE) = (2, 16, 2, 2, 128, half, 4) in the .best file, nor could we find "
group1,2,2,4096,4096,16,128,4,0.082410,,"ERROR: Could not find hyperparameters for the kernel instance corresponding to the target (batch_size, a, b, c, d, precision, VSIZE) = (4, 16, 2, 2, 128, half, 4) in the .best file, nor could we find "
group1,2,2,4096,4096,16,128,8,0.085437,,"ERROR: Could not find hyperparameters for the kernel instance corresponding to the target (batch_size, a, b, c, d, precision, VSIZE) = (8, 16, 2, 2, 128, half, 4) in the .best file, nor could we find "
group1,2,2,4096,4096,16,128,16,0.084950,,"ERROR: Could not find hyperparameters for the kernel instance corresponding to the target (batch_size, a, b, c, d, precision, VSIZE) = (16, 16, 2, 2, 128, half, 4) in the .best file, nor could we find"
group1,2,2,4096,4096,16,128,32,0.081784,,"ERROR: Could not find hyperparameters for the kernel instance corresponding to the target (batch_size, a, b, c, d, precision, VSIZE) = (32, 16, 2, 2, 128, half, 4) in the .best file, nor could we find"
group1,2,2,4096,4096,16,128,64,0.083930,,"ERROR: Could not find hyperparameters for the kernel instance corresponding to the target (batch_size, a, b, c, d, precision, VSIZE) = (64, 16, 2, 2, 128, half, 4) in the .best file, nor could we find"
group1,2,2,4096,4096,16,128,128,0.082640,,"ERROR: Could not find hyperparameters for the kernel instance corresponding to the target (batch_size, a, b, c, d, precision, VSIZE) = (128, 16, 2, 2, 128, half, 4) in the .best file, nor could we fin"
group1,2,2,4096,4096,16,128,256,0.083317,,"ERROR: Could not find hyperparameters for the kernel instance corresponding to the target (batch_size, a, b, c, d, precision, VSIZE) = (256, 16, 2, 2, 128, half, 4) in the .best file, nor could we fin"
group1,2,2,4096,4096,16,128,512,0.085619,,"ERROR: Could not find hyperparameters for the kernel instance corresponding to the target (batch_size, a, b, c, d, precision, VSIZE) = (512, 16, 2, 2, 128, half, 4) in the .best file, nor could we fin"
group1,2,2,4096,4096,16,128,1024,0.159571,,"ERROR: Could not find hyperparameters for the kernel instance corresponding to the target (batch_size, a, b, c, d, precision, VSIZE) = (1024, 16, 2, 2, 128, half, 4) in the .best file, nor could we fi"
group1,2,2,4096,4096,16,128,2048,0.311579,,"ERROR: Could not find hyperparameters for the kernel instance corresponding to the target (batch_size, a, b, c, d, precision, VSIZE) = (2048, 16, 2, 2, 128, half, 4) in the .best file, nor could we fi"
group1,2,2,4096,4096,16,128,4096,0.612244,,"ERROR: Could not find hyperparameters for the kernel instance corresponding to the target (batch_size, a, b, c, d, precision, VSIZE) = (4096, 16, 2, 2, 128, half, 4) in the .best file, nor could we fi"
group1,2,2,4096,4096,32,64,1,0.054440,,"ERROR: Could not find hyperparameters for the kernel instance corresponding to the target (batch_size, a, b, c, d, precision, VSIZE) = (1, 32, 2, 2, 64, half, 4) in the .best file, nor could we find d"
group1,2,2,4096,4096,32,64,2,0.081620,,"ERROR: Could not find hyperparameters for the kernel instance corresponding to the target (batch_size, a, b, c, d, precision, VSIZE) = (2, 32, 2, 2, 64, half, 4) in the .best file, nor could we find d"
group1,2,2,4096,4096,32,64,4,0.084999,,"ERROR: Could not find hyperparameters for the kernel instance corresponding to the target (batch_size, a, b, c, d, precision, VSIZE) = (4, 32, 2, 2, 64, half, 4) in the .best file, nor could we find d"
group1,2,2,4096,4096,32,64,8,0.084733,,"ERROR: Could not find hyperparameters for the kernel instance corresponding to the target (batch_size, a, b, c, d, precision, VSIZE) = (8, 32, 2, 2, 64, half, 4) in the .best file, nor could we find d"
group1,2,2,4096,4096,32,64,16,0.084636,,"ERROR: Could not find hyperparameters for the kernel instance corresponding to the target (batch_size, a, b, c, d, precision, VSIZE) = (16, 32, 2, 2, 64, half, 4) in the .best file, nor could we find "
group1,2,2,4096,4096,32,64,32,0.081854,,"ERROR: Could not find hyperparameters for the kernel instance corresponding to the target (batch_size, a, b, c, d, precision, VSIZE) = (32, 32, 2, 2, 64, half, 4) in the .best file, nor could we find "
group1,2,2,4096,4096,32,64,64,0.081088,,"ERROR: Could not find hyperparameters for the kernel instance corresponding to the target (batch_size, a, b, c, d, precision, VSIZE) = (64, 32, 2, 2, 64, half, 4) in the .best file, nor could we find "
group1,2,2,4096,4096,32,64,128,0.084761,,"ERROR: Could not find hyperparameters for the kernel instance corresponding to the target (batch_size, a, b, c, d, precision, VSIZE) = (128, 32, 2, 2, 64, half, 4) in the .best file, nor could we find"
group1,2,2,4096,4096,32,64,256,0.083042,,"ERROR: Could not find hyperparameters for the kernel instance corresponding to the target (batch_size, a, b, c, d, precision, VSIZE) = (256, 32, 2, 2, 64, half, 4) in the .best file, nor could we find"
group1,2,2,4096,4096,32,64,512,0.102442,,"ERROR: Could not find hyperparameters for the kernel instance corresponding to the target (batch_size, a, b, c, d, precision, VSIZE) = (512, 32, 2, 2, 64, half, 4) in the .best file, nor could we find"
group1,2,2,4096,4096,32,64,1024,0.159354,,"ERROR: Could not find hyperparameters for the kernel instance corresponding to the target (batch_size, a, b, c, d, precision, VSIZE) = (1024, 32, 2, 2, 64, half, 4) in the .best file, nor could we fin"
group1,2,2,4096,4096,32,64,2048,0.311392,,"ERROR: Could not find hyperparameters for the kernel instance corresponding to the target (batch_size, a, b, c, d, precision, VSIZE) = (2048, 32, 2, 2, 64, half, 4) in the .best file, nor could we fin"
group1,2,2,4096,4096,32,64,4096,0.612153,,"ERROR: Could not find hyperparameters for the kernel instance corresponding to the target (batch_size, a, b, c, d, precision, VSIZE) = (4096, 32, 2, 2, 64, half, 4) in the .best file, nor could we fin"
group1,2,2,4096,4096,64,32,1,0.053195,,"ERROR: Could not find hyperparameters for the kernel instance corresponding to the target (batch_size, a, b, c, d, precision, VSIZE) = (1, 64, 2, 2, 32, half, 4) in the .best file, nor could we find d"
group1,2,2,4096,4096,64,32,2,0.084203,,"ERROR: Could not find hyperparameters for the kernel instance corresponding to the target (batch_size, a, b, c, d, precision, VSIZE) = (2, 64, 2, 2, 32, half, 4) in the .best file, nor could we find d"
group1,2,2,4096,4096,64,32,4,0.081507,,"ERROR: Could not find hyperparameters for the kernel instance corresponding to the target (batch_size, a, b, c, d, precision, VSIZE) = (4, 64, 2, 2, 32, half, 4) in the .best file, nor could we find d"
group1,2,2,4096,4096,64,32,8,0.081992,,"ERROR: Could not find hyperparameters for the kernel instance corresponding to the target (batch_size, a, b, c, d, precision, VSIZE) = (8, 64, 2, 2, 32, half, 4) in the .best file, nor could we find d"
group1,2,2,4096,4096,64,32,16,0.083310,,"ERROR: Could not find hyperparameters for the kernel instance corresponding to the target (batch_size, a, b, c, d, precision, VSIZE) = (16, 64, 2, 2, 32, half, 4) in the .best file, nor could we find "
group1,2,2,4096,4096,64,32,32,0.082089,,"ERROR: Could not find hyperparameters for the kernel instance corresponding to the target (batch_size, a, b, c, d, precision, VSIZE) = (32, 64, 2, 2, 32, half, 4) in the .best file, nor could we find "
group1,2,2,4096,4096,64,32,64,0.089476,,"ERROR: Could not find hyperparameters for the kernel instance corresponding to the target (batch_size, a, b, c, d, precision, VSIZE) = (64, 64, 2, 2, 32, half, 4) in the .best file, nor could we find "
group1,2,2,4096,4096,64,32,128,0.082438,,"ERROR: Could not find hyperparameters for the kernel instance corresponding to the target (batch_size, a, b, c, d, precision, VSIZE) = (128, 64, 2, 2, 32, half, 4) in the .best file, nor could we find"
group1,2,2,4096,4096,64,32,256,0.083122,,"ERROR: Could not find hyperparameters for the kernel instance corresponding to the target (batch_size, a, b, c, d, precision, VSIZE) = (256, 64, 2, 2, 32, half, 4) in the .best file, nor could we find"
group1,2,2,4096,4096,64,32,512,0.085101,,"ERROR: Could not find hyperparameters for the kernel instance corresponding to the target (batch_size, a, b, c, d, precision, VSIZE) = (512, 64, 2, 2, 32, half, 4) in the .best file, nor could we find"
group1,2,2,4096,4096,64,32,1024,0.159166,,"ERROR: Could not find hyperparameters for the kernel instance corresponding to the target (batch_size, a, b, c, d, precision, VSIZE) = (1024, 64, 2, 2, 32, half, 4) in the .best file, nor could we fin"
group1,2,2,4096,4096,64,32,2048,0.311334,,"ERROR: Could not find hyperparameters for the kernel instance corresponding to the target (batch_size, a, b, c, d, precision, VSIZE) = (2048, 64, 2, 2, 32, half, 4) in the .best file, nor could we fin"
group1,2,2,4096,4096,64,32,4096,0.611970,,"ERROR: Could not find hyperparameters for the kernel instance corresponding to the target (batch_size, a, b, c, d, precision, VSIZE) = (4096, 64, 2, 2, 32, half, 4) in the .best file, nor could we fin"
group1,2,2,4096,4096,128,16,1,0.053585,,"ERROR: Could not find hyperparameters for the kernel instance corresponding to the target (batch_size, a, b, c, d, precision, VSIZE) = (1, 128, 2, 2, 16, half, 4) in the .best file, nor could we find "
group1,2,2,4096,4096,128,16,2,0.081570,,"ERROR: Could not find hyperparameters for the kernel instance corresponding to the target (batch_size, a, b, c, d, precision, VSIZE) = (2, 128, 2, 2, 16, half, 4) in the .best file, nor could we find "
group1,2,2,4096,4096,128,16,4,0.082307,,"ERROR: Could not find hyperparameters for the kernel instance corresponding to the target (batch_size, a, b, c, d, precision, VSIZE) = (4, 128, 2, 2, 16, half, 4) in the .best file, nor could we find "
group1,2,2,4096,4096,128,16,8,0.082261,,"ERROR: Could not find hyperparameters for the kernel instance corresponding to the target (batch_size, a, b, c, d, precision, VSIZE) = (8, 128, 2, 2, 16, half, 4) in the .best file, nor could we find "
group1,2,2,4096,4096,128,16,16,0.085360,,"ERROR: Could not find hyperparameters for the kernel instance corresponding to the target (batch_size, a, b, c, d, precision, VSIZE) = (16, 128, 2, 2, 16, half, 4) in the .best file, nor could we find"
group1,2,2,4096,4096,128,16,32,0.082321,,"ERROR: Could not find hyperparameters for the kernel instance corresponding to the target (batch_size, a, b, c, d, precision, VSIZE) = (32, 128, 2, 2, 16, half, 4) in the .best file, nor could we find"
group1,2,2,4096,4096,128,16,64,0.084473,,"ERROR: Could not find hyperparameters for the kernel instance corresponding to the target (batch_size, a, b, c, d, precision, VSIZE) = (64, 128, 2, 2, 16, half, 4) in the .best file, nor could we find"
group1,2,2,4096,4096,128,16,128,0.100665,,"ERROR: Could not find hyperparameters for the kernel instance corresponding to the target (batch_size, a, b, c, d, precision, VSIZE) = (128, 128, 2, 2, 16, half, 4) in the .best file, nor could we fin"
group1,2,2,4096,4096,128,16,256,0.084969,,"ERROR: Could not find hyperparameters for the kernel instance corresponding to the target (batch_size, a, b, c, d, precision, VSIZE) = (256, 128, 2, 2, 16, half, 4) in the .best file, nor could we fin"
group1,2,2,4096,4096,128,16,512,0.085075,,"ERROR: Could not find hyperparameters for the kernel instance corresponding to the target (batch_size, a, b, c, d, precision, VSIZE) = (512, 128, 2, 2, 16, half, 4) in the .best file, nor could we fin"
group1,2,2,4096,4096,128,16,1024,0.159276,,"ERROR: Could not find hyperparameters for the kernel instance corresponding to the target (batch_size, a, b, c, d, precision, VSIZE) = (1024, 128, 2, 2, 16, half, 4) in the .best file, nor could we fi"
group1,2,2,4096,4096,128,16,2048,0.311602,,"ERROR: Could not find hyperparameters for the kernel instance corresponding to the target (batch_size, a, b, c, d, precision, VSIZE) = (2048, 128, 2, 2, 16, half, 4) in the .best file, nor could we fi"
group1,2,2,4096,4096,128,16,4096,0.612584,,"ERROR: Could not find hyperparameters for the kernel instance corresponding to the target (batch_size, a, b, c, d, precision, VSIZE) = (4096, 128, 2, 2, 16, half, 4) in the .best file, nor could we fi"
group1,2,2,4096,4096,256,8,1,0.053342,,"ERROR: Could not find hyperparameters for the kernel instance corresponding to the target (batch_size, a, b, c, d, precision, VSIZE) = (1, 256, 2, 2, 8, half, 4) in the .best file, nor could we find d"
group1,2,2,4096,4096,256,8,2,0.085569,,"ERROR: Could not find hyperparameters for the kernel instance corresponding to the target (batch_size, a, b, c, d, precision, VSIZE) = (2, 256, 2, 2, 8, half, 4) in the .best file, nor could we find d"
group1,2,2,4096,4096,256,8,4,0.084989,,"ERROR: Could not find hyperparameters for the kernel instance corresponding to the target (batch_size, a, b, c, d, precision, VSIZE) = (4, 256, 2, 2, 8, half, 4) in the .best file, nor could we find d"
group1,2,2,4096,4096,256,8,8,0.084991,,"ERROR: Could not find hyperparameters for the kernel instance corresponding to the target (batch_size, a, b, c, d, precision, VSIZE) = (8, 256, 2, 2, 8, half, 4) in the .best file, nor could we find d"
group1,2,2,4096,4096,256,8,16,0.086513,,"ERROR: Could not find hyperparameters for the kernel instance corresponding to the target (batch_size, a, b, c, d, precision, VSIZE) = (16, 256, 2, 2, 8, half, 4) in the .best file, nor could we find "
group1,2,2,4096,4096,256,8,32,0.099582,,"ERROR: Could not find hyperparameters for the kernel instance corresponding to the target (batch_size, a, b, c, d, precision, VSIZE) = (32, 256, 2, 2, 8, half, 4) in the .best file, nor could we find "
group1,2,2,4096,4096,256,8,64,0.084474,,"ERROR: Could not find hyperparameters for the kernel instance corresponding to the target (batch_size, a, b, c, d, precision, VSIZE) = (64, 256, 2, 2, 8, half, 4) in the .best file, nor could we find "
group1,2,2,4096,4096,256,8,128,0.085239,,"ERROR: Could not find hyperparameters for the kernel instance corresponding to the target (batch_size, a, b, c, d, precision, VSIZE) = (128, 256, 2, 2, 8, half, 4) in the .best file, nor could we find"
group1,2,2,4096,4096,256,8,256,0.086118,,"ERROR: Could not find hyperparameters for the kernel instance corresponding to the target (batch_size, a, b, c, d, precision, VSIZE) = (256, 256, 2, 2, 8, half, 4) in the .best file, nor could we find"
group1,2,2,4096,4096,256,8,512,0.085179,,"ERROR: Could not find hyperparameters for the kernel instance corresponding to the target (batch_size, a, b, c, d, precision, VSIZE) = (512, 256, 2, 2, 8, half, 4) in the .best file, nor could we find"
group1,2,2,4096,4096,256,8,1024,0.159770,,"ERROR: Could not find hyperparameters for the kernel instance corresponding to the target (batch_size, a, b, c, d, precision, VSIZE) = (1024, 256, 2, 2, 8, half, 4) in the .best file, nor could we fin"
group1,2,2,4096,4096,256,8,2048,0.311248,,"ERROR: Could not find hyperparameters for the kernel instance corresponding to the target (batch_size, a, b, c, d, precision, VSIZE) = (2048, 256, 2, 2, 8, half, 4) in the .best file, nor could we fin"
group1,2,2,4096,4096,256,8,4096,0.611868,,"ERROR: Could not find hyperparameters for the kernel instance corresponding to the target (batch_size, a, b, c, d, precision, VSIZE) = (4096, 256, 2, 2, 8, half, 4) in the .best file, nor could we fin"
group1,2,2,4096,4096,512,4,1,0.052497,,"ERROR: Could not find hyperparameters for the kernel instance corresponding to the target (batch_size, a, b, c, d, precision, VSIZE) = (1, 512, 2, 2, 4, half, 4) in the .best file, nor could we find d"
group1,2,2,4096,4096,512,4,2,0.084496,,"ERROR: Could not find hyperparameters for the kernel instance corresponding to the target (batch_size, a, b, c, d, precision, VSIZE) = (2, 512, 2, 2, 4, half, 4) in the .best file, nor could we find d"
group1,2,2,4096,4096,512,4,4,0.083601,,"ERROR: Could not find hyperparameters for the kernel instance corresponding to the target (batch_size, a, b, c, d, precision, VSIZE) = (4, 512, 2, 2, 4, half, 4) in the .best file, nor could we find d"
group1,2,2,4096,4096,512,4,8,0.084916,,"ERROR: Could not find hyperparameters for the kernel instance corresponding to the target (batch_size, a, b, c, d, precision, VSIZE) = (8, 512, 2, 2, 4, half, 4) in the .best file, nor could we find d"
group1,2,2,4096,4096,512,4,16,0.082162,,"ERROR: Could not find hyperparameters for the kernel instance corresponding to the target (batch_size, a, b, c, d, precision, VSIZE) = (16, 512, 2, 2, 4, half, 4) in the .best file, nor could we find "
group1,2,2,4096,4096,512,4,32,0.084336,,"ERROR: Could not find hyperparameters for the kernel instance corresponding to the target (batch_size, a, b, c, d, precision, VSIZE) = (32, 512, 2, 2, 4, half, 4) in the .best file, nor could we find "
group1,2,2,4096,4096,512,4,64,0.085413,,"ERROR: Could not find hyperparameters for the kernel instance corresponding to the target (batch_size, a, b, c, d, precision, VSIZE) = (64, 512, 2, 2, 4, half, 4) in the .best file, nor could we find "
group1,2,2,4096,4096,512,4,128,0.085516,,"ERROR: Could not find hyperparameters for the kernel instance corresponding to the target (batch_size, a, b, c, d, precision, VSIZE) = (128, 512, 2, 2, 4, half, 4) in the .best file, nor could we find"
group1,2,2,4096,4096,512,4,256,0.084803,,"ERROR: Could not find hyperparameters for the kernel instance corresponding to the target (batch_size, a, b, c, d, precision, VSIZE) = (256, 512, 2, 2, 4, half, 4) in the .best file, nor could we find"
group1,2,2,4096,4096,512,4,512,0.084782,,"ERROR: Could not find hyperparameters for the kernel instance corresponding to the target (batch_size, a, b, c, d, precision, VSIZE) = (512, 512, 2, 2, 4, half, 4) in the .best file, nor could we find"
group1,2,2,4096,4096,512,4,1024,0.159568,,"ERROR: Could not find hyperparameters for the kernel instance corresponding to the target (batch_size, a, b, c, d, precision, VSIZE) = (1024, 512, 2, 2, 4, half, 4) in the .best file, nor could we fin"
group1,2,2,4096,4096,512,4,2048,0.311532,,"ERROR: Could not find hyperparameters for the kernel instance corresponding to the target (batch_size, a, b, c, d, precision, VSIZE) = (2048, 512, 2, 2, 4, half, 4) in the .best file, nor could we fin"
group1,2,2,4096,4096,512,4,4096,0.612179,,"ERROR: Could not find hyperparameters for the kernel instance corresponding to the target (batch_size, a, b, c, d, precision, VSIZE) = (4096, 512, 2, 2, 4, half, 4) in the .best file, nor could we fin"
group1,2,2,4096,4096,1024,2,1,0.053107,,"ERROR: Could not find hyperparameters for the kernel instance corresponding to the target (batch_size, a, b, c, d, precision, VSIZE) = (1, 1024, 2, 2, 2, half, 4) in the .best file, nor could we find "
group1,2,2,4096,4096,1024,2,2,0.083114,,"ERROR: Could not find hyperparameters for the kernel instance corresponding to the target (batch_size, a, b, c, d, precision, VSIZE) = (2, 1024, 2, 2, 2, half, 4) in the .best file, nor could we find "
group1,2,2,4096,4096,1024,2,4,0.082447,,"ERROR: Could not find hyperparameters for the kernel instance corresponding to the target (batch_size, a, b, c, d, precision, VSIZE) = (4, 1024, 2, 2, 2, half, 4) in the .best file, nor could we find "
group1,2,2,4096,4096,1024,2,8,0.082066,,"ERROR: Could not find hyperparameters for the kernel instance corresponding to the target (batch_size, a, b, c, d, precision, VSIZE) = (8, 1024, 2, 2, 2, half, 4) in the .best file, nor could we find "
group1,2,2,4096,4096,1024,2,16,0.085807,,"ERROR: Could not find hyperparameters for the kernel instance corresponding to the target (batch_size, a, b, c, d, precision, VSIZE) = (16, 1024, 2, 2, 2, half, 4) in the .best file, nor could we find"
group1,2,2,4096,4096,1024,2,32,0.082285,,"ERROR: Could not find hyperparameters for the kernel instance corresponding to the target (batch_size, a, b, c, d, precision, VSIZE) = (32, 1024, 2, 2, 2, half, 4) in the .best file, nor could we find"
group1,2,2,4096,4096,1024,2,64,0.082359,,"ERROR: Could not find hyperparameters for the kernel instance corresponding to the target (batch_size, a, b, c, d, precision, VSIZE) = (64, 1024, 2, 2, 2, half, 4) in the .best file, nor could we find"
group1,2,2,4096,4096,1024,2,128,0.083840,,"ERROR: Could not find hyperparameters for the kernel instance corresponding to the target (batch_size, a, b, c, d, precision, VSIZE) = (128, 1024, 2, 2, 2, half, 4) in the .best file, nor could we fin"
group1,2,2,4096,4096,1024,2,256,0.085118,,"ERROR: Could not find hyperparameters for the kernel instance corresponding to the target (batch_size, a, b, c, d, precision, VSIZE) = (256, 1024, 2, 2, 2, half, 4) in the .best file, nor could we fin"
group1,2,2,4096,4096,1024,2,512,0.085610,,"ERROR: Could not find hyperparameters for the kernel instance corresponding to the target (batch_size, a, b, c, d, precision, VSIZE) = (512, 1024, 2, 2, 2, half, 4) in the .best file, nor could we fin"
group1,2,2,4096,4096,1024,2,1024,0.159425,,"ERROR: Could not find hyperparameters for the kernel instance corresponding to the target (batch_size, a, b, c, d, precision, VSIZE) = (1024, 1024, 2, 2, 2, half, 4) in the .best file, nor could we fi"
group1,2,2,4096,4096,1024,2,2048,0.313043,,"ERROR: Could not find hyperparameters for the kernel instance corresponding to the target (batch_size, a, b, c, d, precision, VSIZE) = (2048, 1024, 2, 2, 2, half, 4) in the .best file, nor could we fi"
group1,2,2,4096,4096,1024,2,4096,0.612164,,"ERROR: Could not find hyperparameters for the kernel instance corresponding to the target (batch_size, a, b, c, d, precision, VSIZE) = (4096, 1024, 2, 2, 2, half, 4) in the .best file, nor could we fi"
group1,2,2,4096,4096,2048,1,1,0.063105,,"ERROR: Could not find hyperparameters for the kernel instance corresponding to the target (batch_size, a, b, c, d, precision, VSIZE) = (1, 2048, 2, 2, 1, half, 4) in the .best file, nor could we find "
group1,2,2,4096,4096,2048,1,2,0.085190,,"ERROR: Could not find hyperparameters for the kernel instance corresponding to the target (batch_size, a, b, c, d, precision, VSIZE) = (2, 2048, 2, 2, 1, half, 4) in the .best file, nor could we find "
group1,2,2,4096,4096,2048,1,4,0.084373,,"ERROR: Could not find hyperparameters for the kernel instance corresponding to the target (batch_size, a, b, c, d, precision, VSIZE) = (4, 2048, 2, 2, 1, half, 4) in the .best file, nor could we find "
group1,2,2,4096,4096,2048,1,8,0.082612,,"ERROR: Could not find hyperparameters for the kernel instance corresponding to the target (batch_size, a, b, c, d, precision, VSIZE) = (8, 2048, 2, 2, 1, half, 4) in the .best file, nor could we find "
group1,2,2,4096,4096,2048,1,16,0.083728,,"ERROR: Could not find hyperparameters for the kernel instance corresponding to the target (batch_size, a, b, c, d, precision, VSIZE) = (16, 2048, 2, 2, 1, half, 4) in the .best file, nor could we find"
group1,2,2,4096,4096,2048,1,32,0.084026,,"ERROR: Could not find hyperparameters for the kernel instance corresponding to the target (batch_size, a, b, c, d, precision, VSIZE) = (32, 2048, 2, 2, 1, half, 4) in the .best file, nor could we find"
group1,2,2,4096,4096,2048,1,64,0.102289,,"ERROR: Could not find hyperparameters for the kernel instance corresponding to the target (batch_size, a, b, c, d, precision, VSIZE) = (64, 2048, 2, 2, 1, half, 4) in the .best file, nor could we find"
group1,2,2,4096,4096,2048,1,128,0.083568,,"ERROR: Could not find hyperparameters for the kernel instance corresponding to the target (batch_size, a, b, c, d, precision, VSIZE) = (128, 2048, 2, 2, 1, half, 4) in the .best file, nor could we fin"
group1,2,2,4096,4096,2048,1,256,0.085773,,"ERROR: Could not find hyperparameters for the kernel instance corresponding to the target (batch_size, a, b, c, d, precision, VSIZE) = (256, 2048, 2, 2, 1, half, 4) in the .best file, nor could we fin"
group1,2,2,4096,4096,2048,1,512,0.085838,,"ERROR: Could not find hyperparameters for the kernel instance corresponding to the target (batch_size, a, b, c, d, precision, VSIZE) = (512, 2048, 2, 2, 1, half, 4) in the .best file, nor could we fin"
group1,2,2,4096,4096,2048,1,1024,0.157782,,"ERROR: Could not find hyperparameters for the kernel instance corresponding to the target (batch_size, a, b, c, d, precision, VSIZE) = (1024, 2048, 2, 2, 1, half, 4) in the .best file, nor could we fi"
group1,2,2,4096,4096,2048,1,2048,0.309264,,"ERROR: Could not find hyperparameters for the kernel instance corresponding to the target (batch_size, a, b, c, d, precision, VSIZE) = (2048, 2048, 2, 2, 1, half, 4) in the .best file, nor could we fi"
group1,2,2,4096,4096,2048,1,4096,0.605471,,"ERROR: Could not find hyperparameters for the kernel instance corresponding to the target (batch_size, a, b, c, d, precision, VSIZE) = (4096, 2048, 2, 2, 1, half, 4) in the .best file, nor could we fi"
group1,2,4,512,1024,1,256,1,0.052631,,"ERROR: Could not find hyperparameters for the kernel instance corresponding to the target (batch_size, a, b, c, d, precision, VSIZE) = (1, 1, 2, 4, 256, half, 4) in the .best file, nor could we find d"
group1,2,4,512,1024,1,256,2,0.082731,,"ERROR: Could not find hyperparameters for the kernel instance corresponding to the target (batch_size, a, b, c, d, precision, VSIZE) = (2, 1, 2, 4, 256, half, 4) in the .best file, nor could we find d"
group1,2,4,512,1024,1,256,4,0.081143,,"ERROR: Could not find hyperparameters for the kernel instance corresponding to the target (batch_size, a, b, c, d, precision, VSIZE) = (4, 1, 2, 4, 256, half, 4) in the .best file, nor could we find d"
group1,2,4,512,1024,1,256,8,0.082009,,"ERROR: Could not find hyperparameters for the kernel instance corresponding to the target (batch_size, a, b, c, d, precision, VSIZE) = (8, 1, 2, 4, 256, half, 4) in the .best file, nor could we find d"
group1,2,4,512,1024,1,256,16,0.083067,,"ERROR: Could not find hyperparameters for the kernel instance corresponding to the target (batch_size, a, b, c, d, precision, VSIZE) = (16, 1, 2, 4, 256, half, 4) in the .best file, nor could we find "
group1,2,4,512,1024,1,256,32,0.081852,,"ERROR: Could not find hyperparameters for the kernel instance corresponding to the target (batch_size, a, b, c, d, precision, VSIZE) = (32, 1, 2, 4, 256, half, 4) in the .best file, nor could we find "
group1,2,4,512,1024,1,256,64,0.099519,,"ERROR: Could not find hyperparameters for the kernel instance corresponding to the target (batch_size, a, b, c, d, precision, VSIZE) = (64, 1, 2, 4, 256, half, 4) in the .best file, nor could we find "
group1,2,4,512,1024,1,256,128,0.081811,,"ERROR: Could not find hyperparameters for the kernel instance corresponding to the target (batch_size, a, b, c, d, precision, VSIZE) = (128, 1, 2, 4, 256, half, 4) in the .best file, nor could we find"
group1,2,4,512,1024,1,256,256,0.080784,,"ERROR: Could not find hyperparameters for the kernel instance corresponding to the target (batch_size, a, b, c, d, precision, VSIZE) = (256, 1, 2, 4, 256, half, 4) in the .best file, nor could we find"
group1,2,4,512,1024,1,256,512,0.082977,,"ERROR: Could not find hyperparameters for the kernel instance corresponding to the target (batch_size, a, b, c, d, precision, VSIZE) = (512, 1, 2, 4, 256, half, 4) in the .best file, nor could we find"
group1,2,4,512,1024,1,256,1024,0.101350,,"ERROR: Could not find hyperparameters for the kernel instance corresponding to the target (batch_size, a, b, c, d, precision, VSIZE) = (1024, 1, 2, 4, 256, half, 4) in the .best file, nor could we fin"
group1,2,4,512,1024,1,256,2048,0.083717,,"ERROR: Could not find hyperparameters for the kernel instance corresponding to the target (batch_size, a, b, c, d, precision, VSIZE) = (2048, 1, 2, 4, 256, half, 4) in the .best file, nor could we fin"
group1,2,4,512,1024,1,256,4096,0.106662,,"ERROR: Could not find hyperparameters for the kernel instance corresponding to the target (batch_size, a, b, c, d, precision, VSIZE) = (4096, 1, 2, 4, 256, half, 4) in the .best file, nor could we fin"
group1,2,4,512,1024,2,128,1,0.054374,,"ERROR: Could not find hyperparameters for the kernel instance corresponding to the target (batch_size, a, b, c, d, precision, VSIZE) = (1, 2, 2, 4, 128, half, 4) in the .best file, nor could we find d"
group1,2,4,512,1024,2,128,2,0.085319,,"ERROR: Could not find hyperparameters for the kernel instance corresponding to the target (batch_size, a, b, c, d, precision, VSIZE) = (2, 2, 2, 4, 128, half, 4) in the .best file, nor could we find d"
group1,2,4,512,1024,2,128,4,0.082328,,"ERROR: Could not find hyperparameters for the kernel instance corresponding to the target (batch_size, a, b, c, d, precision, VSIZE) = (4, 2, 2, 4, 128, half, 4) in the .best file, nor could we find d"
group1,2,4,512,1024,2,128,8,0.099731,,"ERROR: Could not find hyperparameters for the kernel instance corresponding to the target (batch_size, a, b, c, d, precision, VSIZE) = (8, 2, 2, 4, 128, half, 4) in the .best file, nor could we find d"
group1,2,4,512,1024,2,128,16,0.085403,,"ERROR: Could not find hyperparameters for the kernel instance corresponding to the target (batch_size, a, b, c, d, precision, VSIZE) = (16, 2, 2, 4, 128, half, 4) in the .best file, nor could we find "
group1,2,4,512,1024,2,128,32,0.084808,,"ERROR: Could not find hyperparameters for the kernel instance corresponding to the target (batch_size, a, b, c, d, precision, VSIZE) = (32, 2, 2, 4, 128, half, 4) in the .best file, nor could we find "
group1,2,4,512,1024,2,128,64,0.081368,,"ERROR: Could not find hyperparameters for the kernel instance corresponding to the target (batch_size, a, b, c, d, precision, VSIZE) = (64, 2, 2, 4, 128, half, 4) in the .best file, nor could we find "
group1,2,4,512,1024,2,128,128,0.082386,,"ERROR: Could not find hyperparameters for the kernel instance corresponding to the target (batch_size, a, b, c, d, precision, VSIZE) = (128, 2, 2, 4, 128, half, 4) in the .best file, nor could we find"
group1,2,4,512,1024,2,128,256,0.099980,,"ERROR: Could not find hyperparameters for the kernel instance corresponding to the target (batch_size, a, b, c, d, precision, VSIZE) = (256, 2, 2, 4, 128, half, 4) in the .best file, nor could we find"
group1,2,4,512,1024,2,128,512,0.085253,,"ERROR: Could not find hyperparameters for the kernel instance corresponding to the target (batch_size, a, b, c, d, precision, VSIZE) = (512, 2, 2, 4, 128, half, 4) in the .best file, nor could we find"
group1,2,4,512,1024,2,128,1024,0.083667,,"ERROR: Could not find hyperparameters for the kernel instance corresponding to the target (batch_size, a, b, c, d, precision, VSIZE) = (1024, 2, 2, 4, 128, half, 4) in the .best file, nor could we fin"
group1,2,4,512,1024,2,128,2048,0.100031,,"ERROR: Could not find hyperparameters for the kernel instance corresponding to the target (batch_size, a, b, c, d, precision, VSIZE) = (2048, 2, 2, 4, 128, half, 4) in the .best file, nor could we fin"
group1,2,4,512,1024,2,128,4096,0.106924,,"ERROR: Could not find hyperparameters for the kernel instance corresponding to the target (batch_size, a, b, c, d, precision, VSIZE) = (4096, 2, 2, 4, 128, half, 4) in the .best file, nor could we fin"
group1,2,4,512,1024,4,64,1,0.052166,,"ERROR: Could not find hyperparameters for the kernel instance corresponding to the target (batch_size, a, b, c, d, precision, VSIZE) = (1, 4, 2, 4, 64, half, 4) in the .best file, nor could we find de"
group1,2,4,512,1024,4,64,2,0.086262,,"ERROR: Could not find hyperparameters for the kernel instance corresponding to the target (batch_size, a, b, c, d, precision, VSIZE) = (2, 4, 2, 4, 64, half, 4) in the .best file, nor could we find de"
group1,2,4,512,1024,4,64,4,0.085322,,"ERROR: Could not find hyperparameters for the kernel instance corresponding to the target (batch_size, a, b, c, d, precision, VSIZE) = (4, 4, 2, 4, 64, half, 4) in the .best file, nor could we find de"
group1,2,4,512,1024,4,64,8,0.084578,,"ERROR: Could not find hyperparameters for the kernel instance corresponding to the target (batch_size, a, b, c, d, precision, VSIZE) = (8, 4, 2, 4, 64, half, 4) in the .best file, nor could we find de"
group1,2,4,512,1024,4,64,16,0.082128,,"ERROR: Could not find hyperparameters for the kernel instance corresponding to the target (batch_size, a, b, c, d, precision, VSIZE) = (16, 4, 2, 4, 64, half, 4) in the .best file, nor could we find d"
group1,2,4,512,1024,4,64,32,0.085274,,"ERROR: Could not find hyperparameters for the kernel instance corresponding to the target (batch_size, a, b, c, d, precision, VSIZE) = (32, 4, 2, 4, 64, half, 4) in the .best file, nor could we find d"
group1,2,4,512,1024,4,64,64,0.084047,,"ERROR: Could not find hyperparameters for the kernel instance corresponding to the target (batch_size, a, b, c, d, precision, VSIZE) = (64, 4, 2, 4, 64, half, 4) in the .best file, nor could we find d"
group1,2,4,512,1024,4,64,128,0.080912,,"ERROR: Could not find hyperparameters for the kernel instance corresponding to the target (batch_size, a, b, c, d, precision, VSIZE) = (128, 4, 2, 4, 64, half, 4) in the .best file, nor could we find "
group1,2,4,512,1024,4,64,256,0.082433,,"ERROR: Could not find hyperparameters for the kernel instance corresponding to the target (batch_size, a, b, c, d, precision, VSIZE) = (256, 4, 2, 4, 64, half, 4) in the .best file, nor could we find "
group1,2,4,512,1024,4,64,512,0.083838,,"ERROR: Could not find hyperparameters for the kernel instance corresponding to the target (batch_size, a, b, c, d, precision, VSIZE) = (512, 4, 2, 4, 64, half, 4) in the .best file, nor could we find "
group1,2,4,512,1024,4,64,1024,0.084172,,"ERROR: Could not find hyperparameters for the kernel instance corresponding to the target (batch_size, a, b, c, d, precision, VSIZE) = (1024, 4, 2, 4, 64, half, 4) in the .best file, nor could we find"
group1,2,4,512,1024,4,64,2048,0.084739,,"ERROR: Could not find hyperparameters for the kernel instance corresponding to the target (batch_size, a, b, c, d, precision, VSIZE) = (2048, 4, 2, 4, 64, half, 4) in the .best file, nor could we find"
group1,2,4,512,1024,4,64,4096,0.106492,,"ERROR: Could not find hyperparameters for the kernel instance corresponding to the target (batch_size, a, b, c, d, precision, VSIZE) = (4096, 4, 2, 4, 64, half, 4) in the .best file, nor could we find"
group1,2,4,512,1024,8,32,1,0.053619,,"ERROR: Could not find hyperparameters for the kernel instance corresponding to the target (batch_size, a, b, c, d, precision, VSIZE) = (1, 8, 2, 4, 32, half, 4) in the .best file, nor could we find de"
group1,2,4,512,1024,8,32,2,0.082964,,"ERROR: Could not find hyperparameters for the kernel instance corresponding to the target (batch_size, a, b, c, d, precision, VSIZE) = (2, 8, 2, 4, 32, half, 4) in the .best file, nor could we find de"
group1,2,4,512,1024,8,32,4,0.085212,,"ERROR: Could not find hyperparameters for the kernel instance corresponding to the target (batch_size, a, b, c, d, precision, VSIZE) = (4, 8, 2, 4, 32, half, 4) in the .best file, nor could we find de"
group1,2,4,512,1024,8,32,8,0.082140,,"ERROR: Could not find hyperparameters for the kernel instance corresponding to the target (batch_size, a, b, c, d, precision, VSIZE) = (8, 8, 2, 4, 32, half, 4) in the .best file, nor could we find de"
group1,2,4,512,1024,8,32,16,0.084903,,"ERROR: Could not find hyperparameters for the kernel instance corresponding to the target (batch_size, a, b, c, d, precision, VSIZE) = (16, 8, 2, 4, 32, half, 4) in the .best file, nor could we find d"
group1,2,4,512,1024,8,32,32,0.082029,,"ERROR: Could not find hyperparameters for the kernel instance corresponding to the target (batch_size, a, b, c, d, precision, VSIZE) = (32, 8, 2, 4, 32, half, 4) in the .best file, nor could we find d"
group1,2,4,512,1024,8,32,64,0.099449,,"ERROR: Could not find hyperparameters for the kernel instance corresponding to the target (batch_size, a, b, c, d, precision, VSIZE) = (64, 8, 2, 4, 32, half, 4) in the .best file, nor could we find d"
group1,2,4,512,1024,8,32,128,0.084775,,"ERROR: Could not find hyperparameters for the kernel instance corresponding to the target (batch_size, a, b, c, d, precision, VSIZE) = (128, 8, 2, 4, 32, half, 4) in the .best file, nor could we find "
group1,2,4,512,1024,8,32,256,0.082050,,"ERROR: Could not find hyperparameters for the kernel instance corresponding to the target (batch_size, a, b, c, d, precision, VSIZE) = (256, 8, 2, 4, 32, half, 4) in the .best file, nor could we find "
group1,2,4,512,1024,8,32,512,0.082799,,"ERROR: Could not find hyperparameters for the kernel instance corresponding to the target (batch_size, a, b, c, d, precision, VSIZE) = (512, 8, 2, 4, 32, half, 4) in the .best file, nor could we find "
group1,2,4,512,1024,8,32,1024,0.083684,,"ERROR: Could not find hyperparameters for the kernel instance corresponding to the target (batch_size, a, b, c, d, precision, VSIZE) = (1024, 8, 2, 4, 32, half, 4) in the .best file, nor could we find"
group1,2,4,512,1024,8,32,2048,0.086239,,"ERROR: Could not find hyperparameters for the kernel instance corresponding to the target (batch_size, a, b, c, d, precision, VSIZE) = (2048, 8, 2, 4, 32, half, 4) in the .best file, nor could we find"
group1,2,4,512,1024,8,32,4096,0.106710,,"ERROR: Could not find hyperparameters for the kernel instance corresponding to the target (batch_size, a, b, c, d, precision, VSIZE) = (4096, 8, 2, 4, 32, half, 4) in the .best file, nor could we find"
group1,2,4,512,1024,16,16,1,0.052419,,"ERROR: Could not find hyperparameters for the kernel instance corresponding to the target (batch_size, a, b, c, d, precision, VSIZE) = (1, 16, 2, 4, 16, half, 4) in the .best file, nor could we find d"
group1,2,4,512,1024,16,16,2,0.082347,,"ERROR: Could not find hyperparameters for the kernel instance corresponding to the target (batch_size, a, b, c, d, precision, VSIZE) = (2, 16, 2, 4, 16, half, 4) in the .best file, nor could we find d"
group1,2,4,512,1024,16,16,4,0.081447,,"ERROR: Could not find hyperparameters for the kernel instance corresponding to the target (batch_size, a, b, c, d, precision, VSIZE) = (4, 16, 2, 4, 16, half, 4) in the .best file, nor could we find d"
group1,2,4,512,1024,16,16,8,0.082539,,"ERROR: Could not find hyperparameters for the kernel instance corresponding to the target (batch_size, a, b, c, d, precision, VSIZE) = (8, 16, 2, 4, 16, half, 4) in the .best file, nor could we find d"
group1,2,4,512,1024,16,16,16,0.084287,,"ERROR: Could not find hyperparameters for the kernel instance corresponding to the target (batch_size, a, b, c, d, precision, VSIZE) = (16, 16, 2, 4, 16, half, 4) in the .best file, nor could we find "
group1,2,4,512,1024,16,16,32,0.081886,,"ERROR: Could not find hyperparameters for the kernel instance corresponding to the target (batch_size, a, b, c, d, precision, VSIZE) = (32, 16, 2, 4, 16, half, 4) in the .best file, nor could we find "
group1,2,4,512,1024,16,16,64,0.083357,,"ERROR: Could not find hyperparameters for the kernel instance corresponding to the target (batch_size, a, b, c, d, precision, VSIZE) = (64, 16, 2, 4, 16, half, 4) in the .best file, nor could we find "
group1,2,4,512,1024,16,16,128,0.081856,,"ERROR: Could not find hyperparameters for the kernel instance corresponding to the target (batch_size, a, b, c, d, precision, VSIZE) = (128, 16, 2, 4, 16, half, 4) in the .best file, nor could we find"
group1,2,4,512,1024,16,16,256,0.082814,,"ERROR: Could not find hyperparameters for the kernel instance corresponding to the target (batch_size, a, b, c, d, precision, VSIZE) = (256, 16, 2, 4, 16, half, 4) in the .best file, nor could we find"
group1,2,4,512,1024,16,16,512,0.082039,,"ERROR: Could not find hyperparameters for the kernel instance corresponding to the target (batch_size, a, b, c, d, precision, VSIZE) = (512, 16, 2, 4, 16, half, 4) in the .best file, nor could we find"
group1,2,4,512,1024,16,16,1024,0.081811,,"ERROR: Could not find hyperparameters for the kernel instance corresponding to the target (batch_size, a, b, c, d, precision, VSIZE) = (1024, 16, 2, 4, 16, half, 4) in the .best file, nor could we fin"
group1,2,4,512,1024,16,16,2048,0.086959,,"ERROR: Could not find hyperparameters for the kernel instance corresponding to the target (batch_size, a, b, c, d, precision, VSIZE) = (2048, 16, 2, 4, 16, half, 4) in the .best file, nor could we fin"
group1,2,4,512,1024,16,16,4096,0.107356,,"ERROR: Could not find hyperparameters for the kernel instance corresponding to the target (batch_size, a, b, c, d, precision, VSIZE) = (4096, 16, 2, 4, 16, half, 4) in the .best file, nor could we fin"
group1,2,4,512,1024,32,8,1,0.062480,,"ERROR: Could not find hyperparameters for the kernel instance corresponding to the target (batch_size, a, b, c, d, precision, VSIZE) = (1, 32, 2, 4, 8, half, 4) in the .best file, nor could we find de"
group1,2,4,512,1024,32,8,2,0.085113,,"ERROR: Could not find hyperparameters for the kernel instance corresponding to the target (batch_size, a, b, c, d, precision, VSIZE) = (2, 32, 2, 4, 8, half, 4) in the .best file, nor could we find de"
group1,2,4,512,1024,32,8,4,0.084359,,"ERROR: Could not find hyperparameters for the kernel instance corresponding to the target (batch_size, a, b, c, d, precision, VSIZE) = (4, 32, 2, 4, 8, half, 4) in the .best file, nor could we find de"
group1,2,4,512,1024,32,8,8,0.085467,,"ERROR: Could not find hyperparameters for the kernel instance corresponding to the target (batch_size, a, b, c, d, precision, VSIZE) = (8, 32, 2, 4, 8, half, 4) in the .best file, nor could we find de"
group1,2,4,512,1024,32,8,16,0.083269,,"ERROR: Could not find hyperparameters for the kernel instance corresponding to the target (batch_size, a, b, c, d, precision, VSIZE) = (16, 32, 2, 4, 8, half, 4) in the .best file, nor could we find d"
group1,2,4,512,1024,32,8,32,0.101777,,"ERROR: Could not find hyperparameters for the kernel instance corresponding to the target (batch_size, a, b, c, d, precision, VSIZE) = (32, 32, 2, 4, 8, half, 4) in the .best file, nor could we find d"
group1,2,4,512,1024,32,8,64,0.082288,,"ERROR: Could not find hyperparameters for the kernel instance corresponding to the target (batch_size, a, b, c, d, precision, VSIZE) = (64, 32, 2, 4, 8, half, 4) in the .best file, nor could we find d"
group1,2,4,512,1024,32,8,128,0.081979,,"ERROR: Could not find hyperparameters for the kernel instance corresponding to the target (batch_size, a, b, c, d, precision, VSIZE) = (128, 32, 2, 4, 8, half, 4) in the .best file, nor could we find "
group1,2,4,512,1024,32,8,256,0.080572,,"ERROR: Could not find hyperparameters for the kernel instance corresponding to the target (batch_size, a, b, c, d, precision, VSIZE) = (256, 32, 2, 4, 8, half, 4) in the .best file, nor could we find "
group1,2,4,512,1024,32,8,512,0.102353,,"ERROR: Could not find hyperparameters for the kernel instance corresponding to the target (batch_size, a, b, c, d, precision, VSIZE) = (512, 32, 2, 4, 8, half, 4) in the .best file, nor could we find "
group1,2,4,512,1024,32,8,1024,0.083965,,"ERROR: Could not find hyperparameters for the kernel instance corresponding to the target (batch_size, a, b, c, d, precision, VSIZE) = (1024, 32, 2, 4, 8, half, 4) in the .best file, nor could we find"
group1,2,4,512,1024,32,8,2048,0.084856,,"ERROR: Could not find hyperparameters for the kernel instance corresponding to the target (batch_size, a, b, c, d, precision, VSIZE) = (2048, 32, 2, 4, 8, half, 4) in the .best file, nor could we find"
group1,2,4,512,1024,32,8,4096,0.107264,,"ERROR: Could not find hyperparameters for the kernel instance corresponding to the target (batch_size, a, b, c, d, precision, VSIZE) = (4096, 32, 2, 4, 8, half, 4) in the .best file, nor could we find"
group1,2,4,512,1024,64,4,1,0.052325,,"ERROR: Could not find hyperparameters for the kernel instance corresponding to the target (batch_size, a, b, c, d, precision, VSIZE) = (1, 64, 2, 4, 4, half, 4) in the .best file, nor could we find de"
group1,2,4,512,1024,64,4,2,0.081503,,"ERROR: Could not find hyperparameters for the kernel instance corresponding to the target (batch_size, a, b, c, d, precision, VSIZE) = (2, 64, 2, 4, 4, half, 4) in the .best file, nor could we find de"
group1,2,4,512,1024,64,4,4,0.081969,,"ERROR: Could not find hyperparameters for the kernel instance corresponding to the target (batch_size, a, b, c, d, precision, VSIZE) = (4, 64, 2, 4, 4, half, 4) in the .best file, nor could we find de"
group1,2,4,512,1024,64,4,8,0.085567,,"ERROR: Could not find hyperparameters for the kernel instance corresponding to the target (batch_size, a, b, c, d, precision, VSIZE) = (8, 64, 2, 4, 4, half, 4) in the .best file, nor could we find de"
group1,2,4,512,1024,64,4,16,0.085090,,"ERROR: Could not find hyperparameters for the kernel instance corresponding to the target (batch_size, a, b, c, d, precision, VSIZE) = (16, 64, 2, 4, 4, half, 4) in the .best file, nor could we find d"
group1,2,4,512,1024,64,4,32,0.084638,,"ERROR: Could not find hyperparameters for the kernel instance corresponding to the target (batch_size, a, b, c, d, precision, VSIZE) = (32, 64, 2, 4, 4, half, 4) in the .best file, nor could we find d"
group1,2,4,512,1024,64,4,64,0.082077,,"ERROR: Could not find hyperparameters for the kernel instance corresponding to the target (batch_size, a, b, c, d, precision, VSIZE) = (64, 64, 2, 4, 4, half, 4) in the .best file, nor could we find d"
group1,2,4,512,1024,64,4,128,0.084701,,"ERROR: Could not find hyperparameters for the kernel instance corresponding to the target (batch_size, a, b, c, d, precision, VSIZE) = (128, 64, 2, 4, 4, half, 4) in the .best file, nor could we find "
group1,2,4,512,1024,64,4,256,0.081983,,"ERROR: Could not find hyperparameters for the kernel instance corresponding to the target (batch_size, a, b, c, d, precision, VSIZE) = (256, 64, 2, 4, 4, half, 4) in the .best file, nor could we find "
group1,2,4,512,1024,64,4,512,0.102535,,"ERROR: Could not find hyperparameters for the kernel instance corresponding to the target (batch_size, a, b, c, d, precision, VSIZE) = (512, 64, 2, 4, 4, half, 4) in the .best file, nor could we find "
group1,2,4,512,1024,64,4,1024,0.100926,,"ERROR: Could not find hyperparameters for the kernel instance corresponding to the target (batch_size, a, b, c, d, precision, VSIZE) = (1024, 64, 2, 4, 4, half, 4) in the .best file, nor could we find"
group1,2,4,512,1024,64,4,2048,0.082337,,"ERROR: Could not find hyperparameters for the kernel instance corresponding to the target (batch_size, a, b, c, d, precision, VSIZE) = (2048, 64, 2, 4, 4, half, 4) in the .best file, nor could we find"
group1,2,4,512,1024,64,4,4096,0.106665,,"ERROR: Could not find hyperparameters for the kernel instance corresponding to the target (batch_size, a, b, c, d, precision, VSIZE) = (4096, 64, 2, 4, 4, half, 4) in the .best file, nor could we find"
group1,2,4,512,1024,128,2,1,0.052484,,"ERROR: Could not find hyperparameters for the kernel instance corresponding to the target (batch_size, a, b, c, d, precision, VSIZE) = (1, 128, 2, 4, 2, half, 4) in the .best file, nor could we find d"
group1,2,4,512,1024,128,2,2,0.102729,,"ERROR: Could not find hyperparameters for the kernel instance corresponding to the target (batch_size, a, b, c, d, precision, VSIZE) = (2, 128, 2, 4, 2, half, 4) in the .best file, nor could we find d"
group1,2,4,512,1024,128,2,4,0.083999,,"ERROR: Could not find hyperparameters for the kernel instance corresponding to the target (batch_size, a, b, c, d, precision, VSIZE) = (4, 128, 2, 4, 2, half, 4) in the .best file, nor could we find d"
group1,2,4,512,1024,128,2,8,0.082908,,"ERROR: Could not find hyperparameters for the kernel instance corresponding to the target (batch_size, a, b, c, d, precision, VSIZE) = (8, 128, 2, 4, 2, half, 4) in the .best file, nor could we find d"
group1,2,4,512,1024,128,2,16,0.082352,,"ERROR: Could not find hyperparameters for the kernel instance corresponding to the target (batch_size, a, b, c, d, precision, VSIZE) = (16, 128, 2, 4, 2, half, 4) in the .best file, nor could we find "
group1,2,4,512,1024,128,2,32,0.102528,,"ERROR: Could not find hyperparameters for the kernel instance corresponding to the target (batch_size, a, b, c, d, precision, VSIZE) = (32, 128, 2, 4, 2, half, 4) in the .best file, nor could we find "
group1,2,4,512,1024,128,2,64,0.082789,,"ERROR: Could not find hyperparameters for the kernel instance corresponding to the target (batch_size, a, b, c, d, precision, VSIZE) = (64, 128, 2, 4, 2, half, 4) in the .best file, nor could we find "
group1,2,4,512,1024,128,2,128,0.082387,,"ERROR: Could not find hyperparameters for the kernel instance corresponding to the target (batch_size, a, b, c, d, precision, VSIZE) = (128, 128, 2, 4, 2, half, 4) in the .best file, nor could we find"
group1,2,4,512,1024,128,2,256,0.086228,,"ERROR: Could not find hyperparameters for the kernel instance corresponding to the target (batch_size, a, b, c, d, precision, VSIZE) = (256, 128, 2, 4, 2, half, 4) in the .best file, nor could we find"
group1,2,4,512,1024,128,2,512,0.084024,,"ERROR: Could not find hyperparameters for the kernel instance corresponding to the target (batch_size, a, b, c, d, precision, VSIZE) = (512, 128, 2, 4, 2, half, 4) in the .best file, nor could we find"
group1,2,4,512,1024,128,2,1024,0.082973,,"ERROR: Could not find hyperparameters for the kernel instance corresponding to the target (batch_size, a, b, c, d, precision, VSIZE) = (1024, 128, 2, 4, 2, half, 4) in the .best file, nor could we fin"
group1,2,4,512,1024,128,2,2048,0.085654,,"ERROR: Could not find hyperparameters for the kernel instance corresponding to the target (batch_size, a, b, c, d, precision, VSIZE) = (2048, 128, 2, 4, 2, half, 4) in the .best file, nor could we fin"
group1,2,4,512,1024,128,2,4096,0.106892,,"ERROR: Could not find hyperparameters for the kernel instance corresponding to the target (batch_size, a, b, c, d, precision, VSIZE) = (4096, 128, 2, 4, 2, half, 4) in the .best file, nor could we fin"
group1,2,4,512,1024,256,1,1,0.053974,,"ERROR: Could not find hyperparameters for the kernel instance corresponding to the target (batch_size, a, b, c, d, precision, VSIZE) = (1, 256, 2, 4, 1, half, 4) in the .best file, nor could we find d"
group1,2,4,512,1024,256,1,2,0.081272,,"ERROR: Could not find hyperparameters for the kernel instance corresponding to the target (batch_size, a, b, c, d, precision, VSIZE) = (2, 256, 2, 4, 1, half, 4) in the .best file, nor could we find d"
group1,2,4,512,1024,256,1,4,0.081504,,"ERROR: Could not find hyperparameters for the kernel instance corresponding to the target (batch_size, a, b, c, d, precision, VSIZE) = (4, 256, 2, 4, 1, half, 4) in the .best file, nor could we find d"
group1,2,4,512,1024,256,1,8,0.082453,,"ERROR: Could not find hyperparameters for the kernel instance corresponding to the target (batch_size, a, b, c, d, precision, VSIZE) = (8, 256, 2, 4, 1, half, 4) in the .best file, nor could we find d"
group1,2,4,512,1024,256,1,16,0.082219,,"ERROR: Could not find hyperparameters for the kernel instance corresponding to the target (batch_size, a, b, c, d, precision, VSIZE) = (16, 256, 2, 4, 1, half, 4) in the .best file, nor could we find "
group1,2,4,512,1024,256,1,32,0.084029,,"ERROR: Could not find hyperparameters for the kernel instance corresponding to the target (batch_size, a, b, c, d, precision, VSIZE) = (32, 256, 2, 4, 1, half, 4) in the .best file, nor could we find "
group1,2,4,512,1024,256,1,64,0.081375,,"ERROR: Could not find hyperparameters for the kernel instance corresponding to the target (batch_size, a, b, c, d, precision, VSIZE) = (64, 256, 2, 4, 1, half, 4) in the .best file, nor could we find "
group1,2,4,512,1024,256,1,128,0.082560,,"ERROR: Could not find hyperparameters for the kernel instance corresponding to the target (batch_size, a, b, c, d, precision, VSIZE) = (128, 256, 2, 4, 1, half, 4) in the .best file, nor could we find"
group1,2,4,512,1024,256,1,256,0.080921,,"ERROR: Could not find hyperparameters for the kernel instance corresponding to the target (batch_size, a, b, c, d, precision, VSIZE) = (256, 256, 2, 4, 1, half, 4) in the .best file, nor could we find"
group1,2,4,512,1024,256,1,512,0.083246,,"ERROR: Could not find hyperparameters for the kernel instance corresponding to the target (batch_size, a, b, c, d, precision, VSIZE) = (512, 256, 2, 4, 1, half, 4) in the .best file, nor could we find"
group1,2,4,512,1024,256,1,1024,0.086236,,"ERROR: Could not find hyperparameters for the kernel instance corresponding to the target (batch_size, a, b, c, d, precision, VSIZE) = (1024, 256, 2, 4, 1, half, 4) in the .best file, nor could we fin"
group1,2,4,512,1024,256,1,2048,0.082766,,"ERROR: Could not find hyperparameters for the kernel instance corresponding to the target (batch_size, a, b, c, d, precision, VSIZE) = (2048, 256, 2, 4, 1, half, 4) in the .best file, nor could we fin"
group1,2,4,512,1024,256,1,4096,0.105995,,"ERROR: Could not find hyperparameters for the kernel instance corresponding to the target (batch_size, a, b, c, d, precision, VSIZE) = (4096, 256, 2, 4, 1, half, 4) in the .best file, nor could we fin"
group1,2,4,1024,2048,1,512,1,0.053529,,"ERROR: Could not find hyperparameters for the kernel instance corresponding to the target (batch_size, a, b, c, d, precision, VSIZE) = (1, 1, 2, 4, 512, half, 4) in the .best file, nor could we find d"
group1,2,4,1024,2048,1,512,2,0.085530,,"ERROR: Could not find hyperparameters for the kernel instance corresponding to the target (batch_size, a, b, c, d, precision, VSIZE) = (2, 1, 2, 4, 512, half, 4) in the .best file, nor could we find d"
group1,2,4,1024,2048,1,512,4,0.084850,,"ERROR: Could not find hyperparameters for the kernel instance corresponding to the target (batch_size, a, b, c, d, precision, VSIZE) = (4, 1, 2, 4, 512, half, 4) in the .best file, nor could we find d"
group1,2,4,1024,2048,1,512,8,0.084180,,"ERROR: Could not find hyperparameters for the kernel instance corresponding to the target (batch_size, a, b, c, d, precision, VSIZE) = (8, 1, 2, 4, 512, half, 4) in the .best file, nor could we find d"
group1,2,4,1024,2048,1,512,16,0.085111,,"ERROR: Could not find hyperparameters for the kernel instance corresponding to the target (batch_size, a, b, c, d, precision, VSIZE) = (16, 1, 2, 4, 512, half, 4) in the .best file, nor could we find "
group1,2,4,1024,2048,1,512,32,0.084542,,"ERROR: Could not find hyperparameters for the kernel instance corresponding to the target (batch_size, a, b, c, d, precision, VSIZE) = (32, 1, 2, 4, 512, half, 4) in the .best file, nor could we find "
group1,2,4,1024,2048,1,512,64,0.082735,,"ERROR: Could not find hyperparameters for the kernel instance corresponding to the target (batch_size, a, b, c, d, precision, VSIZE) = (64, 1, 2, 4, 512, half, 4) in the .best file, nor could we find "
group1,2,4,1024,2048,1,512,128,0.083893,,"ERROR: Could not find hyperparameters for the kernel instance corresponding to the target (batch_size, a, b, c, d, precision, VSIZE) = (128, 1, 2, 4, 512, half, 4) in the .best file, nor could we find"
group1,2,4,1024,2048,1,512,256,0.101868,,"ERROR: Could not find hyperparameters for the kernel instance corresponding to the target (batch_size, a, b, c, d, precision, VSIZE) = (256, 1, 2, 4, 512, half, 4) in the .best file, nor could we find"
group1,2,4,1024,2048,1,512,512,0.084139,,"ERROR: Could not find hyperparameters for the kernel instance corresponding to the target (batch_size, a, b, c, d, precision, VSIZE) = (512, 1, 2, 4, 512, half, 4) in the .best file, nor could we find"
group1,2,4,1024,2048,1,512,1024,0.083246,,"ERROR: Could not find hyperparameters for the kernel instance corresponding to the target (batch_size, a, b, c, d, precision, VSIZE) = (1024, 1, 2, 4, 512, half, 4) in the .best file, nor could we fin"
group1,2,4,1024,2048,1,512,2048,0.107175,,"ERROR: Could not find hyperparameters for the kernel instance corresponding to the target (batch_size, a, b, c, d, precision, VSIZE) = (2048, 1, 2, 4, 512, half, 4) in the .best file, nor could we fin"
group1,2,4,1024,2048,1,512,4096,0.206803,,"ERROR: Could not find hyperparameters for the kernel instance corresponding to the target (batch_size, a, b, c, d, precision, VSIZE) = (4096, 1, 2, 4, 512, half, 4) in the .best file, nor could we fin"
group1,2,4,1024,2048,2,256,1,0.053943,,"ERROR: Could not find hyperparameters for the kernel instance corresponding to the target (batch_size, a, b, c, d, precision, VSIZE) = (1, 2, 2, 4, 256, half, 4) in the .best file, nor could we find d"
group1,2,4,1024,2048,2,256,2,0.083084,,"ERROR: Could not find hyperparameters for the kernel instance corresponding to the target (batch_size, a, b, c, d, precision, VSIZE) = (2, 2, 2, 4, 256, half, 4) in the .best file, nor could we find d"
group1,2,4,1024,2048,2,256,4,0.084665,,"ERROR: Could not find hyperparameters for the kernel instance corresponding to the target (batch_size, a, b, c, d, precision, VSIZE) = (4, 2, 2, 4, 256, half, 4) in the .best file, nor could we find d"
group1,2,4,1024,2048,2,256,8,0.084276,,"ERROR: Could not find hyperparameters for the kernel instance corresponding to the target (batch_size, a, b, c, d, precision, VSIZE) = (8, 2, 2, 4, 256, half, 4) in the .best file, nor could we find d"
group1,2,4,1024,2048,2,256,16,0.083709,,"ERROR: Could not find hyperparameters for the kernel instance corresponding to the target (batch_size, a, b, c, d, precision, VSIZE) = (16, 2, 2, 4, 256, half, 4) in the .best file, nor could we find "
group1,2,4,1024,2048,2,256,32,0.082599,,"ERROR: Could not find hyperparameters for the kernel instance corresponding to the target (batch_size, a, b, c, d, precision, VSIZE) = (32, 2, 2, 4, 256, half, 4) in the .best file, nor could we find "
group1,2,4,1024,2048,2,256,64,0.082799,,"ERROR: Could not find hyperparameters for the kernel instance corresponding to the target (batch_size, a, b, c, d, precision, VSIZE) = (64, 2, 2, 4, 256, half, 4) in the .best file, nor could we find "
group1,2,4,1024,2048,2,256,128,0.083983,,"ERROR: Could not find hyperparameters for the kernel instance corresponding to the target (batch_size, a, b, c, d, precision, VSIZE) = (128, 2, 2, 4, 256, half, 4) in the .best file, nor could we find"
group1,2,4,1024,2048,2,256,256,0.083732,,"ERROR: Could not find hyperparameters for the kernel instance corresponding to the target (batch_size, a, b, c, d, precision, VSIZE) = (256, 2, 2, 4, 256, half, 4) in the .best file, nor could we find"
group1,2,4,1024,2048,2,256,512,0.082446,,"ERROR: Could not find hyperparameters for the kernel instance corresponding to the target (batch_size, a, b, c, d, precision, VSIZE) = (512, 2, 2, 4, 256, half, 4) in the .best file, nor could we find"
group1,2,4,1024,2048,2,256,1024,0.085856,,"ERROR: Could not find hyperparameters for the kernel instance corresponding to the target (batch_size, a, b, c, d, precision, VSIZE) = (1024, 2, 2, 4, 256, half, 4) in the .best file, nor could we fin"
group1,2,4,1024,2048,2,256,2048,0.107173,,"ERROR: Could not find hyperparameters for the kernel instance corresponding to the target (batch_size, a, b, c, d, precision, VSIZE) = (2048, 2, 2, 4, 256, half, 4) in the .best file, nor could we fin"
group1,2,4,1024,2048,2,256,4096,0.206878,,"ERROR: Could not find hyperparameters for the kernel instance corresponding to the target (batch_size, a, b, c, d, precision, VSIZE) = (4096, 2, 2, 4, 256, half, 4) in the .best file, nor could we fin"
group1,2,4,1024,2048,4,128,1,0.052457,,"ERROR: Could not find hyperparameters for the kernel instance corresponding to the target (batch_size, a, b, c, d, precision, VSIZE) = (1, 4, 2, 4, 128, half, 4) in the .best file, nor could we find d"
group1,2,4,1024,2048,4,128,2,0.081963,,"ERROR: Could not find hyperparameters for the kernel instance corresponding to the target (batch_size, a, b, c, d, precision, VSIZE) = (2, 4, 2, 4, 128, half, 4) in the .best file, nor could we find d"
group1,2,4,1024,2048,4,128,4,0.082886,,"ERROR: Could not find hyperparameters for the kernel instance corresponding to the target (batch_size, a, b, c, d, precision, VSIZE) = (4, 4, 2, 4, 128, half, 4) in the .best file, nor could we find d"
group1,2,4,1024,2048,4,128,8,0.082125,,"ERROR: Could not find hyperparameters for the kernel instance corresponding to the target (batch_size, a, b, c, d, precision, VSIZE) = (8, 4, 2, 4, 128, half, 4) in the .best file, nor could we find d"
group1,2,4,1024,2048,4,128,16,0.087117,,"ERROR: Could not find hyperparameters for the kernel instance corresponding to the target (batch_size, a, b, c, d, precision, VSIZE) = (16, 4, 2, 4, 128, half, 4) in the .best file, nor could we find "
group1,2,4,1024,2048,4,128,32,0.083041,,"ERROR: Could not find hyperparameters for the kernel instance corresponding to the target (batch_size, a, b, c, d, precision, VSIZE) = (32, 4, 2, 4, 128, half, 4) in the .best file, nor could we find "
group1,2,4,1024,2048,4,128,64,0.082928,,"ERROR: Could not find hyperparameters for the kernel instance corresponding to the target (batch_size, a, b, c, d, precision, VSIZE) = (64, 4, 2, 4, 128, half, 4) in the .best file, nor could we find "
group1,2,4,1024,2048,4,128,128,0.082451,,"ERROR: Could not find hyperparameters for the kernel instance corresponding to the target (batch_size, a, b, c, d, precision, VSIZE) = (128, 4, 2, 4, 128, half, 4) in the .best file, nor could we find"
group1,2,4,1024,2048,4,128,256,0.082641,,"ERROR: Could not find hyperparameters for the kernel instance corresponding to the target (batch_size, a, b, c, d, precision, VSIZE) = (256, 4, 2, 4, 128, half, 4) in the .best file, nor could we find"
group1,2,4,1024,2048,4,128,512,0.101195,,"ERROR: Could not find hyperparameters for the kernel instance corresponding to the target (batch_size, a, b, c, d, precision, VSIZE) = (512, 4, 2, 4, 128, half, 4) in the .best file, nor could we find"
group1,2,4,1024,2048,4,128,1024,0.083660,,"ERROR: Could not find hyperparameters for the kernel instance corresponding to the target (batch_size, a, b, c, d, precision, VSIZE) = (1024, 4, 2, 4, 128, half, 4) in the .best file, nor could we fin"
group1,2,4,1024,2048,4,128,2048,0.106954,,"ERROR: Could not find hyperparameters for the kernel instance corresponding to the target (batch_size, a, b, c, d, precision, VSIZE) = (2048, 4, 2, 4, 128, half, 4) in the .best file, nor could we fin"
group1,2,4,1024,2048,4,128,4096,0.207061,,"ERROR: Could not find hyperparameters for the kernel instance corresponding to the target (batch_size, a, b, c, d, precision, VSIZE) = (4096, 4, 2, 4, 128, half, 4) in the .best file, nor could we fin"
group1,2,4,1024,2048,8,64,1,0.052693,,"ERROR: Could not find hyperparameters for the kernel instance corresponding to the target (batch_size, a, b, c, d, precision, VSIZE) = (1, 8, 2, 4, 64, half, 4) in the .best file, nor could we find de"
group1,2,4,1024,2048,8,64,2,0.081832,,"ERROR: Could not find hyperparameters for the kernel instance corresponding to the target (batch_size, a, b, c, d, precision, VSIZE) = (2, 8, 2, 4, 64, half, 4) in the .best file, nor could we find de"
group1,2,4,1024,2048,8,64,4,0.081706,,"ERROR: Could not find hyperparameters for the kernel instance corresponding to the target (batch_size, a, b, c, d, precision, VSIZE) = (4, 8, 2, 4, 64, half, 4) in the .best file, nor could we find de"
group1,2,4,1024,2048,8,64,8,0.083340,,"ERROR: Could not find hyperparameters for the kernel instance corresponding to the target (batch_size, a, b, c, d, precision, VSIZE) = (8, 8, 2, 4, 64, half, 4) in the .best file, nor could we find de"
group1,2,4,1024,2048,8,64,16,0.081661,,"ERROR: Could not find hyperparameters for the kernel instance corresponding to the target (batch_size, a, b, c, d, precision, VSIZE) = (16, 8, 2, 4, 64, half, 4) in the .best file, nor could we find d"
group1,2,4,1024,2048,8,64,32,0.084267,,"ERROR: Could not find hyperparameters for the kernel instance corresponding to the target (batch_size, a, b, c, d, precision, VSIZE) = (32, 8, 2, 4, 64, half, 4) in the .best file, nor could we find d"
group1,2,4,1024,2048,8,64,64,0.082456,,"ERROR: Could not find hyperparameters for the kernel instance corresponding to the target (batch_size, a, b, c, d, precision, VSIZE) = (64, 8, 2, 4, 64, half, 4) in the .best file, nor could we find d"
group1,2,4,1024,2048,8,64,128,0.100888,,"ERROR: Could not find hyperparameters for the kernel instance corresponding to the target (batch_size, a, b, c, d, precision, VSIZE) = (128, 8, 2, 4, 64, half, 4) in the .best file, nor could we find "
group1,2,4,1024,2048,8,64,256,0.083841,,"ERROR: Could not find hyperparameters for the kernel instance corresponding to the target (batch_size, a, b, c, d, precision, VSIZE) = (256, 8, 2, 4, 64, half, 4) in the .best file, nor could we find "
group1,2,4,1024,2048,8,64,512,0.081687,,"ERROR: Could not find hyperparameters for the kernel instance corresponding to the target (batch_size, a, b, c, d, precision, VSIZE) = (512, 8, 2, 4, 64, half, 4) in the .best file, nor could we find "
group1,2,4,1024,2048,8,64,1024,0.086831,,"ERROR: Could not find hyperparameters for the kernel instance corresponding to the target (batch_size, a, b, c, d, precision, VSIZE) = (1024, 8, 2, 4, 64, half, 4) in the .best file, nor could we find"
group1,2,4,1024,2048,8,64,2048,0.106885,,"ERROR: Could not find hyperparameters for the kernel instance corresponding to the target (batch_size, a, b, c, d, precision, VSIZE) = (2048, 8, 2, 4, 64, half, 4) in the .best file, nor could we find"
group1,2,4,1024,2048,8,64,4096,0.206757,,"ERROR: Could not find hyperparameters for the kernel instance corresponding to the target (batch_size, a, b, c, d, precision, VSIZE) = (4096, 8, 2, 4, 64, half, 4) in the .best file, nor could we find"
group1,2,4,1024,2048,16,32,1,0.053593,,"ERROR: Could not find hyperparameters for the kernel instance corresponding to the target (batch_size, a, b, c, d, precision, VSIZE) = (1, 16, 2, 4, 32, half, 4) in the .best file, nor could we find d"
group1,2,4,1024,2048,16,32,2,0.083625,,"ERROR: Could not find hyperparameters for the kernel instance corresponding to the target (batch_size, a, b, c, d, precision, VSIZE) = (2, 16, 2, 4, 32, half, 4) in the .best file, nor could we find d"
group1,2,4,1024,2048,16,32,4,0.082435,,"ERROR: Could not find hyperparameters for the kernel instance corresponding to the target (batch_size, a, b, c, d, precision, VSIZE) = (4, 16, 2, 4, 32, half, 4) in the .best file, nor could we find d"
group1,2,4,1024,2048,16,32,8,0.084799,,"ERROR: Could not find hyperparameters for the kernel instance corresponding to the target (batch_size, a, b, c, d, precision, VSIZE) = (8, 16, 2, 4, 32, half, 4) in the .best file, nor could we find d"
group1,2,4,1024,2048,16,32,16,0.084049,,"ERROR: Could not find hyperparameters for the kernel instance corresponding to the target (batch_size, a, b, c, d, precision, VSIZE) = (16, 16, 2, 4, 32, half, 4) in the .best file, nor could we find "
group1,2,4,1024,2048,16,32,32,0.083622,,"ERROR: Could not find hyperparameters for the kernel instance corresponding to the target (batch_size, a, b, c, d, precision, VSIZE) = (32, 16, 2, 4, 32, half, 4) in the .best file, nor could we find "
group1,2,4,1024,2048,16,32,64,0.085846,,"ERROR: Could not find hyperparameters for the kernel instance corresponding to the target (batch_size, a, b, c, d, precision, VSIZE) = (64, 16, 2, 4, 32, half, 4) in the .best file, nor could we find "
group1,2,4,1024,2048,16,32,128,0.100405,,"ERROR: Could not find hyperparameters for the kernel instance corresponding to the target (batch_size, a, b, c, d, precision, VSIZE) = (128, 16, 2, 4, 32, half, 4) in the .best file, nor could we find"
group1,2,4,1024,2048,16,32,256,0.100492,,"ERROR: Could not find hyperparameters for the kernel instance corresponding to the target (batch_size, a, b, c, d, precision, VSIZE) = (256, 16, 2, 4, 32, half, 4) in the .best file, nor could we find"
group1,2,4,1024,2048,16,32,512,0.083953,,"ERROR: Could not find hyperparameters for the kernel instance corresponding to the target (batch_size, a, b, c, d, precision, VSIZE) = (512, 16, 2, 4, 32, half, 4) in the .best file, nor could we find"
group1,2,4,1024,2048,16,32,1024,0.084539,,"ERROR: Could not find hyperparameters for the kernel instance corresponding to the target (batch_size, a, b, c, d, precision, VSIZE) = (1024, 16, 2, 4, 32, half, 4) in the .best file, nor could we fin"
group1,2,4,1024,2048,16,32,2048,0.107262,,"ERROR: Could not find hyperparameters for the kernel instance corresponding to the target (batch_size, a, b, c, d, precision, VSIZE) = (2048, 16, 2, 4, 32, half, 4) in the .best file, nor could we fin"
group1,2,4,1024,2048,16,32,4096,0.206634,,"ERROR: Could not find hyperparameters for the kernel instance corresponding to the target (batch_size, a, b, c, d, precision, VSIZE) = (4096, 16, 2, 4, 32, half, 4) in the .best file, nor could we fin"
group1,2,4,1024,2048,32,16,1,0.064167,,"ERROR: Could not find hyperparameters for the kernel instance corresponding to the target (batch_size, a, b, c, d, precision, VSIZE) = (1, 32, 2, 4, 16, half, 4) in the .best file, nor could we find d"
group1,2,4,1024,2048,32,16,2,0.085620,,"ERROR: Could not find hyperparameters for the kernel instance corresponding to the target (batch_size, a, b, c, d, precision, VSIZE) = (2, 32, 2, 4, 16, half, 4) in the .best file, nor could we find d"
group1,2,4,1024,2048,32,16,4,0.080581,,"ERROR: Could not find hyperparameters for the kernel instance corresponding to the target (batch_size, a, b, c, d, precision, VSIZE) = (4, 32, 2, 4, 16, half, 4) in the .best file, nor could we find d"
group1,2,4,1024,2048,32,16,8,0.098978,,"ERROR: Could not find hyperparameters for the kernel instance corresponding to the target (batch_size, a, b, c, d, precision, VSIZE) = (8, 32, 2, 4, 16, half, 4) in the .best file, nor could we find d"
group1,2,4,1024,2048,32,16,16,0.102243,,"ERROR: Could not find hyperparameters for the kernel instance corresponding to the target (batch_size, a, b, c, d, precision, VSIZE) = (16, 32, 2, 4, 16, half, 4) in the .best file, nor could we find "
group1,2,4,1024,2048,32,16,32,0.086200,,"ERROR: Could not find hyperparameters for the kernel instance corresponding to the target (batch_size, a, b, c, d, precision, VSIZE) = (32, 32, 2, 4, 16, half, 4) in the .best file, nor could we find "
group1,2,4,1024,2048,32,16,64,0.083002,,"ERROR: Could not find hyperparameters for the kernel instance corresponding to the target (batch_size, a, b, c, d, precision, VSIZE) = (64, 32, 2, 4, 16, half, 4) in the .best file, nor could we find "
group1,2,4,1024,2048,32,16,128,0.082809,,"ERROR: Could not find hyperparameters for the kernel instance corresponding to the target (batch_size, a, b, c, d, precision, VSIZE) = (128, 32, 2, 4, 16, half, 4) in the .best file, nor could we find"
group1,2,4,1024,2048,32,16,256,0.084758,,"ERROR: Could not find hyperparameters for the kernel instance corresponding to the target (batch_size, a, b, c, d, precision, VSIZE) = (256, 32, 2, 4, 16, half, 4) in the .best file, nor could we find"
group1,2,4,1024,2048,32,16,512,0.083321,,"ERROR: Could not find hyperparameters for the kernel instance corresponding to the target (batch_size, a, b, c, d, precision, VSIZE) = (512, 32, 2, 4, 16, half, 4) in the .best file, nor could we find"
group1,2,4,1024,2048,32,16,1024,0.084765,,"ERROR: Could not find hyperparameters for the kernel instance corresponding to the target (batch_size, a, b, c, d, precision, VSIZE) = (1024, 32, 2, 4, 16, half, 4) in the .best file, nor could we fin"
group1,2,4,1024,2048,32,16,2048,0.107364,,"ERROR: Could not find hyperparameters for the kernel instance corresponding to the target (batch_size, a, b, c, d, precision, VSIZE) = (2048, 32, 2, 4, 16, half, 4) in the .best file, nor could we fin"
group1,2,4,1024,2048,32,16,4096,0.206709,,"ERROR: Could not find hyperparameters for the kernel instance corresponding to the target (batch_size, a, b, c, d, precision, VSIZE) = (4096, 32, 2, 4, 16, half, 4) in the .best file, nor could we fin"
group1,2,4,1024,2048,64,8,1,0.052703,,"ERROR: Could not find hyperparameters for the kernel instance corresponding to the target (batch_size, a, b, c, d, precision, VSIZE) = (1, 64, 2, 4, 8, half, 4) in the .best file, nor could we find de"
group1,2,4,1024,2048,64,8,2,0.082358,,"ERROR: Could not find hyperparameters for the kernel instance corresponding to the target (batch_size, a, b, c, d, precision, VSIZE) = (2, 64, 2, 4, 8, half, 4) in the .best file, nor could we find de"
group1,2,4,1024,2048,64,8,4,0.084153,,"ERROR: Could not find hyperparameters for the kernel instance corresponding to the target (batch_size, a, b, c, d, precision, VSIZE) = (4, 64, 2, 4, 8, half, 4) in the .best file, nor could we find de"
group1,2,4,1024,2048,64,8,8,0.083943,,"ERROR: Could not find hyperparameters for the kernel instance corresponding to the target (batch_size, a, b, c, d, precision, VSIZE) = (8, 64, 2, 4, 8, half, 4) in the .best file, nor could we find de"
group1,2,4,1024,2048,64,8,16,0.085693,,"ERROR: Could not find hyperparameters for the kernel instance corresponding to the target (batch_size, a, b, c, d, precision, VSIZE) = (16, 64, 2, 4, 8, half, 4) in the .best file, nor could we find d"
group1,2,4,1024,2048,64,8,32,0.082487,,"ERROR: Could not find hyperparameters for the kernel instance corresponding to the target (batch_size, a, b, c, d, precision, VSIZE) = (32, 64, 2, 4, 8, half, 4) in the .best file, nor could we find d"
group1,2,4,1024,2048,64,8,64,0.083798,,"ERROR: Could not find hyperparameters for the kernel instance corresponding to the target (batch_size, a, b, c, d, precision, VSIZE) = (64, 64, 2, 4, 8, half, 4) in the .best file, nor could we find d"
group1,2,4,1024,2048,64,8,128,0.083605,,"ERROR: Could not find hyperparameters for the kernel instance corresponding to the target (batch_size, a, b, c, d, precision, VSIZE) = (128, 64, 2, 4, 8, half, 4) in the .best file, nor could we find "
group1,2,4,1024,2048,64,8,256,0.085192,,"ERROR: Could not find hyperparameters for the kernel instance corresponding to the target (batch_size, a, b, c, d, precision, VSIZE) = (256, 64, 2, 4, 8, half, 4) in the .best file, nor could we find "
group1,2,4,1024,2048,64,8,512,0.085625,,"ERROR: Could not find hyperparameters for the kernel instance corresponding to the target (batch_size, a, b, c, d, precision, VSIZE) = (512, 64, 2, 4, 8, half, 4) in the .best file, nor could we find "
group1,2,4,1024,2048,64,8,1024,0.086069,,"ERROR: Could not find hyperparameters for the kernel instance corresponding to the target (batch_size, a, b, c, d, precision, VSIZE) = (1024, 64, 2, 4, 8, half, 4) in the .best file, nor could we find"
group1,2,4,1024,2048,64,8,2048,0.107089,,"ERROR: Could not find hyperparameters for the kernel instance corresponding to the target (batch_size, a, b, c, d, precision, VSIZE) = (2048, 64, 2, 4, 8, half, 4) in the .best file, nor could we find"
group1,2,4,1024,2048,64,8,4096,0.206513,,"ERROR: Could not find hyperparameters for the kernel instance corresponding to the target (batch_size, a, b, c, d, precision, VSIZE) = (4096, 64, 2, 4, 8, half, 4) in the .best file, nor could we find"
group1,2,4,1024,2048,128,4,1,0.052594,,"ERROR: Could not find hyperparameters for the kernel instance corresponding to the target (batch_size, a, b, c, d, precision, VSIZE) = (1, 128, 2, 4, 4, half, 4) in the .best file, nor could we find d"
group1,2,4,1024,2048,128,4,2,0.084309,,"ERROR: Could not find hyperparameters for the kernel instance corresponding to the target (batch_size, a, b, c, d, precision, VSIZE) = (2, 128, 2, 4, 4, half, 4) in the .best file, nor could we find d"
group1,2,4,1024,2048,128,4,4,0.083216,,"ERROR: Could not find hyperparameters for the kernel instance corresponding to the target (batch_size, a, b, c, d, precision, VSIZE) = (4, 128, 2, 4, 4, half, 4) in the .best file, nor could we find d"
group1,2,4,1024,2048,128,4,8,0.102981,,"ERROR: Could not find hyperparameters for the kernel instance corresponding to the target (batch_size, a, b, c, d, precision, VSIZE) = (8, 128, 2, 4, 4, half, 4) in the .best file, nor could we find d"
group1,2,4,1024,2048,128,4,16,0.082176,,"ERROR: Could not find hyperparameters for the kernel instance corresponding to the target (batch_size, a, b, c, d, precision, VSIZE) = (16, 128, 2, 4, 4, half, 4) in the .best file, nor could we find "
group1,2,4,1024,2048,128,4,32,0.081615,,"ERROR: Could not find hyperparameters for the kernel instance corresponding to the target (batch_size, a, b, c, d, precision, VSIZE) = (32, 128, 2, 4, 4, half, 4) in the .best file, nor could we find "
group1,2,4,1024,2048,128,4,64,0.082179,,"ERROR: Could not find hyperparameters for the kernel instance corresponding to the target (batch_size, a, b, c, d, precision, VSIZE) = (64, 128, 2, 4, 4, half, 4) in the .best file, nor could we find "
group1,2,4,1024,2048,128,4,128,0.086055,,"ERROR: Could not find hyperparameters for the kernel instance corresponding to the target (batch_size, a, b, c, d, precision, VSIZE) = (128, 128, 2, 4, 4, half, 4) in the .best file, nor could we find"
group1,2,4,1024,2048,128,4,256,0.082184,,"ERROR: Could not find hyperparameters for the kernel instance corresponding to the target (batch_size, a, b, c, d, precision, VSIZE) = (256, 128, 2, 4, 4, half, 4) in the .best file, nor could we find"
group1,2,4,1024,2048,128,4,512,0.082487,,"ERROR: Could not find hyperparameters for the kernel instance corresponding to the target (batch_size, a, b, c, d, precision, VSIZE) = (512, 128, 2, 4, 4, half, 4) in the .best file, nor could we find"
group1,2,4,1024,2048,128,4,1024,0.083702,,"ERROR: Could not find hyperparameters for the kernel instance corresponding to the target (batch_size, a, b, c, d, precision, VSIZE) = (1024, 128, 2, 4, 4, half, 4) in the .best file, nor could we fin"
group1,2,4,1024,2048,128,4,2048,0.107372,,"ERROR: Could not find hyperparameters for the kernel instance corresponding to the target (batch_size, a, b, c, d, precision, VSIZE) = (2048, 128, 2, 4, 4, half, 4) in the .best file, nor could we fin"
group1,2,4,1024,2048,128,4,4096,0.206714,,"ERROR: Could not find hyperparameters for the kernel instance corresponding to the target (batch_size, a, b, c, d, precision, VSIZE) = (4096, 128, 2, 4, 4, half, 4) in the .best file, nor could we fin"
group1,2,4,1024,2048,256,2,1,0.053600,,"ERROR: Could not find hyperparameters for the kernel instance corresponding to the target (batch_size, a, b, c, d, precision, VSIZE) = (1, 256, 2, 4, 2, half, 4) in the .best file, nor could we find d"
group1,2,4,1024,2048,256,2,2,0.084224,,"ERROR: Could not find hyperparameters for the kernel instance corresponding to the target (batch_size, a, b, c, d, precision, VSIZE) = (2, 256, 2, 4, 2, half, 4) in the .best file, nor could we find d"
group1,2,4,1024,2048,256,2,4,0.082902,,"ERROR: Could not find hyperparameters for the kernel instance corresponding to the target (batch_size, a, b, c, d, precision, VSIZE) = (4, 256, 2, 4, 2, half, 4) in the .best file, nor could we find d"
group1,2,4,1024,2048,256,2,8,0.101588,,"ERROR: Could not find hyperparameters for the kernel instance corresponding to the target (batch_size, a, b, c, d, precision, VSIZE) = (8, 256, 2, 4, 2, half, 4) in the .best file, nor could we find d"
group1,2,4,1024,2048,256,2,16,0.084223,,"ERROR: Could not find hyperparameters for the kernel instance corresponding to the target (batch_size, a, b, c, d, precision, VSIZE) = (16, 256, 2, 4, 2, half, 4) in the .best file, nor could we find "
group1,2,4,1024,2048,256,2,32,0.086575,,"ERROR: Could not find hyperparameters for the kernel instance corresponding to the target (batch_size, a, b, c, d, precision, VSIZE) = (32, 256, 2, 4, 2, half, 4) in the .best file, nor could we find "
group1,2,4,1024,2048,256,2,64,0.101034,,"ERROR: Could not find hyperparameters for the kernel instance corresponding to the target (batch_size, a, b, c, d, precision, VSIZE) = (64, 256, 2, 4, 2, half, 4) in the .best file, nor could we find "
group1,2,4,1024,2048,256,2,128,0.081120,,"ERROR: Could not find hyperparameters for the kernel instance corresponding to the target (batch_size, a, b, c, d, precision, VSIZE) = (128, 256, 2, 4, 2, half, 4) in the .best file, nor could we find"
group1,2,4,1024,2048,256,2,256,0.082659,,"ERROR: Could not find hyperparameters for the kernel instance corresponding to the target (batch_size, a, b, c, d, precision, VSIZE) = (256, 256, 2, 4, 2, half, 4) in the .best file, nor could we find"
group1,2,4,1024,2048,256,2,512,0.104317,,"ERROR: Could not find hyperparameters for the kernel instance corresponding to the target (batch_size, a, b, c, d, precision, VSIZE) = (512, 256, 2, 4, 2, half, 4) in the .best file, nor could we find"
group1,2,4,1024,2048,256,2,1024,0.083951,,"ERROR: Could not find hyperparameters for the kernel instance corresponding to the target (batch_size, a, b, c, d, precision, VSIZE) = (1024, 256, 2, 4, 2, half, 4) in the .best file, nor could we fin"
group1,2,4,1024,2048,256,2,2048,0.107335,,"ERROR: Could not find hyperparameters for the kernel instance corresponding to the target (batch_size, a, b, c, d, precision, VSIZE) = (2048, 256, 2, 4, 2, half, 4) in the .best file, nor could we fin"
group1,2,4,1024,2048,256,2,4096,0.207084,,"ERROR: Could not find hyperparameters for the kernel instance corresponding to the target (batch_size, a, b, c, d, precision, VSIZE) = (4096, 256, 2, 4, 2, half, 4) in the .best file, nor could we fin"
group1,2,4,1024,2048,512,1,1,0.053098,,"ERROR: Could not find hyperparameters for the kernel instance corresponding to the target (batch_size, a, b, c, d, precision, VSIZE) = (1, 512, 2, 4, 1, half, 4) in the .best file, nor could we find d"
group1,2,4,1024,2048,512,1,2,0.083189,,"ERROR: Could not find hyperparameters for the kernel instance corresponding to the target (batch_size, a, b, c, d, precision, VSIZE) = (2, 512, 2, 4, 1, half, 4) in the .best file, nor could we find d"
group1,2,4,1024,2048,512,1,4,0.082384,,"ERROR: Could not find hyperparameters for the kernel instance corresponding to the target (batch_size, a, b, c, d, precision, VSIZE) = (4, 512, 2, 4, 1, half, 4) in the .best file, nor could we find d"
group1,2,4,1024,2048,512,1,8,0.081839,,"ERROR: Could not find hyperparameters for the kernel instance corresponding to the target (batch_size, a, b, c, d, precision, VSIZE) = (8, 512, 2, 4, 1, half, 4) in the .best file, nor could we find d"
group1,2,4,1024,2048,512,1,16,0.086212,,"ERROR: Could not find hyperparameters for the kernel instance corresponding to the target (batch_size, a, b, c, d, precision, VSIZE) = (16, 512, 2, 4, 1, half, 4) in the .best file, nor could we find "
group1,2,4,1024,2048,512,1,32,0.084080,,"ERROR: Could not find hyperparameters for the kernel instance corresponding to the target (batch_size, a, b, c, d, precision, VSIZE) = (32, 512, 2, 4, 1, half, 4) in the .best file, nor could we find "
group1,2,4,1024,2048,512,1,64,0.082711,,"ERROR: Could not find hyperparameters for the kernel instance corresponding to the target (batch_size, a, b, c, d, precision, VSIZE) = (64, 512, 2, 4, 1, half, 4) in the .best file, nor could we find "
group1,2,4,1024,2048,512,1,128,0.085847,,"ERROR: Could not find hyperparameters for the kernel instance corresponding to the target (batch_size, a, b, c, d, precision, VSIZE) = (128, 512, 2, 4, 1, half, 4) in the .best file, nor could we find"
group1,2,4,1024,2048,512,1,256,0.084233,,"ERROR: Could not find hyperparameters for the kernel instance corresponding to the target (batch_size, a, b, c, d, precision, VSIZE) = (256, 512, 2, 4, 1, half, 4) in the .best file, nor could we find"
group1,2,4,1024,2048,512,1,512,0.085359,,"ERROR: Could not find hyperparameters for the kernel instance corresponding to the target (batch_size, a, b, c, d, precision, VSIZE) = (512, 512, 2, 4, 1, half, 4) in the .best file, nor could we find"
group1,2,4,1024,2048,512,1,1024,0.082710,,"ERROR: Could not find hyperparameters for the kernel instance corresponding to the target (batch_size, a, b, c, d, precision, VSIZE) = (1024, 512, 2, 4, 1, half, 4) in the .best file, nor could we fin"
group1,2,4,1024,2048,512,1,2048,0.106854,,"ERROR: Could not find hyperparameters for the kernel instance corresponding to the target (batch_size, a, b, c, d, precision, VSIZE) = (2048, 512, 2, 4, 1, half, 4) in the .best file, nor could we fin"
group1,2,4,1024,2048,512,1,4096,0.205016,,"ERROR: Could not find hyperparameters for the kernel instance corresponding to the target (batch_size, a, b, c, d, precision, VSIZE) = (4096, 512, 2, 4, 1, half, 4) in the .best file, nor could we fin"
group1,2,4,2048,4096,1,1024,1,0.053569,,"ERROR: Could not find hyperparameters for the kernel instance corresponding to the target (batch_size, a, b, c, d, precision, VSIZE) = (1, 1, 2, 4, 1024, half, 4) in the .best file, nor could we find "
group1,2,4,2048,4096,1,1024,2,0.084221,,"ERROR: Could not find hyperparameters for the kernel instance corresponding to the target (batch_size, a, b, c, d, precision, VSIZE) = (2, 1, 2, 4, 1024, half, 4) in the .best file, nor could we find "
group1,2,4,2048,4096,1,1024,4,0.102459,,"ERROR: Could not find hyperparameters for the kernel instance corresponding to the target (batch_size, a, b, c, d, precision, VSIZE) = (4, 1, 2, 4, 1024, half, 4) in the .best file, nor could we find "
group1,2,4,2048,4096,1,1024,8,0.082601,,"ERROR: Could not find hyperparameters for the kernel instance corresponding to the target (batch_size, a, b, c, d, precision, VSIZE) = (8, 1, 2, 4, 1024, half, 4) in the .best file, nor could we find "
group1,2,4,2048,4096,1,1024,16,0.084074,,"ERROR: Could not find hyperparameters for the kernel instance corresponding to the target (batch_size, a, b, c, d, precision, VSIZE) = (16, 1, 2, 4, 1024, half, 4) in the .best file, nor could we find"
group1,2,4,2048,4096,1,1024,32,0.100415,,"ERROR: Could not find hyperparameters for the kernel instance corresponding to the target (batch_size, a, b, c, d, precision, VSIZE) = (32, 1, 2, 4, 1024, half, 4) in the .best file, nor could we find"
group1,2,4,2048,4096,1,1024,64,0.083388,,"ERROR: Could not find hyperparameters for the kernel instance corresponding to the target (batch_size, a, b, c, d, precision, VSIZE) = (64, 1, 2, 4, 1024, half, 4) in the .best file, nor could we find"
group1,2,4,2048,4096,1,1024,128,0.083486,,"ERROR: Could not find hyperparameters for the kernel instance corresponding to the target (batch_size, a, b, c, d, precision, VSIZE) = (128, 1, 2, 4, 1024, half, 4) in the .best file, nor could we fin"
group1,2,4,2048,4096,1,1024,256,0.100951,,"ERROR: Could not find hyperparameters for the kernel instance corresponding to the target (batch_size, a, b, c, d, precision, VSIZE) = (256, 1, 2, 4, 1024, half, 4) in the .best file, nor could we fin"
group1,2,4,2048,4096,1,1024,512,0.084156,,"ERROR: Could not find hyperparameters for the kernel instance corresponding to the target (batch_size, a, b, c, d, precision, VSIZE) = (512, 1, 2, 4, 1024, half, 4) in the .best file, nor could we fin"
group1,2,4,2048,4096,1,1024,1024,0.108299,,"ERROR: Could not find hyperparameters for the kernel instance corresponding to the target (batch_size, a, b, c, d, precision, VSIZE) = (1024, 1, 2, 4, 1024, half, 4) in the .best file, nor could we fi"
group1,2,4,2048,4096,1,1024,2048,0.206342,,"ERROR: Could not find hyperparameters for the kernel instance corresponding to the target (batch_size, a, b, c, d, precision, VSIZE) = (2048, 1, 2, 4, 1024, half, 4) in the .best file, nor could we fi"
group1,2,4,2048,4096,1,1024,4096,0.404740,,"ERROR: Could not find hyperparameters for the kernel instance corresponding to the target (batch_size, a, b, c, d, precision, VSIZE) = (4096, 1, 2, 4, 1024, half, 4) in the .best file, nor could we fi"
group1,2,4,2048,4096,2,512,1,0.062749,,"ERROR: Could not find hyperparameters for the kernel instance corresponding to the target (batch_size, a, b, c, d, precision, VSIZE) = (1, 2, 2, 4, 512, half, 4) in the .best file, nor could we find d"
group1,2,4,2048,4096,2,512,2,0.082638,,"ERROR: Could not find hyperparameters for the kernel instance corresponding to the target (batch_size, a, b, c, d, precision, VSIZE) = (2, 2, 2, 4, 512, half, 4) in the .best file, nor could we find d"
group1,2,4,2048,4096,2,512,4,0.083131,,"ERROR: Could not find hyperparameters for the kernel instance corresponding to the target (batch_size, a, b, c, d, precision, VSIZE) = (4, 2, 2, 4, 512, half, 4) in the .best file, nor could we find d"
group1,2,4,2048,4096,2,512,8,0.084772,,"ERROR: Could not find hyperparameters for the kernel instance corresponding to the target (batch_size, a, b, c, d, precision, VSIZE) = (8, 2, 2, 4, 512, half, 4) in the .best file, nor could we find d"
group1,2,4,2048,4096,2,512,16,0.081697,,"ERROR: Could not find hyperparameters for the kernel instance corresponding to the target (batch_size, a, b, c, d, precision, VSIZE) = (16, 2, 2, 4, 512, half, 4) in the .best file, nor could we find "
group1,2,4,2048,4096,2,512,32,0.084759,,"ERROR: Could not find hyperparameters for the kernel instance corresponding to the target (batch_size, a, b, c, d, precision, VSIZE) = (32, 2, 2, 4, 512, half, 4) in the .best file, nor could we find "
group1,2,4,2048,4096,2,512,64,0.083631,,"ERROR: Could not find hyperparameters for the kernel instance corresponding to the target (batch_size, a, b, c, d, precision, VSIZE) = (64, 2, 2, 4, 512, half, 4) in the .best file, nor could we find "
group1,2,4,2048,4096,2,512,128,0.085011,,"ERROR: Could not find hyperparameters for the kernel instance corresponding to the target (batch_size, a, b, c, d, precision, VSIZE) = (128, 2, 2, 4, 512, half, 4) in the .best file, nor could we find"
group1,2,4,2048,4096,2,512,256,0.082119,,"ERROR: Could not find hyperparameters for the kernel instance corresponding to the target (batch_size, a, b, c, d, precision, VSIZE) = (256, 2, 2, 4, 512, half, 4) in the .best file, nor could we find"
group1,2,4,2048,4096,2,512,512,0.084193,,"ERROR: Could not find hyperparameters for the kernel instance corresponding to the target (batch_size, a, b, c, d, precision, VSIZE) = (512, 2, 2, 4, 512, half, 4) in the .best file, nor could we find"
group1,2,4,2048,4096,2,512,1024,0.108130,,"ERROR: Could not find hyperparameters for the kernel instance corresponding to the target (batch_size, a, b, c, d, precision, VSIZE) = (1024, 2, 2, 4, 512, half, 4) in the .best file, nor could we fin"
group1,2,4,2048,4096,2,512,2048,0.206530,,"ERROR: Could not find hyperparameters for the kernel instance corresponding to the target (batch_size, a, b, c, d, precision, VSIZE) = (2048, 2, 2, 4, 512, half, 4) in the .best file, nor could we fin"
group1,2,4,2048,4096,2,512,4096,0.404656,,"ERROR: Could not find hyperparameters for the kernel instance corresponding to the target (batch_size, a, b, c, d, precision, VSIZE) = (4096, 2, 2, 4, 512, half, 4) in the .best file, nor could we fin"
group1,2,4,2048,4096,4,256,1,0.053704,,"ERROR: Could not find hyperparameters for the kernel instance corresponding to the target (batch_size, a, b, c, d, precision, VSIZE) = (1, 4, 2, 4, 256, half, 4) in the .best file, nor could we find d"
group1,2,4,2048,4096,4,256,2,0.084949,,"ERROR: Could not find hyperparameters for the kernel instance corresponding to the target (batch_size, a, b, c, d, precision, VSIZE) = (2, 4, 2, 4, 256, half, 4) in the .best file, nor could we find d"
group1,2,4,2048,4096,4,256,4,0.083211,,"ERROR: Could not find hyperparameters for the kernel instance corresponding to the target (batch_size, a, b, c, d, precision, VSIZE) = (4, 4, 2, 4, 256, half, 4) in the .best file, nor could we find d"
group1,2,4,2048,4096,4,256,8,0.081920,,"ERROR: Could not find hyperparameters for the kernel instance corresponding to the target (batch_size, a, b, c, d, precision, VSIZE) = (8, 4, 2, 4, 256, half, 4) in the .best file, nor could we find d"
group1,2,4,2048,4096,4,256,16,0.084793,,"ERROR: Could not find hyperparameters for the kernel instance corresponding to the target (batch_size, a, b, c, d, precision, VSIZE) = (16, 4, 2, 4, 256, half, 4) in the .best file, nor could we find "
group1,2,4,2048,4096,4,256,32,0.082995,,"ERROR: Could not find hyperparameters for the kernel instance corresponding to the target (batch_size, a, b, c, d, precision, VSIZE) = (32, 4, 2, 4, 256, half, 4) in the .best file, nor could we find "
group1,2,4,2048,4096,4,256,64,0.085592,,"ERROR: Could not find hyperparameters for the kernel instance corresponding to the target (batch_size, a, b, c, d, precision, VSIZE) = (64, 4, 2, 4, 256, half, 4) in the .best file, nor could we find "
group1,2,4,2048,4096,4,256,128,0.081033,,"ERROR: Could not find hyperparameters for the kernel instance corresponding to the target (batch_size, a, b, c, d, precision, VSIZE) = (128, 4, 2, 4, 256, half, 4) in the .best file, nor could we find"
group1,2,4,2048,4096,4,256,256,0.083367,,"ERROR: Could not find hyperparameters for the kernel instance corresponding to the target (batch_size, a, b, c, d, precision, VSIZE) = (256, 4, 2, 4, 256, half, 4) in the .best file, nor could we find"
group1,2,4,2048,4096,4,256,512,0.083776,,"ERROR: Could not find hyperparameters for the kernel instance corresponding to the target (batch_size, a, b, c, d, precision, VSIZE) = (512, 4, 2, 4, 256, half, 4) in the .best file, nor could we find"
group1,2,4,2048,4096,4,256,1024,0.108160,,"ERROR: Could not find hyperparameters for the kernel instance corresponding to the target (batch_size, a, b, c, d, precision, VSIZE) = (1024, 4, 2, 4, 256, half, 4) in the .best file, nor could we fin"
group1,2,4,2048,4096,4,256,2048,0.206439,,"ERROR: Could not find hyperparameters for the kernel instance corresponding to the target (batch_size, a, b, c, d, precision, VSIZE) = (2048, 4, 2, 4, 256, half, 4) in the .best file, nor could we fin"
group1,2,4,2048,4096,4,256,4096,0.404742,,"ERROR: Could not find hyperparameters for the kernel instance corresponding to the target (batch_size, a, b, c, d, precision, VSIZE) = (4096, 4, 2, 4, 256, half, 4) in the .best file, nor could we fin"
group1,2,4,2048,4096,8,128,1,0.055240,,"ERROR: Could not find hyperparameters for the kernel instance corresponding to the target (batch_size, a, b, c, d, precision, VSIZE) = (1, 8, 2, 4, 128, half, 4) in the .best file, nor could we find d"
group1,2,4,2048,4096,8,128,2,0.082613,,"ERROR: Could not find hyperparameters for the kernel instance corresponding to the target (batch_size, a, b, c, d, precision, VSIZE) = (2, 8, 2, 4, 128, half, 4) in the .best file, nor could we find d"
group1,2,4,2048,4096,8,128,4,0.084087,,"ERROR: Could not find hyperparameters for the kernel instance corresponding to the target (batch_size, a, b, c, d, precision, VSIZE) = (4, 8, 2, 4, 128, half, 4) in the .best file, nor could we find d"
group1,2,4,2048,4096,8,128,8,0.082036,,"ERROR: Could not find hyperparameters for the kernel instance corresponding to the target (batch_size, a, b, c, d, precision, VSIZE) = (8, 8, 2, 4, 128, half, 4) in the .best file, nor could we find d"
group1,2,4,2048,4096,8,128,16,0.083886,,"ERROR: Could not find hyperparameters for the kernel instance corresponding to the target (batch_size, a, b, c, d, precision, VSIZE) = (16, 8, 2, 4, 128, half, 4) in the .best file, nor could we find "
group1,2,4,2048,4096,8,128,32,0.082651,,"ERROR: Could not find hyperparameters for the kernel instance corresponding to the target (batch_size, a, b, c, d, precision, VSIZE) = (32, 8, 2, 4, 128, half, 4) in the .best file, nor could we find "
group1,2,4,2048,4096,8,128,64,0.083626,,"ERROR: Could not find hyperparameters for the kernel instance corresponding to the target (batch_size, a, b, c, d, precision, VSIZE) = (64, 8, 2, 4, 128, half, 4) in the .best file, nor could we find "
group1,2,4,2048,4096,8,128,128,0.083455,,"ERROR: Could not find hyperparameters for the kernel instance corresponding to the target (batch_size, a, b, c, d, precision, VSIZE) = (128, 8, 2, 4, 128, half, 4) in the .best file, nor could we find"
group1,2,4,2048,4096,8,128,256,0.087730,,"ERROR: Could not find hyperparameters for the kernel instance corresponding to the target (batch_size, a, b, c, d, precision, VSIZE) = (256, 8, 2, 4, 128, half, 4) in the .best file, nor could we find"
group1,2,4,2048,4096,8,128,512,0.083629,,"ERROR: Could not find hyperparameters for the kernel instance corresponding to the target (batch_size, a, b, c, d, precision, VSIZE) = (512, 8, 2, 4, 128, half, 4) in the .best file, nor could we find"
group1,2,4,2048,4096,8,128,1024,0.107800,,"ERROR: Could not find hyperparameters for the kernel instance corresponding to the target (batch_size, a, b, c, d, precision, VSIZE) = (1024, 8, 2, 4, 128, half, 4) in the .best file, nor could we fin"
group1,2,4,2048,4096,8,128,2048,0.206144,,"ERROR: Could not find hyperparameters for the kernel instance corresponding to the target (batch_size, a, b, c, d, precision, VSIZE) = (2048, 8, 2, 4, 128, half, 4) in the .best file, nor could we fin"
group1,2,4,2048,4096,8,128,4096,0.404534,,"ERROR: Could not find hyperparameters for the kernel instance corresponding to the target (batch_size, a, b, c, d, precision, VSIZE) = (4096, 8, 2, 4, 128, half, 4) in the .best file, nor could we fin"
group1,2,4,2048,4096,16,64,1,0.053588,,"ERROR: Could not find hyperparameters for the kernel instance corresponding to the target (batch_size, a, b, c, d, precision, VSIZE) = (1, 16, 2, 4, 64, half, 4) in the .best file, nor could we find d"
group1,2,4,2048,4096,16,64,2,0.086306,,"ERROR: Could not find hyperparameters for the kernel instance corresponding to the target (batch_size, a, b, c, d, precision, VSIZE) = (2, 16, 2, 4, 64, half, 4) in the .best file, nor could we find d"
group1,2,4,2048,4096,16,64,4,0.084990,,"ERROR: Could not find hyperparameters for the kernel instance corresponding to the target (batch_size, a, b, c, d, precision, VSIZE) = (4, 16, 2, 4, 64, half, 4) in the .best file, nor could we find d"
group1,2,4,2048,4096,16,64,8,0.082607,,"ERROR: Could not find hyperparameters for the kernel instance corresponding to the target (batch_size, a, b, c, d, precision, VSIZE) = (8, 16, 2, 4, 64, half, 4) in the .best file, nor could we find d"
group1,2,4,2048,4096,16,64,16,0.085183,,"ERROR: Could not find hyperparameters for the kernel instance corresponding to the target (batch_size, a, b, c, d, precision, VSIZE) = (16, 16, 2, 4, 64, half, 4) in the .best file, nor could we find "
group1,2,4,2048,4096,16,64,32,0.083228,,"ERROR: Could not find hyperparameters for the kernel instance corresponding to the target (batch_size, a, b, c, d, precision, VSIZE) = (32, 16, 2, 4, 64, half, 4) in the .best file, nor could we find "
group1,2,4,2048,4096,16,64,64,0.082185,,"ERROR: Could not find hyperparameters for the kernel instance corresponding to the target (batch_size, a, b, c, d, precision, VSIZE) = (64, 16, 2, 4, 64, half, 4) in the .best file, nor could we find "
group1,2,4,2048,4096,16,64,128,0.082966,,"ERROR: Could not find hyperparameters for the kernel instance corresponding to the target (batch_size, a, b, c, d, precision, VSIZE) = (128, 16, 2, 4, 64, half, 4) in the .best file, nor could we find"
group1,2,4,2048,4096,16,64,256,0.085764,,"ERROR: Could not find hyperparameters for the kernel instance corresponding to the target (batch_size, a, b, c, d, precision, VSIZE) = (256, 16, 2, 4, 64, half, 4) in the .best file, nor could we find"
group1,2,4,2048,4096,16,64,512,0.102143,,"ERROR: Could not find hyperparameters for the kernel instance corresponding to the target (batch_size, a, b, c, d, precision, VSIZE) = (512, 16, 2, 4, 64, half, 4) in the .best file, nor could we find"
group1,2,4,2048,4096,16,64,1024,0.107812,,"ERROR: Could not find hyperparameters for the kernel instance corresponding to the target (batch_size, a, b, c, d, precision, VSIZE) = (1024, 16, 2, 4, 64, half, 4) in the .best file, nor could we fin"
group1,2,4,2048,4096,16,64,2048,0.206321,,"ERROR: Could not find hyperparameters for the kernel instance corresponding to the target (batch_size, a, b, c, d, precision, VSIZE) = (2048, 16, 2, 4, 64, half, 4) in the .best file, nor could we fin"
group1,2,4,2048,4096,16,64,4096,0.404342,,"ERROR: Could not find hyperparameters for the kernel instance corresponding to the target (batch_size, a, b, c, d, precision, VSIZE) = (4096, 16, 2, 4, 64, half, 4) in the .best file, nor could we fin"
group1,2,4,2048,4096,32,32,1,0.062204,,"ERROR: Could not find hyperparameters for the kernel instance corresponding to the target (batch_size, a, b, c, d, precision, VSIZE) = (1, 32, 2, 4, 32, half, 4) in the .best file, nor could we find d"
group1,2,4,2048,4096,32,32,2,0.084499,,"ERROR: Could not find hyperparameters for the kernel instance corresponding to the target (batch_size, a, b, c, d, precision, VSIZE) = (2, 32, 2, 4, 32, half, 4) in the .best file, nor could we find d"
group1,2,4,2048,4096,32,32,4,0.082509,,"ERROR: Could not find hyperparameters for the kernel instance corresponding to the target (batch_size, a, b, c, d, precision, VSIZE) = (4, 32, 2, 4, 32, half, 4) in the .best file, nor could we find d"
group1,2,4,2048,4096,32,32,8,0.084913,,"ERROR: Could not find hyperparameters for the kernel instance corresponding to the target (batch_size, a, b, c, d, precision, VSIZE) = (8, 32, 2, 4, 32, half, 4) in the .best file, nor could we find d"
group1,2,4,2048,4096,32,32,16,0.083223,,"ERROR: Could not find hyperparameters for the kernel instance corresponding to the target (batch_size, a, b, c, d, precision, VSIZE) = (16, 32, 2, 4, 32, half, 4) in the .best file, nor could we find "
group1,2,4,2048,4096,32,32,32,0.082578,,"ERROR: Could not find hyperparameters for the kernel instance corresponding to the target (batch_size, a, b, c, d, precision, VSIZE) = (32, 32, 2, 4, 32, half, 4) in the .best file, nor could we find "
group1,2,4,2048,4096,32,32,64,0.084707,,"ERROR: Could not find hyperparameters for the kernel instance corresponding to the target (batch_size, a, b, c, d, precision, VSIZE) = (64, 32, 2, 4, 32, half, 4) in the .best file, nor could we find "
group1,2,4,2048,4096,32,32,128,0.081968,,"ERROR: Could not find hyperparameters for the kernel instance corresponding to the target (batch_size, a, b, c, d, precision, VSIZE) = (128, 32, 2, 4, 32, half, 4) in the .best file, nor could we find"
group1,2,4,2048,4096,32,32,256,0.083473,,"ERROR: Could not find hyperparameters for the kernel instance corresponding to the target (batch_size, a, b, c, d, precision, VSIZE) = (256, 32, 2, 4, 32, half, 4) in the .best file, nor could we find"
group1,2,4,2048,4096,32,32,512,0.084106,,"ERROR: Could not find hyperparameters for the kernel instance corresponding to the target (batch_size, a, b, c, d, precision, VSIZE) = (512, 32, 2, 4, 32, half, 4) in the .best file, nor could we find"
group1,2,4,2048,4096,32,32,1024,0.108118,,"ERROR: Could not find hyperparameters for the kernel instance corresponding to the target (batch_size, a, b, c, d, precision, VSIZE) = (1024, 32, 2, 4, 32, half, 4) in the .best file, nor could we fin"
group1,2,4,2048,4096,32,32,2048,0.206154,,"ERROR: Could not find hyperparameters for the kernel instance corresponding to the target (batch_size, a, b, c, d, precision, VSIZE) = (2048, 32, 2, 4, 32, half, 4) in the .best file, nor could we fin"
group1,2,4,2048,4096,32,32,4096,0.404578,,"ERROR: Could not find hyperparameters for the kernel instance corresponding to the target (batch_size, a, b, c, d, precision, VSIZE) = (4096, 32, 2, 4, 32, half, 4) in the .best file, nor could we fin"
group1,2,4,2048,4096,64,16,1,0.053570,,"ERROR: Could not find hyperparameters for the kernel instance corresponding to the target (batch_size, a, b, c, d, precision, VSIZE) = (1, 64, 2, 4, 16, half, 4) in the .best file, nor could we find d"
group1,2,4,2048,4096,64,16,2,0.086914,,"ERROR: Could not find hyperparameters for the kernel instance corresponding to the target (batch_size, a, b, c, d, precision, VSIZE) = (2, 64, 2, 4, 16, half, 4) in the .best file, nor could we find d"
group1,2,4,2048,4096,64,16,4,0.082572,,"ERROR: Could not find hyperparameters for the kernel instance corresponding to the target (batch_size, a, b, c, d, precision, VSIZE) = (4, 64, 2, 4, 16, half, 4) in the .best file, nor could we find d"
group1,2,4,2048,4096,64,16,8,0.100795,,"ERROR: Could not find hyperparameters for the kernel instance corresponding to the target (batch_size, a, b, c, d, precision, VSIZE) = (8, 64, 2, 4, 16, half, 4) in the .best file, nor could we find d"
group1,2,4,2048,4096,64,16,16,0.083650,,"ERROR: Could not find hyperparameters for the kernel instance corresponding to the target (batch_size, a, b, c, d, precision, VSIZE) = (16, 64, 2, 4, 16, half, 4) in the .best file, nor could we find "
group1,2,4,2048,4096,64,16,32,0.084734,,"ERROR: Could not find hyperparameters for the kernel instance corresponding to the target (batch_size, a, b, c, d, precision, VSIZE) = (32, 64, 2, 4, 16, half, 4) in the .best file, nor could we find "
group1,2,4,2048,4096,64,16,64,0.083207,,"ERROR: Could not find hyperparameters for the kernel instance corresponding to the target (batch_size, a, b, c, d, precision, VSIZE) = (64, 64, 2, 4, 16, half, 4) in the .best file, nor could we find "
group1,2,4,2048,4096,64,16,128,0.083089,,"ERROR: Could not find hyperparameters for the kernel instance corresponding to the target (batch_size, a, b, c, d, precision, VSIZE) = (128, 64, 2, 4, 16, half, 4) in the .best file, nor could we find"
group1,2,4,2048,4096,64,16,256,0.082711,,"ERROR: Could not find hyperparameters for the kernel instance corresponding to the target (batch_size, a, b, c, d, precision, VSIZE) = (256, 64, 2, 4, 16, half, 4) in the .best file, nor could we find"
group1,2,4,2048,4096,64,16,512,0.083774,,"ERROR: Could not find hyperparameters for the kernel instance corresponding to the target (batch_size, a, b, c, d, precision, VSIZE) = (512, 64, 2, 4, 16, half, 4) in the .best file, nor could we find"
group1,2,4,2048,4096,64,16,1024,0.107870,,"ERROR: Could not find hyperparameters for the kernel instance corresponding to the target (batch_size, a, b, c, d, precision, VSIZE) = (1024, 64, 2, 4, 16, half, 4) in the .best file, nor could we fin"
group1,2,4,2048,4096,64,16,2048,0.206135,,"ERROR: Could not find hyperparameters for the kernel instance corresponding to the target (batch_size, a, b, c, d, precision, VSIZE) = (2048, 64, 2, 4, 16, half, 4) in the .best file, nor could we fin"
group1,2,4,2048,4096,64,16,4096,0.404922,,"ERROR: Could not find hyperparameters for the kernel instance corresponding to the target (batch_size, a, b, c, d, precision, VSIZE) = (4096, 64, 2, 4, 16, half, 4) in the .best file, nor could we fin"
group1,2,4,2048,4096,128,8,1,0.053492,,"ERROR: Could not find hyperparameters for the kernel instance corresponding to the target (batch_size, a, b, c, d, precision, VSIZE) = (1, 128, 2, 4, 8, half, 4) in the .best file, nor could we find d"
group1,2,4,2048,4096,128,8,2,0.085221,,"ERROR: Could not find hyperparameters for the kernel instance corresponding to the target (batch_size, a, b, c, d, precision, VSIZE) = (2, 128, 2, 4, 8, half, 4) in the .best file, nor could we find d"
group1,2,4,2048,4096,128,8,4,0.082958,,"ERROR: Could not find hyperparameters for the kernel instance corresponding to the target (batch_size, a, b, c, d, precision, VSIZE) = (4, 128, 2, 4, 8, half, 4) in the .best file, nor could we find d"
group1,2,4,2048,4096,128,8,8,0.085834,,"ERROR: Could not find hyperparameters for the kernel instance corresponding to the target (batch_size, a, b, c, d, precision, VSIZE) = (8, 128, 2, 4, 8, half, 4) in the .best file, nor could we find d"
group1,2,4,2048,4096,128,8,16,0.102179,,"ERROR: Could not find hyperparameters for the kernel instance corresponding to the target (batch_size, a, b, c, d, precision, VSIZE) = (16, 128, 2, 4, 8, half, 4) in the .best file, nor could we find "
group1,2,4,2048,4096,128,8,32,0.082492,,"ERROR: Could not find hyperparameters for the kernel instance corresponding to the target (batch_size, a, b, c, d, precision, VSIZE) = (32, 128, 2, 4, 8, half, 4) in the .best file, nor could we find "
group1,2,4,2048,4096,128,8,64,0.081761,,"ERROR: Could not find hyperparameters for the kernel instance corresponding to the target (batch_size, a, b, c, d, precision, VSIZE) = (64, 128, 2, 4, 8, half, 4) in the .best file, nor could we find "
group1,2,4,2048,4096,128,8,128,0.101729,,"ERROR: Could not find hyperparameters for the kernel instance corresponding to the target (batch_size, a, b, c, d, precision, VSIZE) = (128, 128, 2, 4, 8, half, 4) in the .best file, nor could we find"
group1,2,4,2048,4096,128,8,256,0.084129,,"ERROR: Could not find hyperparameters for the kernel instance corresponding to the target (batch_size, a, b, c, d, precision, VSIZE) = (256, 128, 2, 4, 8, half, 4) in the .best file, nor could we find"
group1,2,4,2048,4096,128,8,512,0.083170,,"ERROR: Could not find hyperparameters for the kernel instance corresponding to the target (batch_size, a, b, c, d, precision, VSIZE) = (512, 128, 2, 4, 8, half, 4) in the .best file, nor could we find"
group1,2,4,2048,4096,128,8,1024,0.107742,,"ERROR: Could not find hyperparameters for the kernel instance corresponding to the target (batch_size, a, b, c, d, precision, VSIZE) = (1024, 128, 2, 4, 8, half, 4) in the .best file, nor could we fin"
group1,2,4,2048,4096,128,8,2048,0.206284,,"ERROR: Could not find hyperparameters for the kernel instance corresponding to the target (batch_size, a, b, c, d, precision, VSIZE) = (2048, 128, 2, 4, 8, half, 4) in the .best file, nor could we fin"
group1,2,4,2048,4096,128,8,4096,0.404587,,"ERROR: Could not find hyperparameters for the kernel instance corresponding to the target (batch_size, a, b, c, d, precision, VSIZE) = (4096, 128, 2, 4, 8, half, 4) in the .best file, nor could we fin"
group1,2,4,2048,4096,256,4,1,0.052879,,"ERROR: Could not find hyperparameters for the kernel instance corresponding to the target (batch_size, a, b, c, d, precision, VSIZE) = (1, 256, 2, 4, 4, half, 4) in the .best file, nor could we find d"
group1,2,4,2048,4096,256,4,2,0.101075,,"ERROR: Could not find hyperparameters for the kernel instance corresponding to the target (batch_size, a, b, c, d, precision, VSIZE) = (2, 256, 2, 4, 4, half, 4) in the .best file, nor could we find d"
group1,2,4,2048,4096,256,4,4,0.081777,,"ERROR: Could not find hyperparameters for the kernel instance corresponding to the target (batch_size, a, b, c, d, precision, VSIZE) = (4, 256, 2, 4, 4, half, 4) in the .best file, nor could we find d"
group1,2,4,2048,4096,256,4,8,0.084784,,"ERROR: Could not find hyperparameters for the kernel instance corresponding to the target (batch_size, a, b, c, d, precision, VSIZE) = (8, 256, 2, 4, 4, half, 4) in the .best file, nor could we find d"
group1,2,4,2048,4096,256,4,16,0.083829,,"ERROR: Could not find hyperparameters for the kernel instance corresponding to the target (batch_size, a, b, c, d, precision, VSIZE) = (16, 256, 2, 4, 4, half, 4) in the .best file, nor could we find "
group1,2,4,2048,4096,256,4,32,0.083914,,"ERROR: Could not find hyperparameters for the kernel instance corresponding to the target (batch_size, a, b, c, d, precision, VSIZE) = (32, 256, 2, 4, 4, half, 4) in the .best file, nor could we find "
group1,2,4,2048,4096,256,4,64,0.085447,,"ERROR: Could not find hyperparameters for the kernel instance corresponding to the target (batch_size, a, b, c, d, precision, VSIZE) = (64, 256, 2, 4, 4, half, 4) in the .best file, nor could we find "
group1,2,4,2048,4096,256,4,128,0.083141,,"ERROR: Could not find hyperparameters for the kernel instance corresponding to the target (batch_size, a, b, c, d, precision, VSIZE) = (128, 256, 2, 4, 4, half, 4) in the .best file, nor could we find"
group1,2,4,2048,4096,256,4,256,0.082684,,"ERROR: Could not find hyperparameters for the kernel instance corresponding to the target (batch_size, a, b, c, d, precision, VSIZE) = (256, 256, 2, 4, 4, half, 4) in the .best file, nor could we find"
group1,2,4,2048,4096,256,4,512,0.084980,,"ERROR: Could not find hyperparameters for the kernel instance corresponding to the target (batch_size, a, b, c, d, precision, VSIZE) = (512, 256, 2, 4, 4, half, 4) in the .best file, nor could we find"
group1,2,4,2048,4096,256,4,1024,0.108334,,"ERROR: Could not find hyperparameters for the kernel instance corresponding to the target (batch_size, a, b, c, d, precision, VSIZE) = (1024, 256, 2, 4, 4, half, 4) in the .best file, nor could we fin"
group1,2,4,2048,4096,256,4,2048,0.206389,,"ERROR: Could not find hyperparameters for the kernel instance corresponding to the target (batch_size, a, b, c, d, precision, VSIZE) = (2048, 256, 2, 4, 4, half, 4) in the .best file, nor could we fin"
group1,2,4,2048,4096,256,4,4096,0.404729,,"ERROR: Could not find hyperparameters for the kernel instance corresponding to the target (batch_size, a, b, c, d, precision, VSIZE) = (4096, 256, 2, 4, 4, half, 4) in the .best file, nor could we fin"
group1,2,4,2048,4096,512,2,1,0.053241,,"ERROR: Could not find hyperparameters for the kernel instance corresponding to the target (batch_size, a, b, c, d, precision, VSIZE) = (1, 512, 2, 4, 2, half, 4) in the .best file, nor could we find d"
group1,2,4,2048,4096,512,2,2,0.083277,,"ERROR: Could not find hyperparameters for the kernel instance corresponding to the target (batch_size, a, b, c, d, precision, VSIZE) = (2, 512, 2, 4, 2, half, 4) in the .best file, nor could we find d"
group1,2,4,2048,4096,512,2,4,0.082629,,"ERROR: Could not find hyperparameters for the kernel instance corresponding to the target (batch_size, a, b, c, d, precision, VSIZE) = (4, 512, 2, 4, 2, half, 4) in the .best file, nor could we find d"
group1,2,4,2048,4096,512,2,8,0.083482,,"ERROR: Could not find hyperparameters for the kernel instance corresponding to the target (batch_size, a, b, c, d, precision, VSIZE) = (8, 512, 2, 4, 2, half, 4) in the .best file, nor could we find d"
group1,2,4,2048,4096,512,2,16,0.102568,,"ERROR: Could not find hyperparameters for the kernel instance corresponding to the target (batch_size, a, b, c, d, precision, VSIZE) = (16, 512, 2, 4, 2, half, 4) in the .best file, nor could we find "
group1,2,4,2048,4096,512,2,32,0.084348,,"ERROR: Could not find hyperparameters for the kernel instance corresponding to the target (batch_size, a, b, c, d, precision, VSIZE) = (32, 512, 2, 4, 2, half, 4) in the .best file, nor could we find "
group1,2,4,2048,4096,512,2,64,0.084437,,"ERROR: Could not find hyperparameters for the kernel instance corresponding to the target (batch_size, a, b, c, d, precision, VSIZE) = (64, 512, 2, 4, 2, half, 4) in the .best file, nor could we find "
group1,2,4,2048,4096,512,2,128,0.082391,,"ERROR: Could not find hyperparameters for the kernel instance corresponding to the target (batch_size, a, b, c, d, precision, VSIZE) = (128, 512, 2, 4, 2, half, 4) in the .best file, nor could we find"
group1,2,4,2048,4096,512,2,256,0.101797,,"ERROR: Could not find hyperparameters for the kernel instance corresponding to the target (batch_size, a, b, c, d, precision, VSIZE) = (256, 512, 2, 4, 2, half, 4) in the .best file, nor could we find"
group1,2,4,2048,4096,512,2,512,0.086054,,"ERROR: Could not find hyperparameters for the kernel instance corresponding to the target (batch_size, a, b, c, d, precision, VSIZE) = (512, 512, 2, 4, 2, half, 4) in the .best file, nor could we find"
group1,2,4,2048,4096,512,2,1024,0.108157,,"ERROR: Could not find hyperparameters for the kernel instance corresponding to the target (batch_size, a, b, c, d, precision, VSIZE) = (1024, 512, 2, 4, 2, half, 4) in the .best file, nor could we fin"
group1,2,4,2048,4096,512,2,2048,0.206276,,"ERROR: Could not find hyperparameters for the kernel instance corresponding to the target (batch_size, a, b, c, d, precision, VSIZE) = (2048, 512, 2, 4, 2, half, 4) in the .best file, nor could we fin"
group1,2,4,2048,4096,512,2,4096,0.404811,,"ERROR: Could not find hyperparameters for the kernel instance corresponding to the target (batch_size, a, b, c, d, precision, VSIZE) = (4096, 512, 2, 4, 2, half, 4) in the .best file, nor could we fin"
group1,2,4,2048,4096,1024,1,1,0.053049,,"ERROR: Could not find hyperparameters for the kernel instance corresponding to the target (batch_size, a, b, c, d, precision, VSIZE) = (1, 1024, 2, 4, 1, half, 4) in the .best file, nor could we find "
group1,2,4,2048,4096,1024,1,2,0.082584,,"ERROR: Could not find hyperparameters for the kernel instance corresponding to the target (batch_size, a, b, c, d, precision, VSIZE) = (2, 1024, 2, 4, 1, half, 4) in the .best file, nor could we find "
group1,2,4,2048,4096,1024,1,4,0.081634,,"ERROR: Could not find hyperparameters for the kernel instance corresponding to the target (batch_size, a, b, c, d, precision, VSIZE) = (4, 1024, 2, 4, 1, half, 4) in the .best file, nor could we find "
group1,2,4,2048,4096,1024,1,8,0.083448,,"ERROR: Could not find hyperparameters for the kernel instance corresponding to the target (batch_size, a, b, c, d, precision, VSIZE) = (8, 1024, 2, 4, 1, half, 4) in the .best file, nor could we find "
group1,2,4,2048,4096,1024,1,16,0.083214,,"ERROR: Could not find hyperparameters for the kernel instance corresponding to the target (batch_size, a, b, c, d, precision, VSIZE) = (16, 1024, 2, 4, 1, half, 4) in the .best file, nor could we find"
group1,2,4,2048,4096,1024,1,32,0.084581,,"ERROR: Could not find hyperparameters for the kernel instance corresponding to the target (batch_size, a, b, c, d, precision, VSIZE) = (32, 1024, 2, 4, 1, half, 4) in the .best file, nor could we find"
group1,2,4,2048,4096,1024,1,64,0.084854,,"ERROR: Could not find hyperparameters for the kernel instance corresponding to the target (batch_size, a, b, c, d, precision, VSIZE) = (64, 1024, 2, 4, 1, half, 4) in the .best file, nor could we find"
group1,2,4,2048,4096,1024,1,128,0.102253,,"ERROR: Could not find hyperparameters for the kernel instance corresponding to the target (batch_size, a, b, c, d, precision, VSIZE) = (128, 1024, 2, 4, 1, half, 4) in the .best file, nor could we fin"
group1,2,4,2048,4096,1024,1,256,0.083162,,"ERROR: Could not find hyperparameters for the kernel instance corresponding to the target (batch_size, a, b, c, d, precision, VSIZE) = (256, 1024, 2, 4, 1, half, 4) in the .best file, nor could we fin"
group1,2,4,2048,4096,1024,1,512,0.085050,,"ERROR: Could not find hyperparameters for the kernel instance corresponding to the target (batch_size, a, b, c, d, precision, VSIZE) = (512, 1024, 2, 4, 1, half, 4) in the .best file, nor could we fin"
group1,2,4,2048,4096,1024,1,1024,0.107034,,"ERROR: Could not find hyperparameters for the kernel instance corresponding to the target (batch_size, a, b, c, d, precision, VSIZE) = (1024, 1024, 2, 4, 1, half, 4) in the .best file, nor could we fi"
group1,2,4,2048,4096,1024,1,2048,0.204760,,"ERROR: Could not find hyperparameters for the kernel instance corresponding to the target (batch_size, a, b, c, d, precision, VSIZE) = (2048, 1024, 2, 4, 1, half, 4) in the .best file, nor could we fi"
group1,2,4,2048,4096,1024,1,4096,0.401572,,"ERROR: Could not find hyperparameters for the kernel instance corresponding to the target (batch_size, a, b, c, d, precision, VSIZE) = (4096, 1024, 2, 4, 1, half, 4) in the .best file, nor could we fi"
group1,2,8,512,2048,1,256,1,0.053164,,"ERROR: Could not find hyperparameters for the kernel instance corresponding to the target (batch_size, a, b, c, d, precision, VSIZE) = (1, 1, 2, 8, 256, half, 4) in the .best file, nor could we find d"
group1,2,8,512,2048,1,256,2,0.081876,,"ERROR: Could not find hyperparameters for the kernel instance corresponding to the target (batch_size, a, b, c, d, precision, VSIZE) = (2, 1, 2, 8, 256, half, 4) in the .best file, nor could we find d"
group1,2,8,512,2048,1,256,4,0.081569,,"ERROR: Could not find hyperparameters for the kernel instance corresponding to the target (batch_size, a, b, c, d, precision, VSIZE) = (4, 1, 2, 8, 256, half, 4) in the .best file, nor could we find d"
group1,2,8,512,2048,1,256,8,0.104044,,"ERROR: Could not find hyperparameters for the kernel instance corresponding to the target (batch_size, a, b, c, d, precision, VSIZE) = (8, 1, 2, 8, 256, half, 4) in the .best file, nor could we find d"
group1,2,8,512,2048,1,256,16,0.083407,,"ERROR: Could not find hyperparameters for the kernel instance corresponding to the target (batch_size, a, b, c, d, precision, VSIZE) = (16, 1, 2, 8, 256, half, 4) in the .best file, nor could we find "
group1,2,8,512,2048,1,256,32,0.084759,,"ERROR: Could not find hyperparameters for the kernel instance corresponding to the target (batch_size, a, b, c, d, precision, VSIZE) = (32, 1, 2, 8, 256, half, 4) in the .best file, nor could we find "
group1,2,8,512,2048,1,256,64,0.084038,,"ERROR: Could not find hyperparameters for the kernel instance corresponding to the target (batch_size, a, b, c, d, precision, VSIZE) = (64, 1, 2, 8, 256, half, 4) in the .best file, nor could we find "
group1,2,8,512,2048,1,256,128,0.082556,,"ERROR: Could not find hyperparameters for the kernel instance corresponding to the target (batch_size, a, b, c, d, precision, VSIZE) = (128, 1, 2, 8, 256, half, 4) in the .best file, nor could we find"
group1,2,8,512,2048,1,256,256,0.099849,,"ERROR: Could not find hyperparameters for the kernel instance corresponding to the target (batch_size, a, b, c, d, precision, VSIZE) = (256, 1, 2, 8, 256, half, 4) in the .best file, nor could we find"
group1,2,8,512,2048,1,256,512,0.083644,,"ERROR: Could not find hyperparameters for the kernel instance corresponding to the target (batch_size, a, b, c, d, precision, VSIZE) = (512, 1, 2, 8, 256, half, 4) in the .best file, nor could we find"
group1,2,8,512,2048,1,256,1024,0.086346,,"ERROR: Could not find hyperparameters for the kernel instance corresponding to the target (batch_size, a, b, c, d, precision, VSIZE) = (1024, 1, 2, 8, 256, half, 4) in the .best file, nor could we fin"
group1,2,8,512,2048,1,256,2048,0.084971,,"ERROR: Could not find hyperparameters for the kernel instance corresponding to the target (batch_size, a, b, c, d, precision, VSIZE) = (2048, 1, 2, 8, 256, half, 4) in the .best file, nor could we fin"
group1,2,8,512,2048,1,256,4096,0.153168,,"ERROR: Could not find hyperparameters for the kernel instance corresponding to the target (batch_size, a, b, c, d, precision, VSIZE) = (4096, 1, 2, 8, 256, half, 4) in the .best file, nor could we fin"
group1,2,8,512,2048,2,128,1,0.052905,,"ERROR: Could not find hyperparameters for the kernel instance corresponding to the target (batch_size, a, b, c, d, precision, VSIZE) = (1, 2, 2, 8, 128, half, 4) in the .best file, nor could we find d"
group1,2,8,512,2048,2,128,2,0.084883,,"ERROR: Could not find hyperparameters for the kernel instance corresponding to the target (batch_size, a, b, c, d, precision, VSIZE) = (2, 2, 2, 8, 128, half, 4) in the .best file, nor could we find d"
group1,2,8,512,2048,2,128,4,0.080925,,"ERROR: Could not find hyperparameters for the kernel instance corresponding to the target (batch_size, a, b, c, d, precision, VSIZE) = (4, 2, 2, 8, 128, half, 4) in the .best file, nor could we find d"
group1,2,8,512,2048,2,128,8,0.086086,,"ERROR: Could not find hyperparameters for the kernel instance corresponding to the target (batch_size, a, b, c, d, precision, VSIZE) = (8, 2, 2, 8, 128, half, 4) in the .best file, nor could we find d"
group1,2,8,512,2048,2,128,16,0.102347,,"ERROR: Could not find hyperparameters for the kernel instance corresponding to the target (batch_size, a, b, c, d, precision, VSIZE) = (16, 2, 2, 8, 128, half, 4) in the .best file, nor could we find "
group1,2,8,512,2048,2,128,32,0.082416,,"ERROR: Could not find hyperparameters for the kernel instance corresponding to the target (batch_size, a, b, c, d, precision, VSIZE) = (32, 2, 2, 8, 128, half, 4) in the .best file, nor could we find "
group1,2,8,512,2048,2,128,64,0.102456,,"ERROR: Could not find hyperparameters for the kernel instance corresponding to the target (batch_size, a, b, c, d, precision, VSIZE) = (64, 2, 2, 8, 128, half, 4) in the .best file, nor could we find "
group1,2,8,512,2048,2,128,128,0.081639,,"ERROR: Could not find hyperparameters for the kernel instance corresponding to the target (batch_size, a, b, c, d, precision, VSIZE) = (128, 2, 2, 8, 128, half, 4) in the .best file, nor could we find"
group1,2,8,512,2048,2,128,256,0.101358,,"ERROR: Could not find hyperparameters for the kernel instance corresponding to the target (batch_size, a, b, c, d, precision, VSIZE) = (256, 2, 2, 8, 128, half, 4) in the .best file, nor could we find"
group1,2,8,512,2048,2,128,512,0.083635,,"ERROR: Could not find hyperparameters for the kernel instance corresponding to the target (batch_size, a, b, c, d, precision, VSIZE) = (512, 2, 2, 8, 128, half, 4) in the .best file, nor could we find"
group1,2,8,512,2048,2,128,1024,0.083652,,"ERROR: Could not find hyperparameters for the kernel instance corresponding to the target (batch_size, a, b, c, d, precision, VSIZE) = (1024, 2, 2, 8, 128, half, 4) in the .best file, nor could we fin"
group1,2,8,512,2048,2,128,2048,0.083252,,"ERROR: Could not find hyperparameters for the kernel instance corresponding to the target (batch_size, a, b, c, d, precision, VSIZE) = (2048, 2, 2, 8, 128, half, 4) in the .best file, nor could we fin"
group1,2,8,512,2048,2,128,4096,0.153018,,"ERROR: Could not find hyperparameters for the kernel instance corresponding to the target (batch_size, a, b, c, d, precision, VSIZE) = (4096, 2, 2, 8, 128, half, 4) in the .best file, nor could we fin"
group1,2,8,512,2048,4,64,1,0.062325,,"ERROR: Could not find hyperparameters for the kernel instance corresponding to the target (batch_size, a, b, c, d, precision, VSIZE) = (1, 4, 2, 8, 64, half, 4) in the .best file, nor could we find de"
group1,2,8,512,2048,4,64,2,0.081923,,"ERROR: Could not find hyperparameters for the kernel instance corresponding to the target (batch_size, a, b, c, d, precision, VSIZE) = (2, 4, 2, 8, 64, half, 4) in the .best file, nor could we find de"
group1,2,8,512,2048,4,64,4,0.101334,,"ERROR: Could not find hyperparameters for the kernel instance corresponding to the target (batch_size, a, b, c, d, precision, VSIZE) = (4, 4, 2, 8, 64, half, 4) in the .best file, nor could we find de"
group1,2,8,512,2048,4,64,8,0.082477,,"ERROR: Could not find hyperparameters for the kernel instance corresponding to the target (batch_size, a, b, c, d, precision, VSIZE) = (8, 4, 2, 8, 64, half, 4) in the .best file, nor could we find de"
group1,2,8,512,2048,4,64,16,0.084846,,"ERROR: Could not find hyperparameters for the kernel instance corresponding to the target (batch_size, a, b, c, d, precision, VSIZE) = (16, 4, 2, 8, 64, half, 4) in the .best file, nor could we find d"
group1,2,8,512,2048,4,64,32,0.082089,,"ERROR: Could not find hyperparameters for the kernel instance corresponding to the target (batch_size, a, b, c, d, precision, VSIZE) = (32, 4, 2, 8, 64, half, 4) in the .best file, nor could we find d"
group1,2,8,512,2048,4,64,64,0.084854,,"ERROR: Could not find hyperparameters for the kernel instance corresponding to the target (batch_size, a, b, c, d, precision, VSIZE) = (64, 4, 2, 8, 64, half, 4) in the .best file, nor could we find d"
group1,2,8,512,2048,4,64,128,0.084293,,"ERROR: Could not find hyperparameters for the kernel instance corresponding to the target (batch_size, a, b, c, d, precision, VSIZE) = (128, 4, 2, 8, 64, half, 4) in the .best file, nor could we find "
group1,2,8,512,2048,4,64,256,0.082806,,"ERROR: Could not find hyperparameters for the kernel instance corresponding to the target (batch_size, a, b, c, d, precision, VSIZE) = (256, 4, 2, 8, 64, half, 4) in the .best file, nor could we find "
group1,2,8,512,2048,4,64,512,0.084388,,"ERROR: Could not find hyperparameters for the kernel instance corresponding to the target (batch_size, a, b, c, d, precision, VSIZE) = (512, 4, 2, 8, 64, half, 4) in the .best file, nor could we find "
group1,2,8,512,2048,4,64,1024,0.103119,,"ERROR: Could not find hyperparameters for the kernel instance corresponding to the target (batch_size, a, b, c, d, precision, VSIZE) = (1024, 4, 2, 8, 64, half, 4) in the .best file, nor could we find"
group1,2,8,512,2048,4,64,2048,0.082392,,"ERROR: Could not find hyperparameters for the kernel instance corresponding to the target (batch_size, a, b, c, d, precision, VSIZE) = (2048, 4, 2, 8, 64, half, 4) in the .best file, nor could we find"
group1,2,8,512,2048,4,64,4096,0.153150,,"ERROR: Could not find hyperparameters for the kernel instance corresponding to the target (batch_size, a, b, c, d, precision, VSIZE) = (4096, 4, 2, 8, 64, half, 4) in the .best file, nor could we find"
group1,2,8,512,2048,8,32,1,0.054648,,"ERROR: Could not find hyperparameters for the kernel instance corresponding to the target (batch_size, a, b, c, d, precision, VSIZE) = (1, 8, 2, 8, 32, half, 4) in the .best file, nor could we find de"
group1,2,8,512,2048,8,32,2,0.083652,,"ERROR: Could not find hyperparameters for the kernel instance corresponding to the target (batch_size, a, b, c, d, precision, VSIZE) = (2, 8, 2, 8, 32, half, 4) in the .best file, nor could we find de"
group1,2,8,512,2048,8,32,4,0.083527,,"ERROR: Could not find hyperparameters for the kernel instance corresponding to the target (batch_size, a, b, c, d, precision, VSIZE) = (4, 8, 2, 8, 32, half, 4) in the .best file, nor could we find de"
group1,2,8,512,2048,8,32,8,0.082669,,"ERROR: Could not find hyperparameters for the kernel instance corresponding to the target (batch_size, a, b, c, d, precision, VSIZE) = (8, 8, 2, 8, 32, half, 4) in the .best file, nor could we find de"
group1,2,8,512,2048,8,32,16,0.084378,,"ERROR: Could not find hyperparameters for the kernel instance corresponding to the target (batch_size, a, b, c, d, precision, VSIZE) = (16, 8, 2, 8, 32, half, 4) in the .best file, nor could we find d"
group1,2,8,512,2048,8,32,32,0.100622,,"ERROR: Could not find hyperparameters for the kernel instance corresponding to the target (batch_size, a, b, c, d, precision, VSIZE) = (32, 8, 2, 8, 32, half, 4) in the .best file, nor could we find d"
group1,2,8,512,2048,8,32,64,0.084312,,"ERROR: Could not find hyperparameters for the kernel instance corresponding to the target (batch_size, a, b, c, d, precision, VSIZE) = (64, 8, 2, 8, 32, half, 4) in the .best file, nor could we find d"
group1,2,8,512,2048,8,32,128,0.083246,,"ERROR: Could not find hyperparameters for the kernel instance corresponding to the target (batch_size, a, b, c, d, precision, VSIZE) = (128, 8, 2, 8, 32, half, 4) in the .best file, nor could we find "
group1,2,8,512,2048,8,32,256,0.084814,,"ERROR: Could not find hyperparameters for the kernel instance corresponding to the target (batch_size, a, b, c, d, precision, VSIZE) = (256, 8, 2, 8, 32, half, 4) in the .best file, nor could we find "
group1,2,8,512,2048,8,32,512,0.101198,,"ERROR: Could not find hyperparameters for the kernel instance corresponding to the target (batch_size, a, b, c, d, precision, VSIZE) = (512, 8, 2, 8, 32, half, 4) in the .best file, nor could we find "
group1,2,8,512,2048,8,32,1024,0.081735,,"ERROR: Could not find hyperparameters for the kernel instance corresponding to the target (batch_size, a, b, c, d, precision, VSIZE) = (1024, 8, 2, 8, 32, half, 4) in the .best file, nor could we find"
group1,2,8,512,2048,8,32,2048,0.083620,,"ERROR: Could not find hyperparameters for the kernel instance corresponding to the target (batch_size, a, b, c, d, precision, VSIZE) = (2048, 8, 2, 8, 32, half, 4) in the .best file, nor could we find"
group1,2,8,512,2048,8,32,4096,0.153186,,"ERROR: Could not find hyperparameters for the kernel instance corresponding to the target (batch_size, a, b, c, d, precision, VSIZE) = (4096, 8, 2, 8, 32, half, 4) in the .best file, nor could we find"
group1,2,8,512,2048,16,16,1,0.053145,,"ERROR: Could not find hyperparameters for the kernel instance corresponding to the target (batch_size, a, b, c, d, precision, VSIZE) = (1, 16, 2, 8, 16, half, 4) in the .best file, nor could we find d"
group1,2,8,512,2048,16,16,2,0.101933,,"ERROR: Could not find hyperparameters for the kernel instance corresponding to the target (batch_size, a, b, c, d, precision, VSIZE) = (2, 16, 2, 8, 16, half, 4) in the .best file, nor could we find d"
group1,2,8,512,2048,16,16,4,0.081097,,"ERROR: Could not find hyperparameters for the kernel instance corresponding to the target (batch_size, a, b, c, d, precision, VSIZE) = (4, 16, 2, 8, 16, half, 4) in the .best file, nor could we find d"
group1,2,8,512,2048,16,16,8,0.083510,,"ERROR: Could not find hyperparameters for the kernel instance corresponding to the target (batch_size, a, b, c, d, precision, VSIZE) = (8, 16, 2, 8, 16, half, 4) in the .best file, nor could we find d"
group1,2,8,512,2048,16,16,16,0.083958,,"ERROR: Could not find hyperparameters for the kernel instance corresponding to the target (batch_size, a, b, c, d, precision, VSIZE) = (16, 16, 2, 8, 16, half, 4) in the .best file, nor could we find "
group1,2,8,512,2048,16,16,32,0.084800,,"ERROR: Could not find hyperparameters for the kernel instance corresponding to the target (batch_size, a, b, c, d, precision, VSIZE) = (32, 16, 2, 8, 16, half, 4) in the .best file, nor could we find "
group1,2,8,512,2048,16,16,64,0.084476,,"ERROR: Could not find hyperparameters for the kernel instance corresponding to the target (batch_size, a, b, c, d, precision, VSIZE) = (64, 16, 2, 8, 16, half, 4) in the .best file, nor could we find "
group1,2,8,512,2048,16,16,128,0.084261,,"ERROR: Could not find hyperparameters for the kernel instance corresponding to the target (batch_size, a, b, c, d, precision, VSIZE) = (128, 16, 2, 8, 16, half, 4) in the .best file, nor could we find"
group1,2,8,512,2048,16,16,256,0.085424,,"ERROR: Could not find hyperparameters for the kernel instance corresponding to the target (batch_size, a, b, c, d, precision, VSIZE) = (256, 16, 2, 8, 16, half, 4) in the .best file, nor could we find"
group1,2,8,512,2048,16,16,512,0.084534,,"ERROR: Could not find hyperparameters for the kernel instance corresponding to the target (batch_size, a, b, c, d, precision, VSIZE) = (512, 16, 2, 8, 16, half, 4) in the .best file, nor could we find"
group1,2,8,512,2048,16,16,1024,0.084183,,"ERROR: Could not find hyperparameters for the kernel instance corresponding to the target (batch_size, a, b, c, d, precision, VSIZE) = (1024, 16, 2, 8, 16, half, 4) in the .best file, nor could we fin"
group1,2,8,512,2048,16,16,2048,0.081374,,"ERROR: Could not find hyperparameters for the kernel instance corresponding to the target (batch_size, a, b, c, d, precision, VSIZE) = (2048, 16, 2, 8, 16, half, 4) in the .best file, nor could we fin"
group1,2,8,512,2048,16,16,4096,0.152647,,"ERROR: Could not find hyperparameters for the kernel instance corresponding to the target (batch_size, a, b, c, d, precision, VSIZE) = (4096, 16, 2, 8, 16, half, 4) in the .best file, nor could we fin"
group1,2,8,512,2048,32,8,1,0.053194,,"ERROR: Could not find hyperparameters for the kernel instance corresponding to the target (batch_size, a, b, c, d, precision, VSIZE) = (1, 32, 2, 8, 8, half, 4) in the .best file, nor could we find de"
group1,2,8,512,2048,32,8,2,0.081654,,"ERROR: Could not find hyperparameters for the kernel instance corresponding to the target (batch_size, a, b, c, d, precision, VSIZE) = (2, 32, 2, 8, 8, half, 4) in the .best file, nor could we find de"
group1,2,8,512,2048,32,8,4,0.085328,,"ERROR: Could not find hyperparameters for the kernel instance corresponding to the target (batch_size, a, b, c, d, precision, VSIZE) = (4, 32, 2, 8, 8, half, 4) in the .best file, nor could we find de"
group1,2,8,512,2048,32,8,8,0.082598,,"ERROR: Could not find hyperparameters for the kernel instance corresponding to the target (batch_size, a, b, c, d, precision, VSIZE) = (8, 32, 2, 8, 8, half, 4) in the .best file, nor could we find de"
group1,2,8,512,2048,32,8,16,0.100857,,"ERROR: Could not find hyperparameters for the kernel instance corresponding to the target (batch_size, a, b, c, d, precision, VSIZE) = (16, 32, 2, 8, 8, half, 4) in the .best file, nor could we find d"
group1,2,8,512,2048,32,8,32,0.083030,,"ERROR: Could not find hyperparameters for the kernel instance corresponding to the target (batch_size, a, b, c, d, precision, VSIZE) = (32, 32, 2, 8, 8, half, 4) in the .best file, nor could we find d"
group1,2,8,512,2048,32,8,64,0.082443,,"ERROR: Could not find hyperparameters for the kernel instance corresponding to the target (batch_size, a, b, c, d, precision, VSIZE) = (64, 32, 2, 8, 8, half, 4) in the .best file, nor could we find d"
group1,2,8,512,2048,32,8,128,0.081887,,"ERROR: Could not find hyperparameters for the kernel instance corresponding to the target (batch_size, a, b, c, d, precision, VSIZE) = (128, 32, 2, 8, 8, half, 4) in the .best file, nor could we find "
group1,2,8,512,2048,32,8,256,0.083850,,"ERROR: Could not find hyperparameters for the kernel instance corresponding to the target (batch_size, a, b, c, d, precision, VSIZE) = (256, 32, 2, 8, 8, half, 4) in the .best file, nor could we find "
group1,2,8,512,2048,32,8,512,0.085609,,"ERROR: Could not find hyperparameters for the kernel instance corresponding to the target (batch_size, a, b, c, d, precision, VSIZE) = (512, 32, 2, 8, 8, half, 4) in the .best file, nor could we find "
group1,2,8,512,2048,32,8,1024,0.086163,,"ERROR: Could not find hyperparameters for the kernel instance corresponding to the target (batch_size, a, b, c, d, precision, VSIZE) = (1024, 32, 2, 8, 8, half, 4) in the .best file, nor could we find"
group1,2,8,512,2048,32,8,2048,0.083177,,"ERROR: Could not find hyperparameters for the kernel instance corresponding to the target (batch_size, a, b, c, d, precision, VSIZE) = (2048, 32, 2, 8, 8, half, 4) in the .best file, nor could we find"
group1,2,8,512,2048,32,8,4096,0.153010,,"ERROR: Could not find hyperparameters for the kernel instance corresponding to the target (batch_size, a, b, c, d, precision, VSIZE) = (4096, 32, 2, 8, 8, half, 4) in the .best file, nor could we find"
group1,2,8,512,2048,64,4,1,0.062500,,"ERROR: Could not find hyperparameters for the kernel instance corresponding to the target (batch_size, a, b, c, d, precision, VSIZE) = (1, 64, 2, 8, 4, half, 4) in the .best file, nor could we find de"
group1,2,8,512,2048,64,4,2,0.083204,,"ERROR: Could not find hyperparameters for the kernel instance corresponding to the target (batch_size, a, b, c, d, precision, VSIZE) = (2, 64, 2, 8, 4, half, 4) in the .best file, nor could we find de"
group1,2,8,512,2048,64,4,4,0.082224,,"ERROR: Could not find hyperparameters for the kernel instance corresponding to the target (batch_size, a, b, c, d, precision, VSIZE) = (4, 64, 2, 8, 4, half, 4) in the .best file, nor could we find de"
group1,2,8,512,2048,64,4,8,0.101495,,"ERROR: Could not find hyperparameters for the kernel instance corresponding to the target (batch_size, a, b, c, d, precision, VSIZE) = (8, 64, 2, 8, 4, half, 4) in the .best file, nor could we find de"
group1,2,8,512,2048,64,4,16,0.083829,,"ERROR: Could not find hyperparameters for the kernel instance corresponding to the target (batch_size, a, b, c, d, precision, VSIZE) = (16, 64, 2, 8, 4, half, 4) in the .best file, nor could we find d"
group1,2,8,512,2048,64,4,32,0.099219,,"ERROR: Could not find hyperparameters for the kernel instance corresponding to the target (batch_size, a, b, c, d, precision, VSIZE) = (32, 64, 2, 8, 4, half, 4) in the .best file, nor could we find d"
group1,2,8,512,2048,64,4,64,0.085376,,"ERROR: Could not find hyperparameters for the kernel instance corresponding to the target (batch_size, a, b, c, d, precision, VSIZE) = (64, 64, 2, 8, 4, half, 4) in the .best file, nor could we find d"
group1,2,8,512,2048,64,4,128,0.081413,,"ERROR: Could not find hyperparameters for the kernel instance corresponding to the target (batch_size, a, b, c, d, precision, VSIZE) = (128, 64, 2, 8, 4, half, 4) in the .best file, nor could we find "
group1,2,8,512,2048,64,4,256,0.082504,,"ERROR: Could not find hyperparameters for the kernel instance corresponding to the target (batch_size, a, b, c, d, precision, VSIZE) = (256, 64, 2, 8, 4, half, 4) in the .best file, nor could we find "
group1,2,8,512,2048,64,4,512,0.083164,,"ERROR: Could not find hyperparameters for the kernel instance corresponding to the target (batch_size, a, b, c, d, precision, VSIZE) = (512, 64, 2, 8, 4, half, 4) in the .best file, nor could we find "
group1,2,8,512,2048,64,4,1024,0.081998,,"ERROR: Could not find hyperparameters for the kernel instance corresponding to the target (batch_size, a, b, c, d, precision, VSIZE) = (1024, 64, 2, 8, 4, half, 4) in the .best file, nor could we find"
group1,2,8,512,2048,64,4,2048,0.082910,,"ERROR: Could not find hyperparameters for the kernel instance corresponding to the target (batch_size, a, b, c, d, precision, VSIZE) = (2048, 64, 2, 8, 4, half, 4) in the .best file, nor could we find"
group1,2,8,512,2048,64,4,4096,0.152852,,"ERROR: Could not find hyperparameters for the kernel instance corresponding to the target (batch_size, a, b, c, d, precision, VSIZE) = (4096, 64, 2, 8, 4, half, 4) in the .best file, nor could we find"
group1,2,8,512,2048,128,2,1,0.052959,,"ERROR: Could not find hyperparameters for the kernel instance corresponding to the target (batch_size, a, b, c, d, precision, VSIZE) = (1, 128, 2, 8, 2, half, 4) in the .best file, nor could we find d"
group1,2,8,512,2048,128,2,2,0.083413,,"ERROR: Could not find hyperparameters for the kernel instance corresponding to the target (batch_size, a, b, c, d, precision, VSIZE) = (2, 128, 2, 8, 2, half, 4) in the .best file, nor could we find d"
group1,2,8,512,2048,128,2,4,0.081665,,"ERROR: Could not find hyperparameters for the kernel instance corresponding to the target (batch_size, a, b, c, d, precision, VSIZE) = (4, 128, 2, 8, 2, half, 4) in the .best file, nor could we find d"
group1,2,8,512,2048,128,2,8,0.083842,,"ERROR: Could not find hyperparameters for the kernel instance corresponding to the target (batch_size, a, b, c, d, precision, VSIZE) = (8, 128, 2, 8, 2, half, 4) in the .best file, nor could we find d"
group1,2,8,512,2048,128,2,16,0.082681,,"ERROR: Could not find hyperparameters for the kernel instance corresponding to the target (batch_size, a, b, c, d, precision, VSIZE) = (16, 128, 2, 8, 2, half, 4) in the .best file, nor could we find "
group1,2,8,512,2048,128,2,32,0.080900,,"ERROR: Could not find hyperparameters for the kernel instance corresponding to the target (batch_size, a, b, c, d, precision, VSIZE) = (32, 128, 2, 8, 2, half, 4) in the .best file, nor could we find "
group1,2,8,512,2048,128,2,64,0.083592,,"ERROR: Could not find hyperparameters for the kernel instance corresponding to the target (batch_size, a, b, c, d, precision, VSIZE) = (64, 128, 2, 8, 2, half, 4) in the .best file, nor could we find "
group1,2,8,512,2048,128,2,128,0.085791,,"ERROR: Could not find hyperparameters for the kernel instance corresponding to the target (batch_size, a, b, c, d, precision, VSIZE) = (128, 128, 2, 8, 2, half, 4) in the .best file, nor could we find"
group1,2,8,512,2048,128,2,256,0.084660,,"ERROR: Could not find hyperparameters for the kernel instance corresponding to the target (batch_size, a, b, c, d, precision, VSIZE) = (256, 128, 2, 8, 2, half, 4) in the .best file, nor could we find"
group1,2,8,512,2048,128,2,512,0.083487,,"ERROR: Could not find hyperparameters for the kernel instance corresponding to the target (batch_size, a, b, c, d, precision, VSIZE) = (512, 128, 2, 8, 2, half, 4) in the .best file, nor could we find"
group1,2,8,512,2048,128,2,1024,0.083503,,"ERROR: Could not find hyperparameters for the kernel instance corresponding to the target (batch_size, a, b, c, d, precision, VSIZE) = (1024, 128, 2, 8, 2, half, 4) in the .best file, nor could we fin"
group1,2,8,512,2048,128,2,2048,0.083650,,"ERROR: Could not find hyperparameters for the kernel instance corresponding to the target (batch_size, a, b, c, d, precision, VSIZE) = (2048, 128, 2, 8, 2, half, 4) in the .best file, nor could we fin"
group1,2,8,512,2048,128,2,4096,0.152889,,"ERROR: Could not find hyperparameters for the kernel instance corresponding to the target (batch_size, a, b, c, d, precision, VSIZE) = (4096, 128, 2, 8, 2, half, 4) in the .best file, nor could we fin"
group1,2,8,512,2048,256,1,1,0.053256,,"ERROR: Could not find hyperparameters for the kernel instance corresponding to the target (batch_size, a, b, c, d, precision, VSIZE) = (1, 256, 2, 8, 1, half, 4) in the .best file, nor could we find d"
group1,2,8,512,2048,256,1,2,0.082029,,"ERROR: Could not find hyperparameters for the kernel instance corresponding to the target (batch_size, a, b, c, d, precision, VSIZE) = (2, 256, 2, 8, 1, half, 4) in the .best file, nor could we find d"
group1,2,8,512,2048,256,1,4,0.082151,,"ERROR: Could not find hyperparameters for the kernel instance corresponding to the target (batch_size, a, b, c, d, precision, VSIZE) = (4, 256, 2, 8, 1, half, 4) in the .best file, nor could we find d"
group1,2,8,512,2048,256,1,8,0.082582,,"ERROR: Could not find hyperparameters for the kernel instance corresponding to the target (batch_size, a, b, c, d, precision, VSIZE) = (8, 256, 2, 8, 1, half, 4) in the .best file, nor could we find d"
group1,2,8,512,2048,256,1,16,0.082554,,"ERROR: Could not find hyperparameters for the kernel instance corresponding to the target (batch_size, a, b, c, d, precision, VSIZE) = (16, 256, 2, 8, 1, half, 4) in the .best file, nor could we find "
group1,2,8,512,2048,256,1,32,0.083603,,"ERROR: Could not find hyperparameters for the kernel instance corresponding to the target (batch_size, a, b, c, d, precision, VSIZE) = (32, 256, 2, 8, 1, half, 4) in the .best file, nor could we find "
group1,2,8,512,2048,256,1,64,0.080932,,"ERROR: Could not find hyperparameters for the kernel instance corresponding to the target (batch_size, a, b, c, d, precision, VSIZE) = (64, 256, 2, 8, 1, half, 4) in the .best file, nor could we find "
group1,2,8,512,2048,256,1,128,0.081695,,"ERROR: Could not find hyperparameters for the kernel instance corresponding to the target (batch_size, a, b, c, d, precision, VSIZE) = (128, 256, 2, 8, 1, half, 4) in the .best file, nor could we find"
group1,2,8,512,2048,256,1,256,0.083181,,"ERROR: Could not find hyperparameters for the kernel instance corresponding to the target (batch_size, a, b, c, d, precision, VSIZE) = (256, 256, 2, 8, 1, half, 4) in the .best file, nor could we find"
group1,2,8,512,2048,256,1,512,0.082721,,"ERROR: Could not find hyperparameters for the kernel instance corresponding to the target (batch_size, a, b, c, d, precision, VSIZE) = (512, 256, 2, 8, 1, half, 4) in the .best file, nor could we find"
group1,2,8,512,2048,256,1,1024,0.083780,,"ERROR: Could not find hyperparameters for the kernel instance corresponding to the target (batch_size, a, b, c, d, precision, VSIZE) = (1024, 256, 2, 8, 1, half, 4) in the .best file, nor could we fin"
group1,2,8,512,2048,256,1,2048,0.085479,,"ERROR: Could not find hyperparameters for the kernel instance corresponding to the target (batch_size, a, b, c, d, precision, VSIZE) = (2048, 256, 2, 8, 1, half, 4) in the .best file, nor could we fin"
group1,2,8,512,2048,256,1,4096,0.152361,,"ERROR: Could not find hyperparameters for the kernel instance corresponding to the target (batch_size, a, b, c, d, precision, VSIZE) = (4096, 256, 2, 8, 1, half, 4) in the .best file, nor could we fin"
group1,2,8,1024,4096,1,512,1,0.052613,,"ERROR: Could not find hyperparameters for the kernel instance corresponding to the target (batch_size, a, b, c, d, precision, VSIZE) = (1, 1, 2, 8, 512, half, 4) in the .best file, nor could we find d"
group1,2,8,1024,4096,1,512,2,0.081538,,"ERROR: Could not find hyperparameters for the kernel instance corresponding to the target (batch_size, a, b, c, d, precision, VSIZE) = (2, 1, 2, 8, 512, half, 4) in the .best file, nor could we find d"
group1,2,8,1024,4096,1,512,4,0.084515,,"ERROR: Could not find hyperparameters for the kernel instance corresponding to the target (batch_size, a, b, c, d, precision, VSIZE) = (4, 1, 2, 8, 512, half, 4) in the .best file, nor could we find d"
group1,2,8,1024,4096,1,512,8,0.084511,,"ERROR: Could not find hyperparameters for the kernel instance corresponding to the target (batch_size, a, b, c, d, precision, VSIZE) = (8, 1, 2, 8, 512, half, 4) in the .best file, nor could we find d"
group1,2,8,1024,4096,1,512,16,0.084032,,"ERROR: Could not find hyperparameters for the kernel instance corresponding to the target (batch_size, a, b, c, d, precision, VSIZE) = (16, 1, 2, 8, 512, half, 4) in the .best file, nor could we find "
group1,2,8,1024,4096,1,512,32,0.084420,,"ERROR: Could not find hyperparameters for the kernel instance corresponding to the target (batch_size, a, b, c, d, precision, VSIZE) = (32, 1, 2, 8, 512, half, 4) in the .best file, nor could we find "
group1,2,8,1024,4096,1,512,64,0.081760,,"ERROR: Could not find hyperparameters for the kernel instance corresponding to the target (batch_size, a, b, c, d, precision, VSIZE) = (64, 1, 2, 8, 512, half, 4) in the .best file, nor could we find "
group1,2,8,1024,4096,1,512,128,0.083227,,"ERROR: Could not find hyperparameters for the kernel instance corresponding to the target (batch_size, a, b, c, d, precision, VSIZE) = (128, 1, 2, 8, 512, half, 4) in the .best file, nor could we find"
group1,2,8,1024,4096,1,512,256,0.085424,,"ERROR: Could not find hyperparameters for the kernel instance corresponding to the target (batch_size, a, b, c, d, precision, VSIZE) = (256, 1, 2, 8, 512, half, 4) in the .best file, nor could we find"
group1,2,8,1024,4096,1,512,512,0.085648,,"ERROR: Could not find hyperparameters for the kernel instance corresponding to the target (batch_size, a, b, c, d, precision, VSIZE) = (512, 1, 2, 8, 512, half, 4) in the .best file, nor could we find"
group1,2,8,1024,4096,1,512,1024,0.083867,,"ERROR: Could not find hyperparameters for the kernel instance corresponding to the target (batch_size, a, b, c, d, precision, VSIZE) = (1024, 1, 2, 8, 512, half, 4) in the .best file, nor could we fin"
group1,2,8,1024,4096,1,512,2048,0.153436,,"ERROR: Could not find hyperparameters for the kernel instance corresponding to the target (batch_size, a, b, c, d, precision, VSIZE) = (2048, 1, 2, 8, 512, half, 4) in the .best file, nor could we fin"
group1,2,8,1024,4096,1,512,4096,0.298120,,"ERROR: Could not find hyperparameters for the kernel instance corresponding to the target (batch_size, a, b, c, d, precision, VSIZE) = (4096, 1, 2, 8, 512, half, 4) in the .best file, nor could we fin"
group1,2,8,1024,4096,2,256,1,0.054230,,"ERROR: Could not find hyperparameters for the kernel instance corresponding to the target (batch_size, a, b, c, d, precision, VSIZE) = (1, 2, 2, 8, 256, half, 4) in the .best file, nor could we find d"
group1,2,8,1024,4096,2,256,2,0.084765,,"ERROR: Could not find hyperparameters for the kernel instance corresponding to the target (batch_size, a, b, c, d, precision, VSIZE) = (2, 2, 2, 8, 256, half, 4) in the .best file, nor could we find d"
group1,2,8,1024,4096,2,256,4,0.081482,,"ERROR: Could not find hyperparameters for the kernel instance corresponding to the target (batch_size, a, b, c, d, precision, VSIZE) = (4, 2, 2, 8, 256, half, 4) in the .best file, nor could we find d"
group1,2,8,1024,4096,2,256,8,0.084627,,"ERROR: Could not find hyperparameters for the kernel instance corresponding to the target (batch_size, a, b, c, d, precision, VSIZE) = (8, 2, 2, 8, 256, half, 4) in the .best file, nor could we find d"
group1,2,8,1024,4096,2,256,16,0.083768,,"ERROR: Could not find hyperparameters for the kernel instance corresponding to the target (batch_size, a, b, c, d, precision, VSIZE) = (16, 2, 2, 8, 256, half, 4) in the .best file, nor could we find "
group1,2,8,1024,4096,2,256,32,0.085501,,"ERROR: Could not find hyperparameters for the kernel instance corresponding to the target (batch_size, a, b, c, d, precision, VSIZE) = (32, 2, 2, 8, 256, half, 4) in the .best file, nor could we find "
group1,2,8,1024,4096,2,256,64,0.082339,,"ERROR: Could not find hyperparameters for the kernel instance corresponding to the target (batch_size, a, b, c, d, precision, VSIZE) = (64, 2, 2, 8, 256, half, 4) in the .best file, nor could we find "
group1,2,8,1024,4096,2,256,128,0.085496,,"ERROR: Could not find hyperparameters for the kernel instance corresponding to the target (batch_size, a, b, c, d, precision, VSIZE) = (128, 2, 2, 8, 256, half, 4) in the .best file, nor could we find"
group1,2,8,1024,4096,2,256,256,0.102746,,"ERROR: Could not find hyperparameters for the kernel instance corresponding to the target (batch_size, a, b, c, d, precision, VSIZE) = (256, 2, 2, 8, 256, half, 4) in the .best file, nor could we find"
group1,2,8,1024,4096,2,256,512,0.084749,,"ERROR: Could not find hyperparameters for the kernel instance corresponding to the target (batch_size, a, b, c, d, precision, VSIZE) = (512, 2, 2, 8, 256, half, 4) in the .best file, nor could we find"
group1,2,8,1024,4096,2,256,1024,0.084476,,"ERROR: Could not find hyperparameters for the kernel instance corresponding to the target (batch_size, a, b, c, d, precision, VSIZE) = (1024, 2, 2, 8, 256, half, 4) in the .best file, nor could we fin"
group1,2,8,1024,4096,2,256,2048,0.153550,,"ERROR: Could not find hyperparameters for the kernel instance corresponding to the target (batch_size, a, b, c, d, precision, VSIZE) = (2048, 2, 2, 8, 256, half, 4) in the .best file, nor could we fin"
group1,2,8,1024,4096,2,256,4096,0.297939,,"ERROR: Could not find hyperparameters for the kernel instance corresponding to the target (batch_size, a, b, c, d, precision, VSIZE) = (4096, 2, 2, 8, 256, half, 4) in the .best file, nor could we fin"
group1,2,8,1024,4096,4,128,1,0.053433,,"ERROR: Could not find hyperparameters for the kernel instance corresponding to the target (batch_size, a, b, c, d, precision, VSIZE) = (1, 4, 2, 8, 128, half, 4) in the .best file, nor could we find d"
group1,2,8,1024,4096,4,128,2,0.084066,,"ERROR: Could not find hyperparameters for the kernel instance corresponding to the target (batch_size, a, b, c, d, precision, VSIZE) = (2, 4, 2, 8, 128, half, 4) in the .best file, nor could we find d"
group1,2,8,1024,4096,4,128,4,0.082842,,"ERROR: Could not find hyperparameters for the kernel instance corresponding to the target (batch_size, a, b, c, d, precision, VSIZE) = (4, 4, 2, 8, 128, half, 4) in the .best file, nor could we find d"
group1,2,8,1024,4096,4,128,8,0.081590,,"ERROR: Could not find hyperparameters for the kernel instance corresponding to the target (batch_size, a, b, c, d, precision, VSIZE) = (8, 4, 2, 8, 128, half, 4) in the .best file, nor could we find d"
group1,2,8,1024,4096,4,128,16,0.082934,,"ERROR: Could not find hyperparameters for the kernel instance corresponding to the target (batch_size, a, b, c, d, precision, VSIZE) = (16, 4, 2, 8, 128, half, 4) in the .best file, nor could we find "
group1,2,8,1024,4096,4,128,32,0.083526,,"ERROR: Could not find hyperparameters for the kernel instance corresponding to the target (batch_size, a, b, c, d, precision, VSIZE) = (32, 4, 2, 8, 128, half, 4) in the .best file, nor could we find "
group1,2,8,1024,4096,4,128,64,0.081397,,"ERROR: Could not find hyperparameters for the kernel instance corresponding to the target (batch_size, a, b, c, d, precision, VSIZE) = (64, 4, 2, 8, 128, half, 4) in the .best file, nor could we find "
group1,2,8,1024,4096,4,128,128,0.082488,,"ERROR: Could not find hyperparameters for the kernel instance corresponding to the target (batch_size, a, b, c, d, precision, VSIZE) = (128, 4, 2, 8, 128, half, 4) in the .best file, nor could we find"
group1,2,8,1024,4096,4,128,256,0.083125,,"ERROR: Could not find hyperparameters for the kernel instance corresponding to the target (batch_size, a, b, c, d, precision, VSIZE) = (256, 4, 2, 8, 128, half, 4) in the .best file, nor could we find"
group1,2,8,1024,4096,4,128,512,0.083547,,"ERROR: Could not find hyperparameters for the kernel instance corresponding to the target (batch_size, a, b, c, d, precision, VSIZE) = (512, 4, 2, 8, 128, half, 4) in the .best file, nor could we find"
group1,2,8,1024,4096,4,128,1024,0.083337,,"ERROR: Could not find hyperparameters for the kernel instance corresponding to the target (batch_size, a, b, c, d, precision, VSIZE) = (1024, 4, 2, 8, 128, half, 4) in the .best file, nor could we fin"
group1,2,8,1024,4096,4,128,2048,0.153170,,"ERROR: Could not find hyperparameters for the kernel instance corresponding to the target (batch_size, a, b, c, d, precision, VSIZE) = (2048, 4, 2, 8, 128, half, 4) in the .best file, nor could we fin"
group1,2,8,1024,4096,4,128,4096,0.298162,,"ERROR: Could not find hyperparameters for the kernel instance corresponding to the target (batch_size, a, b, c, d, precision, VSIZE) = (4096, 4, 2, 8, 128, half, 4) in the .best file, nor could we fin"
group1,2,8,1024,4096,8,64,1,0.063176,,"ERROR: Could not find hyperparameters for the kernel instance corresponding to the target (batch_size, a, b, c, d, precision, VSIZE) = (1, 8, 2, 8, 64, half, 4) in the .best file, nor could we find de"
group1,2,8,1024,4096,8,64,2,0.084249,,"ERROR: Could not find hyperparameters for the kernel instance corresponding to the target (batch_size, a, b, c, d, precision, VSIZE) = (2, 8, 2, 8, 64, half, 4) in the .best file, nor could we find de"
group1,2,8,1024,4096,8,64,4,0.085162,,"ERROR: Could not find hyperparameters for the kernel instance corresponding to the target (batch_size, a, b, c, d, precision, VSIZE) = (4, 8, 2, 8, 64, half, 4) in the .best file, nor could we find de"
group1,2,8,1024,4096,8,64,8,0.101174,,"ERROR: Could not find hyperparameters for the kernel instance corresponding to the target (batch_size, a, b, c, d, precision, VSIZE) = (8, 8, 2, 8, 64, half, 4) in the .best file, nor could we find de"
group1,2,8,1024,4096,8,64,16,0.084081,,"ERROR: Could not find hyperparameters for the kernel instance corresponding to the target (batch_size, a, b, c, d, precision, VSIZE) = (16, 8, 2, 8, 64, half, 4) in the .best file, nor could we find d"
group1,2,8,1024,4096,8,64,32,0.082218,,"ERROR: Could not find hyperparameters for the kernel instance corresponding to the target (batch_size, a, b, c, d, precision, VSIZE) = (32, 8, 2, 8, 64, half, 4) in the .best file, nor could we find d"
group1,2,8,1024,4096,8,64,64,0.085094,,"ERROR: Could not find hyperparameters for the kernel instance corresponding to the target (batch_size, a, b, c, d, precision, VSIZE) = (64, 8, 2, 8, 64, half, 4) in the .best file, nor could we find d"
group1,2,8,1024,4096,8,64,128,0.084814,,"ERROR: Could not find hyperparameters for the kernel instance corresponding to the target (batch_size, a, b, c, d, precision, VSIZE) = (128, 8, 2, 8, 64, half, 4) in the .best file, nor could we find "
group1,2,8,1024,4096,8,64,256,0.083010,,"ERROR: Could not find hyperparameters for the kernel instance corresponding to the target (batch_size, a, b, c, d, precision, VSIZE) = (256, 8, 2, 8, 64, half, 4) in the .best file, nor could we find "
group1,2,8,1024,4096,8,64,512,0.085375,,"ERROR: Could not find hyperparameters for the kernel instance corresponding to the target (batch_size, a, b, c, d, precision, VSIZE) = (512, 8, 2, 8, 64, half, 4) in the .best file, nor could we find "
group1,2,8,1024,4096,8,64,1024,0.083586,,"ERROR: Could not find hyperparameters for the kernel instance corresponding to the target (batch_size, a, b, c, d, precision, VSIZE) = (1024, 8, 2, 8, 64, half, 4) in the .best file, nor could we find"
group1,2,8,1024,4096,8,64,2048,0.153706,,"ERROR: Could not find hyperparameters for the kernel instance corresponding to the target (batch_size, a, b, c, d, precision, VSIZE) = (2048, 8, 2, 8, 64, half, 4) in the .best file, nor could we find"
group1,2,8,1024,4096,8,64,4096,0.298265,,"ERROR: Could not find hyperparameters for the kernel instance corresponding to the target (batch_size, a, b, c, d, precision, VSIZE) = (4096, 8, 2, 8, 64, half, 4) in the .best file, nor could we find"
group1,2,8,1024,4096,16,32,1,0.053038,,"ERROR: Could not find hyperparameters for the kernel instance corresponding to the target (batch_size, a, b, c, d, precision, VSIZE) = (1, 16, 2, 8, 32, half, 4) in the .best file, nor could we find d"
group1,2,8,1024,4096,16,32,2,0.085752,,"ERROR: Could not find hyperparameters for the kernel instance corresponding to the target (batch_size, a, b, c, d, precision, VSIZE) = (2, 16, 2, 8, 32, half, 4) in the .best file, nor could we find d"
group1,2,8,1024,4096,16,32,4,0.081582,,"ERROR: Could not find hyperparameters for the kernel instance corresponding to the target (batch_size, a, b, c, d, precision, VSIZE) = (4, 16, 2, 8, 32, half, 4) in the .best file, nor could we find d"
group1,2,8,1024,4096,16,32,8,0.100080,,"ERROR: Could not find hyperparameters for the kernel instance corresponding to the target (batch_size, a, b, c, d, precision, VSIZE) = (8, 16, 2, 8, 32, half, 4) in the .best file, nor could we find d"
group1,2,8,1024,4096,16,32,16,0.083548,,"ERROR: Could not find hyperparameters for the kernel instance corresponding to the target (batch_size, a, b, c, d, precision, VSIZE) = (16, 16, 2, 8, 32, half, 4) in the .best file, nor could we find "
group1,2,8,1024,4096,16,32,32,0.102219,,"ERROR: Could not find hyperparameters for the kernel instance corresponding to the target (batch_size, a, b, c, d, precision, VSIZE) = (32, 16, 2, 8, 32, half, 4) in the .best file, nor could we find "
group1,2,8,1024,4096,16,32,64,0.084866,,"ERROR: Could not find hyperparameters for the kernel instance corresponding to the target (batch_size, a, b, c, d, precision, VSIZE) = (64, 16, 2, 8, 32, half, 4) in the .best file, nor could we find "
group1,2,8,1024,4096,16,32,128,0.102878,,"ERROR: Could not find hyperparameters for the kernel instance corresponding to the target (batch_size, a, b, c, d, precision, VSIZE) = (128, 16, 2, 8, 32, half, 4) in the .best file, nor could we find"
group1,2,8,1024,4096,16,32,256,0.082631,,"ERROR: Could not find hyperparameters for the kernel instance corresponding to the target (batch_size, a, b, c, d, precision, VSIZE) = (256, 16, 2, 8, 32, half, 4) in the .best file, nor could we find"
group1,2,8,1024,4096,16,32,512,0.084208,,"ERROR: Could not find hyperparameters for the kernel instance corresponding to the target (batch_size, a, b, c, d, precision, VSIZE) = (512, 16, 2, 8, 32, half, 4) in the .best file, nor could we find"
group1,2,8,1024,4096,16,32,1024,0.083952,,"ERROR: Could not find hyperparameters for the kernel instance corresponding to the target (batch_size, a, b, c, d, precision, VSIZE) = (1024, 16, 2, 8, 32, half, 4) in the .best file, nor could we fin"
group1,2,8,1024,4096,16,32,2048,0.153432,,"ERROR: Could not find hyperparameters for the kernel instance corresponding to the target (batch_size, a, b, c, d, precision, VSIZE) = (2048, 16, 2, 8, 32, half, 4) in the .best file, nor could we fin"
group1,2,8,1024,4096,16,32,4096,0.298325,,"ERROR: Could not find hyperparameters for the kernel instance corresponding to the target (batch_size, a, b, c, d, precision, VSIZE) = (4096, 16, 2, 8, 32, half, 4) in the .best file, nor could we fin"
group1,2,8,1024,4096,32,16,1,0.052912,,"ERROR: Could not find hyperparameters for the kernel instance corresponding to the target (batch_size, a, b, c, d, precision, VSIZE) = (1, 32, 2, 8, 16, half, 4) in the .best file, nor could we find d"
group1,2,8,1024,4096,32,16,2,0.100558,,"ERROR: Could not find hyperparameters for the kernel instance corresponding to the target (batch_size, a, b, c, d, precision, VSIZE) = (2, 32, 2, 8, 16, half, 4) in the .best file, nor could we find d"
group1,2,8,1024,4096,32,16,4,0.084574,,"ERROR: Could not find hyperparameters for the kernel instance corresponding to the target (batch_size, a, b, c, d, precision, VSIZE) = (4, 32, 2, 8, 16, half, 4) in the .best file, nor could we find d"
group1,2,8,1024,4096,32,16,8,0.082526,,"ERROR: Could not find hyperparameters for the kernel instance corresponding to the target (batch_size, a, b, c, d, precision, VSIZE) = (8, 32, 2, 8, 16, half, 4) in the .best file, nor could we find d"
group1,2,8,1024,4096,32,16,16,0.085102,,"ERROR: Could not find hyperparameters for the kernel instance corresponding to the target (batch_size, a, b, c, d, precision, VSIZE) = (16, 32, 2, 8, 16, half, 4) in the .best file, nor could we find "
group1,2,8,1024,4096,32,16,32,0.100152,,"ERROR: Could not find hyperparameters for the kernel instance corresponding to the target (batch_size, a, b, c, d, precision, VSIZE) = (32, 32, 2, 8, 16, half, 4) in the .best file, nor could we find "
group1,2,8,1024,4096,32,16,64,0.080683,,"ERROR: Could not find hyperparameters for the kernel instance corresponding to the target (batch_size, a, b, c, d, precision, VSIZE) = (64, 32, 2, 8, 16, half, 4) in the .best file, nor could we find "
group1,2,8,1024,4096,32,16,128,0.082578,,"ERROR: Could not find hyperparameters for the kernel instance corresponding to the target (batch_size, a, b, c, d, precision, VSIZE) = (128, 32, 2, 8, 16, half, 4) in the .best file, nor could we find"
group1,2,8,1024,4096,32,16,256,0.082280,,"ERROR: Could not find hyperparameters for the kernel instance corresponding to the target (batch_size, a, b, c, d, precision, VSIZE) = (256, 32, 2, 8, 16, half, 4) in the .best file, nor could we find"
group1,2,8,1024,4096,32,16,512,0.083776,,"ERROR: Could not find hyperparameters for the kernel instance corresponding to the target (batch_size, a, b, c, d, precision, VSIZE) = (512, 32, 2, 8, 16, half, 4) in the .best file, nor could we find"
group1,2,8,1024,4096,32,16,1024,0.082890,,"ERROR: Could not find hyperparameters for the kernel instance corresponding to the target (batch_size, a, b, c, d, precision, VSIZE) = (1024, 32, 2, 8, 16, half, 4) in the .best file, nor could we fin"
group1,2,8,1024,4096,32,16,2048,0.153347,,"ERROR: Could not find hyperparameters for the kernel instance corresponding to the target (batch_size, a, b, c, d, precision, VSIZE) = (2048, 32, 2, 8, 16, half, 4) in the .best file, nor could we fin"
group1,2,8,1024,4096,32,16,4096,0.298085,,"ERROR: Could not find hyperparameters for the kernel instance corresponding to the target (batch_size, a, b, c, d, precision, VSIZE) = (4096, 32, 2, 8, 16, half, 4) in the .best file, nor could we fin"
group1,2,8,1024,4096,64,8,1,0.053554,,"ERROR: Could not find hyperparameters for the kernel instance corresponding to the target (batch_size, a, b, c, d, precision, VSIZE) = (1, 64, 2, 8, 8, half, 4) in the .best file, nor could we find de"
group1,2,8,1024,4096,64,8,2,0.082345,,"ERROR: Could not find hyperparameters for the kernel instance corresponding to the target (batch_size, a, b, c, d, precision, VSIZE) = (2, 64, 2, 8, 8, half, 4) in the .best file, nor could we find de"
group1,2,8,1024,4096,64,8,4,0.083063,,"ERROR: Could not find hyperparameters for the kernel instance corresponding to the target (batch_size, a, b, c, d, precision, VSIZE) = (4, 64, 2, 8, 8, half, 4) in the .best file, nor could we find de"
group1,2,8,1024,4096,64,8,8,0.100510,,"ERROR: Could not find hyperparameters for the kernel instance corresponding to the target (batch_size, a, b, c, d, precision, VSIZE) = (8, 64, 2, 8, 8, half, 4) in the .best file, nor could we find de"
group1,2,8,1024,4096,64,8,16,0.084305,,"ERROR: Could not find hyperparameters for the kernel instance corresponding to the target (batch_size, a, b, c, d, precision, VSIZE) = (16, 64, 2, 8, 8, half, 4) in the .best file, nor could we find d"
group1,2,8,1024,4096,64,8,32,0.081811,,"ERROR: Could not find hyperparameters for the kernel instance corresponding to the target (batch_size, a, b, c, d, precision, VSIZE) = (32, 64, 2, 8, 8, half, 4) in the .best file, nor could we find d"
group1,2,8,1024,4096,64,8,64,0.082082,,"ERROR: Could not find hyperparameters for the kernel instance corresponding to the target (batch_size, a, b, c, d, precision, VSIZE) = (64, 64, 2, 8, 8, half, 4) in the .best file, nor could we find d"
group1,2,8,1024,4096,64,8,128,0.082521,,"ERROR: Could not find hyperparameters for the kernel instance corresponding to the target (batch_size, a, b, c, d, precision, VSIZE) = (128, 64, 2, 8, 8, half, 4) in the .best file, nor could we find "
group1,2,8,1024,4096,64,8,256,0.084907,,"ERROR: Could not find hyperparameters for the kernel instance corresponding to the target (batch_size, a, b, c, d, precision, VSIZE) = (256, 64, 2, 8, 8, half, 4) in the .best file, nor could we find "
group1,2,8,1024,4096,64,8,512,0.102187,,"ERROR: Could not find hyperparameters for the kernel instance corresponding to the target (batch_size, a, b, c, d, precision, VSIZE) = (512, 64, 2, 8, 8, half, 4) in the .best file, nor could we find "
group1,2,8,1024,4096,64,8,1024,0.087222,,"ERROR: Could not find hyperparameters for the kernel instance corresponding to the target (batch_size, a, b, c, d, precision, VSIZE) = (1024, 64, 2, 8, 8, half, 4) in the .best file, nor could we find"
group1,2,8,1024,4096,64,8,2048,0.153511,,"ERROR: Could not find hyperparameters for the kernel instance corresponding to the target (batch_size, a, b, c, d, precision, VSIZE) = (2048, 64, 2, 8, 8, half, 4) in the .best file, nor could we find"
group1,2,8,1024,4096,64,8,4096,0.298355,,"ERROR: Could not find hyperparameters for the kernel instance corresponding to the target (batch_size, a, b, c, d, precision, VSIZE) = (4096, 64, 2, 8, 8, half, 4) in the .best file, nor could we find"
group1,2,8,1024,4096,128,4,1,0.053956,,"ERROR: Could not find hyperparameters for the kernel instance corresponding to the target (batch_size, a, b, c, d, precision, VSIZE) = (1, 128, 2, 8, 4, half, 4) in the .best file, nor could we find d"
group1,2,8,1024,4096,128,4,2,0.082012,,"ERROR: Could not find hyperparameters for the kernel instance corresponding to the target (batch_size, a, b, c, d, precision, VSIZE) = (2, 128, 2, 8, 4, half, 4) in the .best file, nor could we find d"
group1,2,8,1024,4096,128,4,4,0.083209,,"ERROR: Could not find hyperparameters for the kernel instance corresponding to the target (batch_size, a, b, c, d, precision, VSIZE) = (4, 128, 2, 8, 4, half, 4) in the .best file, nor could we find d"
group1,2,8,1024,4096,128,4,8,0.085286,,"ERROR: Could not find hyperparameters for the kernel instance corresponding to the target (batch_size, a, b, c, d, precision, VSIZE) = (8, 128, 2, 8, 4, half, 4) in the .best file, nor could we find d"
group1,2,8,1024,4096,128,4,16,0.082781,,"ERROR: Could not find hyperparameters for the kernel instance corresponding to the target (batch_size, a, b, c, d, precision, VSIZE) = (16, 128, 2, 8, 4, half, 4) in the .best file, nor could we find "
group1,2,8,1024,4096,128,4,32,0.085241,,"ERROR: Could not find hyperparameters for the kernel instance corresponding to the target (batch_size, a, b, c, d, precision, VSIZE) = (32, 128, 2, 8, 4, half, 4) in the .best file, nor could we find "
group1,2,8,1024,4096,128,4,64,0.081952,,"ERROR: Could not find hyperparameters for the kernel instance corresponding to the target (batch_size, a, b, c, d, precision, VSIZE) = (64, 128, 2, 8, 4, half, 4) in the .best file, nor could we find "
group1,2,8,1024,4096,128,4,128,0.098536,,"ERROR: Could not find hyperparameters for the kernel instance corresponding to the target (batch_size, a, b, c, d, precision, VSIZE) = (128, 128, 2, 8, 4, half, 4) in the .best file, nor could we find"
group1,2,8,1024,4096,128,4,256,0.083424,,"ERROR: Could not find hyperparameters for the kernel instance corresponding to the target (batch_size, a, b, c, d, precision, VSIZE) = (256, 128, 2, 8, 4, half, 4) in the .best file, nor could we find"
group1,2,8,1024,4096,128,4,512,0.084187,,"ERROR: Could not find hyperparameters for the kernel instance corresponding to the target (batch_size, a, b, c, d, precision, VSIZE) = (512, 128, 2, 8, 4, half, 4) in the .best file, nor could we find"
group1,2,8,1024,4096,128,4,1024,0.083945,,"ERROR: Could not find hyperparameters for the kernel instance corresponding to the target (batch_size, a, b, c, d, precision, VSIZE) = (1024, 128, 2, 8, 4, half, 4) in the .best file, nor could we fin"
group1,2,8,1024,4096,128,4,2048,0.153661,,"ERROR: Could not find hyperparameters for the kernel instance corresponding to the target (batch_size, a, b, c, d, precision, VSIZE) = (2048, 128, 2, 8, 4, half, 4) in the .best file, nor could we fin"
group1,2,8,1024,4096,128,4,4096,0.297961,,"ERROR: Could not find hyperparameters for the kernel instance corresponding to the target (batch_size, a, b, c, d, precision, VSIZE) = (4096, 128, 2, 8, 4, half, 4) in the .best file, nor could we fin"
group1,2,8,1024,4096,256,2,1,0.052955,,"ERROR: Could not find hyperparameters for the kernel instance corresponding to the target (batch_size, a, b, c, d, precision, VSIZE) = (1, 256, 2, 8, 2, half, 4) in the .best file, nor could we find d"
group1,2,8,1024,4096,256,2,2,0.083464,,"ERROR: Could not find hyperparameters for the kernel instance corresponding to the target (batch_size, a, b, c, d, precision, VSIZE) = (2, 256, 2, 8, 2, half, 4) in the .best file, nor could we find d"
group1,2,8,1024,4096,256,2,4,0.082188,,"ERROR: Could not find hyperparameters for the kernel instance corresponding to the target (batch_size, a, b, c, d, precision, VSIZE) = (4, 256, 2, 8, 2, half, 4) in the .best file, nor could we find d"
group1,2,8,1024,4096,256,2,8,0.085497,,"ERROR: Could not find hyperparameters for the kernel instance corresponding to the target (batch_size, a, b, c, d, precision, VSIZE) = (8, 256, 2, 8, 2, half, 4) in the .best file, nor could we find d"
group1,2,8,1024,4096,256,2,16,0.101443,,"ERROR: Could not find hyperparameters for the kernel instance corresponding to the target (batch_size, a, b, c, d, precision, VSIZE) = (16, 256, 2, 8, 2, half, 4) in the .best file, nor could we find "
group1,2,8,1024,4096,256,2,32,0.082395,,"ERROR: Could not find hyperparameters for the kernel instance corresponding to the target (batch_size, a, b, c, d, precision, VSIZE) = (32, 256, 2, 8, 2, half, 4) in the .best file, nor could we find "
group1,2,8,1024,4096,256,2,64,0.083366,,"ERROR: Could not find hyperparameters for the kernel instance corresponding to the target (batch_size, a, b, c, d, precision, VSIZE) = (64, 256, 2, 8, 2, half, 4) in the .best file, nor could we find "
group1,2,8,1024,4096,256,2,128,0.085202,,"ERROR: Could not find hyperparameters for the kernel instance corresponding to the target (batch_size, a, b, c, d, precision, VSIZE) = (128, 256, 2, 8, 2, half, 4) in the .best file, nor could we find"
group1,2,8,1024,4096,256,2,256,0.083565,,"ERROR: Could not find hyperparameters for the kernel instance corresponding to the target (batch_size, a, b, c, d, precision, VSIZE) = (256, 256, 2, 8, 2, half, 4) in the .best file, nor could we find"
group1,2,8,1024,4096,256,2,512,0.101335,,"ERROR: Could not find hyperparameters for the kernel instance corresponding to the target (batch_size, a, b, c, d, precision, VSIZE) = (512, 256, 2, 8, 2, half, 4) in the .best file, nor could we find"
group1,2,8,1024,4096,256,2,1024,0.083901,,"ERROR: Could not find hyperparameters for the kernel instance corresponding to the target (batch_size, a, b, c, d, precision, VSIZE) = (1024, 256, 2, 8, 2, half, 4) in the .best file, nor could we fin"
group1,2,8,1024,4096,256,2,2048,0.153321,,"ERROR: Could not find hyperparameters for the kernel instance corresponding to the target (batch_size, a, b, c, d, precision, VSIZE) = (2048, 256, 2, 8, 2, half, 4) in the .best file, nor could we fin"
group1,2,8,1024,4096,256,2,4096,0.298663,,"ERROR: Could not find hyperparameters for the kernel instance corresponding to the target (batch_size, a, b, c, d, precision, VSIZE) = (4096, 256, 2, 8, 2, half, 4) in the .best file, nor could we fin"
group1,2,8,1024,4096,512,1,1,0.055093,,"ERROR: Could not find hyperparameters for the kernel instance corresponding to the target (batch_size, a, b, c, d, precision, VSIZE) = (1, 512, 2, 8, 1, half, 4) in the .best file, nor could we find d"
group1,2,8,1024,4096,512,1,2,0.085213,,"ERROR: Could not find hyperparameters for the kernel instance corresponding to the target (batch_size, a, b, c, d, precision, VSIZE) = (2, 512, 2, 8, 1, half, 4) in the .best file, nor could we find d"
group1,2,8,1024,4096,512,1,4,0.082649,,"ERROR: Could not find hyperparameters for the kernel instance corresponding to the target (batch_size, a, b, c, d, precision, VSIZE) = (4, 512, 2, 8, 1, half, 4) in the .best file, nor could we find d"
group1,2,8,1024,4096,512,1,8,0.086108,,"ERROR: Could not find hyperparameters for the kernel instance corresponding to the target (batch_size, a, b, c, d, precision, VSIZE) = (8, 512, 2, 8, 1, half, 4) in the .best file, nor could we find d"
group1,2,8,1024,4096,512,1,16,0.083151,,"ERROR: Could not find hyperparameters for the kernel instance corresponding to the target (batch_size, a, b, c, d, precision, VSIZE) = (16, 512, 2, 8, 1, half, 4) in the .best file, nor could we find "
group1,2,8,1024,4096,512,1,32,0.082260,,"ERROR: Could not find hyperparameters for the kernel instance corresponding to the target (batch_size, a, b, c, d, precision, VSIZE) = (32, 512, 2, 8, 1, half, 4) in the .best file, nor could we find "
group1,2,8,1024,4096,512,1,64,0.082640,,"ERROR: Could not find hyperparameters for the kernel instance corresponding to the target (batch_size, a, b, c, d, precision, VSIZE) = (64, 512, 2, 8, 1, half, 4) in the .best file, nor could we find "
group1,2,8,1024,4096,512,1,128,0.083190,,"ERROR: Could not find hyperparameters for the kernel instance corresponding to the target (batch_size, a, b, c, d, precision, VSIZE) = (128, 512, 2, 8, 1, half, 4) in the .best file, nor could we find"
group1,2,8,1024,4096,512,1,256,0.085115,,"ERROR: Could not find hyperparameters for the kernel instance corresponding to the target (batch_size, a, b, c, d, precision, VSIZE) = (256, 512, 2, 8, 1, half, 4) in the .best file, nor could we find"
group1,2,8,1024,4096,512,1,512,0.082810,,"ERROR: Could not find hyperparameters for the kernel instance corresponding to the target (batch_size, a, b, c, d, precision, VSIZE) = (512, 512, 2, 8, 1, half, 4) in the .best file, nor could we find"
group1,2,8,1024,4096,512,1,1024,0.082552,,"ERROR: Could not find hyperparameters for the kernel instance corresponding to the target (batch_size, a, b, c, d, precision, VSIZE) = (1024, 512, 2, 8, 1, half, 4) in the .best file, nor could we fin"
group1,2,8,1024,4096,512,1,2048,0.152928,,"ERROR: Could not find hyperparameters for the kernel instance corresponding to the target (batch_size, a, b, c, d, precision, VSIZE) = (2048, 512, 2, 8, 1, half, 4) in the .best file, nor could we fin"
group1,2,8,1024,4096,512,1,4096,0.297767,,"ERROR: Could not find hyperparameters for the kernel instance corresponding to the target (batch_size, a, b, c, d, precision, VSIZE) = (4096, 512, 2, 8, 1, half, 4) in the .best file, nor could we fin"
group1,2,16,512,4096,1,256,1,0.053504,,"ERROR: Could not find hyperparameters for the kernel instance corresponding to the target (batch_size, a, b, c, d, precision, VSIZE) = (1, 1, 2, 16, 256, half, 4) in the .best file, nor could we find "
group1,2,16,512,4096,1,256,2,0.085396,,"ERROR: Could not find hyperparameters for the kernel instance corresponding to the target (batch_size, a, b, c, d, precision, VSIZE) = (2, 1, 2, 16, 256, half, 4) in the .best file, nor could we find "
group1,2,16,512,4096,1,256,4,0.083048,,"ERROR: Could not find hyperparameters for the kernel instance corresponding to the target (batch_size, a, b, c, d, precision, VSIZE) = (4, 1, 2, 16, 256, half, 4) in the .best file, nor could we find "
group1,2,16,512,4096,1,256,8,0.081592,,"ERROR: Could not find hyperparameters for the kernel instance corresponding to the target (batch_size, a, b, c, d, precision, VSIZE) = (8, 1, 2, 16, 256, half, 4) in the .best file, nor could we find "
group1,2,16,512,4096,1,256,16,0.080964,,"ERROR: Could not find hyperparameters for the kernel instance corresponding to the target (batch_size, a, b, c, d, precision, VSIZE) = (16, 1, 2, 16, 256, half, 4) in the .best file, nor could we find"
group1,2,16,512,4096,1,256,32,0.081815,,"ERROR: Could not find hyperparameters for the kernel instance corresponding to the target (batch_size, a, b, c, d, precision, VSIZE) = (32, 1, 2, 16, 256, half, 4) in the .best file, nor could we find"
group1,2,16,512,4096,1,256,64,0.086136,,"ERROR: Could not find hyperparameters for the kernel instance corresponding to the target (batch_size, a, b, c, d, precision, VSIZE) = (64, 1, 2, 16, 256, half, 4) in the .best file, nor could we find"
group1,2,16,512,4096,1,256,128,0.083009,,"ERROR: Could not find hyperparameters for the kernel instance corresponding to the target (batch_size, a, b, c, d, precision, VSIZE) = (128, 1, 2, 16, 256, half, 4) in the .best file, nor could we fin"
group1,2,16,512,4096,1,256,256,0.082407,,"ERROR: Could not find hyperparameters for the kernel instance corresponding to the target (batch_size, a, b, c, d, precision, VSIZE) = (256, 1, 2, 16, 256, half, 4) in the .best file, nor could we fin"
group1,2,16,512,4096,1,256,512,0.081704,,"ERROR: Could not find hyperparameters for the kernel instance corresponding to the target (batch_size, a, b, c, d, precision, VSIZE) = (512, 1, 2, 16, 256, half, 4) in the .best file, nor could we fin"
group1,2,16,512,4096,1,256,1024,0.083505,,"ERROR: Could not find hyperparameters for the kernel instance corresponding to the target (batch_size, a, b, c, d, precision, VSIZE) = (1024, 1, 2, 16, 256, half, 4) in the .best file, nor could we fi"
group1,2,16,512,4096,1,256,2048,0.129034,,"ERROR: Could not find hyperparameters for the kernel instance corresponding to the target (batch_size, a, b, c, d, precision, VSIZE) = (2048, 1, 2, 16, 256, half, 4) in the .best file, nor could we fi"
group1,2,16,512,4096,1,256,4096,0.251621,,"ERROR: Could not find hyperparameters for the kernel instance corresponding to the target (batch_size, a, b, c, d, precision, VSIZE) = (4096, 1, 2, 16, 256, half, 4) in the .best file, nor could we fi"
group1,2,16,512,4096,2,128,1,0.052835,,"ERROR: Could not find hyperparameters for the kernel instance corresponding to the target (batch_size, a, b, c, d, precision, VSIZE) = (1, 2, 2, 16, 128, half, 4) in the .best file, nor could we find "
group1,2,16,512,4096,2,128,2,0.102333,,"ERROR: Could not find hyperparameters for the kernel instance corresponding to the target (batch_size, a, b, c, d, precision, VSIZE) = (2, 2, 2, 16, 128, half, 4) in the .best file, nor could we find "
group1,2,16,512,4096,2,128,4,0.082383,,"ERROR: Could not find hyperparameters for the kernel instance corresponding to the target (batch_size, a, b, c, d, precision, VSIZE) = (4, 2, 2, 16, 128, half, 4) in the .best file, nor could we find "
group1,2,16,512,4096,2,128,8,0.081984,,"ERROR: Could not find hyperparameters for the kernel instance corresponding to the target (batch_size, a, b, c, d, precision, VSIZE) = (8, 2, 2, 16, 128, half, 4) in the .best file, nor could we find "
group1,2,16,512,4096,2,128,16,0.084667,,"ERROR: Could not find hyperparameters for the kernel instance corresponding to the target (batch_size, a, b, c, d, precision, VSIZE) = (16, 2, 2, 16, 128, half, 4) in the .best file, nor could we find"
group1,2,16,512,4096,2,128,32,0.081023,,"ERROR: Could not find hyperparameters for the kernel instance corresponding to the target (batch_size, a, b, c, d, precision, VSIZE) = (32, 2, 2, 16, 128, half, 4) in the .best file, nor could we find"
group1,2,16,512,4096,2,128,64,0.100584,,"ERROR: Could not find hyperparameters for the kernel instance corresponding to the target (batch_size, a, b, c, d, precision, VSIZE) = (64, 2, 2, 16, 128, half, 4) in the .best file, nor could we find"
group1,2,16,512,4096,2,128,128,0.085773,,"ERROR: Could not find hyperparameters for the kernel instance corresponding to the target (batch_size, a, b, c, d, precision, VSIZE) = (128, 2, 2, 16, 128, half, 4) in the .best file, nor could we fin"
group1,2,16,512,4096,2,128,256,0.084977,,"ERROR: Could not find hyperparameters for the kernel instance corresponding to the target (batch_size, a, b, c, d, precision, VSIZE) = (256, 2, 2, 16, 128, half, 4) in the .best file, nor could we fin"
group1,2,16,512,4096,2,128,512,0.083703,,"ERROR: Could not find hyperparameters for the kernel instance corresponding to the target (batch_size, a, b, c, d, precision, VSIZE) = (512, 2, 2, 16, 128, half, 4) in the .best file, nor could we fin"
group1,2,16,512,4096,2,128,1024,0.084134,,"ERROR: Could not find hyperparameters for the kernel instance corresponding to the target (batch_size, a, b, c, d, precision, VSIZE) = (1024, 2, 2, 16, 128, half, 4) in the .best file, nor could we fi"
group1,2,16,512,4096,2,128,2048,0.129259,,"ERROR: Could not find hyperparameters for the kernel instance corresponding to the target (batch_size, a, b, c, d, precision, VSIZE) = (2048, 2, 2, 16, 128, half, 4) in the .best file, nor could we fi"
group1,2,16,512,4096,2,128,4096,0.251538,,"ERROR: Could not find hyperparameters for the kernel instance corresponding to the target (batch_size, a, b, c, d, precision, VSIZE) = (4096, 2, 2, 16, 128, half, 4) in the .best file, nor could we fi"
group1,2,16,512,4096,4,64,1,0.053643,,"ERROR: Could not find hyperparameters for the kernel instance corresponding to the target (batch_size, a, b, c, d, precision, VSIZE) = (1, 4, 2, 16, 64, half, 4) in the .best file, nor could we find d"
group1,2,16,512,4096,4,64,2,0.101200,,"ERROR: Could not find hyperparameters for the kernel instance corresponding to the target (batch_size, a, b, c, d, precision, VSIZE) = (2, 4, 2, 16, 64, half, 4) in the .best file, nor could we find d"
group1,2,16,512,4096,4,64,4,0.099786,,"ERROR: Could not find hyperparameters for the kernel instance corresponding to the target (batch_size, a, b, c, d, precision, VSIZE) = (4, 4, 2, 16, 64, half, 4) in the .best file, nor could we find d"
group1,2,16,512,4096,4,64,8,0.084625,,"ERROR: Could not find hyperparameters for the kernel instance corresponding to the target (batch_size, a, b, c, d, precision, VSIZE) = (8, 4, 2, 16, 64, half, 4) in the .best file, nor could we find d"
group1,2,16,512,4096,4,64,16,0.099735,,"ERROR: Could not find hyperparameters for the kernel instance corresponding to the target (batch_size, a, b, c, d, precision, VSIZE) = (16, 4, 2, 16, 64, half, 4) in the .best file, nor could we find "
group1,2,16,512,4096,4,64,32,0.085154,,"ERROR: Could not find hyperparameters for the kernel instance corresponding to the target (batch_size, a, b, c, d, precision, VSIZE) = (32, 4, 2, 16, 64, half, 4) in the .best file, nor could we find "
group1,2,16,512,4096,4,64,64,0.081537,,"ERROR: Could not find hyperparameters for the kernel instance corresponding to the target (batch_size, a, b, c, d, precision, VSIZE) = (64, 4, 2, 16, 64, half, 4) in the .best file, nor could we find "
group1,2,16,512,4096,4,64,128,0.102428,,"ERROR: Could not find hyperparameters for the kernel instance corresponding to the target (batch_size, a, b, c, d, precision, VSIZE) = (128, 4, 2, 16, 64, half, 4) in the .best file, nor could we find"
group1,2,16,512,4096,4,64,256,0.084991,,"ERROR: Could not find hyperparameters for the kernel instance corresponding to the target (batch_size, a, b, c, d, precision, VSIZE) = (256, 4, 2, 16, 64, half, 4) in the .best file, nor could we find"
group1,2,16,512,4096,4,64,512,0.101201,,"ERROR: Could not find hyperparameters for the kernel instance corresponding to the target (batch_size, a, b, c, d, precision, VSIZE) = (512, 4, 2, 16, 64, half, 4) in the .best file, nor could we find"
group1,2,16,512,4096,4,64,1024,0.084167,,"ERROR: Could not find hyperparameters for the kernel instance corresponding to the target (batch_size, a, b, c, d, precision, VSIZE) = (1024, 4, 2, 16, 64, half, 4) in the .best file, nor could we fin"
group1,2,16,512,4096,4,64,2048,0.129251,,"ERROR: Could not find hyperparameters for the kernel instance corresponding to the target (batch_size, a, b, c, d, precision, VSIZE) = (2048, 4, 2, 16, 64, half, 4) in the .best file, nor could we fin"
group1,2,16,512,4096,4,64,4096,0.251424,,"ERROR: Could not find hyperparameters for the kernel instance corresponding to the target (batch_size, a, b, c, d, precision, VSIZE) = (4096, 4, 2, 16, 64, half, 4) in the .best file, nor could we fin"
group1,2,16,512,4096,8,32,1,0.053583,,"ERROR: Could not find hyperparameters for the kernel instance corresponding to the target (batch_size, a, b, c, d, precision, VSIZE) = (1, 8, 2, 16, 32, half, 4) in the .best file, nor could we find d"
group1,2,16,512,4096,8,32,2,0.085250,,"ERROR: Could not find hyperparameters for the kernel instance corresponding to the target (batch_size, a, b, c, d, precision, VSIZE) = (2, 8, 2, 16, 32, half, 4) in the .best file, nor could we find d"
group1,2,16,512,4096,8,32,4,0.081266,,"ERROR: Could not find hyperparameters for the kernel instance corresponding to the target (batch_size, a, b, c, d, precision, VSIZE) = (4, 8, 2, 16, 32, half, 4) in the .best file, nor could we find d"
group1,2,16,512,4096,8,32,8,0.080663,,"ERROR: Could not find hyperparameters for the kernel instance corresponding to the target (batch_size, a, b, c, d, precision, VSIZE) = (8, 8, 2, 16, 32, half, 4) in the .best file, nor could we find d"
group1,2,16,512,4096,8,32,16,0.082861,,"ERROR: Could not find hyperparameters for the kernel instance corresponding to the target (batch_size, a, b, c, d, precision, VSIZE) = (16, 8, 2, 16, 32, half, 4) in the .best file, nor could we find "
group1,2,16,512,4096,8,32,32,0.080897,,"ERROR: Could not find hyperparameters for the kernel instance corresponding to the target (batch_size, a, b, c, d, precision, VSIZE) = (32, 8, 2, 16, 32, half, 4) in the .best file, nor could we find "
group1,2,16,512,4096,8,32,64,0.099614,,"ERROR: Could not find hyperparameters for the kernel instance corresponding to the target (batch_size, a, b, c, d, precision, VSIZE) = (64, 8, 2, 16, 32, half, 4) in the .best file, nor could we find "
group1,2,16,512,4096,8,32,128,0.083156,,"ERROR: Could not find hyperparameters for the kernel instance corresponding to the target (batch_size, a, b, c, d, precision, VSIZE) = (128, 8, 2, 16, 32, half, 4) in the .best file, nor could we find"
group1,2,16,512,4096,8,32,256,0.083259,,"ERROR: Could not find hyperparameters for the kernel instance corresponding to the target (batch_size, a, b, c, d, precision, VSIZE) = (256, 8, 2, 16, 32, half, 4) in the .best file, nor could we find"
group1,2,16,512,4096,8,32,512,0.083428,,"ERROR: Could not find hyperparameters for the kernel instance corresponding to the target (batch_size, a, b, c, d, precision, VSIZE) = (512, 8, 2, 16, 32, half, 4) in the .best file, nor could we find"
group1,2,16,512,4096,8,32,1024,0.082913,,"ERROR: Could not find hyperparameters for the kernel instance corresponding to the target (batch_size, a, b, c, d, precision, VSIZE) = (1024, 8, 2, 16, 32, half, 4) in the .best file, nor could we fin"
group1,2,16,512,4096,8,32,2048,0.129006,,"ERROR: Could not find hyperparameters for the kernel instance corresponding to the target (batch_size, a, b, c, d, precision, VSIZE) = (2048, 8, 2, 16, 32, half, 4) in the .best file, nor could we fin"
group1,2,16,512,4096,8,32,4096,0.251649,,"ERROR: Could not find hyperparameters for the kernel instance corresponding to the target (batch_size, a, b, c, d, precision, VSIZE) = (4096, 8, 2, 16, 32, half, 4) in the .best file, nor could we fin"
group1,2,16,512,4096,16,16,1,0.054678,,"ERROR: Could not find hyperparameters for the kernel instance corresponding to the target (batch_size, a, b, c, d, precision, VSIZE) = (1, 16, 2, 16, 16, half, 4) in the .best file, nor could we find "
group1,2,16,512,4096,16,16,2,0.082642,,"ERROR: Could not find hyperparameters for the kernel instance corresponding to the target (batch_size, a, b, c, d, precision, VSIZE) = (2, 16, 2, 16, 16, half, 4) in the .best file, nor could we find "
group1,2,16,512,4096,16,16,4,0.082324,,"ERROR: Could not find hyperparameters for the kernel instance corresponding to the target (batch_size, a, b, c, d, precision, VSIZE) = (4, 16, 2, 16, 16, half, 4) in the .best file, nor could we find "
group1,2,16,512,4096,16,16,8,0.082125,,"ERROR: Could not find hyperparameters for the kernel instance corresponding to the target (batch_size, a, b, c, d, precision, VSIZE) = (8, 16, 2, 16, 16, half, 4) in the .best file, nor could we find "
group1,2,16,512,4096,16,16,16,0.081980,,"ERROR: Could not find hyperparameters for the kernel instance corresponding to the target (batch_size, a, b, c, d, precision, VSIZE) = (16, 16, 2, 16, 16, half, 4) in the .best file, nor could we find"
group1,2,16,512,4096,16,16,32,0.082579,,"ERROR: Could not find hyperparameters for the kernel instance corresponding to the target (batch_size, a, b, c, d, precision, VSIZE) = (32, 16, 2, 16, 16, half, 4) in the .best file, nor could we find"
group1,2,16,512,4096,16,16,64,0.084473,,"ERROR: Could not find hyperparameters for the kernel instance corresponding to the target (batch_size, a, b, c, d, precision, VSIZE) = (64, 16, 2, 16, 16, half, 4) in the .best file, nor could we find"
group1,2,16,512,4096,16,16,128,0.082224,,"ERROR: Could not find hyperparameters for the kernel instance corresponding to the target (batch_size, a, b, c, d, precision, VSIZE) = (128, 16, 2, 16, 16, half, 4) in the .best file, nor could we fin"
group1,2,16,512,4096,16,16,256,0.082632,,"ERROR: Could not find hyperparameters for the kernel instance corresponding to the target (batch_size, a, b, c, d, precision, VSIZE) = (256, 16, 2, 16, 16, half, 4) in the .best file, nor could we fin"
group1,2,16,512,4096,16,16,512,0.085321,,"ERROR: Could not find hyperparameters for the kernel instance corresponding to the target (batch_size, a, b, c, d, precision, VSIZE) = (512, 16, 2, 16, 16, half, 4) in the .best file, nor could we fin"
group1,2,16,512,4096,16,16,1024,0.100885,,"ERROR: Could not find hyperparameters for the kernel instance corresponding to the target (batch_size, a, b, c, d, precision, VSIZE) = (1024, 16, 2, 16, 16, half, 4) in the .best file, nor could we fi"
group1,2,16,512,4096,16,16,2048,0.129203,,"ERROR: Could not find hyperparameters for the kernel instance corresponding to the target (batch_size, a, b, c, d, precision, VSIZE) = (2048, 16, 2, 16, 16, half, 4) in the .best file, nor could we fi"
group1,2,16,512,4096,16,16,4096,0.251517,,"ERROR: Could not find hyperparameters for the kernel instance corresponding to the target (batch_size, a, b, c, d, precision, VSIZE) = (4096, 16, 2, 16, 16, half, 4) in the .best file, nor could we fi"
group1,2,16,512,4096,32,8,1,0.062159,,"ERROR: Could not find hyperparameters for the kernel instance corresponding to the target (batch_size, a, b, c, d, precision, VSIZE) = (1, 32, 2, 16, 8, half, 4) in the .best file, nor could we find d"
group1,2,16,512,4096,32,8,2,0.102446,,"ERROR: Could not find hyperparameters for the kernel instance corresponding to the target (batch_size, a, b, c, d, precision, VSIZE) = (2, 32, 2, 16, 8, half, 4) in the .best file, nor could we find d"
group1,2,16,512,4096,32,8,4,0.084898,,"ERROR: Could not find hyperparameters for the kernel instance corresponding to the target (batch_size, a, b, c, d, precision, VSIZE) = (4, 32, 2, 16, 8, half, 4) in the .best file, nor could we find d"
group1,2,16,512,4096,32,8,8,0.083052,,"ERROR: Could not find hyperparameters for the kernel instance corresponding to the target (batch_size, a, b, c, d, precision, VSIZE) = (8, 32, 2, 16, 8, half, 4) in the .best file, nor could we find d"
group1,2,16,512,4096,32,8,16,0.082885,,"ERROR: Could not find hyperparameters for the kernel instance corresponding to the target (batch_size, a, b, c, d, precision, VSIZE) = (16, 32, 2, 16, 8, half, 4) in the .best file, nor could we find "
group1,2,16,512,4096,32,8,32,0.081638,,"ERROR: Could not find hyperparameters for the kernel instance corresponding to the target (batch_size, a, b, c, d, precision, VSIZE) = (32, 32, 2, 16, 8, half, 4) in the .best file, nor could we find "
group1,2,16,512,4096,32,8,64,0.081784,,"ERROR: Could not find hyperparameters for the kernel instance corresponding to the target (batch_size, a, b, c, d, precision, VSIZE) = (64, 32, 2, 16, 8, half, 4) in the .best file, nor could we find "
group1,2,16,512,4096,32,8,128,0.082266,,"ERROR: Could not find hyperparameters for the kernel instance corresponding to the target (batch_size, a, b, c, d, precision, VSIZE) = (128, 32, 2, 16, 8, half, 4) in the .best file, nor could we find"
group1,2,16,512,4096,32,8,256,0.101772,,"ERROR: Could not find hyperparameters for the kernel instance corresponding to the target (batch_size, a, b, c, d, precision, VSIZE) = (256, 32, 2, 16, 8, half, 4) in the .best file, nor could we find"
group1,2,16,512,4096,32,8,512,0.082958,,"ERROR: Could not find hyperparameters for the kernel instance corresponding to the target (batch_size, a, b, c, d, precision, VSIZE) = (512, 32, 2, 16, 8, half, 4) in the .best file, nor could we find"
group1,2,16,512,4096,32,8,1024,0.084834,,"ERROR: Could not find hyperparameters for the kernel instance corresponding to the target (batch_size, a, b, c, d, precision, VSIZE) = (1024, 32, 2, 16, 8, half, 4) in the .best file, nor could we fin"
group1,2,16,512,4096,32,8,2048,0.129114,,"ERROR: Could not find hyperparameters for the kernel instance corresponding to the target (batch_size, a, b, c, d, precision, VSIZE) = (2048, 32, 2, 16, 8, half, 4) in the .best file, nor could we fin"
group1,2,16,512,4096,32,8,4096,0.251521,,"ERROR: Could not find hyperparameters for the kernel instance corresponding to the target (batch_size, a, b, c, d, precision, VSIZE) = (4096, 32, 2, 16, 8, half, 4) in the .best file, nor could we fin"
group1,2,16,512,4096,64,4,1,0.053198,,"ERROR: Could not find hyperparameters for the kernel instance corresponding to the target (batch_size, a, b, c, d, precision, VSIZE) = (1, 64, 2, 16, 4, half, 4) in the .best file, nor could we find d"
group1,2,16,512,4096,64,4,2,0.080778,,"ERROR: Could not find hyperparameters for the kernel instance corresponding to the target (batch_size, a, b, c, d, precision, VSIZE) = (2, 64, 2, 16, 4, half, 4) in the .best file, nor could we find d"
group1,2,16,512,4096,64,4,4,0.100239,,"ERROR: Could not find hyperparameters for the kernel instance corresponding to the target (batch_size, a, b, c, d, precision, VSIZE) = (4, 64, 2, 16, 4, half, 4) in the .best file, nor could we find d"
group1,2,16,512,4096,64,4,8,0.084359,,"ERROR: Could not find hyperparameters for the kernel instance corresponding to the target (batch_size, a, b, c, d, precision, VSIZE) = (8, 64, 2, 16, 4, half, 4) in the .best file, nor could we find d"
group1,2,16,512,4096,64,4,16,0.084992,,"ERROR: Could not find hyperparameters for the kernel instance corresponding to the target (batch_size, a, b, c, d, precision, VSIZE) = (16, 64, 2, 16, 4, half, 4) in the .best file, nor could we find "
group1,2,16,512,4096,64,4,32,0.085811,,"ERROR: Could not find hyperparameters for the kernel instance corresponding to the target (batch_size, a, b, c, d, precision, VSIZE) = (32, 64, 2, 16, 4, half, 4) in the .best file, nor could we find "
group1,2,16,512,4096,64,4,64,0.100783,,"ERROR: Could not find hyperparameters for the kernel instance corresponding to the target (batch_size, a, b, c, d, precision, VSIZE) = (64, 64, 2, 16, 4, half, 4) in the .best file, nor could we find "
group1,2,16,512,4096,64,4,128,0.080721,,"ERROR: Could not find hyperparameters for the kernel instance corresponding to the target (batch_size, a, b, c, d, precision, VSIZE) = (128, 64, 2, 16, 4, half, 4) in the .best file, nor could we find"
group1,2,16,512,4096,64,4,256,0.083868,,"ERROR: Could not find hyperparameters for the kernel instance corresponding to the target (batch_size, a, b, c, d, precision, VSIZE) = (256, 64, 2, 16, 4, half, 4) in the .best file, nor could we find"
group1,2,16,512,4096,64,4,512,0.084229,,"ERROR: Could not find hyperparameters for the kernel instance corresponding to the target (batch_size, a, b, c, d, precision, VSIZE) = (512, 64, 2, 16, 4, half, 4) in the .best file, nor could we find"
group1,2,16,512,4096,64,4,1024,0.083962,,"ERROR: Could not find hyperparameters for the kernel instance corresponding to the target (batch_size, a, b, c, d, precision, VSIZE) = (1024, 64, 2, 16, 4, half, 4) in the .best file, nor could we fin"
group1,2,16,512,4096,64,4,2048,0.129223,,"ERROR: Could not find hyperparameters for the kernel instance corresponding to the target (batch_size, a, b, c, d, precision, VSIZE) = (2048, 64, 2, 16, 4, half, 4) in the .best file, nor could we fin"
group1,2,16,512,4096,64,4,4096,0.251528,,"ERROR: Could not find hyperparameters for the kernel instance corresponding to the target (batch_size, a, b, c, d, precision, VSIZE) = (4096, 64, 2, 16, 4, half, 4) in the .best file, nor could we fin"
group1,2,16,512,4096,128,2,1,0.062963,,"ERROR: Could not find hyperparameters for the kernel instance corresponding to the target (batch_size, a, b, c, d, precision, VSIZE) = (1, 128, 2, 16, 2, half, 4) in the .best file, nor could we find "
group1,2,16,512,4096,128,2,2,0.085731,,"ERROR: Could not find hyperparameters for the kernel instance corresponding to the target (batch_size, a, b, c, d, precision, VSIZE) = (2, 128, 2, 16, 2, half, 4) in the .best file, nor could we find "
group1,2,16,512,4096,128,2,4,0.081673,,"ERROR: Could not find hyperparameters for the kernel instance corresponding to the target (batch_size, a, b, c, d, precision, VSIZE) = (4, 128, 2, 16, 2, half, 4) in the .best file, nor could we find "
group1,2,16,512,4096,128,2,8,0.084793,,"ERROR: Could not find hyperparameters for the kernel instance corresponding to the target (batch_size, a, b, c, d, precision, VSIZE) = (8, 128, 2, 16, 2, half, 4) in the .best file, nor could we find "
group1,2,16,512,4096,128,2,16,0.083092,,"ERROR: Could not find hyperparameters for the kernel instance corresponding to the target (batch_size, a, b, c, d, precision, VSIZE) = (16, 128, 2, 16, 2, half, 4) in the .best file, nor could we find"
group1,2,16,512,4096,128,2,32,0.084089,,"ERROR: Could not find hyperparameters for the kernel instance corresponding to the target (batch_size, a, b, c, d, precision, VSIZE) = (32, 128, 2, 16, 2, half, 4) in the .best file, nor could we find"
group1,2,16,512,4096,128,2,64,0.084118,,"ERROR: Could not find hyperparameters for the kernel instance corresponding to the target (batch_size, a, b, c, d, precision, VSIZE) = (64, 128, 2, 16, 2, half, 4) in the .best file, nor could we find"
group1,2,16,512,4096,128,2,128,0.082685,,"ERROR: Could not find hyperparameters for the kernel instance corresponding to the target (batch_size, a, b, c, d, precision, VSIZE) = (128, 128, 2, 16, 2, half, 4) in the .best file, nor could we fin"
group1,2,16,512,4096,128,2,256,0.084120,,"ERROR: Could not find hyperparameters for the kernel instance corresponding to the target (batch_size, a, b, c, d, precision, VSIZE) = (256, 128, 2, 16, 2, half, 4) in the .best file, nor could we fin"
group1,2,16,512,4096,128,2,512,0.083669,,"ERROR: Could not find hyperparameters for the kernel instance corresponding to the target (batch_size, a, b, c, d, precision, VSIZE) = (512, 128, 2, 16, 2, half, 4) in the .best file, nor could we fin"
group1,2,16,512,4096,128,2,1024,0.083377,,"ERROR: Could not find hyperparameters for the kernel instance corresponding to the target (batch_size, a, b, c, d, precision, VSIZE) = (1024, 128, 2, 16, 2, half, 4) in the .best file, nor could we fi"
group1,2,16,512,4096,128,2,2048,0.129036,,"ERROR: Could not find hyperparameters for the kernel instance corresponding to the target (batch_size, a, b, c, d, precision, VSIZE) = (2048, 128, 2, 16, 2, half, 4) in the .best file, nor could we fi"
group1,2,16,512,4096,128,2,4096,0.251337,,"ERROR: Could not find hyperparameters for the kernel instance corresponding to the target (batch_size, a, b, c, d, precision, VSIZE) = (4096, 128, 2, 16, 2, half, 4) in the .best file, nor could we fi"
group1,2,16,512,4096,256,1,1,0.052593,,"ERROR: Could not find hyperparameters for the kernel instance corresponding to the target (batch_size, a, b, c, d, precision, VSIZE) = (1, 256, 2, 16, 1, half, 4) in the .best file, nor could we find "
group1,2,16,512,4096,256,1,2,0.083888,,"ERROR: Could not find hyperparameters for the kernel instance corresponding to the target (batch_size, a, b, c, d, precision, VSIZE) = (2, 256, 2, 16, 1, half, 4) in the .best file, nor could we find "
group1,2,16,512,4096,256,1,4,0.082749,,"ERROR: Could not find hyperparameters for the kernel instance corresponding to the target (batch_size, a, b, c, d, precision, VSIZE) = (4, 256, 2, 16, 1, half, 4) in the .best file, nor could we find "
group1,2,16,512,4096,256,1,8,0.083586,,"ERROR: Could not find hyperparameters for the kernel instance corresponding to the target (batch_size, a, b, c, d, precision, VSIZE) = (8, 256, 2, 16, 1, half, 4) in the .best file, nor could we find "
group1,2,16,512,4096,256,1,16,0.084511,,"ERROR: Could not find hyperparameters for the kernel instance corresponding to the target (batch_size, a, b, c, d, precision, VSIZE) = (16, 256, 2, 16, 1, half, 4) in the .best file, nor could we find"
group1,2,16,512,4096,256,1,32,0.082271,,"ERROR: Could not find hyperparameters for the kernel instance corresponding to the target (batch_size, a, b, c, d, precision, VSIZE) = (32, 256, 2, 16, 1, half, 4) in the .best file, nor could we find"
group1,2,16,512,4096,256,1,64,0.081824,,"ERROR: Could not find hyperparameters for the kernel instance corresponding to the target (batch_size, a, b, c, d, precision, VSIZE) = (64, 256, 2, 16, 1, half, 4) in the .best file, nor could we find"
group1,2,16,512,4096,256,1,128,0.102095,,"ERROR: Could not find hyperparameters for the kernel instance corresponding to the target (batch_size, a, b, c, d, precision, VSIZE) = (128, 256, 2, 16, 1, half, 4) in the .best file, nor could we fin"
group1,2,16,512,4096,256,1,256,0.081894,,"ERROR: Could not find hyperparameters for the kernel instance corresponding to the target (batch_size, a, b, c, d, precision, VSIZE) = (256, 256, 2, 16, 1, half, 4) in the .best file, nor could we fin"
group1,2,16,512,4096,256,1,512,0.083667,,"ERROR: Could not find hyperparameters for the kernel instance corresponding to the target (batch_size, a, b, c, d, precision, VSIZE) = (512, 256, 2, 16, 1, half, 4) in the .best file, nor could we fin"
group1,2,16,512,4096,256,1,1024,0.084050,,"ERROR: Could not find hyperparameters for the kernel instance corresponding to the target (batch_size, a, b, c, d, precision, VSIZE) = (1024, 256, 2, 16, 1, half, 4) in the .best file, nor could we fi"
group1,2,16,512,4096,256,1,2048,0.128677,,"ERROR: Could not find hyperparameters for the kernel instance corresponding to the target (batch_size, a, b, c, d, precision, VSIZE) = (2048, 256, 2, 16, 1, half, 4) in the .best file, nor could we fi"
group1,2,16,512,4096,256,1,4096,0.251360,,"ERROR: Could not find hyperparameters for the kernel instance corresponding to the target (batch_size, a, b, c, d, precision, VSIZE) = (4096, 256, 2, 16, 1, half, 4) in the .best file, nor could we fi"
group1,4,2,1024,512,1,256,1,0.054564,,"ERROR: Could not find hyperparameters for the kernel instance corresponding to the target (batch_size, a, b, c, d, precision, VSIZE) = (1, 1, 4, 2, 256, half, 4) in the .best file, nor could we find d"
group1,4,2,1024,512,1,256,2,0.081512,,"ERROR: Could not find hyperparameters for the kernel instance corresponding to the target (batch_size, a, b, c, d, precision, VSIZE) = (2, 1, 4, 2, 256, half, 4) in the .best file, nor could we find d"
group1,4,2,1024,512,1,256,4,0.084513,,"ERROR: Could not find hyperparameters for the kernel instance corresponding to the target (batch_size, a, b, c, d, precision, VSIZE) = (4, 1, 4, 2, 256, half, 4) in the .best file, nor could we find d"
group1,4,2,1024,512,1,256,8,0.083776,,"ERROR: Could not find hyperparameters for the kernel instance corresponding to the target (batch_size, a, b, c, d, precision, VSIZE) = (8, 1, 4, 2, 256, half, 4) in the .best file, nor could we find d"
group1,4,2,1024,512,1,256,16,0.083420,,"ERROR: Could not find hyperparameters for the kernel instance corresponding to the target (batch_size, a, b, c, d, precision, VSIZE) = (16, 1, 4, 2, 256, half, 4) in the .best file, nor could we find "
group1,4,2,1024,512,1,256,32,0.083607,,"ERROR: Could not find hyperparameters for the kernel instance corresponding to the target (batch_size, a, b, c, d, precision, VSIZE) = (32, 1, 4, 2, 256, half, 4) in the .best file, nor could we find "
group1,4,2,1024,512,1,256,64,0.081716,,"ERROR: Could not find hyperparameters for the kernel instance corresponding to the target (batch_size, a, b, c, d, precision, VSIZE) = (64, 1, 4, 2, 256, half, 4) in the .best file, nor could we find "
group1,4,2,1024,512,1,256,128,0.082418,,"ERROR: Could not find hyperparameters for the kernel instance corresponding to the target (batch_size, a, b, c, d, precision, VSIZE) = (128, 1, 4, 2, 256, half, 4) in the .best file, nor could we find"
group1,4,2,1024,512,1,256,256,0.083657,,"ERROR: Could not find hyperparameters for the kernel instance corresponding to the target (batch_size, a, b, c, d, precision, VSIZE) = (256, 1, 4, 2, 256, half, 4) in the .best file, nor could we find"
group1,4,2,1024,512,1,256,512,0.085582,,"ERROR: Could not find hyperparameters for the kernel instance corresponding to the target (batch_size, a, b, c, d, precision, VSIZE) = (512, 1, 4, 2, 256, half, 4) in the .best file, nor could we find"
group1,4,2,1024,512,1,256,1024,0.085814,,"ERROR: Could not find hyperparameters for the kernel instance corresponding to the target (batch_size, a, b, c, d, precision, VSIZE) = (1024, 1, 4, 2, 256, half, 4) in the .best file, nor could we fin"
group1,4,2,1024,512,1,256,2048,0.084017,,"ERROR: Could not find hyperparameters for the kernel instance corresponding to the target (batch_size, a, b, c, d, precision, VSIZE) = (2048, 1, 4, 2, 256, half, 4) in the .best file, nor could we fin"
group1,4,2,1024,512,1,256,4096,0.108654,,"ERROR: Could not find hyperparameters for the kernel instance corresponding to the target (batch_size, a, b, c, d, precision, VSIZE) = (4096, 1, 4, 2, 256, half, 4) in the .best file, nor could we fin"
group1,4,2,1024,512,2,128,1,0.063638,,"ERROR: Could not find hyperparameters for the kernel instance corresponding to the target (batch_size, a, b, c, d, precision, VSIZE) = (1, 2, 4, 2, 128, half, 4) in the .best file, nor could we find d"
group1,4,2,1024,512,2,128,2,0.082702,,"ERROR: Could not find hyperparameters for the kernel instance corresponding to the target (batch_size, a, b, c, d, precision, VSIZE) = (2, 2, 4, 2, 128, half, 4) in the .best file, nor could we find d"
group1,4,2,1024,512,2,128,4,0.084676,,"ERROR: Could not find hyperparameters for the kernel instance corresponding to the target (batch_size, a, b, c, d, precision, VSIZE) = (4, 2, 4, 2, 128, half, 4) in the .best file, nor could we find d"
group1,4,2,1024,512,2,128,8,0.082758,,"ERROR: Could not find hyperparameters for the kernel instance corresponding to the target (batch_size, a, b, c, d, precision, VSIZE) = (8, 2, 4, 2, 128, half, 4) in the .best file, nor could we find d"
group1,4,2,1024,512,2,128,16,0.084650,,"ERROR: Could not find hyperparameters for the kernel instance corresponding to the target (batch_size, a, b, c, d, precision, VSIZE) = (16, 2, 4, 2, 128, half, 4) in the .best file, nor could we find "
group1,4,2,1024,512,2,128,32,0.081535,,"ERROR: Could not find hyperparameters for the kernel instance corresponding to the target (batch_size, a, b, c, d, precision, VSIZE) = (32, 2, 4, 2, 128, half, 4) in the .best file, nor could we find "
group1,4,2,1024,512,2,128,64,0.084031,,"ERROR: Could not find hyperparameters for the kernel instance corresponding to the target (batch_size, a, b, c, d, precision, VSIZE) = (64, 2, 4, 2, 128, half, 4) in the .best file, nor could we find "
group1,4,2,1024,512,2,128,128,0.082135,,"ERROR: Could not find hyperparameters for the kernel instance corresponding to the target (batch_size, a, b, c, d, precision, VSIZE) = (128, 2, 4, 2, 128, half, 4) in the .best file, nor could we find"
group1,4,2,1024,512,2,128,256,0.085162,,"ERROR: Could not find hyperparameters for the kernel instance corresponding to the target (batch_size, a, b, c, d, precision, VSIZE) = (256, 2, 4, 2, 128, half, 4) in the .best file, nor could we find"
group1,4,2,1024,512,2,128,512,0.086288,,"ERROR: Could not find hyperparameters for the kernel instance corresponding to the target (batch_size, a, b, c, d, precision, VSIZE) = (512, 2, 4, 2, 128, half, 4) in the .best file, nor could we find"
group1,4,2,1024,512,2,128,1024,0.084551,,"ERROR: Could not find hyperparameters for the kernel instance corresponding to the target (batch_size, a, b, c, d, precision, VSIZE) = (1024, 2, 4, 2, 128, half, 4) in the .best file, nor could we fin"
group1,4,2,1024,512,2,128,2048,0.088020,,"ERROR: Could not find hyperparameters for the kernel instance corresponding to the target (batch_size, a, b, c, d, precision, VSIZE) = (2048, 2, 4, 2, 128, half, 4) in the .best file, nor could we fin"
group1,4,2,1024,512,2,128,4096,0.108340,,"ERROR: Could not find hyperparameters for the kernel instance corresponding to the target (batch_size, a, b, c, d, precision, VSIZE) = (4096, 2, 4, 2, 128, half, 4) in the .best file, nor could we fin"
group1,4,2,1024,512,4,64,1,0.053670,,"ERROR: Could not find hyperparameters for the kernel instance corresponding to the target (batch_size, a, b, c, d, precision, VSIZE) = (1, 4, 4, 2, 64, half, 4) in the .best file, nor could we find de"
group1,4,2,1024,512,4,64,2,0.085257,,"ERROR: Could not find hyperparameters for the kernel instance corresponding to the target (batch_size, a, b, c, d, precision, VSIZE) = (2, 4, 4, 2, 64, half, 4) in the .best file, nor could we find de"
group1,4,2,1024,512,4,64,4,0.082396,,"ERROR: Could not find hyperparameters for the kernel instance corresponding to the target (batch_size, a, b, c, d, precision, VSIZE) = (4, 4, 4, 2, 64, half, 4) in the .best file, nor could we find de"
group1,4,2,1024,512,4,64,8,0.081702,,"ERROR: Could not find hyperparameters for the kernel instance corresponding to the target (batch_size, a, b, c, d, precision, VSIZE) = (8, 4, 4, 2, 64, half, 4) in the .best file, nor could we find de"
group1,4,2,1024,512,4,64,16,0.083276,,"ERROR: Could not find hyperparameters for the kernel instance corresponding to the target (batch_size, a, b, c, d, precision, VSIZE) = (16, 4, 4, 2, 64, half, 4) in the .best file, nor could we find d"
group1,4,2,1024,512,4,64,32,0.082254,,"ERROR: Could not find hyperparameters for the kernel instance corresponding to the target (batch_size, a, b, c, d, precision, VSIZE) = (32, 4, 4, 2, 64, half, 4) in the .best file, nor could we find d"
group1,4,2,1024,512,4,64,64,0.081880,,"ERROR: Could not find hyperparameters for the kernel instance corresponding to the target (batch_size, a, b, c, d, precision, VSIZE) = (64, 4, 4, 2, 64, half, 4) in the .best file, nor could we find d"
group1,4,2,1024,512,4,64,128,0.082877,,"ERROR: Could not find hyperparameters for the kernel instance corresponding to the target (batch_size, a, b, c, d, precision, VSIZE) = (128, 4, 4, 2, 64, half, 4) in the .best file, nor could we find "
group1,4,2,1024,512,4,64,256,0.083699,,"ERROR: Could not find hyperparameters for the kernel instance corresponding to the target (batch_size, a, b, c, d, precision, VSIZE) = (256, 4, 4, 2, 64, half, 4) in the .best file, nor could we find "
group1,4,2,1024,512,4,64,512,0.085527,,"ERROR: Could not find hyperparameters for the kernel instance corresponding to the target (batch_size, a, b, c, d, precision, VSIZE) = (512, 4, 4, 2, 64, half, 4) in the .best file, nor could we find "
group1,4,2,1024,512,4,64,1024,0.083856,,"ERROR: Could not find hyperparameters for the kernel instance corresponding to the target (batch_size, a, b, c, d, precision, VSIZE) = (1024, 4, 4, 2, 64, half, 4) in the .best file, nor could we find"
group1,4,2,1024,512,4,64,2048,0.083463,,"ERROR: Could not find hyperparameters for the kernel instance corresponding to the target (batch_size, a, b, c, d, precision, VSIZE) = (2048, 4, 4, 2, 64, half, 4) in the .best file, nor could we find"
group1,4,2,1024,512,4,64,4096,0.108376,,"ERROR: Could not find hyperparameters for the kernel instance corresponding to the target (batch_size, a, b, c, d, precision, VSIZE) = (4096, 4, 4, 2, 64, half, 4) in the .best file, nor could we find"
group1,4,2,1024,512,8,32,1,0.052647,,"ERROR: Could not find hyperparameters for the kernel instance corresponding to the target (batch_size, a, b, c, d, precision, VSIZE) = (1, 8, 4, 2, 32, half, 4) in the .best file, nor could we find de"
group1,4,2,1024,512,8,32,2,0.082626,,"ERROR: Could not find hyperparameters for the kernel instance corresponding to the target (batch_size, a, b, c, d, precision, VSIZE) = (2, 8, 4, 2, 32, half, 4) in the .best file, nor could we find de"
group1,4,2,1024,512,8,32,4,0.081980,,"ERROR: Could not find hyperparameters for the kernel instance corresponding to the target (batch_size, a, b, c, d, precision, VSIZE) = (4, 8, 4, 2, 32, half, 4) in the .best file, nor could we find de"
group1,4,2,1024,512,8,32,8,0.083452,,"ERROR: Could not find hyperparameters for the kernel instance corresponding to the target (batch_size, a, b, c, d, precision, VSIZE) = (8, 8, 4, 2, 32, half, 4) in the .best file, nor could we find de"
group1,4,2,1024,512,8,32,16,0.085250,,"ERROR: Could not find hyperparameters for the kernel instance corresponding to the target (batch_size, a, b, c, d, precision, VSIZE) = (16, 8, 4, 2, 32, half, 4) in the .best file, nor could we find d"
group1,4,2,1024,512,8,32,32,0.099561,,"ERROR: Could not find hyperparameters for the kernel instance corresponding to the target (batch_size, a, b, c, d, precision, VSIZE) = (32, 8, 4, 2, 32, half, 4) in the .best file, nor could we find d"
group1,4,2,1024,512,8,32,64,0.080968,,"ERROR: Could not find hyperparameters for the kernel instance corresponding to the target (batch_size, a, b, c, d, precision, VSIZE) = (64, 8, 4, 2, 32, half, 4) in the .best file, nor could we find d"
group1,4,2,1024,512,8,32,128,0.081946,,"ERROR: Could not find hyperparameters for the kernel instance corresponding to the target (batch_size, a, b, c, d, precision, VSIZE) = (128, 8, 4, 2, 32, half, 4) in the .best file, nor could we find "
group1,4,2,1024,512,8,32,256,0.083064,,"ERROR: Could not find hyperparameters for the kernel instance corresponding to the target (batch_size, a, b, c, d, precision, VSIZE) = (256, 8, 4, 2, 32, half, 4) in the .best file, nor could we find "
group1,4,2,1024,512,8,32,512,0.084360,,"ERROR: Could not find hyperparameters for the kernel instance corresponding to the target (batch_size, a, b, c, d, precision, VSIZE) = (512, 8, 4, 2, 32, half, 4) in the .best file, nor could we find "
group1,4,2,1024,512,8,32,1024,0.083856,,"ERROR: Could not find hyperparameters for the kernel instance corresponding to the target (batch_size, a, b, c, d, precision, VSIZE) = (1024, 8, 4, 2, 32, half, 4) in the .best file, nor could we find"
group1,4,2,1024,512,8,32,2048,0.085087,,"ERROR: Could not find hyperparameters for the kernel instance corresponding to the target (batch_size, a, b, c, d, precision, VSIZE) = (2048, 8, 4, 2, 32, half, 4) in the .best file, nor could we find"
group1,4,2,1024,512,8,32,4096,0.108112,,"ERROR: Could not find hyperparameters for the kernel instance corresponding to the target (batch_size, a, b, c, d, precision, VSIZE) = (4096, 8, 4, 2, 32, half, 4) in the .best file, nor could we find"
group1,4,2,1024,512,16,16,1,0.053060,,"ERROR: Could not find hyperparameters for the kernel instance corresponding to the target (batch_size, a, b, c, d, precision, VSIZE) = (1, 16, 4, 2, 16, half, 4) in the .best file, nor could we find d"
group1,4,2,1024,512,16,16,2,0.083055,,"ERROR: Could not find hyperparameters for the kernel instance corresponding to the target (batch_size, a, b, c, d, precision, VSIZE) = (2, 16, 4, 2, 16, half, 4) in the .best file, nor could we find d"
group1,4,2,1024,512,16,16,4,0.085649,,"ERROR: Could not find hyperparameters for the kernel instance corresponding to the target (batch_size, a, b, c, d, precision, VSIZE) = (4, 16, 4, 2, 16, half, 4) in the .best file, nor could we find d"
group1,4,2,1024,512,16,16,8,0.081995,,"ERROR: Could not find hyperparameters for the kernel instance corresponding to the target (batch_size, a, b, c, d, precision, VSIZE) = (8, 16, 4, 2, 16, half, 4) in the .best file, nor could we find d"
group1,4,2,1024,512,16,16,16,0.081506,,"ERROR: Could not find hyperparameters for the kernel instance corresponding to the target (batch_size, a, b, c, d, precision, VSIZE) = (16, 16, 4, 2, 16, half, 4) in the .best file, nor could we find "
group1,4,2,1024,512,16,16,32,0.081092,,"ERROR: Could not find hyperparameters for the kernel instance corresponding to the target (batch_size, a, b, c, d, precision, VSIZE) = (32, 16, 4, 2, 16, half, 4) in the .best file, nor could we find "
group1,4,2,1024,512,16,16,64,0.081329,,"ERROR: Could not find hyperparameters for the kernel instance corresponding to the target (batch_size, a, b, c, d, precision, VSIZE) = (64, 16, 4, 2, 16, half, 4) in the .best file, nor could we find "
group1,4,2,1024,512,16,16,128,0.082695,,"ERROR: Could not find hyperparameters for the kernel instance corresponding to the target (batch_size, a, b, c, d, precision, VSIZE) = (128, 16, 4, 2, 16, half, 4) in the .best file, nor could we find"
group1,4,2,1024,512,16,16,256,0.083837,,"ERROR: Could not find hyperparameters for the kernel instance corresponding to the target (batch_size, a, b, c, d, precision, VSIZE) = (256, 16, 4, 2, 16, half, 4) in the .best file, nor could we find"
group1,4,2,1024,512,16,16,512,0.085251,,"ERROR: Could not find hyperparameters for the kernel instance corresponding to the target (batch_size, a, b, c, d, precision, VSIZE) = (512, 16, 4, 2, 16, half, 4) in the .best file, nor could we find"
group1,4,2,1024,512,16,16,1024,0.085101,,"ERROR: Could not find hyperparameters for the kernel instance corresponding to the target (batch_size, a, b, c, d, precision, VSIZE) = (1024, 16, 4, 2, 16, half, 4) in the .best file, nor could we fin"
group1,4,2,1024,512,16,16,2048,0.083459,,"ERROR: Could not find hyperparameters for the kernel instance corresponding to the target (batch_size, a, b, c, d, precision, VSIZE) = (2048, 16, 4, 2, 16, half, 4) in the .best file, nor could we fin"
group1,4,2,1024,512,16,16,4096,0.108448,,"ERROR: Could not find hyperparameters for the kernel instance corresponding to the target (batch_size, a, b, c, d, precision, VSIZE) = (4096, 16, 4, 2, 16, half, 4) in the .best file, nor could we fin"
group1,4,2,1024,512,32,8,1,0.053218,,"ERROR: Could not find hyperparameters for the kernel instance corresponding to the target (batch_size, a, b, c, d, precision, VSIZE) = (1, 32, 4, 2, 8, half, 4) in the .best file, nor could we find de"
group1,4,2,1024,512,32,8,2,0.099807,,"ERROR: Could not find hyperparameters for the kernel instance corresponding to the target (batch_size, a, b, c, d, precision, VSIZE) = (2, 32, 4, 2, 8, half, 4) in the .best file, nor could we find de"
group1,4,2,1024,512,32,8,4,0.083046,,"ERROR: Could not find hyperparameters for the kernel instance corresponding to the target (batch_size, a, b, c, d, precision, VSIZE) = (4, 32, 4, 2, 8, half, 4) in the .best file, nor could we find de"
group1,4,2,1024,512,32,8,8,0.082144,,"ERROR: Could not find hyperparameters for the kernel instance corresponding to the target (batch_size, a, b, c, d, precision, VSIZE) = (8, 32, 4, 2, 8, half, 4) in the .best file, nor could we find de"
group1,4,2,1024,512,32,8,16,0.085389,,"ERROR: Could not find hyperparameters for the kernel instance corresponding to the target (batch_size, a, b, c, d, precision, VSIZE) = (16, 32, 4, 2, 8, half, 4) in the .best file, nor could we find d"
group1,4,2,1024,512,32,8,32,0.102126,,"ERROR: Could not find hyperparameters for the kernel instance corresponding to the target (batch_size, a, b, c, d, precision, VSIZE) = (32, 32, 4, 2, 8, half, 4) in the .best file, nor could we find d"
group1,4,2,1024,512,32,8,64,0.082460,,"ERROR: Could not find hyperparameters for the kernel instance corresponding to the target (batch_size, a, b, c, d, precision, VSIZE) = (64, 32, 4, 2, 8, half, 4) in the .best file, nor could we find d"
group1,4,2,1024,512,32,8,128,0.083068,,"ERROR: Could not find hyperparameters for the kernel instance corresponding to the target (batch_size, a, b, c, d, precision, VSIZE) = (128, 32, 4, 2, 8, half, 4) in the .best file, nor could we find "
group1,4,2,1024,512,32,8,256,0.081933,,"ERROR: Could not find hyperparameters for the kernel instance corresponding to the target (batch_size, a, b, c, d, precision, VSIZE) = (256, 32, 4, 2, 8, half, 4) in the .best file, nor could we find "
group1,4,2,1024,512,32,8,512,0.082137,,"ERROR: Could not find hyperparameters for the kernel instance corresponding to the target (batch_size, a, b, c, d, precision, VSIZE) = (512, 32, 4, 2, 8, half, 4) in the .best file, nor could we find "
group1,4,2,1024,512,32,8,1024,0.084123,,"ERROR: Could not find hyperparameters for the kernel instance corresponding to the target (batch_size, a, b, c, d, precision, VSIZE) = (1024, 32, 4, 2, 8, half, 4) in the .best file, nor could we find"
group1,4,2,1024,512,32,8,2048,0.085164,,"ERROR: Could not find hyperparameters for the kernel instance corresponding to the target (batch_size, a, b, c, d, precision, VSIZE) = (2048, 32, 4, 2, 8, half, 4) in the .best file, nor could we find"
group1,4,2,1024,512,32,8,4096,0.108585,,"ERROR: Could not find hyperparameters for the kernel instance corresponding to the target (batch_size, a, b, c, d, precision, VSIZE) = (4096, 32, 4, 2, 8, half, 4) in the .best file, nor could we find"
group1,4,2,1024,512,64,4,1,0.062521,,"ERROR: Could not find hyperparameters for the kernel instance corresponding to the target (batch_size, a, b, c, d, precision, VSIZE) = (1, 64, 4, 2, 4, half, 4) in the .best file, nor could we find de"
group1,4,2,1024,512,64,4,2,0.081723,,"ERROR: Could not find hyperparameters for the kernel instance corresponding to the target (batch_size, a, b, c, d, precision, VSIZE) = (2, 64, 4, 2, 4, half, 4) in the .best file, nor could we find de"
group1,4,2,1024,512,64,4,4,0.084584,,"ERROR: Could not find hyperparameters for the kernel instance corresponding to the target (batch_size, a, b, c, d, precision, VSIZE) = (4, 64, 4, 2, 4, half, 4) in the .best file, nor could we find de"
group1,4,2,1024,512,64,4,8,0.083143,,"ERROR: Could not find hyperparameters for the kernel instance corresponding to the target (batch_size, a, b, c, d, precision, VSIZE) = (8, 64, 4, 2, 4, half, 4) in the .best file, nor could we find de"
group1,4,2,1024,512,64,4,16,0.084934,,"ERROR: Could not find hyperparameters for the kernel instance corresponding to the target (batch_size, a, b, c, d, precision, VSIZE) = (16, 64, 4, 2, 4, half, 4) in the .best file, nor could we find d"
group1,4,2,1024,512,64,4,32,0.081327,,"ERROR: Could not find hyperparameters for the kernel instance corresponding to the target (batch_size, a, b, c, d, precision, VSIZE) = (32, 64, 4, 2, 4, half, 4) in the .best file, nor could we find d"
group1,4,2,1024,512,64,4,64,0.080783,,"ERROR: Could not find hyperparameters for the kernel instance corresponding to the target (batch_size, a, b, c, d, precision, VSIZE) = (64, 64, 4, 2, 4, half, 4) in the .best file, nor could we find d"
group1,4,2,1024,512,64,4,128,0.082486,,"ERROR: Could not find hyperparameters for the kernel instance corresponding to the target (batch_size, a, b, c, d, precision, VSIZE) = (128, 64, 4, 2, 4, half, 4) in the .best file, nor could we find "
group1,4,2,1024,512,64,4,256,0.102429,,"ERROR: Could not find hyperparameters for the kernel instance corresponding to the target (batch_size, a, b, c, d, precision, VSIZE) = (256, 64, 4, 2, 4, half, 4) in the .best file, nor could we find "
group1,4,2,1024,512,64,4,512,0.083485,,"ERROR: Could not find hyperparameters for the kernel instance corresponding to the target (batch_size, a, b, c, d, precision, VSIZE) = (512, 64, 4, 2, 4, half, 4) in the .best file, nor could we find "
group1,4,2,1024,512,64,4,1024,0.084995,,"ERROR: Could not find hyperparameters for the kernel instance corresponding to the target (batch_size, a, b, c, d, precision, VSIZE) = (1024, 64, 4, 2, 4, half, 4) in the .best file, nor could we find"
group1,4,2,1024,512,64,4,2048,0.085080,,"ERROR: Could not find hyperparameters for the kernel instance corresponding to the target (batch_size, a, b, c, d, precision, VSIZE) = (2048, 64, 4, 2, 4, half, 4) in the .best file, nor could we find"
group1,4,2,1024,512,64,4,4096,0.108200,,"ERROR: Could not find hyperparameters for the kernel instance corresponding to the target (batch_size, a, b, c, d, precision, VSIZE) = (4096, 64, 4, 2, 4, half, 4) in the .best file, nor could we find"
group1,4,2,1024,512,128,2,1,0.053241,,"ERROR: Could not find hyperparameters for the kernel instance corresponding to the target (batch_size, a, b, c, d, precision, VSIZE) = (1, 128, 4, 2, 2, half, 4) in the .best file, nor could we find d"
group1,4,2,1024,512,128,2,2,0.083584,,"ERROR: Could not find hyperparameters for the kernel instance corresponding to the target (batch_size, a, b, c, d, precision, VSIZE) = (2, 128, 4, 2, 2, half, 4) in the .best file, nor could we find d"
group1,4,2,1024,512,128,2,4,0.085191,,"ERROR: Could not find hyperparameters for the kernel instance corresponding to the target (batch_size, a, b, c, d, precision, VSIZE) = (4, 128, 4, 2, 2, half, 4) in the .best file, nor could we find d"
group1,4,2,1024,512,128,2,8,0.085504,,"ERROR: Could not find hyperparameters for the kernel instance corresponding to the target (batch_size, a, b, c, d, precision, VSIZE) = (8, 128, 4, 2, 2, half, 4) in the .best file, nor could we find d"
group1,4,2,1024,512,128,2,16,0.082278,,"ERROR: Could not find hyperparameters for the kernel instance corresponding to the target (batch_size, a, b, c, d, precision, VSIZE) = (16, 128, 4, 2, 2, half, 4) in the .best file, nor could we find "
group1,4,2,1024,512,128,2,32,0.085261,,"ERROR: Could not find hyperparameters for the kernel instance corresponding to the target (batch_size, a, b, c, d, precision, VSIZE) = (32, 128, 4, 2, 2, half, 4) in the .best file, nor could we find "
group1,4,2,1024,512,128,2,64,0.081058,,"ERROR: Could not find hyperparameters for the kernel instance corresponding to the target (batch_size, a, b, c, d, precision, VSIZE) = (64, 128, 4, 2, 2, half, 4) in the .best file, nor could we find "
group1,4,2,1024,512,128,2,128,0.082363,,"ERROR: Could not find hyperparameters for the kernel instance corresponding to the target (batch_size, a, b, c, d, precision, VSIZE) = (128, 128, 4, 2, 2, half, 4) in the .best file, nor could we find"
group1,4,2,1024,512,128,2,256,0.083057,,"ERROR: Could not find hyperparameters for the kernel instance corresponding to the target (batch_size, a, b, c, d, precision, VSIZE) = (256, 128, 4, 2, 2, half, 4) in the .best file, nor could we find"
group1,4,2,1024,512,128,2,512,0.083489,,"ERROR: Could not find hyperparameters for the kernel instance corresponding to the target (batch_size, a, b, c, d, precision, VSIZE) = (512, 128, 4, 2, 2, half, 4) in the .best file, nor could we find"
group1,4,2,1024,512,128,2,1024,0.086538,,"ERROR: Could not find hyperparameters for the kernel instance corresponding to the target (batch_size, a, b, c, d, precision, VSIZE) = (1024, 128, 4, 2, 2, half, 4) in the .best file, nor could we fin"
group1,4,2,1024,512,128,2,2048,0.104190,,"ERROR: Could not find hyperparameters for the kernel instance corresponding to the target (batch_size, a, b, c, d, precision, VSIZE) = (2048, 128, 4, 2, 2, half, 4) in the .best file, nor could we fin"
group1,4,2,1024,512,128,2,4096,0.108486,,"ERROR: Could not find hyperparameters for the kernel instance corresponding to the target (batch_size, a, b, c, d, precision, VSIZE) = (4096, 128, 4, 2, 2, half, 4) in the .best file, nor could we fin"
group1,4,2,1024,512,256,1,1,0.053273,,"ERROR: Could not find hyperparameters for the kernel instance corresponding to the target (batch_size, a, b, c, d, precision, VSIZE) = (1, 256, 4, 2, 1, half, 4) in the .best file, nor could we find d"
group1,4,2,1024,512,256,1,2,0.083689,,"ERROR: Could not find hyperparameters for the kernel instance corresponding to the target (batch_size, a, b, c, d, precision, VSIZE) = (2, 256, 4, 2, 1, half, 4) in the .best file, nor could we find d"
group1,4,2,1024,512,256,1,4,0.082390,,"ERROR: Could not find hyperparameters for the kernel instance corresponding to the target (batch_size, a, b, c, d, precision, VSIZE) = (4, 256, 4, 2, 1, half, 4) in the .best file, nor could we find d"
group1,4,2,1024,512,256,1,8,0.084344,,"ERROR: Could not find hyperparameters for the kernel instance corresponding to the target (batch_size, a, b, c, d, precision, VSIZE) = (8, 256, 4, 2, 1, half, 4) in the .best file, nor could we find d"
group1,4,2,1024,512,256,1,16,0.083615,,"ERROR: Could not find hyperparameters for the kernel instance corresponding to the target (batch_size, a, b, c, d, precision, VSIZE) = (16, 256, 4, 2, 1, half, 4) in the .best file, nor could we find "
group1,4,2,1024,512,256,1,32,0.085349,,"ERROR: Could not find hyperparameters for the kernel instance corresponding to the target (batch_size, a, b, c, d, precision, VSIZE) = (32, 256, 4, 2, 1, half, 4) in the .best file, nor could we find "
group1,4,2,1024,512,256,1,64,0.085117,,"ERROR: Could not find hyperparameters for the kernel instance corresponding to the target (batch_size, a, b, c, d, precision, VSIZE) = (64, 256, 4, 2, 1, half, 4) in the .best file, nor could we find "
group1,4,2,1024,512,256,1,128,0.082685,,"ERROR: Could not find hyperparameters for the kernel instance corresponding to the target (batch_size, a, b, c, d, precision, VSIZE) = (128, 256, 4, 2, 1, half, 4) in the .best file, nor could we find"
group1,4,2,1024,512,256,1,256,0.083657,,"ERROR: Could not find hyperparameters for the kernel instance corresponding to the target (batch_size, a, b, c, d, precision, VSIZE) = (256, 256, 4, 2, 1, half, 4) in the .best file, nor could we find"
group1,4,2,1024,512,256,1,512,0.084301,,"ERROR: Could not find hyperparameters for the kernel instance corresponding to the target (batch_size, a, b, c, d, precision, VSIZE) = (512, 256, 4, 2, 1, half, 4) in the .best file, nor could we find"
group1,4,2,1024,512,256,1,1024,0.085500,,"ERROR: Could not find hyperparameters for the kernel instance corresponding to the target (batch_size, a, b, c, d, precision, VSIZE) = (1024, 256, 4, 2, 1, half, 4) in the .best file, nor could we fin"
group1,4,2,1024,512,256,1,2048,0.083405,,"ERROR: Could not find hyperparameters for the kernel instance corresponding to the target (batch_size, a, b, c, d, precision, VSIZE) = (2048, 256, 4, 2, 1, half, 4) in the .best file, nor could we fin"
group1,4,2,1024,512,256,1,4096,0.107665,,"ERROR: Could not find hyperparameters for the kernel instance corresponding to the target (batch_size, a, b, c, d, precision, VSIZE) = (4096, 256, 4, 2, 1, half, 4) in the .best file, nor could we fin"
group1,4,2,2048,1024,1,512,1,0.062338,,"ERROR: Could not find hyperparameters for the kernel instance corresponding to the target (batch_size, a, b, c, d, precision, VSIZE) = (1, 1, 4, 2, 512, half, 4) in the .best file, nor could we find d"
group1,4,2,2048,1024,1,512,2,0.083358,,"ERROR: Could not find hyperparameters for the kernel instance corresponding to the target (batch_size, a, b, c, d, precision, VSIZE) = (2, 1, 4, 2, 512, half, 4) in the .best file, nor could we find d"
group1,4,2,2048,1024,1,512,4,0.081855,,"ERROR: Could not find hyperparameters for the kernel instance corresponding to the target (batch_size, a, b, c, d, precision, VSIZE) = (4, 1, 4, 2, 512, half, 4) in the .best file, nor could we find d"
group1,4,2,2048,1024,1,512,8,0.081780,,"ERROR: Could not find hyperparameters for the kernel instance corresponding to the target (batch_size, a, b, c, d, precision, VSIZE) = (8, 1, 4, 2, 512, half, 4) in the .best file, nor could we find d"
group1,4,2,2048,1024,1,512,16,0.082650,,"ERROR: Could not find hyperparameters for the kernel instance corresponding to the target (batch_size, a, b, c, d, precision, VSIZE) = (16, 1, 4, 2, 512, half, 4) in the .best file, nor could we find "
group1,4,2,2048,1024,1,512,32,0.082481,,"ERROR: Could not find hyperparameters for the kernel instance corresponding to the target (batch_size, a, b, c, d, precision, VSIZE) = (32, 1, 4, 2, 512, half, 4) in the .best file, nor could we find "
group1,4,2,2048,1024,1,512,64,0.081789,,"ERROR: Could not find hyperparameters for the kernel instance corresponding to the target (batch_size, a, b, c, d, precision, VSIZE) = (64, 1, 4, 2, 512, half, 4) in the .best file, nor could we find "
group1,4,2,2048,1024,1,512,128,0.084610,,"ERROR: Could not find hyperparameters for the kernel instance corresponding to the target (batch_size, a, b, c, d, precision, VSIZE) = (128, 1, 4, 2, 512, half, 4) in the .best file, nor could we find"
group1,4,2,2048,1024,1,512,256,0.102216,,"ERROR: Could not find hyperparameters for the kernel instance corresponding to the target (batch_size, a, b, c, d, precision, VSIZE) = (256, 1, 4, 2, 512, half, 4) in the .best file, nor could we find"
group1,4,2,2048,1024,1,512,512,0.084457,,"ERROR: Could not find hyperparameters for the kernel instance corresponding to the target (batch_size, a, b, c, d, precision, VSIZE) = (512, 1, 4, 2, 512, half, 4) in the .best file, nor could we find"
group1,4,2,2048,1024,1,512,1024,0.084155,,"ERROR: Could not find hyperparameters for the kernel instance corresponding to the target (batch_size, a, b, c, d, precision, VSIZE) = (1024, 1, 4, 2, 512, half, 4) in the .best file, nor could we fin"
group1,4,2,2048,1024,1,512,2048,0.108474,,"ERROR: Could not find hyperparameters for the kernel instance corresponding to the target (batch_size, a, b, c, d, precision, VSIZE) = (2048, 1, 4, 2, 512, half, 4) in the .best file, nor could we fin"
group1,4,2,2048,1024,1,512,4096,0.204771,,"ERROR: Could not find hyperparameters for the kernel instance corresponding to the target (batch_size, a, b, c, d, precision, VSIZE) = (4096, 1, 4, 2, 512, half, 4) in the .best file, nor could we fin"
group1,4,2,2048,1024,2,256,1,0.054431,,"ERROR: Could not find hyperparameters for the kernel instance corresponding to the target (batch_size, a, b, c, d, precision, VSIZE) = (1, 2, 4, 2, 256, half, 4) in the .best file, nor could we find d"
group1,4,2,2048,1024,2,256,2,0.082009,,"ERROR: Could not find hyperparameters for the kernel instance corresponding to the target (batch_size, a, b, c, d, precision, VSIZE) = (2, 2, 4, 2, 256, half, 4) in the .best file, nor could we find d"
group1,4,2,2048,1024,2,256,4,0.082701,,"ERROR: Could not find hyperparameters for the kernel instance corresponding to the target (batch_size, a, b, c, d, precision, VSIZE) = (4, 2, 4, 2, 256, half, 4) in the .best file, nor could we find d"
group1,4,2,2048,1024,2,256,8,0.081865,,"ERROR: Could not find hyperparameters for the kernel instance corresponding to the target (batch_size, a, b, c, d, precision, VSIZE) = (8, 2, 4, 2, 256, half, 4) in the .best file, nor could we find d"
group1,4,2,2048,1024,2,256,16,0.085590,,"ERROR: Could not find hyperparameters for the kernel instance corresponding to the target (batch_size, a, b, c, d, precision, VSIZE) = (16, 2, 4, 2, 256, half, 4) in the .best file, nor could we find "
group1,4,2,2048,1024,2,256,32,0.081851,,"ERROR: Could not find hyperparameters for the kernel instance corresponding to the target (batch_size, a, b, c, d, precision, VSIZE) = (32, 2, 4, 2, 256, half, 4) in the .best file, nor could we find "
group1,4,2,2048,1024,2,256,64,0.084588,,"ERROR: Could not find hyperparameters for the kernel instance corresponding to the target (batch_size, a, b, c, d, precision, VSIZE) = (64, 2, 4, 2, 256, half, 4) in the .best file, nor could we find "
group1,4,2,2048,1024,2,256,128,0.083206,,"ERROR: Could not find hyperparameters for the kernel instance corresponding to the target (batch_size, a, b, c, d, precision, VSIZE) = (128, 2, 4, 2, 256, half, 4) in the .best file, nor could we find"
group1,4,2,2048,1024,2,256,256,0.083093,,"ERROR: Could not find hyperparameters for the kernel instance corresponding to the target (batch_size, a, b, c, d, precision, VSIZE) = (256, 2, 4, 2, 256, half, 4) in the .best file, nor could we find"
group1,4,2,2048,1024,2,256,512,0.084008,,"ERROR: Could not find hyperparameters for the kernel instance corresponding to the target (batch_size, a, b, c, d, precision, VSIZE) = (512, 2, 4, 2, 256, half, 4) in the .best file, nor could we find"
group1,4,2,2048,1024,2,256,1024,0.087588,,"ERROR: Could not find hyperparameters for the kernel instance corresponding to the target (batch_size, a, b, c, d, precision, VSIZE) = (1024, 2, 4, 2, 256, half, 4) in the .best file, nor could we fin"
group1,4,2,2048,1024,2,256,2048,0.108538,,"ERROR: Could not find hyperparameters for the kernel instance corresponding to the target (batch_size, a, b, c, d, precision, VSIZE) = (2048, 2, 4, 2, 256, half, 4) in the .best file, nor could we fin"
group1,4,2,2048,1024,2,256,4096,0.204783,,"ERROR: Could not find hyperparameters for the kernel instance corresponding to the target (batch_size, a, b, c, d, precision, VSIZE) = (4096, 2, 4, 2, 256, half, 4) in the .best file, nor could we fin"
group1,4,2,2048,1024,4,128,1,0.054160,,"ERROR: Could not find hyperparameters for the kernel instance corresponding to the target (batch_size, a, b, c, d, precision, VSIZE) = (1, 4, 4, 2, 128, half, 4) in the .best file, nor could we find d"
group1,4,2,2048,1024,4,128,2,0.083770,,"ERROR: Could not find hyperparameters for the kernel instance corresponding to the target (batch_size, a, b, c, d, precision, VSIZE) = (2, 4, 4, 2, 128, half, 4) in the .best file, nor could we find d"
group1,4,2,2048,1024,4,128,4,0.083067,,"ERROR: Could not find hyperparameters for the kernel instance corresponding to the target (batch_size, a, b, c, d, precision, VSIZE) = (4, 4, 4, 2, 128, half, 4) in the .best file, nor could we find d"
group1,4,2,2048,1024,4,128,8,0.084040,,"ERROR: Could not find hyperparameters for the kernel instance corresponding to the target (batch_size, a, b, c, d, precision, VSIZE) = (8, 4, 4, 2, 128, half, 4) in the .best file, nor could we find d"
group1,4,2,2048,1024,4,128,16,0.084863,,"ERROR: Could not find hyperparameters for the kernel instance corresponding to the target (batch_size, a, b, c, d, precision, VSIZE) = (16, 4, 4, 2, 128, half, 4) in the .best file, nor could we find "
group1,4,2,2048,1024,4,128,32,0.083059,,"ERROR: Could not find hyperparameters for the kernel instance corresponding to the target (batch_size, a, b, c, d, precision, VSIZE) = (32, 4, 4, 2, 128, half, 4) in the .best file, nor could we find "
group1,4,2,2048,1024,4,128,64,0.082924,,"ERROR: Could not find hyperparameters for the kernel instance corresponding to the target (batch_size, a, b, c, d, precision, VSIZE) = (64, 4, 4, 2, 128, half, 4) in the .best file, nor could we find "
group1,4,2,2048,1024,4,128,128,0.082583,,"ERROR: Could not find hyperparameters for the kernel instance corresponding to the target (batch_size, a, b, c, d, precision, VSIZE) = (128, 4, 4, 2, 128, half, 4) in the .best file, nor could we find"
group1,4,2,2048,1024,4,128,256,0.086446,,"ERROR: Could not find hyperparameters for the kernel instance corresponding to the target (batch_size, a, b, c, d, precision, VSIZE) = (256, 4, 4, 2, 128, half, 4) in the .best file, nor could we find"
group1,4,2,2048,1024,4,128,512,0.087217,,"ERROR: Could not find hyperparameters for the kernel instance corresponding to the target (batch_size, a, b, c, d, precision, VSIZE) = (512, 4, 4, 2, 128, half, 4) in the .best file, nor could we find"
group1,4,2,2048,1024,4,128,1024,0.084483,,"ERROR: Could not find hyperparameters for the kernel instance corresponding to the target (batch_size, a, b, c, d, precision, VSIZE) = (1024, 4, 4, 2, 128, half, 4) in the .best file, nor could we fin"
group1,4,2,2048,1024,4,128,2048,0.108506,,"ERROR: Could not find hyperparameters for the kernel instance corresponding to the target (batch_size, a, b, c, d, precision, VSIZE) = (2048, 4, 4, 2, 128, half, 4) in the .best file, nor could we fin"
group1,4,2,2048,1024,4,128,4096,0.204564,,"ERROR: Could not find hyperparameters for the kernel instance corresponding to the target (batch_size, a, b, c, d, precision, VSIZE) = (4096, 4, 4, 2, 128, half, 4) in the .best file, nor could we fin"
group1,4,2,2048,1024,8,64,1,0.052699,,"ERROR: Could not find hyperparameters for the kernel instance corresponding to the target (batch_size, a, b, c, d, precision, VSIZE) = (1, 8, 4, 2, 64, half, 4) in the .best file, nor could we find de"
group1,4,2,2048,1024,8,64,2,0.082256,,"ERROR: Could not find hyperparameters for the kernel instance corresponding to the target (batch_size, a, b, c, d, precision, VSIZE) = (2, 8, 4, 2, 64, half, 4) in the .best file, nor could we find de"
group1,4,2,2048,1024,8,64,4,0.081728,,"ERROR: Could not find hyperparameters for the kernel instance corresponding to the target (batch_size, a, b, c, d, precision, VSIZE) = (4, 8, 4, 2, 64, half, 4) in the .best file, nor could we find de"
group1,4,2,2048,1024,8,64,8,0.083164,,"ERROR: Could not find hyperparameters for the kernel instance corresponding to the target (batch_size, a, b, c, d, precision, VSIZE) = (8, 8, 4, 2, 64, half, 4) in the .best file, nor could we find de"
group1,4,2,2048,1024,8,64,16,0.083249,,"ERROR: Could not find hyperparameters for the kernel instance corresponding to the target (batch_size, a, b, c, d, precision, VSIZE) = (16, 8, 4, 2, 64, half, 4) in the .best file, nor could we find d"
group1,4,2,2048,1024,8,64,32,0.081244,,"ERROR: Could not find hyperparameters for the kernel instance corresponding to the target (batch_size, a, b, c, d, precision, VSIZE) = (32, 8, 4, 2, 64, half, 4) in the .best file, nor could we find d"
group1,4,2,2048,1024,8,64,64,0.082310,,"ERROR: Could not find hyperparameters for the kernel instance corresponding to the target (batch_size, a, b, c, d, precision, VSIZE) = (64, 8, 4, 2, 64, half, 4) in the .best file, nor could we find d"
group1,4,2,2048,1024,8,64,128,0.086184,,"ERROR: Could not find hyperparameters for the kernel instance corresponding to the target (batch_size, a, b, c, d, precision, VSIZE) = (128, 8, 4, 2, 64, half, 4) in the .best file, nor could we find "
group1,4,2,2048,1024,8,64,256,0.082668,,"ERROR: Could not find hyperparameters for the kernel instance corresponding to the target (batch_size, a, b, c, d, precision, VSIZE) = (256, 8, 4, 2, 64, half, 4) in the .best file, nor could we find "
group1,4,2,2048,1024,8,64,512,0.082110,,"ERROR: Could not find hyperparameters for the kernel instance corresponding to the target (batch_size, a, b, c, d, precision, VSIZE) = (512, 8, 4, 2, 64, half, 4) in the .best file, nor could we find "
group1,4,2,2048,1024,8,64,1024,0.084339,,"ERROR: Could not find hyperparameters for the kernel instance corresponding to the target (batch_size, a, b, c, d, precision, VSIZE) = (1024, 8, 4, 2, 64, half, 4) in the .best file, nor could we find"
group1,4,2,2048,1024,8,64,2048,0.108483,,"ERROR: Could not find hyperparameters for the kernel instance corresponding to the target (batch_size, a, b, c, d, precision, VSIZE) = (2048, 8, 4, 2, 64, half, 4) in the .best file, nor could we find"
group1,4,2,2048,1024,8,64,4096,0.204577,,"ERROR: Could not find hyperparameters for the kernel instance corresponding to the target (batch_size, a, b, c, d, precision, VSIZE) = (4096, 8, 4, 2, 64, half, 4) in the .best file, nor could we find"
group1,4,2,2048,1024,16,32,1,0.053547,,"ERROR: Could not find hyperparameters for the kernel instance corresponding to the target (batch_size, a, b, c, d, precision, VSIZE) = (1, 16, 4, 2, 32, half, 4) in the .best file, nor could we find d"
group1,4,2,2048,1024,16,32,2,0.083568,,"ERROR: Could not find hyperparameters for the kernel instance corresponding to the target (batch_size, a, b, c, d, precision, VSIZE) = (2, 16, 4, 2, 32, half, 4) in the .best file, nor could we find d"
group1,4,2,2048,1024,16,32,4,0.081604,,"ERROR: Could not find hyperparameters for the kernel instance corresponding to the target (batch_size, a, b, c, d, precision, VSIZE) = (4, 16, 4, 2, 32, half, 4) in the .best file, nor could we find d"
group1,4,2,2048,1024,16,32,8,0.084619,,"ERROR: Could not find hyperparameters for the kernel instance corresponding to the target (batch_size, a, b, c, d, precision, VSIZE) = (8, 16, 4, 2, 32, half, 4) in the .best file, nor could we find d"
group1,4,2,2048,1024,16,32,16,0.081608,,"ERROR: Could not find hyperparameters for the kernel instance corresponding to the target (batch_size, a, b, c, d, precision, VSIZE) = (16, 16, 4, 2, 32, half, 4) in the .best file, nor could we find "
group1,4,2,2048,1024,16,32,32,0.081994,,"ERROR: Could not find hyperparameters for the kernel instance corresponding to the target (batch_size, a, b, c, d, precision, VSIZE) = (32, 16, 4, 2, 32, half, 4) in the .best file, nor could we find "
group1,4,2,2048,1024,16,32,64,0.100432,,"ERROR: Could not find hyperparameters for the kernel instance corresponding to the target (batch_size, a, b, c, d, precision, VSIZE) = (64, 16, 4, 2, 32, half, 4) in the .best file, nor could we find "
group1,4,2,2048,1024,16,32,128,0.086474,,"ERROR: Could not find hyperparameters for the kernel instance corresponding to the target (batch_size, a, b, c, d, precision, VSIZE) = (128, 16, 4, 2, 32, half, 4) in the .best file, nor could we find"
group1,4,2,2048,1024,16,32,256,0.082659,,"ERROR: Could not find hyperparameters for the kernel instance corresponding to the target (batch_size, a, b, c, d, precision, VSIZE) = (256, 16, 4, 2, 32, half, 4) in the .best file, nor could we find"
group1,4,2,2048,1024,16,32,512,0.083485,,"ERROR: Could not find hyperparameters for the kernel instance corresponding to the target (batch_size, a, b, c, d, precision, VSIZE) = (512, 16, 4, 2, 32, half, 4) in the .best file, nor could we find"
group1,4,2,2048,1024,16,32,1024,0.082720,,"ERROR: Could not find hyperparameters for the kernel instance corresponding to the target (batch_size, a, b, c, d, precision, VSIZE) = (1024, 16, 4, 2, 32, half, 4) in the .best file, nor could we fin"
group1,4,2,2048,1024,16,32,2048,0.108480,,"ERROR: Could not find hyperparameters for the kernel instance corresponding to the target (batch_size, a, b, c, d, precision, VSIZE) = (2048, 16, 4, 2, 32, half, 4) in the .best file, nor could we fin"
group1,4,2,2048,1024,16,32,4096,0.204440,,"ERROR: Could not find hyperparameters for the kernel instance corresponding to the target (batch_size, a, b, c, d, precision, VSIZE) = (4096, 16, 4, 2, 32, half, 4) in the .best file, nor could we fin"
group1,4,2,2048,1024,32,16,1,0.052785,,"ERROR: Could not find hyperparameters for the kernel instance corresponding to the target (batch_size, a, b, c, d, precision, VSIZE) = (1, 32, 4, 2, 16, half, 4) in the .best file, nor could we find d"
group1,4,2,2048,1024,32,16,2,0.083051,,"ERROR: Could not find hyperparameters for the kernel instance corresponding to the target (batch_size, a, b, c, d, precision, VSIZE) = (2, 32, 4, 2, 16, half, 4) in the .best file, nor could we find d"
group1,4,2,2048,1024,32,16,4,0.083317,,"ERROR: Could not find hyperparameters for the kernel instance corresponding to the target (batch_size, a, b, c, d, precision, VSIZE) = (4, 32, 4, 2, 16, half, 4) in the .best file, nor could we find d"
group1,4,2,2048,1024,32,16,8,0.085811,,"ERROR: Could not find hyperparameters for the kernel instance corresponding to the target (batch_size, a, b, c, d, precision, VSIZE) = (8, 32, 4, 2, 16, half, 4) in the .best file, nor could we find d"
group1,4,2,2048,1024,32,16,16,0.085440,,"ERROR: Could not find hyperparameters for the kernel instance corresponding to the target (batch_size, a, b, c, d, precision, VSIZE) = (16, 32, 4, 2, 16, half, 4) in the .best file, nor could we find "
group1,4,2,2048,1024,32,16,32,0.081205,,"ERROR: Could not find hyperparameters for the kernel instance corresponding to the target (batch_size, a, b, c, d, precision, VSIZE) = (32, 32, 4, 2, 16, half, 4) in the .best file, nor could we find "
group1,4,2,2048,1024,32,16,64,0.083895,,"ERROR: Could not find hyperparameters for the kernel instance corresponding to the target (batch_size, a, b, c, d, precision, VSIZE) = (64, 32, 4, 2, 16, half, 4) in the .best file, nor could we find "
group1,4,2,2048,1024,32,16,128,0.085346,,"ERROR: Could not find hyperparameters for the kernel instance corresponding to the target (batch_size, a, b, c, d, precision, VSIZE) = (128, 32, 4, 2, 16, half, 4) in the .best file, nor could we find"
group1,4,2,2048,1024,32,16,256,0.083326,,"ERROR: Could not find hyperparameters for the kernel instance corresponding to the target (batch_size, a, b, c, d, precision, VSIZE) = (256, 32, 4, 2, 16, half, 4) in the .best file, nor could we find"
group1,4,2,2048,1024,32,16,512,0.086683,,"ERROR: Could not find hyperparameters for the kernel instance corresponding to the target (batch_size, a, b, c, d, precision, VSIZE) = (512, 32, 4, 2, 16, half, 4) in the .best file, nor could we find"
group1,4,2,2048,1024,32,16,1024,0.084614,,"ERROR: Could not find hyperparameters for the kernel instance corresponding to the target (batch_size, a, b, c, d, precision, VSIZE) = (1024, 32, 4, 2, 16, half, 4) in the .best file, nor could we fin"
group1,4,2,2048,1024,32,16,2048,0.108128,,"ERROR: Could not find hyperparameters for the kernel instance corresponding to the target (batch_size, a, b, c, d, precision, VSIZE) = (2048, 32, 4, 2, 16, half, 4) in the .best file, nor could we fin"
group1,4,2,2048,1024,32,16,4096,0.204522,,"ERROR: Could not find hyperparameters for the kernel instance corresponding to the target (batch_size, a, b, c, d, precision, VSIZE) = (4096, 32, 4, 2, 16, half, 4) in the .best file, nor could we fin"
group1,4,2,2048,1024,64,8,1,0.052057,,"ERROR: Could not find hyperparameters for the kernel instance corresponding to the target (batch_size, a, b, c, d, precision, VSIZE) = (1, 64, 4, 2, 8, half, 4) in the .best file, nor could we find de"
group1,4,2,2048,1024,64,8,2,0.082379,,"ERROR: Could not find hyperparameters for the kernel instance corresponding to the target (batch_size, a, b, c, d, precision, VSIZE) = (2, 64, 4, 2, 8, half, 4) in the .best file, nor could we find de"
group1,4,2,2048,1024,64,8,4,0.082521,,"ERROR: Could not find hyperparameters for the kernel instance corresponding to the target (batch_size, a, b, c, d, precision, VSIZE) = (4, 64, 4, 2, 8, half, 4) in the .best file, nor could we find de"
group1,4,2,2048,1024,64,8,8,0.082769,,"ERROR: Could not find hyperparameters for the kernel instance corresponding to the target (batch_size, a, b, c, d, precision, VSIZE) = (8, 64, 4, 2, 8, half, 4) in the .best file, nor could we find de"
group1,4,2,2048,1024,64,8,16,0.083822,,"ERROR: Could not find hyperparameters for the kernel instance corresponding to the target (batch_size, a, b, c, d, precision, VSIZE) = (16, 64, 4, 2, 8, half, 4) in the .best file, nor could we find d"
group1,4,2,2048,1024,64,8,32,0.100556,,"ERROR: Could not find hyperparameters for the kernel instance corresponding to the target (batch_size, a, b, c, d, precision, VSIZE) = (32, 64, 4, 2, 8, half, 4) in the .best file, nor could we find d"
group1,4,2,2048,1024,64,8,64,0.083043,,"ERROR: Could not find hyperparameters for the kernel instance corresponding to the target (batch_size, a, b, c, d, precision, VSIZE) = (64, 64, 4, 2, 8, half, 4) in the .best file, nor could we find d"
group1,4,2,2048,1024,64,8,128,0.084119,,"ERROR: Could not find hyperparameters for the kernel instance corresponding to the target (batch_size, a, b, c, d, precision, VSIZE) = (128, 64, 4, 2, 8, half, 4) in the .best file, nor could we find "
group1,4,2,2048,1024,64,8,256,0.101411,,"ERROR: Could not find hyperparameters for the kernel instance corresponding to the target (batch_size, a, b, c, d, precision, VSIZE) = (256, 64, 4, 2, 8, half, 4) in the .best file, nor could we find "
group1,4,2,2048,1024,64,8,512,0.084810,,"ERROR: Could not find hyperparameters for the kernel instance corresponding to the target (batch_size, a, b, c, d, precision, VSIZE) = (512, 64, 4, 2, 8, half, 4) in the .best file, nor could we find "
group1,4,2,2048,1024,64,8,1024,0.102538,,"ERROR: Could not find hyperparameters for the kernel instance corresponding to the target (batch_size, a, b, c, d, precision, VSIZE) = (1024, 64, 4, 2, 8, half, 4) in the .best file, nor could we find"
group1,4,2,2048,1024,64,8,2048,0.108164,,"ERROR: Could not find hyperparameters for the kernel instance corresponding to the target (batch_size, a, b, c, d, precision, VSIZE) = (2048, 64, 4, 2, 8, half, 4) in the .best file, nor could we find"
group1,4,2,2048,1024,64,8,4096,0.204809,,"ERROR: Could not find hyperparameters for the kernel instance corresponding to the target (batch_size, a, b, c, d, precision, VSIZE) = (4096, 64, 4, 2, 8, half, 4) in the .best file, nor could we find"
group1,4,2,2048,1024,128,4,1,0.053230,,"ERROR: Could not find hyperparameters for the kernel instance corresponding to the target (batch_size, a, b, c, d, precision, VSIZE) = (1, 128, 4, 2, 4, half, 4) in the .best file, nor could we find d"
group1,4,2,2048,1024,128,4,2,0.082373,,"ERROR: Could not find hyperparameters for the kernel instance corresponding to the target (batch_size, a, b, c, d, precision, VSIZE) = (2, 128, 4, 2, 4, half, 4) in the .best file, nor could we find d"
group1,4,2,2048,1024,128,4,4,0.082505,,"ERROR: Could not find hyperparameters for the kernel instance corresponding to the target (batch_size, a, b, c, d, precision, VSIZE) = (4, 128, 4, 2, 4, half, 4) in the .best file, nor could we find d"
group1,4,2,2048,1024,128,4,8,0.085550,,"ERROR: Could not find hyperparameters for the kernel instance corresponding to the target (batch_size, a, b, c, d, precision, VSIZE) = (8, 128, 4, 2, 4, half, 4) in the .best file, nor could we find d"
group1,4,2,2048,1024,128,4,16,0.101927,,"ERROR: Could not find hyperparameters for the kernel instance corresponding to the target (batch_size, a, b, c, d, precision, VSIZE) = (16, 128, 4, 2, 4, half, 4) in the .best file, nor could we find "
group1,4,2,2048,1024,128,4,32,0.101610,,"ERROR: Could not find hyperparameters for the kernel instance corresponding to the target (batch_size, a, b, c, d, precision, VSIZE) = (32, 128, 4, 2, 4, half, 4) in the .best file, nor could we find "
group1,4,2,2048,1024,128,4,64,0.082191,,"ERROR: Could not find hyperparameters for the kernel instance corresponding to the target (batch_size, a, b, c, d, precision, VSIZE) = (64, 128, 4, 2, 4, half, 4) in the .best file, nor could we find "
group1,4,2,2048,1024,128,4,128,0.100586,,"ERROR: Could not find hyperparameters for the kernel instance corresponding to the target (batch_size, a, b, c, d, precision, VSIZE) = (128, 128, 4, 2, 4, half, 4) in the .best file, nor could we find"
group1,4,2,2048,1024,128,4,256,0.083639,,"ERROR: Could not find hyperparameters for the kernel instance corresponding to the target (batch_size, a, b, c, d, precision, VSIZE) = (256, 128, 4, 2, 4, half, 4) in the .best file, nor could we find"
group1,4,2,2048,1024,128,4,512,0.085553,,"ERROR: Could not find hyperparameters for the kernel instance corresponding to the target (batch_size, a, b, c, d, precision, VSIZE) = (512, 128, 4, 2, 4, half, 4) in the .best file, nor could we find"
group1,4,2,2048,1024,128,4,1024,0.084537,,"ERROR: Could not find hyperparameters for the kernel instance corresponding to the target (batch_size, a, b, c, d, precision, VSIZE) = (1024, 128, 4, 2, 4, half, 4) in the .best file, nor could we fin"
group1,4,2,2048,1024,128,4,2048,0.108074,,"ERROR: Could not find hyperparameters for the kernel instance corresponding to the target (batch_size, a, b, c, d, precision, VSIZE) = (2048, 128, 4, 2, 4, half, 4) in the .best file, nor could we fin"
group1,4,2,2048,1024,128,4,4096,0.206105,,"ERROR: Could not find hyperparameters for the kernel instance corresponding to the target (batch_size, a, b, c, d, precision, VSIZE) = (4096, 128, 4, 2, 4, half, 4) in the .best file, nor could we fin"
group1,4,2,2048,1024,256,2,1,0.054532,,"ERROR: Could not find hyperparameters for the kernel instance corresponding to the target (batch_size, a, b, c, d, precision, VSIZE) = (1, 256, 4, 2, 2, half, 4) in the .best file, nor could we find d"
group1,4,2,2048,1024,256,2,2,0.101169,,"ERROR: Could not find hyperparameters for the kernel instance corresponding to the target (batch_size, a, b, c, d, precision, VSIZE) = (2, 256, 4, 2, 2, half, 4) in the .best file, nor could we find d"
group1,4,2,2048,1024,256,2,4,0.082246,,"ERROR: Could not find hyperparameters for the kernel instance corresponding to the target (batch_size, a, b, c, d, precision, VSIZE) = (4, 256, 4, 2, 2, half, 4) in the .best file, nor could we find d"
group1,4,2,2048,1024,256,2,8,0.081723,,"ERROR: Could not find hyperparameters for the kernel instance corresponding to the target (batch_size, a, b, c, d, precision, VSIZE) = (8, 256, 4, 2, 2, half, 4) in the .best file, nor could we find d"
group1,4,2,2048,1024,256,2,16,0.082237,,"ERROR: Could not find hyperparameters for the kernel instance corresponding to the target (batch_size, a, b, c, d, precision, VSIZE) = (16, 256, 4, 2, 2, half, 4) in the .best file, nor could we find "
group1,4,2,2048,1024,256,2,32,0.082594,,"ERROR: Could not find hyperparameters for the kernel instance corresponding to the target (batch_size, a, b, c, d, precision, VSIZE) = (32, 256, 4, 2, 2, half, 4) in the .best file, nor could we find "
group1,4,2,2048,1024,256,2,64,0.085123,,"ERROR: Could not find hyperparameters for the kernel instance corresponding to the target (batch_size, a, b, c, d, precision, VSIZE) = (64, 256, 4, 2, 2, half, 4) in the .best file, nor could we find "
group1,4,2,2048,1024,256,2,128,0.084525,,"ERROR: Could not find hyperparameters for the kernel instance corresponding to the target (batch_size, a, b, c, d, precision, VSIZE) = (128, 256, 4, 2, 2, half, 4) in the .best file, nor could we find"
group1,4,2,2048,1024,256,2,256,0.100921,,"ERROR: Could not find hyperparameters for the kernel instance corresponding to the target (batch_size, a, b, c, d, precision, VSIZE) = (256, 256, 4, 2, 2, half, 4) in the .best file, nor could we find"
group1,4,2,2048,1024,256,2,512,0.084511,,"ERROR: Could not find hyperparameters for the kernel instance corresponding to the target (batch_size, a, b, c, d, precision, VSIZE) = (512, 256, 4, 2, 2, half, 4) in the .best file, nor could we find"
group1,4,2,2048,1024,256,2,1024,0.086073,,"ERROR: Could not find hyperparameters for the kernel instance corresponding to the target (batch_size, a, b, c, d, precision, VSIZE) = (1024, 256, 4, 2, 2, half, 4) in the .best file, nor could we fin"
group1,4,2,2048,1024,256,2,2048,0.108368,,"ERROR: Could not find hyperparameters for the kernel instance corresponding to the target (batch_size, a, b, c, d, precision, VSIZE) = (2048, 256, 4, 2, 2, half, 4) in the .best file, nor could we fin"
group1,4,2,2048,1024,256,2,4096,0.204818,,"ERROR: Could not find hyperparameters for the kernel instance corresponding to the target (batch_size, a, b, c, d, precision, VSIZE) = (4096, 256, 4, 2, 2, half, 4) in the .best file, nor could we fin"
group1,4,2,2048,1024,512,1,1,0.054771,,"ERROR: Could not find hyperparameters for the kernel instance corresponding to the target (batch_size, a, b, c, d, precision, VSIZE) = (1, 512, 4, 2, 1, half, 4) in the .best file, nor could we find d"
group1,4,2,2048,1024,512,1,2,0.101668,,"ERROR: Could not find hyperparameters for the kernel instance corresponding to the target (batch_size, a, b, c, d, precision, VSIZE) = (2, 512, 4, 2, 1, half, 4) in the .best file, nor could we find d"
group1,4,2,2048,1024,512,1,4,0.100251,,"ERROR: Could not find hyperparameters for the kernel instance corresponding to the target (batch_size, a, b, c, d, precision, VSIZE) = (4, 512, 4, 2, 1, half, 4) in the .best file, nor could we find d"
group1,4,2,2048,1024,512,1,8,0.083285,,"ERROR: Could not find hyperparameters for the kernel instance corresponding to the target (batch_size, a, b, c, d, precision, VSIZE) = (8, 512, 4, 2, 1, half, 4) in the .best file, nor could we find d"
group1,4,2,2048,1024,512,1,16,0.083532,,"ERROR: Could not find hyperparameters for the kernel instance corresponding to the target (batch_size, a, b, c, d, precision, VSIZE) = (16, 512, 4, 2, 1, half, 4) in the .best file, nor could we find "
group1,4,2,2048,1024,512,1,32,0.100641,,"ERROR: Could not find hyperparameters for the kernel instance corresponding to the target (batch_size, a, b, c, d, precision, VSIZE) = (32, 512, 4, 2, 1, half, 4) in the .best file, nor could we find "
group1,4,2,2048,1024,512,1,64,0.084382,,"ERROR: Could not find hyperparameters for the kernel instance corresponding to the target (batch_size, a, b, c, d, precision, VSIZE) = (64, 512, 4, 2, 1, half, 4) in the .best file, nor could we find "
group1,4,2,2048,1024,512,1,128,0.086388,,"ERROR: Could not find hyperparameters for the kernel instance corresponding to the target (batch_size, a, b, c, d, precision, VSIZE) = (128, 512, 4, 2, 1, half, 4) in the .best file, nor could we find"
group1,4,2,2048,1024,512,1,256,0.083362,,"ERROR: Could not find hyperparameters for the kernel instance corresponding to the target (batch_size, a, b, c, d, precision, VSIZE) = (256, 512, 4, 2, 1, half, 4) in the .best file, nor could we find"
group1,4,2,2048,1024,512,1,512,0.103240,,"ERROR: Could not find hyperparameters for the kernel instance corresponding to the target (batch_size, a, b, c, d, precision, VSIZE) = (512, 512, 4, 2, 1, half, 4) in the .best file, nor could we find"
group1,4,2,2048,1024,512,1,1024,0.083475,,"ERROR: Could not find hyperparameters for the kernel instance corresponding to the target (batch_size, a, b, c, d, precision, VSIZE) = (1024, 512, 4, 2, 1, half, 4) in the .best file, nor could we fin"
group1,4,2,2048,1024,512,1,2048,0.107032,,"ERROR: Could not find hyperparameters for the kernel instance corresponding to the target (batch_size, a, b, c, d, precision, VSIZE) = (2048, 512, 4, 2, 1, half, 4) in the .best file, nor could we fin"
group1,4,2,2048,1024,512,1,4096,0.202764,,"ERROR: Could not find hyperparameters for the kernel instance corresponding to the target (batch_size, a, b, c, d, precision, VSIZE) = (4096, 512, 4, 2, 1, half, 4) in the .best file, nor could we fin"
group1,4,2,4096,2048,1,1024,1,0.052777,,"ERROR: Could not find hyperparameters for the kernel instance corresponding to the target (batch_size, a, b, c, d, precision, VSIZE) = (1, 1, 4, 2, 1024, half, 4) in the .best file, nor could we find "
group1,4,2,4096,2048,1,1024,2,0.082433,,"ERROR: Could not find hyperparameters for the kernel instance corresponding to the target (batch_size, a, b, c, d, precision, VSIZE) = (2, 1, 4, 2, 1024, half, 4) in the .best file, nor could we find "
group1,4,2,4096,2048,1,1024,4,0.084116,,"ERROR: Could not find hyperparameters for the kernel instance corresponding to the target (batch_size, a, b, c, d, precision, VSIZE) = (4, 1, 4, 2, 1024, half, 4) in the .best file, nor could we find "
group1,4,2,4096,2048,1,1024,8,0.083233,,"ERROR: Could not find hyperparameters for the kernel instance corresponding to the target (batch_size, a, b, c, d, precision, VSIZE) = (8, 1, 4, 2, 1024, half, 4) in the .best file, nor could we find "
group1,4,2,4096,2048,1,1024,16,0.085711,,"ERROR: Could not find hyperparameters for the kernel instance corresponding to the target (batch_size, a, b, c, d, precision, VSIZE) = (16, 1, 4, 2, 1024, half, 4) in the .best file, nor could we find"
group1,4,2,4096,2048,1,1024,32,0.084261,,"ERROR: Could not find hyperparameters for the kernel instance corresponding to the target (batch_size, a, b, c, d, precision, VSIZE) = (32, 1, 4, 2, 1024, half, 4) in the .best file, nor could we find"
group1,4,2,4096,2048,1,1024,64,0.083077,,"ERROR: Could not find hyperparameters for the kernel instance corresponding to the target (batch_size, a, b, c, d, precision, VSIZE) = (64, 1, 4, 2, 1024, half, 4) in the .best file, nor could we find"
group1,4,2,4096,2048,1,1024,128,0.083719,,"ERROR: Could not find hyperparameters for the kernel instance corresponding to the target (batch_size, a, b, c, d, precision, VSIZE) = (128, 1, 4, 2, 1024, half, 4) in the .best file, nor could we fin"
group1,4,2,4096,2048,1,1024,256,0.083687,,"ERROR: Could not find hyperparameters for the kernel instance corresponding to the target (batch_size, a, b, c, d, precision, VSIZE) = (256, 1, 4, 2, 1024, half, 4) in the .best file, nor could we fin"
group1,4,2,4096,2048,1,1024,512,0.083380,,"ERROR: Could not find hyperparameters for the kernel instance corresponding to the target (batch_size, a, b, c, d, precision, VSIZE) = (512, 1, 4, 2, 1024, half, 4) in the .best file, nor could we fin"
group1,4,2,4096,2048,1,1024,1024,0.107020,,"ERROR: Could not find hyperparameters for the kernel instance corresponding to the target (batch_size, a, b, c, d, precision, VSIZE) = (1024, 1, 4, 2, 1024, half, 4) in the .best file, nor could we fi"
group1,4,2,4096,2048,1,1024,2048,0.205149,,"ERROR: Could not find hyperparameters for the kernel instance corresponding to the target (batch_size, a, b, c, d, precision, VSIZE) = (2048, 1, 4, 2, 1024, half, 4) in the .best file, nor could we fi"
group1,4,2,4096,2048,1,1024,4096,0.404072,,"ERROR: Could not find hyperparameters for the kernel instance corresponding to the target (batch_size, a, b, c, d, precision, VSIZE) = (4096, 1, 4, 2, 1024, half, 4) in the .best file, nor could we fi"
group1,4,2,4096,2048,2,512,1,0.054238,,"ERROR: Could not find hyperparameters for the kernel instance corresponding to the target (batch_size, a, b, c, d, precision, VSIZE) = (1, 2, 4, 2, 512, half, 4) in the .best file, nor could we find d"
group1,4,2,4096,2048,2,512,2,0.082299,,"ERROR: Could not find hyperparameters for the kernel instance corresponding to the target (batch_size, a, b, c, d, precision, VSIZE) = (2, 2, 4, 2, 512, half, 4) in the .best file, nor could we find d"
group1,4,2,4096,2048,2,512,4,0.081554,,"ERROR: Could not find hyperparameters for the kernel instance corresponding to the target (batch_size, a, b, c, d, precision, VSIZE) = (4, 2, 4, 2, 512, half, 4) in the .best file, nor could we find d"
group1,4,2,4096,2048,2,512,8,0.085750,,"ERROR: Could not find hyperparameters for the kernel instance corresponding to the target (batch_size, a, b, c, d, precision, VSIZE) = (8, 2, 4, 2, 512, half, 4) in the .best file, nor could we find d"
group1,4,2,4096,2048,2,512,16,0.085565,,"ERROR: Could not find hyperparameters for the kernel instance corresponding to the target (batch_size, a, b, c, d, precision, VSIZE) = (16, 2, 4, 2, 512, half, 4) in the .best file, nor could we find "
group1,4,2,4096,2048,2,512,32,0.085579,,"ERROR: Could not find hyperparameters for the kernel instance corresponding to the target (batch_size, a, b, c, d, precision, VSIZE) = (32, 2, 4, 2, 512, half, 4) in the .best file, nor could we find "
group1,4,2,4096,2048,2,512,64,0.081844,,"ERROR: Could not find hyperparameters for the kernel instance corresponding to the target (batch_size, a, b, c, d, precision, VSIZE) = (64, 2, 4, 2, 512, half, 4) in the .best file, nor could we find "
group1,4,2,4096,2048,2,512,128,0.085941,,"ERROR: Could not find hyperparameters for the kernel instance corresponding to the target (batch_size, a, b, c, d, precision, VSIZE) = (128, 2, 4, 2, 512, half, 4) in the .best file, nor could we find"
group1,4,2,4096,2048,2,512,256,0.085550,,"ERROR: Could not find hyperparameters for the kernel instance corresponding to the target (batch_size, a, b, c, d, precision, VSIZE) = (256, 2, 4, 2, 512, half, 4) in the .best file, nor could we find"
group1,4,2,4096,2048,2,512,512,0.083440,,"ERROR: Could not find hyperparameters for the kernel instance corresponding to the target (batch_size, a, b, c, d, precision, VSIZE) = (512, 2, 4, 2, 512, half, 4) in the .best file, nor could we find"
group1,4,2,4096,2048,2,512,1024,0.107430,,"ERROR: Could not find hyperparameters for the kernel instance corresponding to the target (batch_size, a, b, c, d, precision, VSIZE) = (1024, 2, 4, 2, 512, half, 4) in the .best file, nor could we fin"
group1,4,2,4096,2048,2,512,2048,0.204990,,"ERROR: Could not find hyperparameters for the kernel instance corresponding to the target (batch_size, a, b, c, d, precision, VSIZE) = (2048, 2, 4, 2, 512, half, 4) in the .best file, nor could we fin"
group1,4,2,4096,2048,2,512,4096,0.403834,,"ERROR: Could not find hyperparameters for the kernel instance corresponding to the target (batch_size, a, b, c, d, precision, VSIZE) = (4096, 2, 4, 2, 512, half, 4) in the .best file, nor could we fin"
group1,4,2,4096,2048,4,256,1,0.053300,,"ERROR: Could not find hyperparameters for the kernel instance corresponding to the target (batch_size, a, b, c, d, precision, VSIZE) = (1, 4, 4, 2, 256, half, 4) in the .best file, nor could we find d"
group1,4,2,4096,2048,4,256,2,0.084039,,"ERROR: Could not find hyperparameters for the kernel instance corresponding to the target (batch_size, a, b, c, d, precision, VSIZE) = (2, 4, 4, 2, 256, half, 4) in the .best file, nor could we find d"
group1,4,2,4096,2048,4,256,4,0.089407,,"ERROR: Could not find hyperparameters for the kernel instance corresponding to the target (batch_size, a, b, c, d, precision, VSIZE) = (4, 4, 4, 2, 256, half, 4) in the .best file, nor could we find d"
group1,4,2,4096,2048,4,256,8,0.085021,,"ERROR: Could not find hyperparameters for the kernel instance corresponding to the target (batch_size, a, b, c, d, precision, VSIZE) = (8, 4, 4, 2, 256, half, 4) in the .best file, nor could we find d"
group1,4,2,4096,2048,4,256,16,0.100457,,"ERROR: Could not find hyperparameters for the kernel instance corresponding to the target (batch_size, a, b, c, d, precision, VSIZE) = (16, 4, 4, 2, 256, half, 4) in the .best file, nor could we find "
group1,4,2,4096,2048,4,256,32,0.100707,,"ERROR: Could not find hyperparameters for the kernel instance corresponding to the target (batch_size, a, b, c, d, precision, VSIZE) = (32, 4, 4, 2, 256, half, 4) in the .best file, nor could we find "
group1,4,2,4096,2048,4,256,64,0.086776,,"ERROR: Could not find hyperparameters for the kernel instance corresponding to the target (batch_size, a, b, c, d, precision, VSIZE) = (64, 4, 4, 2, 256, half, 4) in the .best file, nor could we find "
group1,4,2,4096,2048,4,256,128,0.085786,,"ERROR: Could not find hyperparameters for the kernel instance corresponding to the target (batch_size, a, b, c, d, precision, VSIZE) = (128, 4, 4, 2, 256, half, 4) in the .best file, nor could we find"
group1,4,2,4096,2048,4,256,256,0.083488,,"ERROR: Could not find hyperparameters for the kernel instance corresponding to the target (batch_size, a, b, c, d, precision, VSIZE) = (256, 4, 4, 2, 256, half, 4) in the .best file, nor could we find"
group1,4,2,4096,2048,4,256,512,0.083989,,"ERROR: Could not find hyperparameters for the kernel instance corresponding to the target (batch_size, a, b, c, d, precision, VSIZE) = (512, 4, 4, 2, 256, half, 4) in the .best file, nor could we find"
group1,4,2,4096,2048,4,256,1024,0.106998,,"ERROR: Could not find hyperparameters for the kernel instance corresponding to the target (batch_size, a, b, c, d, precision, VSIZE) = (1024, 4, 4, 2, 256, half, 4) in the .best file, nor could we fin"
group1,4,2,4096,2048,4,256,2048,0.204852,,"ERROR: Could not find hyperparameters for the kernel instance corresponding to the target (batch_size, a, b, c, d, precision, VSIZE) = (2048, 4, 4, 2, 256, half, 4) in the .best file, nor could we fin"
group1,4,2,4096,2048,4,256,4096,0.403986,,"ERROR: Could not find hyperparameters for the kernel instance corresponding to the target (batch_size, a, b, c, d, precision, VSIZE) = (4096, 4, 4, 2, 256, half, 4) in the .best file, nor could we fin"
group1,4,2,4096,2048,8,128,1,0.064229,,"ERROR: Could not find hyperparameters for the kernel instance corresponding to the target (batch_size, a, b, c, d, precision, VSIZE) = (1, 8, 4, 2, 128, half, 4) in the .best file, nor could we find d"
group1,4,2,4096,2048,8,128,2,0.083711,,"ERROR: Could not find hyperparameters for the kernel instance corresponding to the target (batch_size, a, b, c, d, precision, VSIZE) = (2, 8, 4, 2, 128, half, 4) in the .best file, nor could we find d"
group1,4,2,4096,2048,8,128,4,0.082258,,"ERROR: Could not find hyperparameters for the kernel instance corresponding to the target (batch_size, a, b, c, d, precision, VSIZE) = (4, 8, 4, 2, 128, half, 4) in the .best file, nor could we find d"
group1,4,2,4096,2048,8,128,8,0.083111,,"ERROR: Could not find hyperparameters for the kernel instance corresponding to the target (batch_size, a, b, c, d, precision, VSIZE) = (8, 8, 4, 2, 128, half, 4) in the .best file, nor could we find d"
group1,4,2,4096,2048,8,128,16,0.082245,,"ERROR: Could not find hyperparameters for the kernel instance corresponding to the target (batch_size, a, b, c, d, precision, VSIZE) = (16, 8, 4, 2, 128, half, 4) in the .best file, nor could we find "
group1,4,2,4096,2048,8,128,32,0.083066,,"ERROR: Could not find hyperparameters for the kernel instance corresponding to the target (batch_size, a, b, c, d, precision, VSIZE) = (32, 8, 4, 2, 128, half, 4) in the .best file, nor could we find "
group1,4,2,4096,2048,8,128,64,0.083362,,"ERROR: Could not find hyperparameters for the kernel instance corresponding to the target (batch_size, a, b, c, d, precision, VSIZE) = (64, 8, 4, 2, 128, half, 4) in the .best file, nor could we find "
group1,4,2,4096,2048,8,128,128,0.103424,,"ERROR: Could not find hyperparameters for the kernel instance corresponding to the target (batch_size, a, b, c, d, precision, VSIZE) = (128, 8, 4, 2, 128, half, 4) in the .best file, nor could we find"
group1,4,2,4096,2048,8,128,256,0.083819,,"ERROR: Could not find hyperparameters for the kernel instance corresponding to the target (batch_size, a, b, c, d, precision, VSIZE) = (256, 8, 4, 2, 128, half, 4) in the .best file, nor could we find"
group1,4,2,4096,2048,8,128,512,0.101953,,"ERROR: Could not find hyperparameters for the kernel instance corresponding to the target (batch_size, a, b, c, d, precision, VSIZE) = (512, 8, 4, 2, 128, half, 4) in the .best file, nor could we find"
group1,4,2,4096,2048,8,128,1024,0.107268,,"ERROR: Could not find hyperparameters for the kernel instance corresponding to the target (batch_size, a, b, c, d, precision, VSIZE) = (1024, 8, 4, 2, 128, half, 4) in the .best file, nor could we fin"
group1,4,2,4096,2048,8,128,2048,0.204941,,"ERROR: Could not find hyperparameters for the kernel instance corresponding to the target (batch_size, a, b, c, d, precision, VSIZE) = (2048, 8, 4, 2, 128, half, 4) in the .best file, nor could we fin"
group1,4,2,4096,2048,8,128,4096,0.403715,,"ERROR: Could not find hyperparameters for the kernel instance corresponding to the target (batch_size, a, b, c, d, precision, VSIZE) = (4096, 8, 4, 2, 128, half, 4) in the .best file, nor could we fin"
group1,4,2,4096,2048,16,64,1,0.053408,,"ERROR: Could not find hyperparameters for the kernel instance corresponding to the target (batch_size, a, b, c, d, precision, VSIZE) = (1, 16, 4, 2, 64, half, 4) in the .best file, nor could we find d"
group1,4,2,4096,2048,16,64,2,0.082669,,"ERROR: Could not find hyperparameters for the kernel instance corresponding to the target (batch_size, a, b, c, d, precision, VSIZE) = (2, 16, 4, 2, 64, half, 4) in the .best file, nor could we find d"
group1,4,2,4096,2048,16,64,4,0.103579,,"ERROR: Could not find hyperparameters for the kernel instance corresponding to the target (batch_size, a, b, c, d, precision, VSIZE) = (4, 16, 4, 2, 64, half, 4) in the .best file, nor could we find d"
group1,4,2,4096,2048,16,64,8,0.083036,,"ERROR: Could not find hyperparameters for the kernel instance corresponding to the target (batch_size, a, b, c, d, precision, VSIZE) = (8, 16, 4, 2, 64, half, 4) in the .best file, nor could we find d"
group1,4,2,4096,2048,16,64,16,0.084116,,"ERROR: Could not find hyperparameters for the kernel instance corresponding to the target (batch_size, a, b, c, d, precision, VSIZE) = (16, 16, 4, 2, 64, half, 4) in the .best file, nor could we find "
group1,4,2,4096,2048,16,64,32,0.099918,,"ERROR: Could not find hyperparameters for the kernel instance corresponding to the target (batch_size, a, b, c, d, precision, VSIZE) = (32, 16, 4, 2, 64, half, 4) in the .best file, nor could we find "
group1,4,2,4096,2048,16,64,64,0.081719,,"ERROR: Could not find hyperparameters for the kernel instance corresponding to the target (batch_size, a, b, c, d, precision, VSIZE) = (64, 16, 4, 2, 64, half, 4) in the .best file, nor could we find "
group1,4,2,4096,2048,16,64,128,0.081640,,"ERROR: Could not find hyperparameters for the kernel instance corresponding to the target (batch_size, a, b, c, d, precision, VSIZE) = (128, 16, 4, 2, 64, half, 4) in the .best file, nor could we find"
group1,4,2,4096,2048,16,64,256,0.085444,,"ERROR: Could not find hyperparameters for the kernel instance corresponding to the target (batch_size, a, b, c, d, precision, VSIZE) = (256, 16, 4, 2, 64, half, 4) in the .best file, nor could we find"
group1,4,2,4096,2048,16,64,512,0.083663,,"ERROR: Could not find hyperparameters for the kernel instance corresponding to the target (batch_size, a, b, c, d, precision, VSIZE) = (512, 16, 4, 2, 64, half, 4) in the .best file, nor could we find"
group1,4,2,4096,2048,16,64,1024,0.107154,,"ERROR: Could not find hyperparameters for the kernel instance corresponding to the target (batch_size, a, b, c, d, precision, VSIZE) = (1024, 16, 4, 2, 64, half, 4) in the .best file, nor could we fin"
group1,4,2,4096,2048,16,64,2048,0.205288,,"ERROR: Could not find hyperparameters for the kernel instance corresponding to the target (batch_size, a, b, c, d, precision, VSIZE) = (2048, 16, 4, 2, 64, half, 4) in the .best file, nor could we fin"
group1,4,2,4096,2048,16,64,4096,0.403693,,"ERROR: Could not find hyperparameters for the kernel instance corresponding to the target (batch_size, a, b, c, d, precision, VSIZE) = (4096, 16, 4, 2, 64, half, 4) in the .best file, nor could we fin"
group1,4,2,4096,2048,32,32,1,0.053702,,"ERROR: Could not find hyperparameters for the kernel instance corresponding to the target (batch_size, a, b, c, d, precision, VSIZE) = (1, 32, 4, 2, 32, half, 4) in the .best file, nor could we find d"
group1,4,2,4096,2048,32,32,2,0.082796,,"ERROR: Could not find hyperparameters for the kernel instance corresponding to the target (batch_size, a, b, c, d, precision, VSIZE) = (2, 32, 4, 2, 32, half, 4) in the .best file, nor could we find d"
group1,4,2,4096,2048,32,32,4,0.099544,,"ERROR: Could not find hyperparameters for the kernel instance corresponding to the target (batch_size, a, b, c, d, precision, VSIZE) = (4, 32, 4, 2, 32, half, 4) in the .best file, nor could we find d"
group1,4,2,4096,2048,32,32,8,0.083162,,"ERROR: Could not find hyperparameters for the kernel instance corresponding to the target (batch_size, a, b, c, d, precision, VSIZE) = (8, 32, 4, 2, 32, half, 4) in the .best file, nor could we find d"
group1,4,2,4096,2048,32,32,16,0.082819,,"ERROR: Could not find hyperparameters for the kernel instance corresponding to the target (batch_size, a, b, c, d, precision, VSIZE) = (16, 32, 4, 2, 32, half, 4) in the .best file, nor could we find "
group1,4,2,4096,2048,32,32,32,0.084453,,"ERROR: Could not find hyperparameters for the kernel instance corresponding to the target (batch_size, a, b, c, d, precision, VSIZE) = (32, 32, 4, 2, 32, half, 4) in the .best file, nor could we find "
group1,4,2,4096,2048,32,32,64,0.082643,,"ERROR: Could not find hyperparameters for the kernel instance corresponding to the target (batch_size, a, b, c, d, precision, VSIZE) = (64, 32, 4, 2, 32, half, 4) in the .best file, nor could we find "
group1,4,2,4096,2048,32,32,128,0.080575,,"ERROR: Could not find hyperparameters for the kernel instance corresponding to the target (batch_size, a, b, c, d, precision, VSIZE) = (128, 32, 4, 2, 32, half, 4) in the .best file, nor could we find"
group1,4,2,4096,2048,32,32,256,0.083563,,"ERROR: Could not find hyperparameters for the kernel instance corresponding to the target (batch_size, a, b, c, d, precision, VSIZE) = (256, 32, 4, 2, 32, half, 4) in the .best file, nor could we find"
group1,4,2,4096,2048,32,32,512,0.101344,,"ERROR: Could not find hyperparameters for the kernel instance corresponding to the target (batch_size, a, b, c, d, precision, VSIZE) = (512, 32, 4, 2, 32, half, 4) in the .best file, nor could we find"
group1,4,2,4096,2048,32,32,1024,0.107264,,"ERROR: Could not find hyperparameters for the kernel instance corresponding to the target (batch_size, a, b, c, d, precision, VSIZE) = (1024, 32, 4, 2, 32, half, 4) in the .best file, nor could we fin"
group1,4,2,4096,2048,32,32,2048,0.205356,,"ERROR: Could not find hyperparameters for the kernel instance corresponding to the target (batch_size, a, b, c, d, precision, VSIZE) = (2048, 32, 4, 2, 32, half, 4) in the .best file, nor could we fin"
group1,4,2,4096,2048,32,32,4096,0.403552,,"ERROR: Could not find hyperparameters for the kernel instance corresponding to the target (batch_size, a, b, c, d, precision, VSIZE) = (4096, 32, 4, 2, 32, half, 4) in the .best file, nor could we fin"
group1,4,2,4096,2048,64,16,1,0.052768,,"ERROR: Could not find hyperparameters for the kernel instance corresponding to the target (batch_size, a, b, c, d, precision, VSIZE) = (1, 64, 4, 2, 16, half, 4) in the .best file, nor could we find d"
group1,4,2,4096,2048,64,16,2,0.082346,,"ERROR: Could not find hyperparameters for the kernel instance corresponding to the target (batch_size, a, b, c, d, precision, VSIZE) = (2, 64, 4, 2, 16, half, 4) in the .best file, nor could we find d"
group1,4,2,4096,2048,64,16,4,0.085604,,"ERROR: Could not find hyperparameters for the kernel instance corresponding to the target (batch_size, a, b, c, d, precision, VSIZE) = (4, 64, 4, 2, 16, half, 4) in the .best file, nor could we find d"
group1,4,2,4096,2048,64,16,8,0.084918,,"ERROR: Could not find hyperparameters for the kernel instance corresponding to the target (batch_size, a, b, c, d, precision, VSIZE) = (8, 64, 4, 2, 16, half, 4) in the .best file, nor could we find d"
group1,4,2,4096,2048,64,16,16,0.081884,,"ERROR: Could not find hyperparameters for the kernel instance corresponding to the target (batch_size, a, b, c, d, precision, VSIZE) = (16, 64, 4, 2, 16, half, 4) in the .best file, nor could we find "
group1,4,2,4096,2048,64,16,32,0.082790,,"ERROR: Could not find hyperparameters for the kernel instance corresponding to the target (batch_size, a, b, c, d, precision, VSIZE) = (32, 64, 4, 2, 16, half, 4) in the .best file, nor could we find "
group1,4,2,4096,2048,64,16,64,0.084587,,"ERROR: Could not find hyperparameters for the kernel instance corresponding to the target (batch_size, a, b, c, d, precision, VSIZE) = (64, 64, 4, 2, 16, half, 4) in the .best file, nor could we find "
group1,4,2,4096,2048,64,16,128,0.083426,,"ERROR: Could not find hyperparameters for the kernel instance corresponding to the target (batch_size, a, b, c, d, precision, VSIZE) = (128, 64, 4, 2, 16, half, 4) in the .best file, nor could we find"
group1,4,2,4096,2048,64,16,256,0.081745,,"ERROR: Could not find hyperparameters for the kernel instance corresponding to the target (batch_size, a, b, c, d, precision, VSIZE) = (256, 64, 4, 2, 16, half, 4) in the .best file, nor could we find"
group1,4,2,4096,2048,64,16,512,0.084331,,"ERROR: Could not find hyperparameters for the kernel instance corresponding to the target (batch_size, a, b, c, d, precision, VSIZE) = (512, 64, 4, 2, 16, half, 4) in the .best file, nor could we find"
group1,4,2,4096,2048,64,16,1024,0.107294,,"ERROR: Could not find hyperparameters for the kernel instance corresponding to the target (batch_size, a, b, c, d, precision, VSIZE) = (1024, 64, 4, 2, 16, half, 4) in the .best file, nor could we fin"
group1,4,2,4096,2048,64,16,2048,0.205182,,"ERROR: Could not find hyperparameters for the kernel instance corresponding to the target (batch_size, a, b, c, d, precision, VSIZE) = (2048, 64, 4, 2, 16, half, 4) in the .best file, nor could we fin"
group1,4,2,4096,2048,64,16,4096,0.404896,,"ERROR: Could not find hyperparameters for the kernel instance corresponding to the target (batch_size, a, b, c, d, precision, VSIZE) = (4096, 64, 4, 2, 16, half, 4) in the .best file, nor could we fin"
group1,4,2,4096,2048,128,8,1,0.052784,,"ERROR: Could not find hyperparameters for the kernel instance corresponding to the target (batch_size, a, b, c, d, precision, VSIZE) = (1, 128, 4, 2, 8, half, 4) in the .best file, nor could we find d"
group1,4,2,4096,2048,128,8,2,0.083770,,"ERROR: Could not find hyperparameters for the kernel instance corresponding to the target (batch_size, a, b, c, d, precision, VSIZE) = (2, 128, 4, 2, 8, half, 4) in the .best file, nor could we find d"
group1,4,2,4096,2048,128,8,4,0.084563,,"ERROR: Could not find hyperparameters for the kernel instance corresponding to the target (batch_size, a, b, c, d, precision, VSIZE) = (4, 128, 4, 2, 8, half, 4) in the .best file, nor could we find d"
group1,4,2,4096,2048,128,8,8,0.082742,,"ERROR: Could not find hyperparameters for the kernel instance corresponding to the target (batch_size, a, b, c, d, precision, VSIZE) = (8, 128, 4, 2, 8, half, 4) in the .best file, nor could we find d"
group1,4,2,4096,2048,128,8,16,0.083126,,"ERROR: Could not find hyperparameters for the kernel instance corresponding to the target (batch_size, a, b, c, d, precision, VSIZE) = (16, 128, 4, 2, 8, half, 4) in the .best file, nor could we find "
group1,4,2,4096,2048,128,8,32,0.081622,,"ERROR: Could not find hyperparameters for the kernel instance corresponding to the target (batch_size, a, b, c, d, precision, VSIZE) = (32, 128, 4, 2, 8, half, 4) in the .best file, nor could we find "
group1,4,2,4096,2048,128,8,64,0.083310,,"ERROR: Could not find hyperparameters for the kernel instance corresponding to the target (batch_size, a, b, c, d, precision, VSIZE) = (64, 128, 4, 2, 8, half, 4) in the .best file, nor could we find "
group1,4,2,4096,2048,128,8,128,0.083118,,"ERROR: Could not find hyperparameters for the kernel instance corresponding to the target (batch_size, a, b, c, d, precision, VSIZE) = (128, 128, 4, 2, 8, half, 4) in the .best file, nor could we find"
group1,4,2,4096,2048,128,8,256,0.083818,,"ERROR: Could not find hyperparameters for the kernel instance corresponding to the target (batch_size, a, b, c, d, precision, VSIZE) = (256, 128, 4, 2, 8, half, 4) in the .best file, nor could we find"
group1,4,2,4096,2048,128,8,512,0.082756,,"ERROR: Could not find hyperparameters for the kernel instance corresponding to the target (batch_size, a, b, c, d, precision, VSIZE) = (512, 128, 4, 2, 8, half, 4) in the .best file, nor could we find"
group1,4,2,4096,2048,128,8,1024,0.107133,,"ERROR: Could not find hyperparameters for the kernel instance corresponding to the target (batch_size, a, b, c, d, precision, VSIZE) = (1024, 128, 4, 2, 8, half, 4) in the .best file, nor could we fin"
group1,4,2,4096,2048,128,8,2048,0.204926,,"ERROR: Could not find hyperparameters for the kernel instance corresponding to the target (batch_size, a, b, c, d, precision, VSIZE) = (2048, 128, 4, 2, 8, half, 4) in the .best file, nor could we fin"
group1,4,2,4096,2048,128,8,4096,0.403944,,"ERROR: Could not find hyperparameters for the kernel instance corresponding to the target (batch_size, a, b, c, d, precision, VSIZE) = (4096, 128, 4, 2, 8, half, 4) in the .best file, nor could we fin"
group1,4,2,4096,2048,256,4,1,0.053443,,"ERROR: Could not find hyperparameters for the kernel instance corresponding to the target (batch_size, a, b, c, d, precision, VSIZE) = (1, 256, 4, 2, 4, half, 4) in the .best file, nor could we find d"
group1,4,2,4096,2048,256,4,2,0.101475,,"ERROR: Could not find hyperparameters for the kernel instance corresponding to the target (batch_size, a, b, c, d, precision, VSIZE) = (2, 256, 4, 2, 4, half, 4) in the .best file, nor could we find d"
group1,4,2,4096,2048,256,4,4,0.083086,,"ERROR: Could not find hyperparameters for the kernel instance corresponding to the target (batch_size, a, b, c, d, precision, VSIZE) = (4, 256, 4, 2, 4, half, 4) in the .best file, nor could we find d"
group1,4,2,4096,2048,256,4,8,0.083825,,"ERROR: Could not find hyperparameters for the kernel instance corresponding to the target (batch_size, a, b, c, d, precision, VSIZE) = (8, 256, 4, 2, 4, half, 4) in the .best file, nor could we find d"
group1,4,2,4096,2048,256,4,16,0.081879,,"ERROR: Could not find hyperparameters for the kernel instance corresponding to the target (batch_size, a, b, c, d, precision, VSIZE) = (16, 256, 4, 2, 4, half, 4) in the .best file, nor could we find "
group1,4,2,4096,2048,256,4,32,0.082691,,"ERROR: Could not find hyperparameters for the kernel instance corresponding to the target (batch_size, a, b, c, d, precision, VSIZE) = (32, 256, 4, 2, 4, half, 4) in the .best file, nor could we find "
group1,4,2,4096,2048,256,4,64,0.081996,,"ERROR: Could not find hyperparameters for the kernel instance corresponding to the target (batch_size, a, b, c, d, precision, VSIZE) = (64, 256, 4, 2, 4, half, 4) in the .best file, nor could we find "
group1,4,2,4096,2048,256,4,128,0.085701,,"ERROR: Could not find hyperparameters for the kernel instance corresponding to the target (batch_size, a, b, c, d, precision, VSIZE) = (128, 256, 4, 2, 4, half, 4) in the .best file, nor could we find"
group1,4,2,4096,2048,256,4,256,0.082894,,"ERROR: Could not find hyperparameters for the kernel instance corresponding to the target (batch_size, a, b, c, d, precision, VSIZE) = (256, 256, 4, 2, 4, half, 4) in the .best file, nor could we find"
group1,4,2,4096,2048,256,4,512,0.086625,,"ERROR: Could not find hyperparameters for the kernel instance corresponding to the target (batch_size, a, b, c, d, precision, VSIZE) = (512, 256, 4, 2, 4, half, 4) in the .best file, nor could we find"
group1,4,2,4096,2048,256,4,1024,0.107569,,"ERROR: Could not find hyperparameters for the kernel instance corresponding to the target (batch_size, a, b, c, d, precision, VSIZE) = (1024, 256, 4, 2, 4, half, 4) in the .best file, nor could we fin"
group1,4,2,4096,2048,256,4,2048,0.205448,,"ERROR: Could not find hyperparameters for the kernel instance corresponding to the target (batch_size, a, b, c, d, precision, VSIZE) = (2048, 256, 4, 2, 4, half, 4) in the .best file, nor could we fin"
group1,4,2,4096,2048,256,4,4096,0.403648,,"ERROR: Could not find hyperparameters for the kernel instance corresponding to the target (batch_size, a, b, c, d, precision, VSIZE) = (4096, 256, 4, 2, 4, half, 4) in the .best file, nor could we fin"
group1,4,2,4096,2048,512,2,1,0.053743,,"ERROR: Could not find hyperparameters for the kernel instance corresponding to the target (batch_size, a, b, c, d, precision, VSIZE) = (1, 512, 4, 2, 2, half, 4) in the .best file, nor could we find d"
group1,4,2,4096,2048,512,2,2,0.082288,,"ERROR: Could not find hyperparameters for the kernel instance corresponding to the target (batch_size, a, b, c, d, precision, VSIZE) = (2, 512, 4, 2, 2, half, 4) in the .best file, nor could we find d"
group1,4,2,4096,2048,512,2,4,0.084394,,"ERROR: Could not find hyperparameters for the kernel instance corresponding to the target (batch_size, a, b, c, d, precision, VSIZE) = (4, 512, 4, 2, 2, half, 4) in the .best file, nor could we find d"
group1,4,2,4096,2048,512,2,8,0.083329,,"ERROR: Could not find hyperparameters for the kernel instance corresponding to the target (batch_size, a, b, c, d, precision, VSIZE) = (8, 512, 4, 2, 2, half, 4) in the .best file, nor could we find d"
group1,4,2,4096,2048,512,2,16,0.083336,,"ERROR: Could not find hyperparameters for the kernel instance corresponding to the target (batch_size, a, b, c, d, precision, VSIZE) = (16, 512, 4, 2, 2, half, 4) in the .best file, nor could we find "
group1,4,2,4096,2048,512,2,32,0.082594,,"ERROR: Could not find hyperparameters for the kernel instance corresponding to the target (batch_size, a, b, c, d, precision, VSIZE) = (32, 512, 4, 2, 2, half, 4) in the .best file, nor could we find "
group1,4,2,4096,2048,512,2,64,0.083685,,"ERROR: Could not find hyperparameters for the kernel instance corresponding to the target (batch_size, a, b, c, d, precision, VSIZE) = (64, 512, 4, 2, 2, half, 4) in the .best file, nor could we find "
group1,4,2,4096,2048,512,2,128,0.083571,,"ERROR: Could not find hyperparameters for the kernel instance corresponding to the target (batch_size, a, b, c, d, precision, VSIZE) = (128, 512, 4, 2, 2, half, 4) in the .best file, nor could we find"
group1,4,2,4096,2048,512,2,256,0.082456,,"ERROR: Could not find hyperparameters for the kernel instance corresponding to the target (batch_size, a, b, c, d, precision, VSIZE) = (256, 512, 4, 2, 2, half, 4) in the .best file, nor could we find"
group1,4,2,4096,2048,512,2,512,0.084908,,"ERROR: Could not find hyperparameters for the kernel instance corresponding to the target (batch_size, a, b, c, d, precision, VSIZE) = (512, 512, 4, 2, 2, half, 4) in the .best file, nor could we find"
group1,4,2,4096,2048,512,2,1024,0.107244,,"ERROR: Could not find hyperparameters for the kernel instance corresponding to the target (batch_size, a, b, c, d, precision, VSIZE) = (1024, 512, 4, 2, 2, half, 4) in the .best file, nor could we fin"
group1,4,2,4096,2048,512,2,2048,0.205062,,"ERROR: Could not find hyperparameters for the kernel instance corresponding to the target (batch_size, a, b, c, d, precision, VSIZE) = (2048, 512, 4, 2, 2, half, 4) in the .best file, nor could we fin"
group1,4,2,4096,2048,512,2,4096,0.404019,,"ERROR: Could not find hyperparameters for the kernel instance corresponding to the target (batch_size, a, b, c, d, precision, VSIZE) = (4096, 512, 4, 2, 2, half, 4) in the .best file, nor could we fin"
group1,4,2,4096,2048,1024,1,1,0.053101,,"ERROR: Could not find hyperparameters for the kernel instance corresponding to the target (batch_size, a, b, c, d, precision, VSIZE) = (1, 1024, 4, 2, 1, half, 4) in the .best file, nor could we find "
group1,4,2,4096,2048,1024,1,2,0.083374,,"ERROR: Could not find hyperparameters for the kernel instance corresponding to the target (batch_size, a, b, c, d, precision, VSIZE) = (2, 1024, 4, 2, 1, half, 4) in the .best file, nor could we find "
group1,4,2,4096,2048,1024,1,4,0.082849,,"ERROR: Could not find hyperparameters for the kernel instance corresponding to the target (batch_size, a, b, c, d, precision, VSIZE) = (4, 1024, 4, 2, 1, half, 4) in the .best file, nor could we find "
group1,4,2,4096,2048,1024,1,8,0.084024,,"ERROR: Could not find hyperparameters for the kernel instance corresponding to the target (batch_size, a, b, c, d, precision, VSIZE) = (8, 1024, 4, 2, 1, half, 4) in the .best file, nor could we find "
group1,4,2,4096,2048,1024,1,16,0.086980,,"ERROR: Could not find hyperparameters for the kernel instance corresponding to the target (batch_size, a, b, c, d, precision, VSIZE) = (16, 1024, 4, 2, 1, half, 4) in the .best file, nor could we find"
group1,4,2,4096,2048,1024,1,32,0.082554,,"ERROR: Could not find hyperparameters for the kernel instance corresponding to the target (batch_size, a, b, c, d, precision, VSIZE) = (32, 1024, 4, 2, 1, half, 4) in the .best file, nor could we find"
group1,4,2,4096,2048,1024,1,64,0.083194,,"ERROR: Could not find hyperparameters for the kernel instance corresponding to the target (batch_size, a, b, c, d, precision, VSIZE) = (64, 1024, 4, 2, 1, half, 4) in the .best file, nor could we find"
group1,4,2,4096,2048,1024,1,128,0.083983,,"ERROR: Could not find hyperparameters for the kernel instance corresponding to the target (batch_size, a, b, c, d, precision, VSIZE) = (128, 1024, 4, 2, 1, half, 4) in the .best file, nor could we fin"
group1,4,2,4096,2048,1024,1,256,0.086619,,"ERROR: Could not find hyperparameters for the kernel instance corresponding to the target (batch_size, a, b, c, d, precision, VSIZE) = (256, 1024, 4, 2, 1, half, 4) in the .best file, nor could we fin"
group1,4,2,4096,2048,1024,1,512,0.084864,,"ERROR: Could not find hyperparameters for the kernel instance corresponding to the target (batch_size, a, b, c, d, precision, VSIZE) = (512, 1024, 4, 2, 1, half, 4) in the .best file, nor could we fin"
group1,4,2,4096,2048,1024,1,1024,0.106035,,"ERROR: Could not find hyperparameters for the kernel instance corresponding to the target (batch_size, a, b, c, d, precision, VSIZE) = (1024, 1024, 4, 2, 1, half, 4) in the .best file, nor could we fi"
group1,4,2,4096,2048,1024,1,2048,0.203533,,"ERROR: Could not find hyperparameters for the kernel instance corresponding to the target (batch_size, a, b, c, d, precision, VSIZE) = (2048, 1024, 4, 2, 1, half, 4) in the .best file, nor could we fi"
group1,4,2,4096,2048,1024,1,4096,0.400682,,"ERROR: Could not find hyperparameters for the kernel instance corresponding to the target (batch_size, a, b, c, d, precision, VSIZE) = (4096, 1024, 4, 2, 1, half, 4) in the .best file, nor could we fi"
group1,4,4,512,512,1,128,1,0.053972,,"ERROR: Could not find hyperparameters for the kernel instance corresponding to the target (batch_size, a, b, c, d, precision, VSIZE) = (1, 1, 4, 4, 128, half, 4) in the .best file, nor could we find d"
group1,4,4,512,512,1,128,2,0.082047,,"ERROR: Could not find hyperparameters for the kernel instance corresponding to the target (batch_size, a, b, c, d, precision, VSIZE) = (2, 1, 4, 4, 128, half, 4) in the .best file, nor could we find d"
group1,4,4,512,512,1,128,4,0.084160,,"ERROR: Could not find hyperparameters for the kernel instance corresponding to the target (batch_size, a, b, c, d, precision, VSIZE) = (4, 1, 4, 4, 128, half, 4) in the .best file, nor could we find d"
group1,4,4,512,512,1,128,8,0.084576,,"ERROR: Could not find hyperparameters for the kernel instance corresponding to the target (batch_size, a, b, c, d, precision, VSIZE) = (8, 1, 4, 4, 128, half, 4) in the .best file, nor could we find d"
group1,4,4,512,512,1,128,16,0.082736,,"ERROR: Could not find hyperparameters for the kernel instance corresponding to the target (batch_size, a, b, c, d, precision, VSIZE) = (16, 1, 4, 4, 128, half, 4) in the .best file, nor could we find "
group1,4,4,512,512,1,128,32,0.081765,,"ERROR: Could not find hyperparameters for the kernel instance corresponding to the target (batch_size, a, b, c, d, precision, VSIZE) = (32, 1, 4, 4, 128, half, 4) in the .best file, nor could we find "
group1,4,4,512,512,1,128,64,0.084561,,"ERROR: Could not find hyperparameters for the kernel instance corresponding to the target (batch_size, a, b, c, d, precision, VSIZE) = (64, 1, 4, 4, 128, half, 4) in the .best file, nor could we find "
group1,4,4,512,512,1,128,128,0.082819,,"ERROR: Could not find hyperparameters for the kernel instance corresponding to the target (batch_size, a, b, c, d, precision, VSIZE) = (128, 1, 4, 4, 128, half, 4) in the .best file, nor could we find"
group1,4,4,512,512,1,128,256,0.083613,,"ERROR: Could not find hyperparameters for the kernel instance corresponding to the target (batch_size, a, b, c, d, precision, VSIZE) = (256, 1, 4, 4, 128, half, 4) in the .best file, nor could we find"
group1,4,4,512,512,1,128,512,0.084189,,"ERROR: Could not find hyperparameters for the kernel instance corresponding to the target (batch_size, a, b, c, d, precision, VSIZE) = (512, 1, 4, 4, 128, half, 4) in the .best file, nor could we find"
group1,4,4,512,512,1,128,1024,0.081550,,"ERROR: Could not find hyperparameters for the kernel instance corresponding to the target (batch_size, a, b, c, d, precision, VSIZE) = (1024, 1, 4, 4, 128, half, 4) in the .best file, nor could we fin"
group1,4,4,512,512,1,128,2048,0.102393,,"ERROR: Could not find hyperparameters for the kernel instance corresponding to the target (batch_size, a, b, c, d, precision, VSIZE) = (2048, 1, 4, 4, 128, half, 4) in the .best file, nor could we fin"
group1,4,4,512,512,1,128,4096,0.086280,,"ERROR: Could not find hyperparameters for the kernel instance corresponding to the target (batch_size, a, b, c, d, precision, VSIZE) = (4096, 1, 4, 4, 128, half, 4) in the .best file, nor could we fin"
group1,4,4,512,512,2,64,1,0.053350,,"ERROR: Could not find hyperparameters for the kernel instance corresponding to the target (batch_size, a, b, c, d, precision, VSIZE) = (1, 2, 4, 4, 64, half, 4) in the .best file, nor could we find de"
group1,4,4,512,512,2,64,2,0.084341,,"ERROR: Could not find hyperparameters for the kernel instance corresponding to the target (batch_size, a, b, c, d, precision, VSIZE) = (2, 2, 4, 4, 64, half, 4) in the .best file, nor could we find de"
group1,4,4,512,512,2,64,4,0.081648,,"ERROR: Could not find hyperparameters for the kernel instance corresponding to the target (batch_size, a, b, c, d, precision, VSIZE) = (4, 2, 4, 4, 64, half, 4) in the .best file, nor could we find de"
group1,4,4,512,512,2,64,8,0.082411,,"ERROR: Could not find hyperparameters for the kernel instance corresponding to the target (batch_size, a, b, c, d, precision, VSIZE) = (8, 2, 4, 4, 64, half, 4) in the .best file, nor could we find de"
group1,4,4,512,512,2,64,16,0.081956,,"ERROR: Could not find hyperparameters for the kernel instance corresponding to the target (batch_size, a, b, c, d, precision, VSIZE) = (16, 2, 4, 4, 64, half, 4) in the .best file, nor could we find d"
group1,4,4,512,512,2,64,32,0.081092,,"ERROR: Could not find hyperparameters for the kernel instance corresponding to the target (batch_size, a, b, c, d, precision, VSIZE) = (32, 2, 4, 4, 64, half, 4) in the .best file, nor could we find d"
group1,4,4,512,512,2,64,64,0.102929,,"ERROR: Could not find hyperparameters for the kernel instance corresponding to the target (batch_size, a, b, c, d, precision, VSIZE) = (64, 2, 4, 4, 64, half, 4) in the .best file, nor could we find d"
group1,4,4,512,512,2,64,128,0.082420,,"ERROR: Could not find hyperparameters for the kernel instance corresponding to the target (batch_size, a, b, c, d, precision, VSIZE) = (128, 2, 4, 4, 64, half, 4) in the .best file, nor could we find "
group1,4,4,512,512,2,64,256,0.084066,,"ERROR: Could not find hyperparameters for the kernel instance corresponding to the target (batch_size, a, b, c, d, precision, VSIZE) = (256, 2, 4, 4, 64, half, 4) in the .best file, nor could we find "
group1,4,4,512,512,2,64,512,0.084021,,"ERROR: Could not find hyperparameters for the kernel instance corresponding to the target (batch_size, a, b, c, d, precision, VSIZE) = (512, 2, 4, 4, 64, half, 4) in the .best file, nor could we find "
group1,4,4,512,512,2,64,1024,0.083246,,"ERROR: Could not find hyperparameters for the kernel instance corresponding to the target (batch_size, a, b, c, d, precision, VSIZE) = (1024, 2, 4, 4, 64, half, 4) in the .best file, nor could we find"
group1,4,4,512,512,2,64,2048,0.085996,,"ERROR: Could not find hyperparameters for the kernel instance corresponding to the target (batch_size, a, b, c, d, precision, VSIZE) = (2048, 2, 4, 4, 64, half, 4) in the .best file, nor could we find"
group1,4,4,512,512,2,64,4096,0.101976,,"ERROR: Could not find hyperparameters for the kernel instance corresponding to the target (batch_size, a, b, c, d, precision, VSIZE) = (4096, 2, 4, 4, 64, half, 4) in the .best file, nor could we find"
group1,4,4,512,512,4,32,1,0.062830,,"ERROR: Could not find hyperparameters for the kernel instance corresponding to the target (batch_size, a, b, c, d, precision, VSIZE) = (1, 4, 4, 4, 32, half, 4) in the .best file, nor could we find de"
group1,4,4,512,512,4,32,2,0.082580,,"ERROR: Could not find hyperparameters for the kernel instance corresponding to the target (batch_size, a, b, c, d, precision, VSIZE) = (2, 4, 4, 4, 32, half, 4) in the .best file, nor could we find de"
group1,4,4,512,512,4,32,4,0.082496,,"ERROR: Could not find hyperparameters for the kernel instance corresponding to the target (batch_size, a, b, c, d, precision, VSIZE) = (4, 4, 4, 4, 32, half, 4) in the .best file, nor could we find de"
group1,4,4,512,512,4,32,8,0.081630,,"ERROR: Could not find hyperparameters for the kernel instance corresponding to the target (batch_size, a, b, c, d, precision, VSIZE) = (8, 4, 4, 4, 32, half, 4) in the .best file, nor could we find de"
group1,4,4,512,512,4,32,16,0.084548,,"ERROR: Could not find hyperparameters for the kernel instance corresponding to the target (batch_size, a, b, c, d, precision, VSIZE) = (16, 4, 4, 4, 32, half, 4) in the .best file, nor could we find d"
group1,4,4,512,512,4,32,32,0.083175,,"ERROR: Could not find hyperparameters for the kernel instance corresponding to the target (batch_size, a, b, c, d, precision, VSIZE) = (32, 4, 4, 4, 32, half, 4) in the .best file, nor could we find d"
group1,4,4,512,512,4,32,64,0.081834,,"ERROR: Could not find hyperparameters for the kernel instance corresponding to the target (batch_size, a, b, c, d, precision, VSIZE) = (64, 4, 4, 4, 32, half, 4) in the .best file, nor could we find d"
group1,4,4,512,512,4,32,128,0.082055,,"ERROR: Could not find hyperparameters for the kernel instance corresponding to the target (batch_size, a, b, c, d, precision, VSIZE) = (128, 4, 4, 4, 32, half, 4) in the .best file, nor could we find "
group1,4,4,512,512,4,32,256,0.081214,,"ERROR: Could not find hyperparameters for the kernel instance corresponding to the target (batch_size, a, b, c, d, precision, VSIZE) = (256, 4, 4, 4, 32, half, 4) in the .best file, nor could we find "
group1,4,4,512,512,4,32,512,0.083343,,"ERROR: Could not find hyperparameters for the kernel instance corresponding to the target (batch_size, a, b, c, d, precision, VSIZE) = (512, 4, 4, 4, 32, half, 4) in the .best file, nor could we find "
group1,4,4,512,512,4,32,1024,0.100218,,"ERROR: Could not find hyperparameters for the kernel instance corresponding to the target (batch_size, a, b, c, d, precision, VSIZE) = (1024, 4, 4, 4, 32, half, 4) in the .best file, nor could we find"
group1,4,4,512,512,4,32,2048,0.082798,,"ERROR: Could not find hyperparameters for the kernel instance corresponding to the target (batch_size, a, b, c, d, precision, VSIZE) = (2048, 4, 4, 4, 32, half, 4) in the .best file, nor could we find"
group1,4,4,512,512,4,32,4096,0.084375,,"ERROR: Could not find hyperparameters for the kernel instance corresponding to the target (batch_size, a, b, c, d, precision, VSIZE) = (4096, 4, 4, 4, 32, half, 4) in the .best file, nor could we find"
group1,4,4,512,512,8,16,1,0.051979,,"ERROR: Could not find hyperparameters for the kernel instance corresponding to the target (batch_size, a, b, c, d, precision, VSIZE) = (1, 8, 4, 4, 16, half, 4) in the .best file, nor could we find de"
group1,4,4,512,512,8,16,2,0.081634,,"ERROR: Could not find hyperparameters for the kernel instance corresponding to the target (batch_size, a, b, c, d, precision, VSIZE) = (2, 8, 4, 4, 16, half, 4) in the .best file, nor could we find de"
group1,4,4,512,512,8,16,4,0.081581,,"ERROR: Could not find hyperparameters for the kernel instance corresponding to the target (batch_size, a, b, c, d, precision, VSIZE) = (4, 8, 4, 4, 16, half, 4) in the .best file, nor could we find de"
group1,4,4,512,512,8,16,8,0.083583,,"ERROR: Could not find hyperparameters for the kernel instance corresponding to the target (batch_size, a, b, c, d, precision, VSIZE) = (8, 8, 4, 4, 16, half, 4) in the .best file, nor could we find de"
group1,4,4,512,512,8,16,16,0.085230,,"ERROR: Could not find hyperparameters for the kernel instance corresponding to the target (batch_size, a, b, c, d, precision, VSIZE) = (16, 8, 4, 4, 16, half, 4) in the .best file, nor could we find d"
group1,4,4,512,512,8,16,32,0.084726,,"ERROR: Could not find hyperparameters for the kernel instance corresponding to the target (batch_size, a, b, c, d, precision, VSIZE) = (32, 8, 4, 4, 16, half, 4) in the .best file, nor could we find d"
group1,4,4,512,512,8,16,64,0.081833,,"ERROR: Could not find hyperparameters for the kernel instance corresponding to the target (batch_size, a, b, c, d, precision, VSIZE) = (64, 8, 4, 4, 16, half, 4) in the .best file, nor could we find d"
group1,4,4,512,512,8,16,128,0.083557,,"ERROR: Could not find hyperparameters for the kernel instance corresponding to the target (batch_size, a, b, c, d, precision, VSIZE) = (128, 8, 4, 4, 16, half, 4) in the .best file, nor could we find "
group1,4,4,512,512,8,16,256,0.084443,,"ERROR: Could not find hyperparameters for the kernel instance corresponding to the target (batch_size, a, b, c, d, precision, VSIZE) = (256, 8, 4, 4, 16, half, 4) in the .best file, nor could we find "
group1,4,4,512,512,8,16,512,0.083963,,"ERROR: Could not find hyperparameters for the kernel instance corresponding to the target (batch_size, a, b, c, d, precision, VSIZE) = (512, 8, 4, 4, 16, half, 4) in the .best file, nor could we find "
group1,4,4,512,512,8,16,1024,0.081123,,"ERROR: Could not find hyperparameters for the kernel instance corresponding to the target (batch_size, a, b, c, d, precision, VSIZE) = (1024, 8, 4, 4, 16, half, 4) in the .best file, nor could we find"
group1,4,4,512,512,8,16,2048,0.082681,,"ERROR: Could not find hyperparameters for the kernel instance corresponding to the target (batch_size, a, b, c, d, precision, VSIZE) = (2048, 8, 4, 4, 16, half, 4) in the .best file, nor could we find"
group1,4,4,512,512,8,16,4096,0.082934,,"ERROR: Could not find hyperparameters for the kernel instance corresponding to the target (batch_size, a, b, c, d, precision, VSIZE) = (4096, 8, 4, 4, 16, half, 4) in the .best file, nor could we find"
group1,4,4,512,512,16,8,1,0.052846,,"ERROR: Could not find hyperparameters for the kernel instance corresponding to the target (batch_size, a, b, c, d, precision, VSIZE) = (1, 16, 4, 4, 8, half, 4) in the .best file, nor could we find de"
group1,4,4,512,512,16,8,2,0.082693,,"ERROR: Could not find hyperparameters for the kernel instance corresponding to the target (batch_size, a, b, c, d, precision, VSIZE) = (2, 16, 4, 4, 8, half, 4) in the .best file, nor could we find de"
group1,4,4,512,512,16,8,4,0.083261,,"ERROR: Could not find hyperparameters for the kernel instance corresponding to the target (batch_size, a, b, c, d, precision, VSIZE) = (4, 16, 4, 4, 8, half, 4) in the .best file, nor could we find de"
group1,4,4,512,512,16,8,8,0.085275,,"ERROR: Could not find hyperparameters for the kernel instance corresponding to the target (batch_size, a, b, c, d, precision, VSIZE) = (8, 16, 4, 4, 8, half, 4) in the .best file, nor could we find de"
group1,4,4,512,512,16,8,16,0.082766,,"ERROR: Could not find hyperparameters for the kernel instance corresponding to the target (batch_size, a, b, c, d, precision, VSIZE) = (16, 16, 4, 4, 8, half, 4) in the .best file, nor could we find d"
group1,4,4,512,512,16,8,32,0.083706,,"ERROR: Could not find hyperparameters for the kernel instance corresponding to the target (batch_size, a, b, c, d, precision, VSIZE) = (32, 16, 4, 4, 8, half, 4) in the .best file, nor could we find d"
group1,4,4,512,512,16,8,64,0.083175,,"ERROR: Could not find hyperparameters for the kernel instance corresponding to the target (batch_size, a, b, c, d, precision, VSIZE) = (64, 16, 4, 4, 8, half, 4) in the .best file, nor could we find d"
group1,4,4,512,512,16,8,128,0.082714,,"ERROR: Could not find hyperparameters for the kernel instance corresponding to the target (batch_size, a, b, c, d, precision, VSIZE) = (128, 16, 4, 4, 8, half, 4) in the .best file, nor could we find "
group1,4,4,512,512,16,8,256,0.099770,,"ERROR: Could not find hyperparameters for the kernel instance corresponding to the target (batch_size, a, b, c, d, precision, VSIZE) = (256, 16, 4, 4, 8, half, 4) in the .best file, nor could we find "
group1,4,4,512,512,16,8,512,0.084633,,"ERROR: Could not find hyperparameters for the kernel instance corresponding to the target (batch_size, a, b, c, d, precision, VSIZE) = (512, 16, 4, 4, 8, half, 4) in the .best file, nor could we find "
group1,4,4,512,512,16,8,1024,0.099968,,"ERROR: Could not find hyperparameters for the kernel instance corresponding to the target (batch_size, a, b, c, d, precision, VSIZE) = (1024, 16, 4, 4, 8, half, 4) in the .best file, nor could we find"
group1,4,4,512,512,16,8,2048,0.102874,,"ERROR: Could not find hyperparameters for the kernel instance corresponding to the target (batch_size, a, b, c, d, precision, VSIZE) = (2048, 16, 4, 4, 8, half, 4) in the .best file, nor could we find"
group1,4,4,512,512,16,8,4096,0.086624,,"ERROR: Could not find hyperparameters for the kernel instance corresponding to the target (batch_size, a, b, c, d, precision, VSIZE) = (4096, 16, 4, 4, 8, half, 4) in the .best file, nor could we find"
group1,4,4,512,512,32,4,1,0.053131,,"ERROR: Could not find hyperparameters for the kernel instance corresponding to the target (batch_size, a, b, c, d, precision, VSIZE) = (1, 32, 4, 4, 4, half, 4) in the .best file, nor could we find de"
group1,4,4,512,512,32,4,2,0.085441,,"ERROR: Could not find hyperparameters for the kernel instance corresponding to the target (batch_size, a, b, c, d, precision, VSIZE) = (2, 32, 4, 4, 4, half, 4) in the .best file, nor could we find de"
group1,4,4,512,512,32,4,4,0.084275,,"ERROR: Could not find hyperparameters for the kernel instance corresponding to the target (batch_size, a, b, c, d, precision, VSIZE) = (4, 32, 4, 4, 4, half, 4) in the .best file, nor could we find de"
group1,4,4,512,512,32,4,8,0.084779,,"ERROR: Could not find hyperparameters for the kernel instance corresponding to the target (batch_size, a, b, c, d, precision, VSIZE) = (8, 32, 4, 4, 4, half, 4) in the .best file, nor could we find de"
group1,4,4,512,512,32,4,16,0.084109,,"ERROR: Could not find hyperparameters for the kernel instance corresponding to the target (batch_size, a, b, c, d, precision, VSIZE) = (16, 32, 4, 4, 4, half, 4) in the .best file, nor could we find d"
group1,4,4,512,512,32,4,32,0.084939,,"ERROR: Could not find hyperparameters for the kernel instance corresponding to the target (batch_size, a, b, c, d, precision, VSIZE) = (32, 32, 4, 4, 4, half, 4) in the .best file, nor could we find d"
group1,4,4,512,512,32,4,64,0.081572,,"ERROR: Could not find hyperparameters for the kernel instance corresponding to the target (batch_size, a, b, c, d, precision, VSIZE) = (64, 32, 4, 4, 4, half, 4) in the .best file, nor could we find d"
group1,4,4,512,512,32,4,128,0.082060,,"ERROR: Could not find hyperparameters for the kernel instance corresponding to the target (batch_size, a, b, c, d, precision, VSIZE) = (128, 32, 4, 4, 4, half, 4) in the .best file, nor could we find "
group1,4,4,512,512,32,4,256,0.081265,,"ERROR: Could not find hyperparameters for the kernel instance corresponding to the target (batch_size, a, b, c, d, precision, VSIZE) = (256, 32, 4, 4, 4, half, 4) in the .best file, nor could we find "
group1,4,4,512,512,32,4,512,0.082728,,"ERROR: Could not find hyperparameters for the kernel instance corresponding to the target (batch_size, a, b, c, d, precision, VSIZE) = (512, 32, 4, 4, 4, half, 4) in the .best file, nor could we find "
group1,4,4,512,512,32,4,1024,0.085169,,"ERROR: Could not find hyperparameters for the kernel instance corresponding to the target (batch_size, a, b, c, d, precision, VSIZE) = (1024, 32, 4, 4, 4, half, 4) in the .best file, nor could we find"
group1,4,4,512,512,32,4,2048,0.082199,,"ERROR: Could not find hyperparameters for the kernel instance corresponding to the target (batch_size, a, b, c, d, precision, VSIZE) = (2048, 32, 4, 4, 4, half, 4) in the .best file, nor could we find"
group1,4,4,512,512,32,4,4096,0.084041,,"ERROR: Could not find hyperparameters for the kernel instance corresponding to the target (batch_size, a, b, c, d, precision, VSIZE) = (4096, 32, 4, 4, 4, half, 4) in the .best file, nor could we find"
group1,4,4,512,512,64,2,1,0.053165,,"ERROR: Could not find hyperparameters for the kernel instance corresponding to the target (batch_size, a, b, c, d, precision, VSIZE) = (1, 64, 4, 4, 2, half, 4) in the .best file, nor could we find de"
group1,4,4,512,512,64,2,2,0.085076,,"ERROR: Could not find hyperparameters for the kernel instance corresponding to the target (batch_size, a, b, c, d, precision, VSIZE) = (2, 64, 4, 4, 2, half, 4) in the .best file, nor could we find de"
group1,4,4,512,512,64,2,4,0.081383,,"ERROR: Could not find hyperparameters for the kernel instance corresponding to the target (batch_size, a, b, c, d, precision, VSIZE) = (4, 64, 4, 4, 2, half, 4) in the .best file, nor could we find de"
group1,4,4,512,512,64,2,8,0.102776,,"ERROR: Could not find hyperparameters for the kernel instance corresponding to the target (batch_size, a, b, c, d, precision, VSIZE) = (8, 64, 4, 4, 2, half, 4) in the .best file, nor could we find de"
group1,4,4,512,512,64,2,16,0.081310,,"ERROR: Could not find hyperparameters for the kernel instance corresponding to the target (batch_size, a, b, c, d, precision, VSIZE) = (16, 64, 4, 4, 2, half, 4) in the .best file, nor could we find d"
group1,4,4,512,512,64,2,32,0.082216,,"ERROR: Could not find hyperparameters for the kernel instance corresponding to the target (batch_size, a, b, c, d, precision, VSIZE) = (32, 64, 4, 4, 2, half, 4) in the .best file, nor could we find d"
group1,4,4,512,512,64,2,64,0.083776,,"ERROR: Could not find hyperparameters for the kernel instance corresponding to the target (batch_size, a, b, c, d, precision, VSIZE) = (64, 64, 4, 4, 2, half, 4) in the .best file, nor could we find d"
group1,4,4,512,512,64,2,128,0.082005,,"ERROR: Could not find hyperparameters for the kernel instance corresponding to the target (batch_size, a, b, c, d, precision, VSIZE) = (128, 64, 4, 4, 2, half, 4) in the .best file, nor could we find "
group1,4,4,512,512,64,2,256,0.082425,,"ERROR: Could not find hyperparameters for the kernel instance corresponding to the target (batch_size, a, b, c, d, precision, VSIZE) = (256, 64, 4, 4, 2, half, 4) in the .best file, nor could we find "
group1,4,4,512,512,64,2,512,0.082956,,"ERROR: Could not find hyperparameters for the kernel instance corresponding to the target (batch_size, a, b, c, d, precision, VSIZE) = (512, 64, 4, 4, 2, half, 4) in the .best file, nor could we find "
group1,4,4,512,512,64,2,1024,0.082489,,"ERROR: Could not find hyperparameters for the kernel instance corresponding to the target (batch_size, a, b, c, d, precision, VSIZE) = (1024, 64, 4, 4, 2, half, 4) in the .best file, nor could we find"
group1,4,4,512,512,64,2,2048,0.083620,,"ERROR: Could not find hyperparameters for the kernel instance corresponding to the target (batch_size, a, b, c, d, precision, VSIZE) = (2048, 64, 4, 4, 2, half, 4) in the .best file, nor could we find"
group1,4,4,512,512,64,2,4096,0.084328,,"ERROR: Could not find hyperparameters for the kernel instance corresponding to the target (batch_size, a, b, c, d, precision, VSIZE) = (4096, 64, 4, 4, 2, half, 4) in the .best file, nor could we find"
group1,4,4,512,512,128,1,1,0.054086,,"ERROR: Could not find hyperparameters for the kernel instance corresponding to the target (batch_size, a, b, c, d, precision, VSIZE) = (1, 128, 4, 4, 1, half, 4) in the .best file, nor could we find d"
group1,4,4,512,512,128,1,2,0.083251,,"ERROR: Could not find hyperparameters for the kernel instance corresponding to the target (batch_size, a, b, c, d, precision, VSIZE) = (2, 128, 4, 4, 1, half, 4) in the .best file, nor could we find d"
group1,4,4,512,512,128,1,4,0.081753,,"ERROR: Could not find hyperparameters for the kernel instance corresponding to the target (batch_size, a, b, c, d, precision, VSIZE) = (4, 128, 4, 4, 1, half, 4) in the .best file, nor could we find d"
group1,4,4,512,512,128,1,8,0.085024,,"ERROR: Could not find hyperparameters for the kernel instance corresponding to the target (batch_size, a, b, c, d, precision, VSIZE) = (8, 128, 4, 4, 1, half, 4) in the .best file, nor could we find d"
group1,4,4,512,512,128,1,16,0.081534,,"ERROR: Could not find hyperparameters for the kernel instance corresponding to the target (batch_size, a, b, c, d, precision, VSIZE) = (16, 128, 4, 4, 1, half, 4) in the .best file, nor could we find "
group1,4,4,512,512,128,1,32,0.084413,,"ERROR: Could not find hyperparameters for the kernel instance corresponding to the target (batch_size, a, b, c, d, precision, VSIZE) = (32, 128, 4, 4, 1, half, 4) in the .best file, nor could we find "
group1,4,4,512,512,128,1,64,0.082825,,"ERROR: Could not find hyperparameters for the kernel instance corresponding to the target (batch_size, a, b, c, d, precision, VSIZE) = (64, 128, 4, 4, 1, half, 4) in the .best file, nor could we find "
group1,4,4,512,512,128,1,128,0.081757,,"ERROR: Could not find hyperparameters for the kernel instance corresponding to the target (batch_size, a, b, c, d, precision, VSIZE) = (128, 128, 4, 4, 1, half, 4) in the .best file, nor could we find"
group1,4,4,512,512,128,1,256,0.083366,,"ERROR: Could not find hyperparameters for the kernel instance corresponding to the target (batch_size, a, b, c, d, precision, VSIZE) = (256, 128, 4, 4, 1, half, 4) in the .best file, nor could we find"
group1,4,4,512,512,128,1,512,0.083890,,"ERROR: Could not find hyperparameters for the kernel instance corresponding to the target (batch_size, a, b, c, d, precision, VSIZE) = (512, 128, 4, 4, 1, half, 4) in the .best file, nor could we find"
group1,4,4,512,512,128,1,1024,0.084607,,"ERROR: Could not find hyperparameters for the kernel instance corresponding to the target (batch_size, a, b, c, d, precision, VSIZE) = (1024, 128, 4, 4, 1, half, 4) in the .best file, nor could we fin"
group1,4,4,512,512,128,1,2048,0.085457,,"ERROR: Could not find hyperparameters for the kernel instance corresponding to the target (batch_size, a, b, c, d, precision, VSIZE) = (2048, 128, 4, 4, 1, half, 4) in the .best file, nor could we fin"
group1,4,4,512,512,128,1,4096,0.083300,,"ERROR: Could not find hyperparameters for the kernel instance corresponding to the target (batch_size, a, b, c, d, precision, VSIZE) = (4096, 128, 4, 4, 1, half, 4) in the .best file, nor could we fin"
group1,4,4,1024,1024,1,256,1,0.053497,,"ERROR: Could not find hyperparameters for the kernel instance corresponding to the target (batch_size, a, b, c, d, precision, VSIZE) = (1, 1, 4, 4, 256, half, 4) in the .best file, nor could we find d"
group1,4,4,1024,1024,1,256,2,0.082759,,"ERROR: Could not find hyperparameters for the kernel instance corresponding to the target (batch_size, a, b, c, d, precision, VSIZE) = (2, 1, 4, 4, 256, half, 4) in the .best file, nor could we find d"
group1,4,4,1024,1024,1,256,4,0.083895,,"ERROR: Could not find hyperparameters for the kernel instance corresponding to the target (batch_size, a, b, c, d, precision, VSIZE) = (4, 1, 4, 4, 256, half, 4) in the .best file, nor could we find d"
group1,4,4,1024,1024,1,256,8,0.081972,,"ERROR: Could not find hyperparameters for the kernel instance corresponding to the target (batch_size, a, b, c, d, precision, VSIZE) = (8, 1, 4, 4, 256, half, 4) in the .best file, nor could we find d"
group1,4,4,1024,1024,1,256,16,0.082005,,"ERROR: Could not find hyperparameters for the kernel instance corresponding to the target (batch_size, a, b, c, d, precision, VSIZE) = (16, 1, 4, 4, 256, half, 4) in the .best file, nor could we find "
group1,4,4,1024,1024,1,256,32,0.081666,,"ERROR: Could not find hyperparameters for the kernel instance corresponding to the target (batch_size, a, b, c, d, precision, VSIZE) = (32, 1, 4, 4, 256, half, 4) in the .best file, nor could we find "
group1,4,4,1024,1024,1,256,64,0.085466,,"ERROR: Could not find hyperparameters for the kernel instance corresponding to the target (batch_size, a, b, c, d, precision, VSIZE) = (64, 1, 4, 4, 256, half, 4) in the .best file, nor could we find "
group1,4,4,1024,1024,1,256,128,0.084443,,"ERROR: Could not find hyperparameters for the kernel instance corresponding to the target (batch_size, a, b, c, d, precision, VSIZE) = (128, 1, 4, 4, 256, half, 4) in the .best file, nor could we find"
group1,4,4,1024,1024,1,256,256,0.085114,,"ERROR: Could not find hyperparameters for the kernel instance corresponding to the target (batch_size, a, b, c, d, precision, VSIZE) = (256, 1, 4, 4, 256, half, 4) in the .best file, nor could we find"
group1,4,4,1024,1024,1,256,512,0.082445,,"ERROR: Could not find hyperparameters for the kernel instance corresponding to the target (batch_size, a, b, c, d, precision, VSIZE) = (512, 1, 4, 4, 256, half, 4) in the .best file, nor could we find"
group1,4,4,1024,1024,1,256,1024,0.083423,,"ERROR: Could not find hyperparameters for the kernel instance corresponding to the target (batch_size, a, b, c, d, precision, VSIZE) = (1024, 1, 4, 4, 256, half, 4) in the .best file, nor could we fin"
group1,4,4,1024,1024,1,256,2048,0.083631,,"ERROR: Could not find hyperparameters for the kernel instance corresponding to the target (batch_size, a, b, c, d, precision, VSIZE) = (2048, 1, 4, 4, 256, half, 4) in the .best file, nor could we fin"
group1,4,4,1024,1024,1,256,4096,0.129151,,"ERROR: Could not find hyperparameters for the kernel instance corresponding to the target (batch_size, a, b, c, d, precision, VSIZE) = (4096, 1, 4, 4, 256, half, 4) in the .best file, nor could we fin"
group1,4,4,1024,1024,2,128,1,0.053634,,"ERROR: Could not find hyperparameters for the kernel instance corresponding to the target (batch_size, a, b, c, d, precision, VSIZE) = (1, 2, 4, 4, 128, half, 4) in the .best file, nor could we find d"
group1,4,4,1024,1024,2,128,2,0.082692,,"ERROR: Could not find hyperparameters for the kernel instance corresponding to the target (batch_size, a, b, c, d, precision, VSIZE) = (2, 2, 4, 4, 128, half, 4) in the .best file, nor could we find d"
group1,4,4,1024,1024,2,128,4,0.082531,,"ERROR: Could not find hyperparameters for the kernel instance corresponding to the target (batch_size, a, b, c, d, precision, VSIZE) = (4, 2, 4, 4, 128, half, 4) in the .best file, nor could we find d"
group1,4,4,1024,1024,2,128,8,0.081597,,"ERROR: Could not find hyperparameters for the kernel instance corresponding to the target (batch_size, a, b, c, d, precision, VSIZE) = (8, 2, 4, 4, 128, half, 4) in the .best file, nor could we find d"
group1,4,4,1024,1024,2,128,16,0.083099,,"ERROR: Could not find hyperparameters for the kernel instance corresponding to the target (batch_size, a, b, c, d, precision, VSIZE) = (16, 2, 4, 4, 128, half, 4) in the .best file, nor could we find "
group1,4,4,1024,1024,2,128,32,0.084161,,"ERROR: Could not find hyperparameters for the kernel instance corresponding to the target (batch_size, a, b, c, d, precision, VSIZE) = (32, 2, 4, 4, 128, half, 4) in the .best file, nor could we find "
group1,4,4,1024,1024,2,128,64,0.082182,,"ERROR: Could not find hyperparameters for the kernel instance corresponding to the target (batch_size, a, b, c, d, precision, VSIZE) = (64, 2, 4, 4, 128, half, 4) in the .best file, nor could we find "
group1,4,4,1024,1024,2,128,128,0.082220,,"ERROR: Could not find hyperparameters for the kernel instance corresponding to the target (batch_size, a, b, c, d, precision, VSIZE) = (128, 2, 4, 4, 128, half, 4) in the .best file, nor could we find"
group1,4,4,1024,1024,2,128,256,0.102670,,"ERROR: Could not find hyperparameters for the kernel instance corresponding to the target (batch_size, a, b, c, d, precision, VSIZE) = (256, 2, 4, 4, 128, half, 4) in the .best file, nor could we find"
group1,4,4,1024,1024,2,128,512,0.082897,,"ERROR: Could not find hyperparameters for the kernel instance corresponding to the target (batch_size, a, b, c, d, precision, VSIZE) = (512, 2, 4, 4, 128, half, 4) in the .best file, nor could we find"
group1,4,4,1024,1024,2,128,1024,0.083711,,"ERROR: Could not find hyperparameters for the kernel instance corresponding to the target (batch_size, a, b, c, d, precision, VSIZE) = (1024, 2, 4, 4, 128, half, 4) in the .best file, nor could we fin"
group1,4,4,1024,1024,2,128,2048,0.085117,,"ERROR: Could not find hyperparameters for the kernel instance corresponding to the target (batch_size, a, b, c, d, precision, VSIZE) = (2048, 2, 4, 4, 128, half, 4) in the .best file, nor could we fin"
group1,4,4,1024,1024,2,128,4096,0.128779,,"ERROR: Could not find hyperparameters for the kernel instance corresponding to the target (batch_size, a, b, c, d, precision, VSIZE) = (4096, 2, 4, 4, 128, half, 4) in the .best file, nor could we fin"
group1,4,4,1024,1024,4,64,1,0.052769,,"ERROR: Could not find hyperparameters for the kernel instance corresponding to the target (batch_size, a, b, c, d, precision, VSIZE) = (1, 4, 4, 4, 64, half, 4) in the .best file, nor could we find de"
group1,4,4,1024,1024,4,64,2,0.099902,,"ERROR: Could not find hyperparameters for the kernel instance corresponding to the target (batch_size, a, b, c, d, precision, VSIZE) = (2, 4, 4, 4, 64, half, 4) in the .best file, nor could we find de"
group1,4,4,1024,1024,4,64,4,0.083168,,"ERROR: Could not find hyperparameters for the kernel instance corresponding to the target (batch_size, a, b, c, d, precision, VSIZE) = (4, 4, 4, 4, 64, half, 4) in the .best file, nor could we find de"
group1,4,4,1024,1024,4,64,8,0.082102,,"ERROR: Could not find hyperparameters for the kernel instance corresponding to the target (batch_size, a, b, c, d, precision, VSIZE) = (8, 4, 4, 4, 64, half, 4) in the .best file, nor could we find de"
group1,4,4,1024,1024,4,64,16,0.082349,,"ERROR: Could not find hyperparameters for the kernel instance corresponding to the target (batch_size, a, b, c, d, precision, VSIZE) = (16, 4, 4, 4, 64, half, 4) in the .best file, nor could we find d"
group1,4,4,1024,1024,4,64,32,0.083159,,"ERROR: Could not find hyperparameters for the kernel instance corresponding to the target (batch_size, a, b, c, d, precision, VSIZE) = (32, 4, 4, 4, 64, half, 4) in the .best file, nor could we find d"
group1,4,4,1024,1024,4,64,64,0.081944,,"ERROR: Could not find hyperparameters for the kernel instance corresponding to the target (batch_size, a, b, c, d, precision, VSIZE) = (64, 4, 4, 4, 64, half, 4) in the .best file, nor could we find d"
group1,4,4,1024,1024,4,64,128,0.082285,,"ERROR: Could not find hyperparameters for the kernel instance corresponding to the target (batch_size, a, b, c, d, precision, VSIZE) = (128, 4, 4, 4, 64, half, 4) in the .best file, nor could we find "
group1,4,4,1024,1024,4,64,256,0.082103,,"ERROR: Could not find hyperparameters for the kernel instance corresponding to the target (batch_size, a, b, c, d, precision, VSIZE) = (256, 4, 4, 4, 64, half, 4) in the .best file, nor could we find "
group1,4,4,1024,1024,4,64,512,0.085781,,"ERROR: Could not find hyperparameters for the kernel instance corresponding to the target (batch_size, a, b, c, d, precision, VSIZE) = (512, 4, 4, 4, 64, half, 4) in the .best file, nor could we find "
group1,4,4,1024,1024,4,64,1024,0.082739,,"ERROR: Could not find hyperparameters for the kernel instance corresponding to the target (batch_size, a, b, c, d, precision, VSIZE) = (1024, 4, 4, 4, 64, half, 4) in the .best file, nor could we find"
group1,4,4,1024,1024,4,64,2048,0.084176,,"ERROR: Could not find hyperparameters for the kernel instance corresponding to the target (batch_size, a, b, c, d, precision, VSIZE) = (2048, 4, 4, 4, 64, half, 4) in the .best file, nor could we find"
group1,4,4,1024,1024,4,64,4096,0.129406,,"ERROR: Could not find hyperparameters for the kernel instance corresponding to the target (batch_size, a, b, c, d, precision, VSIZE) = (4096, 4, 4, 4, 64, half, 4) in the .best file, nor could we find"
group1,4,4,1024,1024,8,32,1,0.053196,,"ERROR: Could not find hyperparameters for the kernel instance corresponding to the target (batch_size, a, b, c, d, precision, VSIZE) = (1, 8, 4, 4, 32, half, 4) in the .best file, nor could we find de"
group1,4,4,1024,1024,8,32,2,0.083788,,"ERROR: Could not find hyperparameters for the kernel instance corresponding to the target (batch_size, a, b, c, d, precision, VSIZE) = (2, 8, 4, 4, 32, half, 4) in the .best file, nor could we find de"
group1,4,4,1024,1024,8,32,4,0.080158,,"ERROR: Could not find hyperparameters for the kernel instance corresponding to the target (batch_size, a, b, c, d, precision, VSIZE) = (4, 8, 4, 4, 32, half, 4) in the .best file, nor could we find de"
group1,4,4,1024,1024,8,32,8,0.082298,,"ERROR: Could not find hyperparameters for the kernel instance corresponding to the target (batch_size, a, b, c, d, precision, VSIZE) = (8, 8, 4, 4, 32, half, 4) in the .best file, nor could we find de"
group1,4,4,1024,1024,8,32,16,0.084899,,"ERROR: Could not find hyperparameters for the kernel instance corresponding to the target (batch_size, a, b, c, d, precision, VSIZE) = (16, 8, 4, 4, 32, half, 4) in the .best file, nor could we find d"
group1,4,4,1024,1024,8,32,32,0.084949,,"ERROR: Could not find hyperparameters for the kernel instance corresponding to the target (batch_size, a, b, c, d, precision, VSIZE) = (32, 8, 4, 4, 32, half, 4) in the .best file, nor could we find d"
group1,4,4,1024,1024,8,32,64,0.085340,,"ERROR: Could not find hyperparameters for the kernel instance corresponding to the target (batch_size, a, b, c, d, precision, VSIZE) = (64, 8, 4, 4, 32, half, 4) in the .best file, nor could we find d"
group1,4,4,1024,1024,8,32,128,0.084617,,"ERROR: Could not find hyperparameters for the kernel instance corresponding to the target (batch_size, a, b, c, d, precision, VSIZE) = (128, 8, 4, 4, 32, half, 4) in the .best file, nor could we find "
group1,4,4,1024,1024,8,32,256,0.085324,,"ERROR: Could not find hyperparameters for the kernel instance corresponding to the target (batch_size, a, b, c, d, precision, VSIZE) = (256, 8, 4, 4, 32, half, 4) in the .best file, nor could we find "
group1,4,4,1024,1024,8,32,512,0.082284,,"ERROR: Could not find hyperparameters for the kernel instance corresponding to the target (batch_size, a, b, c, d, precision, VSIZE) = (512, 8, 4, 4, 32, half, 4) in the .best file, nor could we find "
group1,4,4,1024,1024,8,32,1024,0.086106,,"ERROR: Could not find hyperparameters for the kernel instance corresponding to the target (batch_size, a, b, c, d, precision, VSIZE) = (1024, 8, 4, 4, 32, half, 4) in the .best file, nor could we find"
group1,4,4,1024,1024,8,32,2048,0.082484,,"ERROR: Could not find hyperparameters for the kernel instance corresponding to the target (batch_size, a, b, c, d, precision, VSIZE) = (2048, 8, 4, 4, 32, half, 4) in the .best file, nor could we find"
group1,4,4,1024,1024,8,32,4096,0.129414,,"ERROR: Could not find hyperparameters for the kernel instance corresponding to the target (batch_size, a, b, c, d, precision, VSIZE) = (4096, 8, 4, 4, 32, half, 4) in the .best file, nor could we find"
group1,4,4,1024,1024,16,16,1,0.052759,,"ERROR: Could not find hyperparameters for the kernel instance corresponding to the target (batch_size, a, b, c, d, precision, VSIZE) = (1, 16, 4, 4, 16, half, 4) in the .best file, nor could we find d"
group1,4,4,1024,1024,16,16,2,0.083026,,"ERROR: Could not find hyperparameters for the kernel instance corresponding to the target (batch_size, a, b, c, d, precision, VSIZE) = (2, 16, 4, 4, 16, half, 4) in the .best file, nor could we find d"
group1,4,4,1024,1024,16,16,4,0.082873,,"ERROR: Could not find hyperparameters for the kernel instance corresponding to the target (batch_size, a, b, c, d, precision, VSIZE) = (4, 16, 4, 4, 16, half, 4) in the .best file, nor could we find d"
group1,4,4,1024,1024,16,16,8,0.082615,,"ERROR: Could not find hyperparameters for the kernel instance corresponding to the target (batch_size, a, b, c, d, precision, VSIZE) = (8, 16, 4, 4, 16, half, 4) in the .best file, nor could we find d"
group1,4,4,1024,1024,16,16,16,0.085191,,"ERROR: Could not find hyperparameters for the kernel instance corresponding to the target (batch_size, a, b, c, d, precision, VSIZE) = (16, 16, 4, 4, 16, half, 4) in the .best file, nor could we find "
group1,4,4,1024,1024,16,16,32,0.081790,,"ERROR: Could not find hyperparameters for the kernel instance corresponding to the target (batch_size, a, b, c, d, precision, VSIZE) = (32, 16, 4, 4, 16, half, 4) in the .best file, nor could we find "
group1,4,4,1024,1024,16,16,64,0.082713,,"ERROR: Could not find hyperparameters for the kernel instance corresponding to the target (batch_size, a, b, c, d, precision, VSIZE) = (64, 16, 4, 4, 16, half, 4) in the .best file, nor could we find "
group1,4,4,1024,1024,16,16,128,0.083035,,"ERROR: Could not find hyperparameters for the kernel instance corresponding to the target (batch_size, a, b, c, d, precision, VSIZE) = (128, 16, 4, 4, 16, half, 4) in the .best file, nor could we find"
group1,4,4,1024,1024,16,16,256,0.081978,,"ERROR: Could not find hyperparameters for the kernel instance corresponding to the target (batch_size, a, b, c, d, precision, VSIZE) = (256, 16, 4, 4, 16, half, 4) in the .best file, nor could we find"
group1,4,4,1024,1024,16,16,512,0.083119,,"ERROR: Could not find hyperparameters for the kernel instance corresponding to the target (batch_size, a, b, c, d, precision, VSIZE) = (512, 16, 4, 4, 16, half, 4) in the .best file, nor could we find"
group1,4,4,1024,1024,16,16,1024,0.084869,,"ERROR: Could not find hyperparameters for the kernel instance corresponding to the target (batch_size, a, b, c, d, precision, VSIZE) = (1024, 16, 4, 4, 16, half, 4) in the .best file, nor could we fin"
group1,4,4,1024,1024,16,16,2048,0.083164,,"ERROR: Could not find hyperparameters for the kernel instance corresponding to the target (batch_size, a, b, c, d, precision, VSIZE) = (2048, 16, 4, 4, 16, half, 4) in the .best file, nor could we fin"
group1,4,4,1024,1024,16,16,4096,0.129367,,"ERROR: Could not find hyperparameters for the kernel instance corresponding to the target (batch_size, a, b, c, d, precision, VSIZE) = (4096, 16, 4, 4, 16, half, 4) in the .best file, nor could we fin"
group1,4,4,1024,1024,32,8,1,0.053785,,"ERROR: Could not find hyperparameters for the kernel instance corresponding to the target (batch_size, a, b, c, d, precision, VSIZE) = (1, 32, 4, 4, 8, half, 4) in the .best file, nor could we find de"
group1,4,4,1024,1024,32,8,2,0.084027,,"ERROR: Could not find hyperparameters for the kernel instance corresponding to the target (batch_size, a, b, c, d, precision, VSIZE) = (2, 32, 4, 4, 8, half, 4) in the .best file, nor could we find de"
group1,4,4,1024,1024,32,8,4,0.083070,,"ERROR: Could not find hyperparameters for the kernel instance corresponding to the target (batch_size, a, b, c, d, precision, VSIZE) = (4, 32, 4, 4, 8, half, 4) in the .best file, nor could we find de"
group1,4,4,1024,1024,32,8,8,0.082253,,"ERROR: Could not find hyperparameters for the kernel instance corresponding to the target (batch_size, a, b, c, d, precision, VSIZE) = (8, 32, 4, 4, 8, half, 4) in the .best file, nor could we find de"
group1,4,4,1024,1024,32,8,16,0.083556,,"ERROR: Could not find hyperparameters for the kernel instance corresponding to the target (batch_size, a, b, c, d, precision, VSIZE) = (16, 32, 4, 4, 8, half, 4) in the .best file, nor could we find d"
group1,4,4,1024,1024,32,8,32,0.081219,,"ERROR: Could not find hyperparameters for the kernel instance corresponding to the target (batch_size, a, b, c, d, precision, VSIZE) = (32, 32, 4, 4, 8, half, 4) in the .best file, nor could we find d"
group1,4,4,1024,1024,32,8,64,0.101418,,"ERROR: Could not find hyperparameters for the kernel instance corresponding to the target (batch_size, a, b, c, d, precision, VSIZE) = (64, 32, 4, 4, 8, half, 4) in the .best file, nor could we find d"
group1,4,4,1024,1024,32,8,128,0.084298,,"ERROR: Could not find hyperparameters for the kernel instance corresponding to the target (batch_size, a, b, c, d, precision, VSIZE) = (128, 32, 4, 4, 8, half, 4) in the .best file, nor could we find "
group1,4,4,1024,1024,32,8,256,0.081819,,"ERROR: Could not find hyperparameters for the kernel instance corresponding to the target (batch_size, a, b, c, d, precision, VSIZE) = (256, 32, 4, 4, 8, half, 4) in the .best file, nor could we find "
group1,4,4,1024,1024,32,8,512,0.082745,,"ERROR: Could not find hyperparameters for the kernel instance corresponding to the target (batch_size, a, b, c, d, precision, VSIZE) = (512, 32, 4, 4, 8, half, 4) in the .best file, nor could we find "
group1,4,4,1024,1024,32,8,1024,0.101120,,"ERROR: Could not find hyperparameters for the kernel instance corresponding to the target (batch_size, a, b, c, d, precision, VSIZE) = (1024, 32, 4, 4, 8, half, 4) in the .best file, nor could we find"
group1,4,4,1024,1024,32,8,2048,0.101724,,"ERROR: Could not find hyperparameters for the kernel instance corresponding to the target (batch_size, a, b, c, d, precision, VSIZE) = (2048, 32, 4, 4, 8, half, 4) in the .best file, nor could we find"
group1,4,4,1024,1024,32,8,4096,0.128815,,"ERROR: Could not find hyperparameters for the kernel instance corresponding to the target (batch_size, a, b, c, d, precision, VSIZE) = (4096, 32, 4, 4, 8, half, 4) in the .best file, nor could we find"
group1,4,4,1024,1024,64,4,1,0.053152,,"ERROR: Could not find hyperparameters for the kernel instance corresponding to the target (batch_size, a, b, c, d, precision, VSIZE) = (1, 64, 4, 4, 4, half, 4) in the .best file, nor could we find de"
group1,4,4,1024,1024,64,4,2,0.084302,,"ERROR: Could not find hyperparameters for the kernel instance corresponding to the target (batch_size, a, b, c, d, precision, VSIZE) = (2, 64, 4, 4, 4, half, 4) in the .best file, nor could we find de"
group1,4,4,1024,1024,64,4,4,0.081769,,"ERROR: Could not find hyperparameters for the kernel instance corresponding to the target (batch_size, a, b, c, d, precision, VSIZE) = (4, 64, 4, 4, 4, half, 4) in the .best file, nor could we find de"
group1,4,4,1024,1024,64,4,8,0.084915,,"ERROR: Could not find hyperparameters for the kernel instance corresponding to the target (batch_size, a, b, c, d, precision, VSIZE) = (8, 64, 4, 4, 4, half, 4) in the .best file, nor could we find de"
group1,4,4,1024,1024,64,4,16,0.080982,,"ERROR: Could not find hyperparameters for the kernel instance corresponding to the target (batch_size, a, b, c, d, precision, VSIZE) = (16, 64, 4, 4, 4, half, 4) in the .best file, nor could we find d"
group1,4,4,1024,1024,64,4,32,0.081881,,"ERROR: Could not find hyperparameters for the kernel instance corresponding to the target (batch_size, a, b, c, d, precision, VSIZE) = (32, 64, 4, 4, 4, half, 4) in the .best file, nor could we find d"
group1,4,4,1024,1024,64,4,64,0.081623,,"ERROR: Could not find hyperparameters for the kernel instance corresponding to the target (batch_size, a, b, c, d, precision, VSIZE) = (64, 64, 4, 4, 4, half, 4) in the .best file, nor could we find d"
group1,4,4,1024,1024,64,4,128,0.100753,,"ERROR: Could not find hyperparameters for the kernel instance corresponding to the target (batch_size, a, b, c, d, precision, VSIZE) = (128, 64, 4, 4, 4, half, 4) in the .best file, nor could we find "
group1,4,4,1024,1024,64,4,256,0.084915,,"ERROR: Could not find hyperparameters for the kernel instance corresponding to the target (batch_size, a, b, c, d, precision, VSIZE) = (256, 64, 4, 4, 4, half, 4) in the .best file, nor could we find "
group1,4,4,1024,1024,64,4,512,0.081915,,"ERROR: Could not find hyperparameters for the kernel instance corresponding to the target (batch_size, a, b, c, d, precision, VSIZE) = (512, 64, 4, 4, 4, half, 4) in the .best file, nor could we find "
group1,4,4,1024,1024,64,4,1024,0.083871,,"ERROR: Could not find hyperparameters for the kernel instance corresponding to the target (batch_size, a, b, c, d, precision, VSIZE) = (1024, 64, 4, 4, 4, half, 4) in the .best file, nor could we find"
group1,4,4,1024,1024,64,4,2048,0.085295,,"ERROR: Could not find hyperparameters for the kernel instance corresponding to the target (batch_size, a, b, c, d, precision, VSIZE) = (2048, 64, 4, 4, 4, half, 4) in the .best file, nor could we find"
group1,4,4,1024,1024,64,4,4096,0.129218,,"ERROR: Could not find hyperparameters for the kernel instance corresponding to the target (batch_size, a, b, c, d, precision, VSIZE) = (4096, 64, 4, 4, 4, half, 4) in the .best file, nor could we find"
group1,4,4,1024,1024,128,2,1,0.053141,,"ERROR: Could not find hyperparameters for the kernel instance corresponding to the target (batch_size, a, b, c, d, precision, VSIZE) = (1, 128, 4, 4, 2, half, 4) in the .best file, nor could we find d"
group1,4,4,1024,1024,128,2,2,0.084874,,"ERROR: Could not find hyperparameters for the kernel instance corresponding to the target (batch_size, a, b, c, d, precision, VSIZE) = (2, 128, 4, 4, 2, half, 4) in the .best file, nor could we find d"
group1,4,4,1024,1024,128,2,4,0.083423,,"ERROR: Could not find hyperparameters for the kernel instance corresponding to the target (batch_size, a, b, c, d, precision, VSIZE) = (4, 128, 4, 4, 2, half, 4) in the .best file, nor could we find d"
group1,4,4,1024,1024,128,2,8,0.081946,,"ERROR: Could not find hyperparameters for the kernel instance corresponding to the target (batch_size, a, b, c, d, precision, VSIZE) = (8, 128, 4, 4, 2, half, 4) in the .best file, nor could we find d"
group1,4,4,1024,1024,128,2,16,0.082210,,"ERROR: Could not find hyperparameters for the kernel instance corresponding to the target (batch_size, a, b, c, d, precision, VSIZE) = (16, 128, 4, 4, 2, half, 4) in the .best file, nor could we find "
group1,4,4,1024,1024,128,2,32,0.082000,,"ERROR: Could not find hyperparameters for the kernel instance corresponding to the target (batch_size, a, b, c, d, precision, VSIZE) = (32, 128, 4, 4, 2, half, 4) in the .best file, nor could we find "
group1,4,4,1024,1024,128,2,64,0.080831,,"ERROR: Could not find hyperparameters for the kernel instance corresponding to the target (batch_size, a, b, c, d, precision, VSIZE) = (64, 128, 4, 4, 2, half, 4) in the .best file, nor could we find "
group1,4,4,1024,1024,128,2,128,0.083428,,"ERROR: Could not find hyperparameters for the kernel instance corresponding to the target (batch_size, a, b, c, d, precision, VSIZE) = (128, 128, 4, 4, 2, half, 4) in the .best file, nor could we find"
group1,4,4,1024,1024,128,2,256,0.085086,,"ERROR: Could not find hyperparameters for the kernel instance corresponding to the target (batch_size, a, b, c, d, precision, VSIZE) = (256, 128, 4, 4, 2, half, 4) in the .best file, nor could we find"
group1,4,4,1024,1024,128,2,512,0.101851,,"ERROR: Could not find hyperparameters for the kernel instance corresponding to the target (batch_size, a, b, c, d, precision, VSIZE) = (512, 128, 4, 4, 2, half, 4) in the .best file, nor could we find"
group1,4,4,1024,1024,128,2,1024,0.085943,,"ERROR: Could not find hyperparameters for the kernel instance corresponding to the target (batch_size, a, b, c, d, precision, VSIZE) = (1024, 128, 4, 4, 2, half, 4) in the .best file, nor could we fin"
group1,4,4,1024,1024,128,2,2048,0.103875,,"ERROR: Could not find hyperparameters for the kernel instance corresponding to the target (batch_size, a, b, c, d, precision, VSIZE) = (2048, 128, 4, 4, 2, half, 4) in the .best file, nor could we fin"
group1,4,4,1024,1024,128,2,4096,0.128861,,"ERROR: Could not find hyperparameters for the kernel instance corresponding to the target (batch_size, a, b, c, d, precision, VSIZE) = (4096, 128, 4, 4, 2, half, 4) in the .best file, nor could we fin"
group1,4,4,1024,1024,256,1,1,0.052534,,"ERROR: Could not find hyperparameters for the kernel instance corresponding to the target (batch_size, a, b, c, d, precision, VSIZE) = (1, 256, 4, 4, 1, half, 4) in the .best file, nor could we find d"
group1,4,4,1024,1024,256,1,2,0.085108,,"ERROR: Could not find hyperparameters for the kernel instance corresponding to the target (batch_size, a, b, c, d, precision, VSIZE) = (2, 256, 4, 4, 1, half, 4) in the .best file, nor could we find d"
group1,4,4,1024,1024,256,1,4,0.084476,,"ERROR: Could not find hyperparameters for the kernel instance corresponding to the target (batch_size, a, b, c, d, precision, VSIZE) = (4, 256, 4, 4, 1, half, 4) in the .best file, nor could we find d"
group1,4,4,1024,1024,256,1,8,0.082941,,"ERROR: Could not find hyperparameters for the kernel instance corresponding to the target (batch_size, a, b, c, d, precision, VSIZE) = (8, 256, 4, 4, 1, half, 4) in the .best file, nor could we find d"
group1,4,4,1024,1024,256,1,16,0.084214,,"ERROR: Could not find hyperparameters for the kernel instance corresponding to the target (batch_size, a, b, c, d, precision, VSIZE) = (16, 256, 4, 4, 1, half, 4) in the .best file, nor could we find "
group1,4,4,1024,1024,256,1,32,0.102674,,"ERROR: Could not find hyperparameters for the kernel instance corresponding to the target (batch_size, a, b, c, d, precision, VSIZE) = (32, 256, 4, 4, 1, half, 4) in the .best file, nor could we find "
group1,4,4,1024,1024,256,1,64,0.082729,,"ERROR: Could not find hyperparameters for the kernel instance corresponding to the target (batch_size, a, b, c, d, precision, VSIZE) = (64, 256, 4, 4, 1, half, 4) in the .best file, nor could we find "
group1,4,4,1024,1024,256,1,128,0.099977,,"ERROR: Could not find hyperparameters for the kernel instance corresponding to the target (batch_size, a, b, c, d, precision, VSIZE) = (128, 256, 4, 4, 1, half, 4) in the .best file, nor could we find"
group1,4,4,1024,1024,256,1,256,0.083148,,"ERROR: Could not find hyperparameters for the kernel instance corresponding to the target (batch_size, a, b, c, d, precision, VSIZE) = (256, 256, 4, 4, 1, half, 4) in the .best file, nor could we find"
group1,4,4,1024,1024,256,1,512,0.084406,,"ERROR: Could not find hyperparameters for the kernel instance corresponding to the target (batch_size, a, b, c, d, precision, VSIZE) = (512, 256, 4, 4, 1, half, 4) in the .best file, nor could we find"
group1,4,4,1024,1024,256,1,1024,0.084103,,"ERROR: Could not find hyperparameters for the kernel instance corresponding to the target (batch_size, a, b, c, d, precision, VSIZE) = (1024, 256, 4, 4, 1, half, 4) in the .best file, nor could we fin"
group1,4,4,1024,1024,256,1,2048,0.086348,,"ERROR: Could not find hyperparameters for the kernel instance corresponding to the target (batch_size, a, b, c, d, precision, VSIZE) = (2048, 256, 4, 4, 1, half, 4) in the .best file, nor could we fin"
group1,4,4,1024,1024,256,1,4096,0.128635,,"ERROR: Could not find hyperparameters for the kernel instance corresponding to the target (batch_size, a, b, c, d, precision, VSIZE) = (4096, 256, 4, 4, 1, half, 4) in the .best file, nor could we fin"
group1,4,4,2048,2048,1,512,1,0.053183,,"ERROR: Could not find hyperparameters for the kernel instance corresponding to the target (batch_size, a, b, c, d, precision, VSIZE) = (1, 1, 4, 4, 512, half, 4) in the .best file, nor could we find d"
group1,4,4,2048,2048,1,512,2,0.100457,,"ERROR: Could not find hyperparameters for the kernel instance corresponding to the target (batch_size, a, b, c, d, precision, VSIZE) = (2, 1, 4, 4, 512, half, 4) in the .best file, nor could we find d"
group1,4,4,2048,2048,1,512,4,0.099561,,"ERROR: Could not find hyperparameters for the kernel instance corresponding to the target (batch_size, a, b, c, d, precision, VSIZE) = (4, 1, 4, 4, 512, half, 4) in the .best file, nor could we find d"
group1,4,4,2048,2048,1,512,8,0.084254,,"ERROR: Could not find hyperparameters for the kernel instance corresponding to the target (batch_size, a, b, c, d, precision, VSIZE) = (8, 1, 4, 4, 512, half, 4) in the .best file, nor could we find d"
group1,4,4,2048,2048,1,512,16,0.083053,,"ERROR: Could not find hyperparameters for the kernel instance corresponding to the target (batch_size, a, b, c, d, precision, VSIZE) = (16, 1, 4, 4, 512, half, 4) in the .best file, nor could we find "
group1,4,4,2048,2048,1,512,32,0.082119,,"ERROR: Could not find hyperparameters for the kernel instance corresponding to the target (batch_size, a, b, c, d, precision, VSIZE) = (32, 1, 4, 4, 512, half, 4) in the .best file, nor could we find "
group1,4,4,2048,2048,1,512,64,0.082212,,"ERROR: Could not find hyperparameters for the kernel instance corresponding to the target (batch_size, a, b, c, d, precision, VSIZE) = (64, 1, 4, 4, 512, half, 4) in the .best file, nor could we find "
group1,4,4,2048,2048,1,512,128,0.082380,,"ERROR: Could not find hyperparameters for the kernel instance corresponding to the target (batch_size, a, b, c, d, precision, VSIZE) = (128, 1, 4, 4, 512, half, 4) in the .best file, nor could we find"
group1,4,4,2048,2048,1,512,256,0.082342,,"ERROR: Could not find hyperparameters for the kernel instance corresponding to the target (batch_size, a, b, c, d, precision, VSIZE) = (256, 1, 4, 4, 512, half, 4) in the .best file, nor could we find"
group1,4,4,2048,2048,1,512,512,0.083435,,"ERROR: Could not find hyperparameters for the kernel instance corresponding to the target (batch_size, a, b, c, d, precision, VSIZE) = (512, 1, 4, 4, 512, half, 4) in the .best file, nor could we find"
group1,4,4,2048,2048,1,512,1024,0.084287,,"ERROR: Could not find hyperparameters for the kernel instance corresponding to the target (batch_size, a, b, c, d, precision, VSIZE) = (1024, 1, 4, 4, 512, half, 4) in the .best file, nor could we fin"
group1,4,4,2048,2048,1,512,2048,0.129593,,"ERROR: Could not find hyperparameters for the kernel instance corresponding to the target (batch_size, a, b, c, d, precision, VSIZE) = (2048, 1, 4, 4, 512, half, 4) in the .best file, nor could we fin"
group1,4,4,2048,2048,1,512,4096,0.250903,,"ERROR: Could not find hyperparameters for the kernel instance corresponding to the target (batch_size, a, b, c, d, precision, VSIZE) = (4096, 1, 4, 4, 512, half, 4) in the .best file, nor could we fin"
group1,4,4,2048,2048,2,256,1,0.054713,,"ERROR: Could not find hyperparameters for the kernel instance corresponding to the target (batch_size, a, b, c, d, precision, VSIZE) = (1, 2, 4, 4, 256, half, 4) in the .best file, nor could we find d"
group1,4,4,2048,2048,2,256,2,0.084002,,"ERROR: Could not find hyperparameters for the kernel instance corresponding to the target (batch_size, a, b, c, d, precision, VSIZE) = (2, 2, 4, 4, 256, half, 4) in the .best file, nor could we find d"
group1,4,4,2048,2048,2,256,4,0.083192,,"ERROR: Could not find hyperparameters for the kernel instance corresponding to the target (batch_size, a, b, c, d, precision, VSIZE) = (4, 2, 4, 4, 256, half, 4) in the .best file, nor could we find d"
group1,4,4,2048,2048,2,256,8,0.084467,,"ERROR: Could not find hyperparameters for the kernel instance corresponding to the target (batch_size, a, b, c, d, precision, VSIZE) = (8, 2, 4, 4, 256, half, 4) in the .best file, nor could we find d"
group1,4,4,2048,2048,2,256,16,0.081773,,"ERROR: Could not find hyperparameters for the kernel instance corresponding to the target (batch_size, a, b, c, d, precision, VSIZE) = (16, 2, 4, 4, 256, half, 4) in the .best file, nor could we find "
group1,4,4,2048,2048,2,256,32,0.083791,,"ERROR: Could not find hyperparameters for the kernel instance corresponding to the target (batch_size, a, b, c, d, precision, VSIZE) = (32, 2, 4, 4, 256, half, 4) in the .best file, nor could we find "
group1,4,4,2048,2048,2,256,64,0.082254,,"ERROR: Could not find hyperparameters for the kernel instance corresponding to the target (batch_size, a, b, c, d, precision, VSIZE) = (64, 2, 4, 4, 256, half, 4) in the .best file, nor could we find "
group1,4,4,2048,2048,2,256,128,0.082961,,"ERROR: Could not find hyperparameters for the kernel instance corresponding to the target (batch_size, a, b, c, d, precision, VSIZE) = (128, 2, 4, 4, 256, half, 4) in the .best file, nor could we find"
group1,4,4,2048,2048,2,256,256,0.084805,,"ERROR: Could not find hyperparameters for the kernel instance corresponding to the target (batch_size, a, b, c, d, precision, VSIZE) = (256, 2, 4, 4, 256, half, 4) in the .best file, nor could we find"
group1,4,4,2048,2048,2,256,512,0.083617,,"ERROR: Could not find hyperparameters for the kernel instance corresponding to the target (batch_size, a, b, c, d, precision, VSIZE) = (512, 2, 4, 4, 256, half, 4) in the .best file, nor could we find"
group1,4,4,2048,2048,2,256,1024,0.083747,,"ERROR: Could not find hyperparameters for the kernel instance corresponding to the target (batch_size, a, b, c, d, precision, VSIZE) = (1024, 2, 4, 4, 256, half, 4) in the .best file, nor could we fin"
group1,4,4,2048,2048,2,256,2048,0.129424,,"ERROR: Could not find hyperparameters for the kernel instance corresponding to the target (batch_size, a, b, c, d, precision, VSIZE) = (2048, 2, 4, 4, 256, half, 4) in the .best file, nor could we fin"
group1,4,4,2048,2048,2,256,4096,0.251147,,"ERROR: Could not find hyperparameters for the kernel instance corresponding to the target (batch_size, a, b, c, d, precision, VSIZE) = (4096, 2, 4, 4, 256, half, 4) in the .best file, nor could we fin"
group1,4,4,2048,2048,4,128,1,0.052884,,"ERROR: Could not find hyperparameters for the kernel instance corresponding to the target (batch_size, a, b, c, d, precision, VSIZE) = (1, 4, 4, 4, 128, half, 4) in the .best file, nor could we find d"
group1,4,4,2048,2048,4,128,2,0.083024,,"ERROR: Could not find hyperparameters for the kernel instance corresponding to the target (batch_size, a, b, c, d, precision, VSIZE) = (2, 4, 4, 4, 128, half, 4) in the .best file, nor could we find d"
group1,4,4,2048,2048,4,128,4,0.081233,,"ERROR: Could not find hyperparameters for the kernel instance corresponding to the target (batch_size, a, b, c, d, precision, VSIZE) = (4, 4, 4, 4, 128, half, 4) in the .best file, nor could we find d"
group1,4,4,2048,2048,4,128,8,0.100819,,"ERROR: Could not find hyperparameters for the kernel instance corresponding to the target (batch_size, a, b, c, d, precision, VSIZE) = (8, 4, 4, 4, 128, half, 4) in the .best file, nor could we find d"
group1,4,4,2048,2048,4,128,16,0.083446,,"ERROR: Could not find hyperparameters for the kernel instance corresponding to the target (batch_size, a, b, c, d, precision, VSIZE) = (16, 4, 4, 4, 128, half, 4) in the .best file, nor could we find "
group1,4,4,2048,2048,4,128,32,0.081831,,"ERROR: Could not find hyperparameters for the kernel instance corresponding to the target (batch_size, a, b, c, d, precision, VSIZE) = (32, 4, 4, 4, 128, half, 4) in the .best file, nor could we find "
group1,4,4,2048,2048,4,128,64,0.082491,,"ERROR: Could not find hyperparameters for the kernel instance corresponding to the target (batch_size, a, b, c, d, precision, VSIZE) = (64, 4, 4, 4, 128, half, 4) in the .best file, nor could we find "
group1,4,4,2048,2048,4,128,128,0.083242,,"ERROR: Could not find hyperparameters for the kernel instance corresponding to the target (batch_size, a, b, c, d, precision, VSIZE) = (128, 4, 4, 4, 128, half, 4) in the .best file, nor could we find"
group1,4,4,2048,2048,4,128,256,0.084870,,"ERROR: Could not find hyperparameters for the kernel instance corresponding to the target (batch_size, a, b, c, d, precision, VSIZE) = (256, 4, 4, 4, 128, half, 4) in the .best file, nor could we find"
group1,4,4,2048,2048,4,128,512,0.084074,,"ERROR: Could not find hyperparameters for the kernel instance corresponding to the target (batch_size, a, b, c, d, precision, VSIZE) = (512, 4, 4, 4, 128, half, 4) in the .best file, nor could we find"
group1,4,4,2048,2048,4,128,1024,0.083728,,"ERROR: Could not find hyperparameters for the kernel instance corresponding to the target (batch_size, a, b, c, d, precision, VSIZE) = (1024, 4, 4, 4, 128, half, 4) in the .best file, nor could we fin"
group1,4,4,2048,2048,4,128,2048,0.129590,,"ERROR: Could not find hyperparameters for the kernel instance corresponding to the target (batch_size, a, b, c, d, precision, VSIZE) = (2048, 4, 4, 4, 128, half, 4) in the .best file, nor could we fin"
group1,4,4,2048,2048,4,128,4096,0.251268,,"ERROR: Could not find hyperparameters for the kernel instance corresponding to the target (batch_size, a, b, c, d, precision, VSIZE) = (4096, 4, 4, 4, 128, half, 4) in the .best file, nor could we fin"
group1,4,4,2048,2048,8,64,1,0.053452,,"ERROR: Could not find hyperparameters for the kernel instance corresponding to the target (batch_size, a, b, c, d, precision, VSIZE) = (1, 8, 4, 4, 64, half, 4) in the .best file, nor could we find de"
group1,4,4,2048,2048,8,64,2,0.100158,,"ERROR: Could not find hyperparameters for the kernel instance corresponding to the target (batch_size, a, b, c, d, precision, VSIZE) = (2, 8, 4, 4, 64, half, 4) in the .best file, nor could we find de"
group1,4,4,2048,2048,8,64,4,0.099400,,"ERROR: Could not find hyperparameters for the kernel instance corresponding to the target (batch_size, a, b, c, d, precision, VSIZE) = (4, 8, 4, 4, 64, half, 4) in the .best file, nor could we find de"
group1,4,4,2048,2048,8,64,8,0.083332,,"ERROR: Could not find hyperparameters for the kernel instance corresponding to the target (batch_size, a, b, c, d, precision, VSIZE) = (8, 8, 4, 4, 64, half, 4) in the .best file, nor could we find de"
group1,4,4,2048,2048,8,64,16,0.082938,,"ERROR: Could not find hyperparameters for the kernel instance corresponding to the target (batch_size, a, b, c, d, precision, VSIZE) = (16, 8, 4, 4, 64, half, 4) in the .best file, nor could we find d"
group1,4,4,2048,2048,8,64,32,0.085688,,"ERROR: Could not find hyperparameters for the kernel instance corresponding to the target (batch_size, a, b, c, d, precision, VSIZE) = (32, 8, 4, 4, 64, half, 4) in the .best file, nor could we find d"
group1,4,4,2048,2048,8,64,64,0.081788,,"ERROR: Could not find hyperparameters for the kernel instance corresponding to the target (batch_size, a, b, c, d, precision, VSIZE) = (64, 8, 4, 4, 64, half, 4) in the .best file, nor could we find d"
group1,4,4,2048,2048,8,64,128,0.082974,,"ERROR: Could not find hyperparameters for the kernel instance corresponding to the target (batch_size, a, b, c, d, precision, VSIZE) = (128, 8, 4, 4, 64, half, 4) in the .best file, nor could we find "
group1,4,4,2048,2048,8,64,256,0.083670,,"ERROR: Could not find hyperparameters for the kernel instance corresponding to the target (batch_size, a, b, c, d, precision, VSIZE) = (256, 8, 4, 4, 64, half, 4) in the .best file, nor could we find "
group1,4,4,2048,2048,8,64,512,0.085854,,"ERROR: Could not find hyperparameters for the kernel instance corresponding to the target (batch_size, a, b, c, d, precision, VSIZE) = (512, 8, 4, 4, 64, half, 4) in the .best file, nor could we find "
group1,4,4,2048,2048,8,64,1024,0.083959,,"ERROR: Could not find hyperparameters for the kernel instance corresponding to the target (batch_size, a, b, c, d, precision, VSIZE) = (1024, 8, 4, 4, 64, half, 4) in the .best file, nor could we find"
group1,4,4,2048,2048,8,64,2048,0.129361,,"ERROR: Could not find hyperparameters for the kernel instance corresponding to the target (batch_size, a, b, c, d, precision, VSIZE) = (2048, 8, 4, 4, 64, half, 4) in the .best file, nor could we find"
group1,4,4,2048,2048,8,64,4096,0.250788,,"ERROR: Could not find hyperparameters for the kernel instance corresponding to the target (batch_size, a, b, c, d, precision, VSIZE) = (4096, 8, 4, 4, 64, half, 4) in the .best file, nor could we find"
group1,4,4,2048,2048,16,32,1,0.052740,,"ERROR: Could not find hyperparameters for the kernel instance corresponding to the target (batch_size, a, b, c, d, precision, VSIZE) = (1, 16, 4, 4, 32, half, 4) in the .best file, nor could we find d"
group1,4,4,2048,2048,16,32,2,0.082567,,"ERROR: Could not find hyperparameters for the kernel instance corresponding to the target (batch_size, a, b, c, d, precision, VSIZE) = (2, 16, 4, 4, 32, half, 4) in the .best file, nor could we find d"
group1,4,4,2048,2048,16,32,4,0.082993,,"ERROR: Could not find hyperparameters for the kernel instance corresponding to the target (batch_size, a, b, c, d, precision, VSIZE) = (4, 16, 4, 4, 32, half, 4) in the .best file, nor could we find d"
group1,4,4,2048,2048,16,32,8,0.083471,,"ERROR: Could not find hyperparameters for the kernel instance corresponding to the target (batch_size, a, b, c, d, precision, VSIZE) = (8, 16, 4, 4, 32, half, 4) in the .best file, nor could we find d"
group1,4,4,2048,2048,16,32,16,0.084609,,"ERROR: Could not find hyperparameters for the kernel instance corresponding to the target (batch_size, a, b, c, d, precision, VSIZE) = (16, 16, 4, 4, 32, half, 4) in the .best file, nor could we find "
group1,4,4,2048,2048,16,32,32,0.085100,,"ERROR: Could not find hyperparameters for the kernel instance corresponding to the target (batch_size, a, b, c, d, precision, VSIZE) = (32, 16, 4, 4, 32, half, 4) in the .best file, nor could we find "
group1,4,4,2048,2048,16,32,64,0.084637,,"ERROR: Could not find hyperparameters for the kernel instance corresponding to the target (batch_size, a, b, c, d, precision, VSIZE) = (64, 16, 4, 4, 32, half, 4) in the .best file, nor could we find "
group1,4,4,2048,2048,16,32,128,0.085606,,"ERROR: Could not find hyperparameters for the kernel instance corresponding to the target (batch_size, a, b, c, d, precision, VSIZE) = (128, 16, 4, 4, 32, half, 4) in the .best file, nor could we find"
group1,4,4,2048,2048,16,32,256,0.083525,,"ERROR: Could not find hyperparameters for the kernel instance corresponding to the target (batch_size, a, b, c, d, precision, VSIZE) = (256, 16, 4, 4, 32, half, 4) in the .best file, nor could we find"
group1,4,4,2048,2048,16,32,512,0.083876,,"ERROR: Could not find hyperparameters for the kernel instance corresponding to the target (batch_size, a, b, c, d, precision, VSIZE) = (512, 16, 4, 4, 32, half, 4) in the .best file, nor could we find"
group1,4,4,2048,2048,16,32,1024,0.103160,,"ERROR: Could not find hyperparameters for the kernel instance corresponding to the target (batch_size, a, b, c, d, precision, VSIZE) = (1024, 16, 4, 4, 32, half, 4) in the .best file, nor could we fin"
group1,4,4,2048,2048,16,32,2048,0.129548,,"ERROR: Could not find hyperparameters for the kernel instance corresponding to the target (batch_size, a, b, c, d, precision, VSIZE) = (2048, 16, 4, 4, 32, half, 4) in the .best file, nor could we fin"
group1,4,4,2048,2048,16,32,4096,0.250859,,"ERROR: Could not find hyperparameters for the kernel instance corresponding to the target (batch_size, a, b, c, d, precision, VSIZE) = (4096, 16, 4, 4, 32, half, 4) in the .best file, nor could we fin"
group1,4,4,2048,2048,32,16,1,0.054028,,"ERROR: Could not find hyperparameters for the kernel instance corresponding to the target (batch_size, a, b, c, d, precision, VSIZE) = (1, 32, 4, 4, 16, half, 4) in the .best file, nor could we find d"
group1,4,4,2048,2048,32,16,2,0.083075,,"ERROR: Could not find hyperparameters for the kernel instance corresponding to the target (batch_size, a, b, c, d, precision, VSIZE) = (2, 32, 4, 4, 16, half, 4) in the .best file, nor could we find d"
group1,4,4,2048,2048,32,16,4,0.082285,,"ERROR: Could not find hyperparameters for the kernel instance corresponding to the target (batch_size, a, b, c, d, precision, VSIZE) = (4, 32, 4, 4, 16, half, 4) in the .best file, nor could we find d"
group1,4,4,2048,2048,32,16,8,0.084664,,"ERROR: Could not find hyperparameters for the kernel instance corresponding to the target (batch_size, a, b, c, d, precision, VSIZE) = (8, 32, 4, 4, 16, half, 4) in the .best file, nor could we find d"
group1,4,4,2048,2048,32,16,16,0.082484,,"ERROR: Could not find hyperparameters for the kernel instance corresponding to the target (batch_size, a, b, c, d, precision, VSIZE) = (16, 32, 4, 4, 16, half, 4) in the .best file, nor could we find "
group1,4,4,2048,2048,32,16,32,0.083769,,"ERROR: Could not find hyperparameters for the kernel instance corresponding to the target (batch_size, a, b, c, d, precision, VSIZE) = (32, 32, 4, 4, 16, half, 4) in the .best file, nor could we find "
group1,4,4,2048,2048,32,16,64,0.081892,,"ERROR: Could not find hyperparameters for the kernel instance corresponding to the target (batch_size, a, b, c, d, precision, VSIZE) = (64, 32, 4, 4, 16, half, 4) in the .best file, nor could we find "
group1,4,4,2048,2048,32,16,128,0.082717,,"ERROR: Could not find hyperparameters for the kernel instance corresponding to the target (batch_size, a, b, c, d, precision, VSIZE) = (128, 32, 4, 4, 16, half, 4) in the .best file, nor could we find"
group1,4,4,2048,2048,32,16,256,0.080769,,"ERROR: Could not find hyperparameters for the kernel instance corresponding to the target (batch_size, a, b, c, d, precision, VSIZE) = (256, 32, 4, 4, 16, half, 4) in the .best file, nor could we find"
group1,4,4,2048,2048,32,16,512,0.101818,,"ERROR: Could not find hyperparameters for the kernel instance corresponding to the target (batch_size, a, b, c, d, precision, VSIZE) = (512, 32, 4, 4, 16, half, 4) in the .best file, nor could we find"
group1,4,4,2048,2048,32,16,1024,0.084115,,"ERROR: Could not find hyperparameters for the kernel instance corresponding to the target (batch_size, a, b, c, d, precision, VSIZE) = (1024, 32, 4, 4, 16, half, 4) in the .best file, nor could we fin"
group1,4,4,2048,2048,32,16,2048,0.129276,,"ERROR: Could not find hyperparameters for the kernel instance corresponding to the target (batch_size, a, b, c, d, precision, VSIZE) = (2048, 32, 4, 4, 16, half, 4) in the .best file, nor could we fin"
group1,4,4,2048,2048,32,16,4096,0.251333,,"ERROR: Could not find hyperparameters for the kernel instance corresponding to the target (batch_size, a, b, c, d, precision, VSIZE) = (4096, 32, 4, 4, 16, half, 4) in the .best file, nor could we fin"
group1,4,4,2048,2048,64,8,1,0.054047,,"ERROR: Could not find hyperparameters for the kernel instance corresponding to the target (batch_size, a, b, c, d, precision, VSIZE) = (1, 64, 4, 4, 8, half, 4) in the .best file, nor could we find de"
group1,4,4,2048,2048,64,8,2,0.085588,,"ERROR: Could not find hyperparameters for the kernel instance corresponding to the target (batch_size, a, b, c, d, precision, VSIZE) = (2, 64, 4, 4, 8, half, 4) in the .best file, nor could we find de"
group1,4,4,2048,2048,64,8,4,0.081822,,"ERROR: Could not find hyperparameters for the kernel instance corresponding to the target (batch_size, a, b, c, d, precision, VSIZE) = (4, 64, 4, 4, 8, half, 4) in the .best file, nor could we find de"
group1,4,4,2048,2048,64,8,8,0.082654,,"ERROR: Could not find hyperparameters for the kernel instance corresponding to the target (batch_size, a, b, c, d, precision, VSIZE) = (8, 64, 4, 4, 8, half, 4) in the .best file, nor could we find de"
group1,4,4,2048,2048,64,8,16,0.083649,,"ERROR: Could not find hyperparameters for the kernel instance corresponding to the target (batch_size, a, b, c, d, precision, VSIZE) = (16, 64, 4, 4, 8, half, 4) in the .best file, nor could we find d"
group1,4,4,2048,2048,64,8,32,0.085072,,"ERROR: Could not find hyperparameters for the kernel instance corresponding to the target (batch_size, a, b, c, d, precision, VSIZE) = (32, 64, 4, 4, 8, half, 4) in the .best file, nor could we find d"
group1,4,4,2048,2048,64,8,64,0.083192,,"ERROR: Could not find hyperparameters for the kernel instance corresponding to the target (batch_size, a, b, c, d, precision, VSIZE) = (64, 64, 4, 4, 8, half, 4) in the .best file, nor could we find d"
group1,4,4,2048,2048,64,8,128,0.084948,,"ERROR: Could not find hyperparameters for the kernel instance corresponding to the target (batch_size, a, b, c, d, precision, VSIZE) = (128, 64, 4, 4, 8, half, 4) in the .best file, nor could we find "
group1,4,4,2048,2048,64,8,256,0.082349,,"ERROR: Could not find hyperparameters for the kernel instance corresponding to the target (batch_size, a, b, c, d, precision, VSIZE) = (256, 64, 4, 4, 8, half, 4) in the .best file, nor could we find "
group1,4,4,2048,2048,64,8,512,0.085819,,"ERROR: Could not find hyperparameters for the kernel instance corresponding to the target (batch_size, a, b, c, d, precision, VSIZE) = (512, 64, 4, 4, 8, half, 4) in the .best file, nor could we find "
group1,4,4,2048,2048,64,8,1024,0.086886,,"ERROR: Could not find hyperparameters for the kernel instance corresponding to the target (batch_size, a, b, c, d, precision, VSIZE) = (1024, 64, 4, 4, 8, half, 4) in the .best file, nor could we find"
group1,4,4,2048,2048,64,8,2048,0.129444,,"ERROR: Could not find hyperparameters for the kernel instance corresponding to the target (batch_size, a, b, c, d, precision, VSIZE) = (2048, 64, 4, 4, 8, half, 4) in the .best file, nor could we find"
group1,4,4,2048,2048,64,8,4096,0.251417,,"ERROR: Could not find hyperparameters for the kernel instance corresponding to the target (batch_size, a, b, c, d, precision, VSIZE) = (4096, 64, 4, 4, 8, half, 4) in the .best file, nor could we find"
group1,4,4,2048,2048,128,4,1,0.062938,,"ERROR: Could not find hyperparameters for the kernel instance corresponding to the target (batch_size, a, b, c, d, precision, VSIZE) = (1, 128, 4, 4, 4, half, 4) in the .best file, nor could we find d"
group1,4,4,2048,2048,128,4,2,0.082629,,"ERROR: Could not find hyperparameters for the kernel instance corresponding to the target (batch_size, a, b, c, d, precision, VSIZE) = (2, 128, 4, 4, 4, half, 4) in the .best file, nor could we find d"
group1,4,4,2048,2048,128,4,4,0.083700,,"ERROR: Could not find hyperparameters for the kernel instance corresponding to the target (batch_size, a, b, c, d, precision, VSIZE) = (4, 128, 4, 4, 4, half, 4) in the .best file, nor could we find d"
group1,4,4,2048,2048,128,4,8,0.084207,,"ERROR: Could not find hyperparameters for the kernel instance corresponding to the target (batch_size, a, b, c, d, precision, VSIZE) = (8, 128, 4, 4, 4, half, 4) in the .best file, nor could we find d"
group1,4,4,2048,2048,128,4,16,0.083018,,"ERROR: Could not find hyperparameters for the kernel instance corresponding to the target (batch_size, a, b, c, d, precision, VSIZE) = (16, 128, 4, 4, 4, half, 4) in the .best file, nor could we find "
group1,4,4,2048,2048,128,4,32,0.085327,,"ERROR: Could not find hyperparameters for the kernel instance corresponding to the target (batch_size, a, b, c, d, precision, VSIZE) = (32, 128, 4, 4, 4, half, 4) in the .best file, nor could we find "
group1,4,4,2048,2048,128,4,64,0.084806,,"ERROR: Could not find hyperparameters for the kernel instance corresponding to the target (batch_size, a, b, c, d, precision, VSIZE) = (64, 128, 4, 4, 4, half, 4) in the .best file, nor could we find "
group1,4,4,2048,2048,128,4,128,0.083172,,"ERROR: Could not find hyperparameters for the kernel instance corresponding to the target (batch_size, a, b, c, d, precision, VSIZE) = (128, 128, 4, 4, 4, half, 4) in the .best file, nor could we find"
group1,4,4,2048,2048,128,4,256,0.082801,,"ERROR: Could not find hyperparameters for the kernel instance corresponding to the target (batch_size, a, b, c, d, precision, VSIZE) = (256, 128, 4, 4, 4, half, 4) in the .best file, nor could we find"
group1,4,4,2048,2048,128,4,512,0.084059,,"ERROR: Could not find hyperparameters for the kernel instance corresponding to the target (batch_size, a, b, c, d, precision, VSIZE) = (512, 128, 4, 4, 4, half, 4) in the .best file, nor could we find"
group1,4,4,2048,2048,128,4,1024,0.086844,,"ERROR: Could not find hyperparameters for the kernel instance corresponding to the target (batch_size, a, b, c, d, precision, VSIZE) = (1024, 128, 4, 4, 4, half, 4) in the .best file, nor could we fin"
group1,4,4,2048,2048,128,4,2048,0.129510,,"ERROR: Could not find hyperparameters for the kernel instance corresponding to the target (batch_size, a, b, c, d, precision, VSIZE) = (2048, 128, 4, 4, 4, half, 4) in the .best file, nor could we fin"
group1,4,4,2048,2048,128,4,4096,0.251127,,"ERROR: Could not find hyperparameters for the kernel instance corresponding to the target (batch_size, a, b, c, d, precision, VSIZE) = (4096, 128, 4, 4, 4, half, 4) in the .best file, nor could we fin"
group1,4,4,2048,2048,256,2,1,0.053356,,"ERROR: Could not find hyperparameters for the kernel instance corresponding to the target (batch_size, a, b, c, d, precision, VSIZE) = (1, 256, 4, 4, 2, half, 4) in the .best file, nor could we find d"
group1,4,4,2048,2048,256,2,2,0.083551,,"ERROR: Could not find hyperparameters for the kernel instance corresponding to the target (batch_size, a, b, c, d, precision, VSIZE) = (2, 256, 4, 4, 2, half, 4) in the .best file, nor could we find d"
group1,4,4,2048,2048,256,2,4,0.085628,,"ERROR: Could not find hyperparameters for the kernel instance corresponding to the target (batch_size, a, b, c, d, precision, VSIZE) = (4, 256, 4, 4, 2, half, 4) in the .best file, nor could we find d"
group1,4,4,2048,2048,256,2,8,0.082199,,"ERROR: Could not find hyperparameters for the kernel instance corresponding to the target (batch_size, a, b, c, d, precision, VSIZE) = (8, 256, 4, 4, 2, half, 4) in the .best file, nor could we find d"
group1,4,4,2048,2048,256,2,16,0.084538,,"ERROR: Could not find hyperparameters for the kernel instance corresponding to the target (batch_size, a, b, c, d, precision, VSIZE) = (16, 256, 4, 4, 2, half, 4) in the .best file, nor could we find "
group1,4,4,2048,2048,256,2,32,0.083927,,"ERROR: Could not find hyperparameters for the kernel instance corresponding to the target (batch_size, a, b, c, d, precision, VSIZE) = (32, 256, 4, 4, 2, half, 4) in the .best file, nor could we find "
group1,4,4,2048,2048,256,2,64,0.083497,,"ERROR: Could not find hyperparameters for the kernel instance corresponding to the target (batch_size, a, b, c, d, precision, VSIZE) = (64, 256, 4, 4, 2, half, 4) in the .best file, nor could we find "
group1,4,4,2048,2048,256,2,128,0.083418,,"ERROR: Could not find hyperparameters for the kernel instance corresponding to the target (batch_size, a, b, c, d, precision, VSIZE) = (128, 256, 4, 4, 2, half, 4) in the .best file, nor could we find"
group1,4,4,2048,2048,256,2,256,0.084103,,"ERROR: Could not find hyperparameters for the kernel instance corresponding to the target (batch_size, a, b, c, d, precision, VSIZE) = (256, 256, 4, 4, 2, half, 4) in the .best file, nor could we find"
group1,4,4,2048,2048,256,2,512,0.082932,,"ERROR: Could not find hyperparameters for the kernel instance corresponding to the target (batch_size, a, b, c, d, precision, VSIZE) = (512, 256, 4, 4, 2, half, 4) in the .best file, nor could we find"
group1,4,4,2048,2048,256,2,1024,0.088637,,"ERROR: Could not find hyperparameters for the kernel instance corresponding to the target (batch_size, a, b, c, d, precision, VSIZE) = (1024, 256, 4, 4, 2, half, 4) in the .best file, nor could we fin"
group1,4,4,2048,2048,256,2,2048,0.129512,,"ERROR: Could not find hyperparameters for the kernel instance corresponding to the target (batch_size, a, b, c, d, precision, VSIZE) = (2048, 256, 4, 4, 2, half, 4) in the .best file, nor could we fin"
group1,4,4,2048,2048,256,2,4096,0.251307,,"ERROR: Could not find hyperparameters for the kernel instance corresponding to the target (batch_size, a, b, c, d, precision, VSIZE) = (4096, 256, 4, 4, 2, half, 4) in the .best file, nor could we fin"
group1,4,4,2048,2048,512,1,1,0.054062,,"ERROR: Could not find hyperparameters for the kernel instance corresponding to the target (batch_size, a, b, c, d, precision, VSIZE) = (1, 512, 4, 4, 1, half, 4) in the .best file, nor could we find d"
group1,4,4,2048,2048,512,1,2,0.083360,,"ERROR: Could not find hyperparameters for the kernel instance corresponding to the target (batch_size, a, b, c, d, precision, VSIZE) = (2, 512, 4, 4, 1, half, 4) in the .best file, nor could we find d"
group1,4,4,2048,2048,512,1,4,0.082301,,"ERROR: Could not find hyperparameters for the kernel instance corresponding to the target (batch_size, a, b, c, d, precision, VSIZE) = (4, 512, 4, 4, 1, half, 4) in the .best file, nor could we find d"
group1,4,4,2048,2048,512,1,8,0.082982,,"ERROR: Could not find hyperparameters for the kernel instance corresponding to the target (batch_size, a, b, c, d, precision, VSIZE) = (8, 512, 4, 4, 1, half, 4) in the .best file, nor could we find d"
group1,4,4,2048,2048,512,1,16,0.084671,,"ERROR: Could not find hyperparameters for the kernel instance corresponding to the target (batch_size, a, b, c, d, precision, VSIZE) = (16, 512, 4, 4, 1, half, 4) in the .best file, nor could we find "
group1,4,4,2048,2048,512,1,32,0.083121,,"ERROR: Could not find hyperparameters for the kernel instance corresponding to the target (batch_size, a, b, c, d, precision, VSIZE) = (32, 512, 4, 4, 1, half, 4) in the .best file, nor could we find "
group1,4,4,2048,2048,512,1,64,0.083403,,"ERROR: Could not find hyperparameters for the kernel instance corresponding to the target (batch_size, a, b, c, d, precision, VSIZE) = (64, 512, 4, 4, 1, half, 4) in the .best file, nor could we find "
group1,4,4,2048,2048,512,1,128,0.083189,,"ERROR: Could not find hyperparameters for the kernel instance corresponding to the target (batch_size, a, b, c, d, precision, VSIZE) = (128, 512, 4, 4, 1, half, 4) in the .best file, nor could we find"
group1,4,4,2048,2048,512,1,256,0.102838,,"ERROR: Could not find hyperparameters for the kernel instance corresponding to the target (batch_size, a, b, c, d, precision, VSIZE) = (256, 512, 4, 4, 1, half, 4) in the .best file, nor could we find"
group1,4,4,2048,2048,512,1,512,0.085509,,"ERROR: Could not find hyperparameters for the kernel instance corresponding to the target (batch_size, a, b, c, d, precision, VSIZE) = (512, 512, 4, 4, 1, half, 4) in the .best file, nor could we find"
group1,4,4,2048,2048,512,1,1024,0.083677,,"ERROR: Could not find hyperparameters for the kernel instance corresponding to the target (batch_size, a, b, c, d, precision, VSIZE) = (1024, 512, 4, 4, 1, half, 4) in the .best file, nor could we fin"
group1,4,4,2048,2048,512,1,2048,0.128917,,"ERROR: Could not find hyperparameters for the kernel instance corresponding to the target (batch_size, a, b, c, d, precision, VSIZE) = (2048, 512, 4, 4, 1, half, 4) in the .best file, nor could we fin"
group1,4,4,2048,2048,512,1,4096,0.249791,,"ERROR: Could not find hyperparameters for the kernel instance corresponding to the target (batch_size, a, b, c, d, precision, VSIZE) = (4096, 512, 4, 4, 1, half, 4) in the .best file, nor could we fin"
group1,4,4,4096,4096,1,1024,1,0.063731,,"ERROR: Could not find hyperparameters for the kernel instance corresponding to the target (batch_size, a, b, c, d, precision, VSIZE) = (1, 1, 4, 4, 1024, half, 4) in the .best file, nor could we find "
group1,4,4,4096,4096,1,1024,2,0.084063,,"ERROR: Could not find hyperparameters for the kernel instance corresponding to the target (batch_size, a, b, c, d, precision, VSIZE) = (2, 1, 4, 4, 1024, half, 4) in the .best file, nor could we find "
group1,4,4,4096,4096,1,1024,4,0.085861,,"ERROR: Could not find hyperparameters for the kernel instance corresponding to the target (batch_size, a, b, c, d, precision, VSIZE) = (4, 1, 4, 4, 1024, half, 4) in the .best file, nor could we find "
group1,4,4,4096,4096,1,1024,8,0.081657,,"ERROR: Could not find hyperparameters for the kernel instance corresponding to the target (batch_size, a, b, c, d, precision, VSIZE) = (8, 1, 4, 4, 1024, half, 4) in the .best file, nor could we find "
group1,4,4,4096,4096,1,1024,16,0.082862,,"ERROR: Could not find hyperparameters for the kernel instance corresponding to the target (batch_size, a, b, c, d, precision, VSIZE) = (16, 1, 4, 4, 1024, half, 4) in the .best file, nor could we find"
group1,4,4,4096,4096,1,1024,32,0.084857,,"ERROR: Could not find hyperparameters for the kernel instance corresponding to the target (batch_size, a, b, c, d, precision, VSIZE) = (32, 1, 4, 4, 1024, half, 4) in the .best file, nor could we find"
group1,4,4,4096,4096,1,1024,64,0.082172,,"ERROR: Could not find hyperparameters for the kernel instance corresponding to the target (batch_size, a, b, c, d, precision, VSIZE) = (64, 1, 4, 4, 1024, half, 4) in the .best file, nor could we find"
group1,4,4,4096,4096,1,1024,128,0.082896,,"ERROR: Could not find hyperparameters for the kernel instance corresponding to the target (batch_size, a, b, c, d, precision, VSIZE) = (128, 1, 4, 4, 1024, half, 4) in the .best file, nor could we fin"
group1,4,4,4096,4096,1,1024,256,0.084306,,"ERROR: Could not find hyperparameters for the kernel instance corresponding to the target (batch_size, a, b, c, d, precision, VSIZE) = (256, 1, 4, 4, 1024, half, 4) in the .best file, nor could we fin"
group1,4,4,4096,4096,1,1024,512,0.086499,,"ERROR: Could not find hyperparameters for the kernel instance corresponding to the target (batch_size, a, b, c, d, precision, VSIZE) = (512, 1, 4, 4, 1024, half, 4) in the .best file, nor could we fin"
group1,4,4,4096,4096,1,1024,1024,0.129175,,"ERROR: Could not find hyperparameters for the kernel instance corresponding to the target (batch_size, a, b, c, d, precision, VSIZE) = (1024, 1, 4, 4, 1024, half, 4) in the .best file, nor could we fi"
group1,4,4,4096,4096,1,1024,2048,0.251483,,"ERROR: Could not find hyperparameters for the kernel instance corresponding to the target (batch_size, a, b, c, d, precision, VSIZE) = (2048, 1, 4, 4, 1024, half, 4) in the .best file, nor could we fi"
group1,4,4,4096,4096,1,1024,4096,0.491554,,"ERROR: Could not find hyperparameters for the kernel instance corresponding to the target (batch_size, a, b, c, d, precision, VSIZE) = (4096, 1, 4, 4, 1024, half, 4) in the .best file, nor could we fi"
group1,4,4,4096,4096,2,512,1,0.052857,,"ERROR: Could not find hyperparameters for the kernel instance corresponding to the target (batch_size, a, b, c, d, precision, VSIZE) = (1, 2, 4, 4, 512, half, 4) in the .best file, nor could we find d"
group1,4,4,4096,4096,2,512,2,0.083245,,"ERROR: Could not find hyperparameters for the kernel instance corresponding to the target (batch_size, a, b, c, d, precision, VSIZE) = (2, 2, 4, 4, 512, half, 4) in the .best file, nor could we find d"
group1,4,4,4096,4096,2,512,4,0.084457,,"ERROR: Could not find hyperparameters for the kernel instance corresponding to the target (batch_size, a, b, c, d, precision, VSIZE) = (4, 2, 4, 4, 512, half, 4) in the .best file, nor could we find d"
group1,4,4,4096,4096,2,512,8,0.101463,,"ERROR: Could not find hyperparameters for the kernel instance corresponding to the target (batch_size, a, b, c, d, precision, VSIZE) = (8, 2, 4, 4, 512, half, 4) in the .best file, nor could we find d"
group1,4,4,4096,4096,2,512,16,0.081931,,"ERROR: Could not find hyperparameters for the kernel instance corresponding to the target (batch_size, a, b, c, d, precision, VSIZE) = (16, 2, 4, 4, 512, half, 4) in the .best file, nor could we find "
group1,4,4,4096,4096,2,512,32,0.101264,,"ERROR: Could not find hyperparameters for the kernel instance corresponding to the target (batch_size, a, b, c, d, precision, VSIZE) = (32, 2, 4, 4, 512, half, 4) in the .best file, nor could we find "
group1,4,4,4096,4096,2,512,64,0.082682,,"ERROR: Could not find hyperparameters for the kernel instance corresponding to the target (batch_size, a, b, c, d, precision, VSIZE) = (64, 2, 4, 4, 512, half, 4) in the .best file, nor could we find "
group1,4,4,4096,4096,2,512,128,0.084033,,"ERROR: Could not find hyperparameters for the kernel instance corresponding to the target (batch_size, a, b, c, d, precision, VSIZE) = (128, 2, 4, 4, 512, half, 4) in the .best file, nor could we find"
group1,4,4,4096,4096,2,512,256,0.099329,,"ERROR: Could not find hyperparameters for the kernel instance corresponding to the target (batch_size, a, b, c, d, precision, VSIZE) = (256, 2, 4, 4, 512, half, 4) in the .best file, nor could we find"
group1,4,4,4096,4096,2,512,512,0.084138,,"ERROR: Could not find hyperparameters for the kernel instance corresponding to the target (batch_size, a, b, c, d, precision, VSIZE) = (512, 2, 4, 4, 512, half, 4) in the .best file, nor could we find"
group1,4,4,4096,4096,2,512,1024,0.129100,,"ERROR: Could not find hyperparameters for the kernel instance corresponding to the target (batch_size, a, b, c, d, precision, VSIZE) = (1024, 2, 4, 4, 512, half, 4) in the .best file, nor could we fin"
group1,4,4,4096,4096,2,512,2048,0.251358,,"ERROR: Could not find hyperparameters for the kernel instance corresponding to the target (batch_size, a, b, c, d, precision, VSIZE) = (2048, 2, 4, 4, 512, half, 4) in the .best file, nor could we fin"
group1,4,4,4096,4096,2,512,4096,0.491016,,"ERROR: Could not find hyperparameters for the kernel instance corresponding to the target (batch_size, a, b, c, d, precision, VSIZE) = (4096, 2, 4, 4, 512, half, 4) in the .best file, nor could we fin"
group1,4,4,4096,4096,4,256,1,0.054021,,"ERROR: Could not find hyperparameters for the kernel instance corresponding to the target (batch_size, a, b, c, d, precision, VSIZE) = (1, 4, 4, 4, 256, half, 4) in the .best file, nor could we find d"
group1,4,4,4096,4096,4,256,2,0.084795,,"ERROR: Could not find hyperparameters for the kernel instance corresponding to the target (batch_size, a, b, c, d, precision, VSIZE) = (2, 4, 4, 4, 256, half, 4) in the .best file, nor could we find d"
group1,4,4,4096,4096,4,256,4,0.083662,,"ERROR: Could not find hyperparameters for the kernel instance corresponding to the target (batch_size, a, b, c, d, precision, VSIZE) = (4, 4, 4, 4, 256, half, 4) in the .best file, nor could we find d"
group1,4,4,4096,4096,4,256,8,0.099928,,"ERROR: Could not find hyperparameters for the kernel instance corresponding to the target (batch_size, a, b, c, d, precision, VSIZE) = (8, 4, 4, 4, 256, half, 4) in the .best file, nor could we find d"
group1,4,4,4096,4096,4,256,16,0.084000,,"ERROR: Could not find hyperparameters for the kernel instance corresponding to the target (batch_size, a, b, c, d, precision, VSIZE) = (16, 4, 4, 4, 256, half, 4) in the .best file, nor could we find "
group1,4,4,4096,4096,4,256,32,0.082592,,"ERROR: Could not find hyperparameters for the kernel instance corresponding to the target (batch_size, a, b, c, d, precision, VSIZE) = (32, 4, 4, 4, 256, half, 4) in the .best file, nor could we find "
group1,4,4,4096,4096,4,256,64,0.082398,,"ERROR: Could not find hyperparameters for the kernel instance corresponding to the target (batch_size, a, b, c, d, precision, VSIZE) = (64, 4, 4, 4, 256, half, 4) in the .best file, nor could we find "
group1,4,4,4096,4096,4,256,128,0.083301,,"ERROR: Could not find hyperparameters for the kernel instance corresponding to the target (batch_size, a, b, c, d, precision, VSIZE) = (128, 4, 4, 4, 256, half, 4) in the .best file, nor could we find"
group1,4,4,4096,4096,4,256,256,0.083352,,"ERROR: Could not find hyperparameters for the kernel instance corresponding to the target (batch_size, a, b, c, d, precision, VSIZE) = (256, 4, 4, 4, 256, half, 4) in the .best file, nor could we find"
group1,4,4,4096,4096,4,256,512,0.083028,,"ERROR: Could not find hyperparameters for the kernel instance corresponding to the target (batch_size, a, b, c, d, precision, VSIZE) = (512, 4, 4, 4, 256, half, 4) in the .best file, nor could we find"
group1,4,4,4096,4096,4,256,1024,0.129410,,"ERROR: Could not find hyperparameters for the kernel instance corresponding to the target (batch_size, a, b, c, d, precision, VSIZE) = (1024, 4, 4, 4, 256, half, 4) in the .best file, nor could we fin"
group1,4,4,4096,4096,4,256,2048,0.251096,,"ERROR: Could not find hyperparameters for the kernel instance corresponding to the target (batch_size, a, b, c, d, precision, VSIZE) = (2048, 4, 4, 4, 256, half, 4) in the .best file, nor could we fin"
group1,4,4,4096,4096,4,256,4096,0.491200,,"ERROR: Could not find hyperparameters for the kernel instance corresponding to the target (batch_size, a, b, c, d, precision, VSIZE) = (4096, 4, 4, 4, 256, half, 4) in the .best file, nor could we fin"
group1,4,4,4096,4096,8,128,1,0.053318,,"ERROR: Could not find hyperparameters for the kernel instance corresponding to the target (batch_size, a, b, c, d, precision, VSIZE) = (1, 8, 4, 4, 128, half, 4) in the .best file, nor could we find d"
group1,4,4,4096,4096,8,128,2,0.081797,,"ERROR: Could not find hyperparameters for the kernel instance corresponding to the target (batch_size, a, b, c, d, precision, VSIZE) = (2, 8, 4, 4, 128, half, 4) in the .best file, nor could we find d"
group1,4,4,4096,4096,8,128,4,0.101845,,"ERROR: Could not find hyperparameters for the kernel instance corresponding to the target (batch_size, a, b, c, d, precision, VSIZE) = (4, 8, 4, 4, 128, half, 4) in the .best file, nor could we find d"
group1,4,4,4096,4096,8,128,8,0.083569,,"ERROR: Could not find hyperparameters for the kernel instance corresponding to the target (batch_size, a, b, c, d, precision, VSIZE) = (8, 8, 4, 4, 128, half, 4) in the .best file, nor could we find d"
group1,4,4,4096,4096,8,128,16,0.082699,,"ERROR: Could not find hyperparameters for the kernel instance corresponding to the target (batch_size, a, b, c, d, precision, VSIZE) = (16, 8, 4, 4, 128, half, 4) in the .best file, nor could we find "
group1,4,4,4096,4096,8,128,32,0.081641,,"ERROR: Could not find hyperparameters for the kernel instance corresponding to the target (batch_size, a, b, c, d, precision, VSIZE) = (32, 8, 4, 4, 128, half, 4) in the .best file, nor could we find "
group1,4,4,4096,4096,8,128,64,0.083798,,"ERROR: Could not find hyperparameters for the kernel instance corresponding to the target (batch_size, a, b, c, d, precision, VSIZE) = (64, 8, 4, 4, 128, half, 4) in the .best file, nor could we find "
group1,4,4,4096,4096,8,128,128,0.082068,,"ERROR: Could not find hyperparameters for the kernel instance corresponding to the target (batch_size, a, b, c, d, precision, VSIZE) = (128, 8, 4, 4, 128, half, 4) in the .best file, nor could we find"
group1,4,4,4096,4096,8,128,256,0.082565,,"ERROR: Could not find hyperparameters for the kernel instance corresponding to the target (batch_size, a, b, c, d, precision, VSIZE) = (256, 8, 4, 4, 128, half, 4) in the .best file, nor could we find"
group1,4,4,4096,4096,8,128,512,0.086498,,"ERROR: Could not find hyperparameters for the kernel instance corresponding to the target (batch_size, a, b, c, d, precision, VSIZE) = (512, 8, 4, 4, 128, half, 4) in the .best file, nor could we find"
group1,4,4,4096,4096,8,128,1024,0.129028,,"ERROR: Could not find hyperparameters for the kernel instance corresponding to the target (batch_size, a, b, c, d, precision, VSIZE) = (1024, 8, 4, 4, 128, half, 4) in the .best file, nor could we fin"
group1,4,4,4096,4096,8,128,2048,0.251367,,"ERROR: Could not find hyperparameters for the kernel instance corresponding to the target (batch_size, a, b, c, d, precision, VSIZE) = (2048, 8, 4, 4, 128, half, 4) in the .best file, nor could we fin"
group1,4,4,4096,4096,8,128,4096,0.490858,,"ERROR: Could not find hyperparameters for the kernel instance corresponding to the target (batch_size, a, b, c, d, precision, VSIZE) = (4096, 8, 4, 4, 128, half, 4) in the .best file, nor could we fin"
group1,4,4,4096,4096,16,64,1,0.054942,,"ERROR: Could not find hyperparameters for the kernel instance corresponding to the target (batch_size, a, b, c, d, precision, VSIZE) = (1, 16, 4, 4, 64, half, 4) in the .best file, nor could we find d"
group1,4,4,4096,4096,16,64,2,0.085137,,"ERROR: Could not find hyperparameters for the kernel instance corresponding to the target (batch_size, a, b, c, d, precision, VSIZE) = (2, 16, 4, 4, 64, half, 4) in the .best file, nor could we find d"
group1,4,4,4096,4096,16,64,4,0.082866,,"ERROR: Could not find hyperparameters for the kernel instance corresponding to the target (batch_size, a, b, c, d, precision, VSIZE) = (4, 16, 4, 4, 64, half, 4) in the .best file, nor could we find d"
group1,4,4,4096,4096,16,64,8,0.102271,,"ERROR: Could not find hyperparameters for the kernel instance corresponding to the target (batch_size, a, b, c, d, precision, VSIZE) = (8, 16, 4, 4, 64, half, 4) in the .best file, nor could we find d"
group1,4,4,4096,4096,16,64,16,0.086002,,"ERROR: Could not find hyperparameters for the kernel instance corresponding to the target (batch_size, a, b, c, d, precision, VSIZE) = (16, 16, 4, 4, 64, half, 4) in the .best file, nor could we find "
group1,4,4,4096,4096,16,64,32,0.085249,,"ERROR: Could not find hyperparameters for the kernel instance corresponding to the target (batch_size, a, b, c, d, precision, VSIZE) = (32, 16, 4, 4, 64, half, 4) in the .best file, nor could we find "
group1,4,4,4096,4096,16,64,64,0.083486,,"ERROR: Could not find hyperparameters for the kernel instance corresponding to the target (batch_size, a, b, c, d, precision, VSIZE) = (64, 16, 4, 4, 64, half, 4) in the .best file, nor could we find "
group1,4,4,4096,4096,16,64,128,0.100862,,"ERROR: Could not find hyperparameters for the kernel instance corresponding to the target (batch_size, a, b, c, d, precision, VSIZE) = (128, 16, 4, 4, 64, half, 4) in the .best file, nor could we find"
group1,4,4,4096,4096,16,64,256,0.085273,,"ERROR: Could not find hyperparameters for the kernel instance corresponding to the target (batch_size, a, b, c, d, precision, VSIZE) = (256, 16, 4, 4, 64, half, 4) in the .best file, nor could we find"
group1,4,4,4096,4096,16,64,512,0.086734,,"ERROR: Could not find hyperparameters for the kernel instance corresponding to the target (batch_size, a, b, c, d, precision, VSIZE) = (512, 16, 4, 4, 64, half, 4) in the .best file, nor could we find"
group1,4,4,4096,4096,16,64,1024,0.129220,,"ERROR: Could not find hyperparameters for the kernel instance corresponding to the target (batch_size, a, b, c, d, precision, VSIZE) = (1024, 16, 4, 4, 64, half, 4) in the .best file, nor could we fin"
group1,4,4,4096,4096,16,64,2048,0.251196,,"ERROR: Could not find hyperparameters for the kernel instance corresponding to the target (batch_size, a, b, c, d, precision, VSIZE) = (2048, 16, 4, 4, 64, half, 4) in the .best file, nor could we fin"
group1,4,4,4096,4096,16,64,4096,0.491305,,"ERROR: Could not find hyperparameters for the kernel instance corresponding to the target (batch_size, a, b, c, d, precision, VSIZE) = (4096, 16, 4, 4, 64, half, 4) in the .best file, nor could we fin"
group1,4,4,4096,4096,32,32,1,0.053703,,"ERROR: Could not find hyperparameters for the kernel instance corresponding to the target (batch_size, a, b, c, d, precision, VSIZE) = (1, 32, 4, 4, 32, half, 4) in the .best file, nor could we find d"
group1,4,4,4096,4096,32,32,2,0.085758,,"ERROR: Could not find hyperparameters for the kernel instance corresponding to the target (batch_size, a, b, c, d, precision, VSIZE) = (2, 32, 4, 4, 32, half, 4) in the .best file, nor could we find d"
group1,4,4,4096,4096,32,32,4,0.081758,,"ERROR: Could not find hyperparameters for the kernel instance corresponding to the target (batch_size, a, b, c, d, precision, VSIZE) = (4, 32, 4, 4, 32, half, 4) in the .best file, nor could we find d"
group1,4,4,4096,4096,32,32,8,0.084422,,"ERROR: Could not find hyperparameters for the kernel instance corresponding to the target (batch_size, a, b, c, d, precision, VSIZE) = (8, 32, 4, 4, 32, half, 4) in the .best file, nor could we find d"
group1,4,4,4096,4096,32,32,16,0.084362,,"ERROR: Could not find hyperparameters for the kernel instance corresponding to the target (batch_size, a, b, c, d, precision, VSIZE) = (16, 32, 4, 4, 32, half, 4) in the .best file, nor could we find "
group1,4,4,4096,4096,32,32,32,0.086794,,"ERROR: Could not find hyperparameters for the kernel instance corresponding to the target (batch_size, a, b, c, d, precision, VSIZE) = (32, 32, 4, 4, 32, half, 4) in the .best file, nor could we find "
group1,4,4,4096,4096,32,32,64,0.083347,,"ERROR: Could not find hyperparameters for the kernel instance corresponding to the target (batch_size, a, b, c, d, precision, VSIZE) = (64, 32, 4, 4, 32, half, 4) in the .best file, nor could we find "
group1,4,4,4096,4096,32,32,128,0.085084,,"ERROR: Could not find hyperparameters for the kernel instance corresponding to the target (batch_size, a, b, c, d, precision, VSIZE) = (128, 32, 4, 4, 32, half, 4) in the .best file, nor could we find"
group1,4,4,4096,4096,32,32,256,0.083610,,"ERROR: Could not find hyperparameters for the kernel instance corresponding to the target (batch_size, a, b, c, d, precision, VSIZE) = (256, 32, 4, 4, 32, half, 4) in the .best file, nor could we find"
group1,4,4,4096,4096,32,32,512,0.083143,,"ERROR: Could not find hyperparameters for the kernel instance corresponding to the target (batch_size, a, b, c, d, precision, VSIZE) = (512, 32, 4, 4, 32, half, 4) in the .best file, nor could we find"
group1,4,4,4096,4096,32,32,1024,0.129256,,"ERROR: Could not find hyperparameters for the kernel instance corresponding to the target (batch_size, a, b, c, d, precision, VSIZE) = (1024, 32, 4, 4, 32, half, 4) in the .best file, nor could we fin"
group1,4,4,4096,4096,32,32,2048,0.251176,,"ERROR: Could not find hyperparameters for the kernel instance corresponding to the target (batch_size, a, b, c, d, precision, VSIZE) = (2048, 32, 4, 4, 32, half, 4) in the .best file, nor could we fin"
group1,4,4,4096,4096,32,32,4096,0.490808,,"ERROR: Could not find hyperparameters for the kernel instance corresponding to the target (batch_size, a, b, c, d, precision, VSIZE) = (4096, 32, 4, 4, 32, half, 4) in the .best file, nor could we fin"
group1,4,4,4096,4096,64,16,1,0.052055,,"ERROR: Could not find hyperparameters for the kernel instance corresponding to the target (batch_size, a, b, c, d, precision, VSIZE) = (1, 64, 4, 4, 16, half, 4) in the .best file, nor could we find d"
group1,4,4,4096,4096,64,16,2,0.085838,,"ERROR: Could not find hyperparameters for the kernel instance corresponding to the target (batch_size, a, b, c, d, precision, VSIZE) = (2, 64, 4, 4, 16, half, 4) in the .best file, nor could we find d"
group1,4,4,4096,4096,64,16,4,0.083266,,"ERROR: Could not find hyperparameters for the kernel instance corresponding to the target (batch_size, a, b, c, d, precision, VSIZE) = (4, 64, 4, 4, 16, half, 4) in the .best file, nor could we find d"
group1,4,4,4096,4096,64,16,8,0.100987,,"ERROR: Could not find hyperparameters for the kernel instance corresponding to the target (batch_size, a, b, c, d, precision, VSIZE) = (8, 64, 4, 4, 16, half, 4) in the .best file, nor could we find d"
group1,4,4,4096,4096,64,16,16,0.083990,,"ERROR: Could not find hyperparameters for the kernel instance corresponding to the target (batch_size, a, b, c, d, precision, VSIZE) = (16, 64, 4, 4, 16, half, 4) in the .best file, nor could we find "
group1,4,4,4096,4096,64,16,32,0.081550,,"ERROR: Could not find hyperparameters for the kernel instance corresponding to the target (batch_size, a, b, c, d, precision, VSIZE) = (32, 64, 4, 4, 16, half, 4) in the .best file, nor could we find "
group1,4,4,4096,4096,64,16,64,0.084729,,"ERROR: Could not find hyperparameters for the kernel instance corresponding to the target (batch_size, a, b, c, d, precision, VSIZE) = (64, 64, 4, 4, 16, half, 4) in the .best file, nor could we find "
group1,4,4,4096,4096,64,16,128,0.085832,,"ERROR: Could not find hyperparameters for the kernel instance corresponding to the target (batch_size, a, b, c, d, precision, VSIZE) = (128, 64, 4, 4, 16, half, 4) in the .best file, nor could we find"
group1,4,4,4096,4096,64,16,256,0.083278,,"ERROR: Could not find hyperparameters for the kernel instance corresponding to the target (batch_size, a, b, c, d, precision, VSIZE) = (256, 64, 4, 4, 16, half, 4) in the .best file, nor could we find"
group1,4,4,4096,4096,64,16,512,0.085475,,"ERROR: Could not find hyperparameters for the kernel instance corresponding to the target (batch_size, a, b, c, d, precision, VSIZE) = (512, 64, 4, 4, 16, half, 4) in the .best file, nor could we find"
group1,4,4,4096,4096,64,16,1024,0.129190,,"ERROR: Could not find hyperparameters for the kernel instance corresponding to the target (batch_size, a, b, c, d, precision, VSIZE) = (1024, 64, 4, 4, 16, half, 4) in the .best file, nor could we fin"
group1,4,4,4096,4096,64,16,2048,0.251031,,"ERROR: Could not find hyperparameters for the kernel instance corresponding to the target (batch_size, a, b, c, d, precision, VSIZE) = (2048, 64, 4, 4, 16, half, 4) in the .best file, nor could we fin"
group1,4,4,4096,4096,64,16,4096,0.491184,,"ERROR: Could not find hyperparameters for the kernel instance corresponding to the target (batch_size, a, b, c, d, precision, VSIZE) = (4096, 64, 4, 4, 16, half, 4) in the .best file, nor could we fin"
group1,4,4,4096,4096,128,8,1,0.053223,,"ERROR: Could not find hyperparameters for the kernel instance corresponding to the target (batch_size, a, b, c, d, precision, VSIZE) = (1, 128, 4, 4, 8, half, 4) in the .best file, nor could we find d"
group1,4,4,4096,4096,128,8,2,0.081579,,"ERROR: Could not find hyperparameters for the kernel instance corresponding to the target (batch_size, a, b, c, d, precision, VSIZE) = (2, 128, 4, 4, 8, half, 4) in the .best file, nor could we find d"
group1,4,4,4096,4096,128,8,4,0.085207,,"ERROR: Could not find hyperparameters for the kernel instance corresponding to the target (batch_size, a, b, c, d, precision, VSIZE) = (4, 128, 4, 4, 8, half, 4) in the .best file, nor could we find d"
group1,4,4,4096,4096,128,8,8,0.084977,,"ERROR: Could not find hyperparameters for the kernel instance corresponding to the target (batch_size, a, b, c, d, precision, VSIZE) = (8, 128, 4, 4, 8, half, 4) in the .best file, nor could we find d"
group1,4,4,4096,4096,128,8,16,0.082704,,"ERROR: Could not find hyperparameters for the kernel instance corresponding to the target (batch_size, a, b, c, d, precision, VSIZE) = (16, 128, 4, 4, 8, half, 4) in the .best file, nor could we find "
group1,4,4,4096,4096,128,8,32,0.082776,,"ERROR: Could not find hyperparameters for the kernel instance corresponding to the target (batch_size, a, b, c, d, precision, VSIZE) = (32, 128, 4, 4, 8, half, 4) in the .best file, nor could we find "
group1,4,4,4096,4096,128,8,64,0.083671,,"ERROR: Could not find hyperparameters for the kernel instance corresponding to the target (batch_size, a, b, c, d, precision, VSIZE) = (64, 128, 4, 4, 8, half, 4) in the .best file, nor could we find "
group1,4,4,4096,4096,128,8,128,0.082937,,"ERROR: Could not find hyperparameters for the kernel instance corresponding to the target (batch_size, a, b, c, d, precision, VSIZE) = (128, 128, 4, 4, 8, half, 4) in the .best file, nor could we find"
group1,4,4,4096,4096,128,8,256,0.082769,,"ERROR: Could not find hyperparameters for the kernel instance corresponding to the target (batch_size, a, b, c, d, precision, VSIZE) = (256, 128, 4, 4, 8, half, 4) in the .best file, nor could we find"
group1,4,4,4096,4096,128,8,512,0.084115,,"ERROR: Could not find hyperparameters for the kernel instance corresponding to the target (batch_size, a, b, c, d, precision, VSIZE) = (512, 128, 4, 4, 8, half, 4) in the .best file, nor could we find"
group1,4,4,4096,4096,128,8,1024,0.129027,,"ERROR: Could not find hyperparameters for the kernel instance corresponding to the target (batch_size, a, b, c, d, precision, VSIZE) = (1024, 128, 4, 4, 8, half, 4) in the .best file, nor could we fin"
group1,4,4,4096,4096,128,8,2048,0.251197,,"ERROR: Could not find hyperparameters for the kernel instance corresponding to the target (batch_size, a, b, c, d, precision, VSIZE) = (2048, 128, 4, 4, 8, half, 4) in the .best file, nor could we fin"
group1,4,4,4096,4096,128,8,4096,0.491333,,"ERROR: Could not find hyperparameters for the kernel instance corresponding to the target (batch_size, a, b, c, d, precision, VSIZE) = (4096, 128, 4, 4, 8, half, 4) in the .best file, nor could we fin"
group1,4,4,4096,4096,256,4,1,0.054546,,"ERROR: Could not find hyperparameters for the kernel instance corresponding to the target (batch_size, a, b, c, d, precision, VSIZE) = (1, 256, 4, 4, 4, half, 4) in the .best file, nor could we find d"
group1,4,4,4096,4096,256,4,2,0.083601,,"ERROR: Could not find hyperparameters for the kernel instance corresponding to the target (batch_size, a, b, c, d, precision, VSIZE) = (2, 256, 4, 4, 4, half, 4) in the .best file, nor could we find d"
group1,4,4,4096,4096,256,4,4,0.083193,,"ERROR: Could not find hyperparameters for the kernel instance corresponding to the target (batch_size, a, b, c, d, precision, VSIZE) = (4, 256, 4, 4, 4, half, 4) in the .best file, nor could we find d"
group1,4,4,4096,4096,256,4,8,0.102414,,"ERROR: Could not find hyperparameters for the kernel instance corresponding to the target (batch_size, a, b, c, d, precision, VSIZE) = (8, 256, 4, 4, 4, half, 4) in the .best file, nor could we find d"
group1,4,4,4096,4096,256,4,16,0.082743,,"ERROR: Could not find hyperparameters for the kernel instance corresponding to the target (batch_size, a, b, c, d, precision, VSIZE) = (16, 256, 4, 4, 4, half, 4) in the .best file, nor could we find "
group1,4,4,4096,4096,256,4,32,0.082026,,"ERROR: Could not find hyperparameters for the kernel instance corresponding to the target (batch_size, a, b, c, d, precision, VSIZE) = (32, 256, 4, 4, 4, half, 4) in the .best file, nor could we find "
group1,4,4,4096,4096,256,4,64,0.085509,,"ERROR: Could not find hyperparameters for the kernel instance corresponding to the target (batch_size, a, b, c, d, precision, VSIZE) = (64, 256, 4, 4, 4, half, 4) in the .best file, nor could we find "
group1,4,4,4096,4096,256,4,128,0.083445,,"ERROR: Could not find hyperparameters for the kernel instance corresponding to the target (batch_size, a, b, c, d, precision, VSIZE) = (128, 256, 4, 4, 4, half, 4) in the .best file, nor could we find"
group1,4,4,4096,4096,256,4,256,0.085192,,"ERROR: Could not find hyperparameters for the kernel instance corresponding to the target (batch_size, a, b, c, d, precision, VSIZE) = (256, 256, 4, 4, 4, half, 4) in the .best file, nor could we find"
group1,4,4,4096,4096,256,4,512,0.086594,,"ERROR: Could not find hyperparameters for the kernel instance corresponding to the target (batch_size, a, b, c, d, precision, VSIZE) = (512, 256, 4, 4, 4, half, 4) in the .best file, nor could we find"
group1,4,4,4096,4096,256,4,1024,0.129039,,"ERROR: Could not find hyperparameters for the kernel instance corresponding to the target (batch_size, a, b, c, d, precision, VSIZE) = (1024, 256, 4, 4, 4, half, 4) in the .best file, nor could we fin"
group1,4,4,4096,4096,256,4,2048,0.251356,,"ERROR: Could not find hyperparameters for the kernel instance corresponding to the target (batch_size, a, b, c, d, precision, VSIZE) = (2048, 256, 4, 4, 4, half, 4) in the .best file, nor could we fin"
group1,4,4,4096,4096,256,4,4096,0.491476,,"ERROR: Could not find hyperparameters for the kernel instance corresponding to the target (batch_size, a, b, c, d, precision, VSIZE) = (4096, 256, 4, 4, 4, half, 4) in the .best file, nor could we fin"
group1,4,4,4096,4096,512,2,1,0.052653,,"ERROR: Could not find hyperparameters for the kernel instance corresponding to the target (batch_size, a, b, c, d, precision, VSIZE) = (1, 512, 4, 4, 2, half, 4) in the .best file, nor could we find d"
group1,4,4,4096,4096,512,2,2,0.085436,,"ERROR: Could not find hyperparameters for the kernel instance corresponding to the target (batch_size, a, b, c, d, precision, VSIZE) = (2, 512, 4, 4, 2, half, 4) in the .best file, nor could we find d"
group1,4,4,4096,4096,512,2,4,0.085872,,"ERROR: Could not find hyperparameters for the kernel instance corresponding to the target (batch_size, a, b, c, d, precision, VSIZE) = (4, 512, 4, 4, 2, half, 4) in the .best file, nor could we find d"
group1,4,4,4096,4096,512,2,8,0.083976,,"ERROR: Could not find hyperparameters for the kernel instance corresponding to the target (batch_size, a, b, c, d, precision, VSIZE) = (8, 512, 4, 4, 2, half, 4) in the .best file, nor could we find d"
group1,4,4,4096,4096,512,2,16,0.084956,,"ERROR: Could not find hyperparameters for the kernel instance corresponding to the target (batch_size, a, b, c, d, precision, VSIZE) = (16, 512, 4, 4, 2, half, 4) in the .best file, nor could we find "
group1,4,4,4096,4096,512,2,32,0.082073,,"ERROR: Could not find hyperparameters for the kernel instance corresponding to the target (batch_size, a, b, c, d, precision, VSIZE) = (32, 512, 4, 4, 2, half, 4) in the .best file, nor could we find "
group1,4,4,4096,4096,512,2,64,0.085277,,"ERROR: Could not find hyperparameters for the kernel instance corresponding to the target (batch_size, a, b, c, d, precision, VSIZE) = (64, 512, 4, 4, 2, half, 4) in the .best file, nor could we find "
group1,4,4,4096,4096,512,2,128,0.083731,,"ERROR: Could not find hyperparameters for the kernel instance corresponding to the target (batch_size, a, b, c, d, precision, VSIZE) = (128, 512, 4, 4, 2, half, 4) in the .best file, nor could we find"
group1,4,4,4096,4096,512,2,256,0.083652,,"ERROR: Could not find hyperparameters for the kernel instance corresponding to the target (batch_size, a, b, c, d, precision, VSIZE) = (256, 512, 4, 4, 2, half, 4) in the .best file, nor could we find"
group1,4,4,4096,4096,512,2,512,0.083317,,"ERROR: Could not find hyperparameters for the kernel instance corresponding to the target (batch_size, a, b, c, d, precision, VSIZE) = (512, 512, 4, 4, 2, half, 4) in the .best file, nor could we find"
group1,4,4,4096,4096,512,2,1024,0.129369,,"ERROR: Could not find hyperparameters for the kernel instance corresponding to the target (batch_size, a, b, c, d, precision, VSIZE) = (1024, 512, 4, 4, 2, half, 4) in the .best file, nor could we fin"
group1,4,4,4096,4096,512,2,2048,0.251105,,"ERROR: Could not find hyperparameters for the kernel instance corresponding to the target (batch_size, a, b, c, d, precision, VSIZE) = (2048, 512, 4, 4, 2, half, 4) in the .best file, nor could we fin"
group1,4,4,4096,4096,512,2,4096,0.491290,,"ERROR: Could not find hyperparameters for the kernel instance corresponding to the target (batch_size, a, b, c, d, precision, VSIZE) = (4096, 512, 4, 4, 2, half, 4) in the .best file, nor could we fin"
group1,4,4,4096,4096,1024,1,1,0.052582,,"ERROR: Could not find hyperparameters for the kernel instance corresponding to the target (batch_size, a, b, c, d, precision, VSIZE) = (1, 1024, 4, 4, 1, half, 4) in the .best file, nor could we find "
group1,4,4,4096,4096,1024,1,2,0.082495,,"ERROR: Could not find hyperparameters for the kernel instance corresponding to the target (batch_size, a, b, c, d, precision, VSIZE) = (2, 1024, 4, 4, 1, half, 4) in the .best file, nor could we find "
group1,4,4,4096,4096,1024,1,4,0.082206,,"ERROR: Could not find hyperparameters for the kernel instance corresponding to the target (batch_size, a, b, c, d, precision, VSIZE) = (4, 1024, 4, 4, 1, half, 4) in the .best file, nor could we find "
group1,4,4,4096,4096,1024,1,8,0.082909,,"ERROR: Could not find hyperparameters for the kernel instance corresponding to the target (batch_size, a, b, c, d, precision, VSIZE) = (8, 1024, 4, 4, 1, half, 4) in the .best file, nor could we find "
group1,4,4,4096,4096,1024,1,16,0.084004,,"ERROR: Could not find hyperparameters for the kernel instance corresponding to the target (batch_size, a, b, c, d, precision, VSIZE) = (16, 1024, 4, 4, 1, half, 4) in the .best file, nor could we find"
group1,4,4,4096,4096,1024,1,32,0.081661,,"ERROR: Could not find hyperparameters for the kernel instance corresponding to the target (batch_size, a, b, c, d, precision, VSIZE) = (32, 1024, 4, 4, 1, half, 4) in the .best file, nor could we find"
group1,4,4,4096,4096,1024,1,64,0.083396,,"ERROR: Could not find hyperparameters for the kernel instance corresponding to the target (batch_size, a, b, c, d, precision, VSIZE) = (64, 1024, 4, 4, 1, half, 4) in the .best file, nor could we find"
group1,4,4,4096,4096,1024,1,128,0.082592,,"ERROR: Could not find hyperparameters for the kernel instance corresponding to the target (batch_size, a, b, c, d, precision, VSIZE) = (128, 1024, 4, 4, 1, half, 4) in the .best file, nor could we fin"
group1,4,4,4096,4096,1024,1,256,0.083389,,"ERROR: Could not find hyperparameters for the kernel instance corresponding to the target (batch_size, a, b, c, d, precision, VSIZE) = (256, 1024, 4, 4, 1, half, 4) in the .best file, nor could we fin"
group1,4,4,4096,4096,1024,1,512,0.084001,,"ERROR: Could not find hyperparameters for the kernel instance corresponding to the target (batch_size, a, b, c, d, precision, VSIZE) = (512, 1024, 4, 4, 1, half, 4) in the .best file, nor could we fin"
group1,4,4,4096,4096,1024,1,1024,0.128580,,"ERROR: Could not find hyperparameters for the kernel instance corresponding to the target (batch_size, a, b, c, d, precision, VSIZE) = (1024, 1024, 4, 4, 1, half, 4) in the .best file, nor could we fi"
group1,4,4,4096,4096,1024,1,2048,0.249566,,"ERROR: Could not find hyperparameters for the kernel instance corresponding to the target (batch_size, a, b, c, d, precision, VSIZE) = (2048, 1024, 4, 4, 1, half, 4) in the .best file, nor could we fi"
group1,4,4,4096,4096,1024,1,4096,0.488681,,"ERROR: Could not find hyperparameters for the kernel instance corresponding to the target (batch_size, a, b, c, d, precision, VSIZE) = (4096, 1024, 4, 4, 1, half, 4) in the .best file, nor could we fi"
group1,4,8,512,1024,1,128,1,0.053962,,"ERROR: Could not find hyperparameters for the kernel instance corresponding to the target (batch_size, a, b, c, d, precision, VSIZE) = (1, 1, 4, 8, 128, half, 4) in the .best file, nor could we find d"
group1,4,8,512,1024,1,128,2,0.082141,,"ERROR: Could not find hyperparameters for the kernel instance corresponding to the target (batch_size, a, b, c, d, precision, VSIZE) = (2, 1, 4, 8, 128, half, 4) in the .best file, nor could we find d"
group1,4,8,512,1024,1,128,4,0.084384,,"ERROR: Could not find hyperparameters for the kernel instance corresponding to the target (batch_size, a, b, c, d, precision, VSIZE) = (4, 1, 4, 8, 128, half, 4) in the .best file, nor could we find d"
group1,4,8,512,1024,1,128,8,0.082937,,"ERROR: Could not find hyperparameters for the kernel instance corresponding to the target (batch_size, a, b, c, d, precision, VSIZE) = (8, 1, 4, 8, 128, half, 4) in the .best file, nor could we find d"
group1,4,8,512,1024,1,128,16,0.081951,,"ERROR: Could not find hyperparameters for the kernel instance corresponding to the target (batch_size, a, b, c, d, precision, VSIZE) = (16, 1, 4, 8, 128, half, 4) in the .best file, nor could we find "
group1,4,8,512,1024,1,128,32,0.081439,,"ERROR: Could not find hyperparameters for the kernel instance corresponding to the target (batch_size, a, b, c, d, precision, VSIZE) = (32, 1, 4, 8, 128, half, 4) in the .best file, nor could we find "
group1,4,8,512,1024,1,128,64,0.082055,,"ERROR: Could not find hyperparameters for the kernel instance corresponding to the target (batch_size, a, b, c, d, precision, VSIZE) = (64, 1, 4, 8, 128, half, 4) in the .best file, nor could we find "
group1,4,8,512,1024,1,128,128,0.082657,,"ERROR: Could not find hyperparameters for the kernel instance corresponding to the target (batch_size, a, b, c, d, precision, VSIZE) = (128, 1, 4, 8, 128, half, 4) in the .best file, nor could we find"
group1,4,8,512,1024,1,128,256,0.083654,,"ERROR: Could not find hyperparameters for the kernel instance corresponding to the target (batch_size, a, b, c, d, precision, VSIZE) = (256, 1, 4, 8, 128, half, 4) in the .best file, nor could we find"
group1,4,8,512,1024,1,128,512,0.085055,,"ERROR: Could not find hyperparameters for the kernel instance corresponding to the target (batch_size, a, b, c, d, precision, VSIZE) = (512, 1, 4, 8, 128, half, 4) in the .best file, nor could we find"
group1,4,8,512,1024,1,128,1024,0.083631,,"ERROR: Could not find hyperparameters for the kernel instance corresponding to the target (batch_size, a, b, c, d, precision, VSIZE) = (1024, 1, 4, 8, 128, half, 4) in the .best file, nor could we fin"
group1,4,8,512,1024,1,128,2048,0.083089,,"ERROR: Could not find hyperparameters for the kernel instance corresponding to the target (batch_size, a, b, c, d, precision, VSIZE) = (2048, 1, 4, 8, 128, half, 4) in the .best file, nor could we fin"
group1,4,8,512,1024,1,128,4096,0.091838,,"ERROR: Could not find hyperparameters for the kernel instance corresponding to the target (batch_size, a, b, c, d, precision, VSIZE) = (4096, 1, 4, 8, 128, half, 4) in the .best file, nor could we fin"
group1,4,8,512,1024,2,64,1,0.052494,,"ERROR: Could not find hyperparameters for the kernel instance corresponding to the target (batch_size, a, b, c, d, precision, VSIZE) = (1, 2, 4, 8, 64, half, 4) in the .best file, nor could we find de"
group1,4,8,512,1024,2,64,2,0.085015,,"ERROR: Could not find hyperparameters for the kernel instance corresponding to the target (batch_size, a, b, c, d, precision, VSIZE) = (2, 2, 4, 8, 64, half, 4) in the .best file, nor could we find de"
group1,4,8,512,1024,2,64,4,0.083609,,"ERROR: Could not find hyperparameters for the kernel instance corresponding to the target (batch_size, a, b, c, d, precision, VSIZE) = (4, 2, 4, 8, 64, half, 4) in the .best file, nor could we find de"
group1,4,8,512,1024,2,64,8,0.083048,,"ERROR: Could not find hyperparameters for the kernel instance corresponding to the target (batch_size, a, b, c, d, precision, VSIZE) = (8, 2, 4, 8, 64, half, 4) in the .best file, nor could we find de"
group1,4,8,512,1024,2,64,16,0.081276,,"ERROR: Could not find hyperparameters for the kernel instance corresponding to the target (batch_size, a, b, c, d, precision, VSIZE) = (16, 2, 4, 8, 64, half, 4) in the .best file, nor could we find d"
group1,4,8,512,1024,2,64,32,0.083525,,"ERROR: Could not find hyperparameters for the kernel instance corresponding to the target (batch_size, a, b, c, d, precision, VSIZE) = (32, 2, 4, 8, 64, half, 4) in the .best file, nor could we find d"
group1,4,8,512,1024,2,64,64,0.084683,,"ERROR: Could not find hyperparameters for the kernel instance corresponding to the target (batch_size, a, b, c, d, precision, VSIZE) = (64, 2, 4, 8, 64, half, 4) in the .best file, nor could we find d"
group1,4,8,512,1024,2,64,128,0.101587,,"ERROR: Could not find hyperparameters for the kernel instance corresponding to the target (batch_size, a, b, c, d, precision, VSIZE) = (128, 2, 4, 8, 64, half, 4) in the .best file, nor could we find "
group1,4,8,512,1024,2,64,256,0.084453,,"ERROR: Could not find hyperparameters for the kernel instance corresponding to the target (batch_size, a, b, c, d, precision, VSIZE) = (256, 2, 4, 8, 64, half, 4) in the .best file, nor could we find "
group1,4,8,512,1024,2,64,512,0.082535,,"ERROR: Could not find hyperparameters for the kernel instance corresponding to the target (batch_size, a, b, c, d, precision, VSIZE) = (512, 2, 4, 8, 64, half, 4) in the .best file, nor could we find "
group1,4,8,512,1024,2,64,1024,0.101421,,"ERROR: Could not find hyperparameters for the kernel instance corresponding to the target (batch_size, a, b, c, d, precision, VSIZE) = (1024, 2, 4, 8, 64, half, 4) in the .best file, nor could we find"
group1,4,8,512,1024,2,64,2048,0.085288,,"ERROR: Could not find hyperparameters for the kernel instance corresponding to the target (batch_size, a, b, c, d, precision, VSIZE) = (2048, 2, 4, 8, 64, half, 4) in the .best file, nor could we find"
group1,4,8,512,1024,2,64,4096,0.101125,,"ERROR: Could not find hyperparameters for the kernel instance corresponding to the target (batch_size, a, b, c, d, precision, VSIZE) = (4096, 2, 4, 8, 64, half, 4) in the .best file, nor could we find"
group1,4,8,512,1024,4,32,1,0.053588,,"ERROR: Could not find hyperparameters for the kernel instance corresponding to the target (batch_size, a, b, c, d, precision, VSIZE) = (1, 4, 4, 8, 32, half, 4) in the .best file, nor could we find de"
group1,4,8,512,1024,4,32,2,0.083601,,"ERROR: Could not find hyperparameters for the kernel instance corresponding to the target (batch_size, a, b, c, d, precision, VSIZE) = (2, 4, 4, 8, 32, half, 4) in the .best file, nor could we find de"
group1,4,8,512,1024,4,32,4,0.081896,,"ERROR: Could not find hyperparameters for the kernel instance corresponding to the target (batch_size, a, b, c, d, precision, VSIZE) = (4, 4, 4, 8, 32, half, 4) in the .best file, nor could we find de"
group1,4,8,512,1024,4,32,8,0.081656,,"ERROR: Could not find hyperparameters for the kernel instance corresponding to the target (batch_size, a, b, c, d, precision, VSIZE) = (8, 4, 4, 8, 32, half, 4) in the .best file, nor could we find de"
group1,4,8,512,1024,4,32,16,0.082700,,"ERROR: Could not find hyperparameters for the kernel instance corresponding to the target (batch_size, a, b, c, d, precision, VSIZE) = (16, 4, 4, 8, 32, half, 4) in the .best file, nor could we find d"
group1,4,8,512,1024,4,32,32,0.081793,,"ERROR: Could not find hyperparameters for the kernel instance corresponding to the target (batch_size, a, b, c, d, precision, VSIZE) = (32, 4, 4, 8, 32, half, 4) in the .best file, nor could we find d"
group1,4,8,512,1024,4,32,64,0.082665,,"ERROR: Could not find hyperparameters for the kernel instance corresponding to the target (batch_size, a, b, c, d, precision, VSIZE) = (64, 4, 4, 8, 32, half, 4) in the .best file, nor could we find d"
group1,4,8,512,1024,4,32,128,0.084136,,"ERROR: Could not find hyperparameters for the kernel instance corresponding to the target (batch_size, a, b, c, d, precision, VSIZE) = (128, 4, 4, 8, 32, half, 4) in the .best file, nor could we find "
group1,4,8,512,1024,4,32,256,0.082239,,"ERROR: Could not find hyperparameters for the kernel instance corresponding to the target (batch_size, a, b, c, d, precision, VSIZE) = (256, 4, 4, 8, 32, half, 4) in the .best file, nor could we find "
group1,4,8,512,1024,4,32,512,0.083150,,"ERROR: Could not find hyperparameters for the kernel instance corresponding to the target (batch_size, a, b, c, d, precision, VSIZE) = (512, 4, 4, 8, 32, half, 4) in the .best file, nor could we find "
group1,4,8,512,1024,4,32,1024,0.084662,,"ERROR: Could not find hyperparameters for the kernel instance corresponding to the target (batch_size, a, b, c, d, precision, VSIZE) = (1024, 4, 4, 8, 32, half, 4) in the .best file, nor could we find"
group1,4,8,512,1024,4,32,2048,0.085119,,"ERROR: Could not find hyperparameters for the kernel instance corresponding to the target (batch_size, a, b, c, d, precision, VSIZE) = (2048, 4, 4, 8, 32, half, 4) in the .best file, nor could we find"
group1,4,8,512,1024,4,32,4096,0.091718,,"ERROR: Could not find hyperparameters for the kernel instance corresponding to the target (batch_size, a, b, c, d, precision, VSIZE) = (4096, 4, 4, 8, 32, half, 4) in the .best file, nor could we find"
group1,4,8,512,1024,8,16,1,0.053300,,"ERROR: Could not find hyperparameters for the kernel instance corresponding to the target (batch_size, a, b, c, d, precision, VSIZE) = (1, 8, 4, 8, 16, half, 4) in the .best file, nor could we find de"
group1,4,8,512,1024,8,16,2,0.082990,,"ERROR: Could not find hyperparameters for the kernel instance corresponding to the target (batch_size, a, b, c, d, precision, VSIZE) = (2, 8, 4, 8, 16, half, 4) in the .best file, nor could we find de"
group1,4,8,512,1024,8,16,4,0.082652,,"ERROR: Could not find hyperparameters for the kernel instance corresponding to the target (batch_size, a, b, c, d, precision, VSIZE) = (4, 8, 4, 8, 16, half, 4) in the .best file, nor could we find de"
group1,4,8,512,1024,8,16,8,0.083244,,"ERROR: Could not find hyperparameters for the kernel instance corresponding to the target (batch_size, a, b, c, d, precision, VSIZE) = (8, 8, 4, 8, 16, half, 4) in the .best file, nor could we find de"
group1,4,8,512,1024,8,16,16,0.083787,,"ERROR: Could not find hyperparameters for the kernel instance corresponding to the target (batch_size, a, b, c, d, precision, VSIZE) = (16, 8, 4, 8, 16, half, 4) in the .best file, nor could we find d"
group1,4,8,512,1024,8,16,32,0.082073,,"ERROR: Could not find hyperparameters for the kernel instance corresponding to the target (batch_size, a, b, c, d, precision, VSIZE) = (32, 8, 4, 8, 16, half, 4) in the .best file, nor could we find d"
group1,4,8,512,1024,8,16,64,0.081915,,"ERROR: Could not find hyperparameters for the kernel instance corresponding to the target (batch_size, a, b, c, d, precision, VSIZE) = (64, 8, 4, 8, 16, half, 4) in the .best file, nor could we find d"
group1,4,8,512,1024,8,16,128,0.085962,,"ERROR: Could not find hyperparameters for the kernel instance corresponding to the target (batch_size, a, b, c, d, precision, VSIZE) = (128, 8, 4, 8, 16, half, 4) in the .best file, nor could we find "
group1,4,8,512,1024,8,16,256,0.082305,,"ERROR: Could not find hyperparameters for the kernel instance corresponding to the target (batch_size, a, b, c, d, precision, VSIZE) = (256, 8, 4, 8, 16, half, 4) in the .best file, nor could we find "
group1,4,8,512,1024,8,16,512,0.084440,,"ERROR: Could not find hyperparameters for the kernel instance corresponding to the target (batch_size, a, b, c, d, precision, VSIZE) = (512, 8, 4, 8, 16, half, 4) in the .best file, nor could we find "
group1,4,8,512,1024,8,16,1024,0.084056,,"ERROR: Could not find hyperparameters for the kernel instance corresponding to the target (batch_size, a, b, c, d, precision, VSIZE) = (1024, 8, 4, 8, 16, half, 4) in the .best file, nor could we find"
group1,4,8,512,1024,8,16,2048,0.085995,,"ERROR: Could not find hyperparameters for the kernel instance corresponding to the target (batch_size, a, b, c, d, precision, VSIZE) = (2048, 8, 4, 8, 16, half, 4) in the .best file, nor could we find"
group1,4,8,512,1024,8,16,4096,0.091876,,"ERROR: Could not find hyperparameters for the kernel instance corresponding to the target (batch_size, a, b, c, d, precision, VSIZE) = (4096, 8, 4, 8, 16, half, 4) in the .best file, nor could we find"
group1,4,8,512,1024,16,8,1,0.052186,,"ERROR: Could not find hyperparameters for the kernel instance corresponding to the target (batch_size, a, b, c, d, precision, VSIZE) = (1, 16, 4, 8, 8, half, 4) in the .best file, nor could we find de"
group1,4,8,512,1024,16,8,2,0.084824,,"ERROR: Could not find hyperparameters for the kernel instance corresponding to the target (batch_size, a, b, c, d, precision, VSIZE) = (2, 16, 4, 8, 8, half, 4) in the .best file, nor could we find de"
group1,4,8,512,1024,16,8,4,0.083829,,"ERROR: Could not find hyperparameters for the kernel instance corresponding to the target (batch_size, a, b, c, d, precision, VSIZE) = (4, 16, 4, 8, 8, half, 4) in the .best file, nor could we find de"
group1,4,8,512,1024,16,8,8,0.081049,,"ERROR: Could not find hyperparameters for the kernel instance corresponding to the target (batch_size, a, b, c, d, precision, VSIZE) = (8, 16, 4, 8, 8, half, 4) in the .best file, nor could we find de"
group1,4,8,512,1024,16,8,16,0.085017,,"ERROR: Could not find hyperparameters for the kernel instance corresponding to the target (batch_size, a, b, c, d, precision, VSIZE) = (16, 16, 4, 8, 8, half, 4) in the .best file, nor could we find d"
group1,4,8,512,1024,16,8,32,0.081685,,"ERROR: Could not find hyperparameters for the kernel instance corresponding to the target (batch_size, a, b, c, d, precision, VSIZE) = (32, 16, 4, 8, 8, half, 4) in the .best file, nor could we find d"
group1,4,8,512,1024,16,8,64,0.082274,,"ERROR: Could not find hyperparameters for the kernel instance corresponding to the target (batch_size, a, b, c, d, precision, VSIZE) = (64, 16, 4, 8, 8, half, 4) in the .best file, nor could we find d"
group1,4,8,512,1024,16,8,128,0.083821,,"ERROR: Could not find hyperparameters for the kernel instance corresponding to the target (batch_size, a, b, c, d, precision, VSIZE) = (128, 16, 4, 8, 8, half, 4) in the .best file, nor could we find "
group1,4,8,512,1024,16,8,256,0.082333,,"ERROR: Could not find hyperparameters for the kernel instance corresponding to the target (batch_size, a, b, c, d, precision, VSIZE) = (256, 16, 4, 8, 8, half, 4) in the .best file, nor could we find "
group1,4,8,512,1024,16,8,512,0.086333,,"ERROR: Could not find hyperparameters for the kernel instance corresponding to the target (batch_size, a, b, c, d, precision, VSIZE) = (512, 16, 4, 8, 8, half, 4) in the .best file, nor could we find "
group1,4,8,512,1024,16,8,1024,0.082604,,"ERROR: Could not find hyperparameters for the kernel instance corresponding to the target (batch_size, a, b, c, d, precision, VSIZE) = (1024, 16, 4, 8, 8, half, 4) in the .best file, nor could we find"
group1,4,8,512,1024,16,8,2048,0.083855,,"ERROR: Could not find hyperparameters for the kernel instance corresponding to the target (batch_size, a, b, c, d, precision, VSIZE) = (2048, 16, 4, 8, 8, half, 4) in the .best file, nor could we find"
group1,4,8,512,1024,16,8,4096,0.091480,,"ERROR: Could not find hyperparameters for the kernel instance corresponding to the target (batch_size, a, b, c, d, precision, VSIZE) = (4096, 16, 4, 8, 8, half, 4) in the .best file, nor could we find"
group1,4,8,512,1024,32,4,1,0.053506,,"ERROR: Could not find hyperparameters for the kernel instance corresponding to the target (batch_size, a, b, c, d, precision, VSIZE) = (1, 32, 4, 8, 4, half, 4) in the .best file, nor could we find de"
group1,4,8,512,1024,32,4,2,0.083717,,"ERROR: Could not find hyperparameters for the kernel instance corresponding to the target (batch_size, a, b, c, d, precision, VSIZE) = (2, 32, 4, 8, 4, half, 4) in the .best file, nor could we find de"
group1,4,8,512,1024,32,4,4,0.082569,,"ERROR: Could not find hyperparameters for the kernel instance corresponding to the target (batch_size, a, b, c, d, precision, VSIZE) = (4, 32, 4, 8, 4, half, 4) in the .best file, nor could we find de"
group1,4,8,512,1024,32,4,8,0.082974,,"ERROR: Could not find hyperparameters for the kernel instance corresponding to the target (batch_size, a, b, c, d, precision, VSIZE) = (8, 32, 4, 8, 4, half, 4) in the .best file, nor could we find de"
group1,4,8,512,1024,32,4,16,0.082157,,"ERROR: Could not find hyperparameters for the kernel instance corresponding to the target (batch_size, a, b, c, d, precision, VSIZE) = (16, 32, 4, 8, 4, half, 4) in the .best file, nor could we find d"
group1,4,8,512,1024,32,4,32,0.085451,,"ERROR: Could not find hyperparameters for the kernel instance corresponding to the target (batch_size, a, b, c, d, precision, VSIZE) = (32, 32, 4, 8, 4, half, 4) in the .best file, nor could we find d"
group1,4,8,512,1024,32,4,64,0.080768,,"ERROR: Could not find hyperparameters for the kernel instance corresponding to the target (batch_size, a, b, c, d, precision, VSIZE) = (64, 32, 4, 8, 4, half, 4) in the .best file, nor could we find d"
group1,4,8,512,1024,32,4,128,0.082516,,"ERROR: Could not find hyperparameters for the kernel instance corresponding to the target (batch_size, a, b, c, d, precision, VSIZE) = (128, 32, 4, 8, 4, half, 4) in the .best file, nor could we find "
group1,4,8,512,1024,32,4,256,0.082406,,"ERROR: Could not find hyperparameters for the kernel instance corresponding to the target (batch_size, a, b, c, d, precision, VSIZE) = (256, 32, 4, 8, 4, half, 4) in the .best file, nor could we find "
group1,4,8,512,1024,32,4,512,0.100394,,"ERROR: Could not find hyperparameters for the kernel instance corresponding to the target (batch_size, a, b, c, d, precision, VSIZE) = (512, 32, 4, 8, 4, half, 4) in the .best file, nor could we find "
group1,4,8,512,1024,32,4,1024,0.083793,,"ERROR: Could not find hyperparameters for the kernel instance corresponding to the target (batch_size, a, b, c, d, precision, VSIZE) = (1024, 32, 4, 8, 4, half, 4) in the .best file, nor could we find"
group1,4,8,512,1024,32,4,2048,0.083273,,"ERROR: Could not find hyperparameters for the kernel instance corresponding to the target (batch_size, a, b, c, d, precision, VSIZE) = (2048, 32, 4, 8, 4, half, 4) in the .best file, nor could we find"
group1,4,8,512,1024,32,4,4096,0.091395,,"ERROR: Could not find hyperparameters for the kernel instance corresponding to the target (batch_size, a, b, c, d, precision, VSIZE) = (4096, 32, 4, 8, 4, half, 4) in the .best file, nor could we find"
group1,4,8,512,1024,64,2,1,0.053282,,"ERROR: Could not find hyperparameters for the kernel instance corresponding to the target (batch_size, a, b, c, d, precision, VSIZE) = (1, 64, 4, 8, 2, half, 4) in the .best file, nor could we find de"
group1,4,8,512,1024,64,2,2,0.083350,,"ERROR: Could not find hyperparameters for the kernel instance corresponding to the target (batch_size, a, b, c, d, precision, VSIZE) = (2, 64, 4, 8, 2, half, 4) in the .best file, nor could we find de"
group1,4,8,512,1024,64,2,4,0.100096,,"ERROR: Could not find hyperparameters for the kernel instance corresponding to the target (batch_size, a, b, c, d, precision, VSIZE) = (4, 64, 4, 8, 2, half, 4) in the .best file, nor could we find de"
group1,4,8,512,1024,64,2,8,0.081224,,"ERROR: Could not find hyperparameters for the kernel instance corresponding to the target (batch_size, a, b, c, d, precision, VSIZE) = (8, 64, 4, 8, 2, half, 4) in the .best file, nor could we find de"
group1,4,8,512,1024,64,2,16,0.084420,,"ERROR: Could not find hyperparameters for the kernel instance corresponding to the target (batch_size, a, b, c, d, precision, VSIZE) = (16, 64, 4, 8, 2, half, 4) in the .best file, nor could we find d"
group1,4,8,512,1024,64,2,32,0.084599,,"ERROR: Could not find hyperparameters for the kernel instance corresponding to the target (batch_size, a, b, c, d, precision, VSIZE) = (32, 64, 4, 8, 2, half, 4) in the .best file, nor could we find d"
group1,4,8,512,1024,64,2,64,0.084902,,"ERROR: Could not find hyperparameters for the kernel instance corresponding to the target (batch_size, a, b, c, d, precision, VSIZE) = (64, 64, 4, 8, 2, half, 4) in the .best file, nor could we find d"
group1,4,8,512,1024,64,2,128,0.084134,,"ERROR: Could not find hyperparameters for the kernel instance corresponding to the target (batch_size, a, b, c, d, precision, VSIZE) = (128, 64, 4, 8, 2, half, 4) in the .best file, nor could we find "
group1,4,8,512,1024,64,2,256,0.083431,,"ERROR: Could not find hyperparameters for the kernel instance corresponding to the target (batch_size, a, b, c, d, precision, VSIZE) = (256, 64, 4, 8, 2, half, 4) in the .best file, nor could we find "
group1,4,8,512,1024,64,2,512,0.084700,,"ERROR: Could not find hyperparameters for the kernel instance corresponding to the target (batch_size, a, b, c, d, precision, VSIZE) = (512, 64, 4, 8, 2, half, 4) in the .best file, nor could we find "
group1,4,8,512,1024,64,2,1024,0.082496,,"ERROR: Could not find hyperparameters for the kernel instance corresponding to the target (batch_size, a, b, c, d, precision, VSIZE) = (1024, 64, 4, 8, 2, half, 4) in the .best file, nor could we find"
group1,4,8,512,1024,64,2,2048,0.084101,,"ERROR: Could not find hyperparameters for the kernel instance corresponding to the target (batch_size, a, b, c, d, precision, VSIZE) = (2048, 64, 4, 8, 2, half, 4) in the .best file, nor could we find"
group1,4,8,512,1024,64,2,4096,0.091492,,"ERROR: Could not find hyperparameters for the kernel instance corresponding to the target (batch_size, a, b, c, d, precision, VSIZE) = (4096, 64, 4, 8, 2, half, 4) in the .best file, nor could we find"
group1,4,8,512,1024,128,1,1,0.053329,,"ERROR: Could not find hyperparameters for the kernel instance corresponding to the target (batch_size, a, b, c, d, precision, VSIZE) = (1, 128, 4, 8, 1, half, 4) in the .best file, nor could we find d"
group1,4,8,512,1024,128,1,2,0.083172,,"ERROR: Could not find hyperparameters for the kernel instance corresponding to the target (batch_size, a, b, c, d, precision, VSIZE) = (2, 128, 4, 8, 1, half, 4) in the .best file, nor could we find d"
group1,4,8,512,1024,128,1,4,0.082539,,"ERROR: Could not find hyperparameters for the kernel instance corresponding to the target (batch_size, a, b, c, d, precision, VSIZE) = (4, 128, 4, 8, 1, half, 4) in the .best file, nor could we find d"
group1,4,8,512,1024,128,1,8,0.082442,,"ERROR: Could not find hyperparameters for the kernel instance corresponding to the target (batch_size, a, b, c, d, precision, VSIZE) = (8, 128, 4, 8, 1, half, 4) in the .best file, nor could we find d"
group1,4,8,512,1024,128,1,16,0.085370,,"ERROR: Could not find hyperparameters for the kernel instance corresponding to the target (batch_size, a, b, c, d, precision, VSIZE) = (16, 128, 4, 8, 1, half, 4) in the .best file, nor could we find "
group1,4,8,512,1024,128,1,32,0.084856,,"ERROR: Could not find hyperparameters for the kernel instance corresponding to the target (batch_size, a, b, c, d, precision, VSIZE) = (32, 128, 4, 8, 1, half, 4) in the .best file, nor could we find "
group1,4,8,512,1024,128,1,64,0.085682,,"ERROR: Could not find hyperparameters for the kernel instance corresponding to the target (batch_size, a, b, c, d, precision, VSIZE) = (64, 128, 4, 8, 1, half, 4) in the .best file, nor could we find "
group1,4,8,512,1024,128,1,128,0.083070,,"ERROR: Could not find hyperparameters for the kernel instance corresponding to the target (batch_size, a, b, c, d, precision, VSIZE) = (128, 128, 4, 8, 1, half, 4) in the .best file, nor could we find"
group1,4,8,512,1024,128,1,256,0.085328,,"ERROR: Could not find hyperparameters for the kernel instance corresponding to the target (batch_size, a, b, c, d, precision, VSIZE) = (256, 128, 4, 8, 1, half, 4) in the .best file, nor could we find"
group1,4,8,512,1024,128,1,512,0.081954,,"ERROR: Could not find hyperparameters for the kernel instance corresponding to the target (batch_size, a, b, c, d, precision, VSIZE) = (512, 128, 4, 8, 1, half, 4) in the .best file, nor could we find"
group1,4,8,512,1024,128,1,1024,0.082692,,"ERROR: Could not find hyperparameters for the kernel instance corresponding to the target (batch_size, a, b, c, d, precision, VSIZE) = (1024, 128, 4, 8, 1, half, 4) in the .best file, nor could we fin"
group1,4,8,512,1024,128,1,2048,0.087797,,"ERROR: Could not find hyperparameters for the kernel instance corresponding to the target (batch_size, a, b, c, d, precision, VSIZE) = (2048, 128, 4, 8, 1, half, 4) in the .best file, nor could we fin"
group1,4,8,512,1024,128,1,4096,0.091234,,"ERROR: Could not find hyperparameters for the kernel instance corresponding to the target (batch_size, a, b, c, d, precision, VSIZE) = (4096, 128, 4, 8, 1, half, 4) in the .best file, nor could we fin"
group1,4,8,1024,2048,1,256,1,0.053797,,"ERROR: Could not find hyperparameters for the kernel instance corresponding to the target (batch_size, a, b, c, d, precision, VSIZE) = (1, 1, 4, 8, 256, half, 4) in the .best file, nor could we find d"
group1,4,8,1024,2048,1,256,2,0.084719,,"ERROR: Could not find hyperparameters for the kernel instance corresponding to the target (batch_size, a, b, c, d, precision, VSIZE) = (2, 1, 4, 8, 256, half, 4) in the .best file, nor could we find d"
group1,4,8,1024,2048,1,256,4,0.081422,,"ERROR: Could not find hyperparameters for the kernel instance corresponding to the target (batch_size, a, b, c, d, precision, VSIZE) = (4, 1, 4, 8, 256, half, 4) in the .best file, nor could we find d"
group1,4,8,1024,2048,1,256,8,0.100277,,"ERROR: Could not find hyperparameters for the kernel instance corresponding to the target (batch_size, a, b, c, d, precision, VSIZE) = (8, 1, 4, 8, 256, half, 4) in the .best file, nor could we find d"
group1,4,8,1024,2048,1,256,16,0.083118,,"ERROR: Could not find hyperparameters for the kernel instance corresponding to the target (batch_size, a, b, c, d, precision, VSIZE) = (16, 1, 4, 8, 256, half, 4) in the .best file, nor could we find "
group1,4,8,1024,2048,1,256,32,0.082339,,"ERROR: Could not find hyperparameters for the kernel instance corresponding to the target (batch_size, a, b, c, d, precision, VSIZE) = (32, 1, 4, 8, 256, half, 4) in the .best file, nor could we find "
group1,4,8,1024,2048,1,256,64,0.081928,,"ERROR: Could not find hyperparameters for the kernel instance corresponding to the target (batch_size, a, b, c, d, precision, VSIZE) = (64, 1, 4, 8, 256, half, 4) in the .best file, nor could we find "
group1,4,8,1024,2048,1,256,128,0.084655,,"ERROR: Could not find hyperparameters for the kernel instance corresponding to the target (batch_size, a, b, c, d, precision, VSIZE) = (128, 1, 4, 8, 256, half, 4) in the .best file, nor could we find"
group1,4,8,1024,2048,1,256,256,0.081840,,"ERROR: Could not find hyperparameters for the kernel instance corresponding to the target (batch_size, a, b, c, d, precision, VSIZE) = (256, 1, 4, 8, 256, half, 4) in the .best file, nor could we find"
group1,4,8,1024,2048,1,256,512,0.082903,,"ERROR: Could not find hyperparameters for the kernel instance corresponding to the target (batch_size, a, b, c, d, precision, VSIZE) = (512, 1, 4, 8, 256, half, 4) in the .best file, nor could we find"
group1,4,8,1024,2048,1,256,1024,0.082995,,"ERROR: Could not find hyperparameters for the kernel instance corresponding to the target (batch_size, a, b, c, d, precision, VSIZE) = (1024, 1, 4, 8, 256, half, 4) in the .best file, nor could we fin"
group1,4,8,1024,2048,1,256,2048,0.091934,,"ERROR: Could not find hyperparameters for the kernel instance corresponding to the target (batch_size, a, b, c, d, precision, VSIZE) = (2048, 1, 4, 8, 256, half, 4) in the .best file, nor could we fin"
group1,4,8,1024,2048,1,256,4096,0.176538,,"ERROR: Could not find hyperparameters for the kernel instance corresponding to the target (batch_size, a, b, c, d, precision, VSIZE) = (4096, 1, 4, 8, 256, half, 4) in the .best file, nor could we fin"
group1,4,8,1024,2048,2,128,1,0.053594,,"ERROR: Could not find hyperparameters for the kernel instance corresponding to the target (batch_size, a, b, c, d, precision, VSIZE) = (1, 2, 4, 8, 128, half, 4) in the .best file, nor could we find d"
group1,4,8,1024,2048,2,128,2,0.081939,,"ERROR: Could not find hyperparameters for the kernel instance corresponding to the target (batch_size, a, b, c, d, precision, VSIZE) = (2, 2, 4, 8, 128, half, 4) in the .best file, nor could we find d"
group1,4,8,1024,2048,2,128,4,0.082499,,"ERROR: Could not find hyperparameters for the kernel instance corresponding to the target (batch_size, a, b, c, d, precision, VSIZE) = (4, 2, 4, 8, 128, half, 4) in the .best file, nor could we find d"
group1,4,8,1024,2048,2,128,8,0.080999,,"ERROR: Could not find hyperparameters for the kernel instance corresponding to the target (batch_size, a, b, c, d, precision, VSIZE) = (8, 2, 4, 8, 128, half, 4) in the .best file, nor could we find d"
group1,4,8,1024,2048,2,128,16,0.102684,,"ERROR: Could not find hyperparameters for the kernel instance corresponding to the target (batch_size, a, b, c, d, precision, VSIZE) = (16, 2, 4, 8, 128, half, 4) in the .best file, nor could we find "
group1,4,8,1024,2048,2,128,32,0.083395,,"ERROR: Could not find hyperparameters for the kernel instance corresponding to the target (batch_size, a, b, c, d, precision, VSIZE) = (32, 2, 4, 8, 128, half, 4) in the .best file, nor could we find "
group1,4,8,1024,2048,2,128,64,0.081801,,"ERROR: Could not find hyperparameters for the kernel instance corresponding to the target (batch_size, a, b, c, d, precision, VSIZE) = (64, 2, 4, 8, 128, half, 4) in the .best file, nor could we find "
group1,4,8,1024,2048,2,128,128,0.100148,,"ERROR: Could not find hyperparameters for the kernel instance corresponding to the target (batch_size, a, b, c, d, precision, VSIZE) = (128, 2, 4, 8, 128, half, 4) in the .best file, nor could we find"
group1,4,8,1024,2048,2,128,256,0.083016,,"ERROR: Could not find hyperparameters for the kernel instance corresponding to the target (batch_size, a, b, c, d, precision, VSIZE) = (256, 2, 4, 8, 128, half, 4) in the .best file, nor could we find"
group1,4,8,1024,2048,2,128,512,0.082931,,"ERROR: Could not find hyperparameters for the kernel instance corresponding to the target (batch_size, a, b, c, d, precision, VSIZE) = (512, 2, 4, 8, 128, half, 4) in the .best file, nor could we find"
group1,4,8,1024,2048,2,128,1024,0.085752,,"ERROR: Could not find hyperparameters for the kernel instance corresponding to the target (batch_size, a, b, c, d, precision, VSIZE) = (1024, 2, 4, 8, 128, half, 4) in the .best file, nor could we fin"
group1,4,8,1024,2048,2,128,2048,0.091626,,"ERROR: Could not find hyperparameters for the kernel instance corresponding to the target (batch_size, a, b, c, d, precision, VSIZE) = (2048, 2, 4, 8, 128, half, 4) in the .best file, nor could we fin"
group1,4,8,1024,2048,2,128,4096,0.176335,,"ERROR: Could not find hyperparameters for the kernel instance corresponding to the target (batch_size, a, b, c, d, precision, VSIZE) = (4096, 2, 4, 8, 128, half, 4) in the .best file, nor could we fin"
group1,4,8,1024,2048,4,64,1,0.052685,,"ERROR: Could not find hyperparameters for the kernel instance corresponding to the target (batch_size, a, b, c, d, precision, VSIZE) = (1, 4, 4, 8, 64, half, 4) in the .best file, nor could we find de"
group1,4,8,1024,2048,4,64,2,0.081108,,"ERROR: Could not find hyperparameters for the kernel instance corresponding to the target (batch_size, a, b, c, d, precision, VSIZE) = (2, 4, 4, 8, 64, half, 4) in the .best file, nor could we find de"
group1,4,8,1024,2048,4,64,4,0.082291,,"ERROR: Could not find hyperparameters for the kernel instance corresponding to the target (batch_size, a, b, c, d, precision, VSIZE) = (4, 4, 4, 8, 64, half, 4) in the .best file, nor could we find de"
group1,4,8,1024,2048,4,64,8,0.083298,,"ERROR: Could not find hyperparameters for the kernel instance corresponding to the target (batch_size, a, b, c, d, precision, VSIZE) = (8, 4, 4, 8, 64, half, 4) in the .best file, nor could we find de"
group1,4,8,1024,2048,4,64,16,0.082056,,"ERROR: Could not find hyperparameters for the kernel instance corresponding to the target (batch_size, a, b, c, d, precision, VSIZE) = (16, 4, 4, 8, 64, half, 4) in the .best file, nor could we find d"
group1,4,8,1024,2048,4,64,32,0.081885,,"ERROR: Could not find hyperparameters for the kernel instance corresponding to the target (batch_size, a, b, c, d, precision, VSIZE) = (32, 4, 4, 8, 64, half, 4) in the .best file, nor could we find d"
group1,4,8,1024,2048,4,64,64,0.083215,,"ERROR: Could not find hyperparameters for the kernel instance corresponding to the target (batch_size, a, b, c, d, precision, VSIZE) = (64, 4, 4, 8, 64, half, 4) in the .best file, nor could we find d"
group1,4,8,1024,2048,4,64,128,0.098814,,"ERROR: Could not find hyperparameters for the kernel instance corresponding to the target (batch_size, a, b, c, d, precision, VSIZE) = (128, 4, 4, 8, 64, half, 4) in the .best file, nor could we find "
group1,4,8,1024,2048,4,64,256,0.083848,,"ERROR: Could not find hyperparameters for the kernel instance corresponding to the target (batch_size, a, b, c, d, precision, VSIZE) = (256, 4, 4, 8, 64, half, 4) in the .best file, nor could we find "
group1,4,8,1024,2048,4,64,512,0.083082,,"ERROR: Could not find hyperparameters for the kernel instance corresponding to the target (batch_size, a, b, c, d, precision, VSIZE) = (512, 4, 4, 8, 64, half, 4) in the .best file, nor could we find "
group1,4,8,1024,2048,4,64,1024,0.082830,,"ERROR: Could not find hyperparameters for the kernel instance corresponding to the target (batch_size, a, b, c, d, precision, VSIZE) = (1024, 4, 4, 8, 64, half, 4) in the .best file, nor could we find"
group1,4,8,1024,2048,4,64,2048,0.091662,,"ERROR: Could not find hyperparameters for the kernel instance corresponding to the target (batch_size, a, b, c, d, precision, VSIZE) = (2048, 4, 4, 8, 64, half, 4) in the .best file, nor could we find"
group1,4,8,1024,2048,4,64,4096,0.176518,,"ERROR: Could not find hyperparameters for the kernel instance corresponding to the target (batch_size, a, b, c, d, precision, VSIZE) = (4096, 4, 4, 8, 64, half, 4) in the .best file, nor could we find"
group1,4,8,1024,2048,8,32,1,0.053255,,"ERROR: Could not find hyperparameters for the kernel instance corresponding to the target (batch_size, a, b, c, d, precision, VSIZE) = (1, 8, 4, 8, 32, half, 4) in the .best file, nor could we find de"
group1,4,8,1024,2048,8,32,2,0.101737,,"ERROR: Could not find hyperparameters for the kernel instance corresponding to the target (batch_size, a, b, c, d, precision, VSIZE) = (2, 8, 4, 8, 32, half, 4) in the .best file, nor could we find de"
group1,4,8,1024,2048,8,32,4,0.084066,,"ERROR: Could not find hyperparameters for the kernel instance corresponding to the target (batch_size, a, b, c, d, precision, VSIZE) = (4, 8, 4, 8, 32, half, 4) in the .best file, nor could we find de"
group1,4,8,1024,2048,8,32,8,0.083573,,"ERROR: Could not find hyperparameters for the kernel instance corresponding to the target (batch_size, a, b, c, d, precision, VSIZE) = (8, 8, 4, 8, 32, half, 4) in the .best file, nor could we find de"
group1,4,8,1024,2048,8,32,16,0.082666,,"ERROR: Could not find hyperparameters for the kernel instance corresponding to the target (batch_size, a, b, c, d, precision, VSIZE) = (16, 8, 4, 8, 32, half, 4) in the .best file, nor could we find d"
group1,4,8,1024,2048,8,32,32,0.082239,,"ERROR: Could not find hyperparameters for the kernel instance corresponding to the target (batch_size, a, b, c, d, precision, VSIZE) = (32, 8, 4, 8, 32, half, 4) in the .best file, nor could we find d"
group1,4,8,1024,2048,8,32,64,0.084136,,"ERROR: Could not find hyperparameters for the kernel instance corresponding to the target (batch_size, a, b, c, d, precision, VSIZE) = (64, 8, 4, 8, 32, half, 4) in the .best file, nor could we find d"
group1,4,8,1024,2048,8,32,128,0.081370,,"ERROR: Could not find hyperparameters for the kernel instance corresponding to the target (batch_size, a, b, c, d, precision, VSIZE) = (128, 8, 4, 8, 32, half, 4) in the .best file, nor could we find "
group1,4,8,1024,2048,8,32,256,0.083480,,"ERROR: Could not find hyperparameters for the kernel instance corresponding to the target (batch_size, a, b, c, d, precision, VSIZE) = (256, 8, 4, 8, 32, half, 4) in the .best file, nor could we find "
group1,4,8,1024,2048,8,32,512,0.083050,,"ERROR: Could not find hyperparameters for the kernel instance corresponding to the target (batch_size, a, b, c, d, precision, VSIZE) = (512, 8, 4, 8, 32, half, 4) in the .best file, nor could we find "
group1,4,8,1024,2048,8,32,1024,0.082846,,"ERROR: Could not find hyperparameters for the kernel instance corresponding to the target (batch_size, a, b, c, d, precision, VSIZE) = (1024, 8, 4, 8, 32, half, 4) in the .best file, nor could we find"
group1,4,8,1024,2048,8,32,2048,0.091513,,"ERROR: Could not find hyperparameters for the kernel instance corresponding to the target (batch_size, a, b, c, d, precision, VSIZE) = (2048, 8, 4, 8, 32, half, 4) in the .best file, nor could we find"
group1,4,8,1024,2048,8,32,4096,0.176307,,"ERROR: Could not find hyperparameters for the kernel instance corresponding to the target (batch_size, a, b, c, d, precision, VSIZE) = (4096, 8, 4, 8, 32, half, 4) in the .best file, nor could we find"
group1,4,8,1024,2048,16,16,1,0.053682,,"ERROR: Could not find hyperparameters for the kernel instance corresponding to the target (batch_size, a, b, c, d, precision, VSIZE) = (1, 16, 4, 8, 16, half, 4) in the .best file, nor could we find d"
group1,4,8,1024,2048,16,16,2,0.083075,,"ERROR: Could not find hyperparameters for the kernel instance corresponding to the target (batch_size, a, b, c, d, precision, VSIZE) = (2, 16, 4, 8, 16, half, 4) in the .best file, nor could we find d"
group1,4,8,1024,2048,16,16,4,0.081514,,"ERROR: Could not find hyperparameters for the kernel instance corresponding to the target (batch_size, a, b, c, d, precision, VSIZE) = (4, 16, 4, 8, 16, half, 4) in the .best file, nor could we find d"
group1,4,8,1024,2048,16,16,8,0.084171,,"ERROR: Could not find hyperparameters for the kernel instance corresponding to the target (batch_size, a, b, c, d, precision, VSIZE) = (8, 16, 4, 8, 16, half, 4) in the .best file, nor could we find d"
group1,4,8,1024,2048,16,16,16,0.083118,,"ERROR: Could not find hyperparameters for the kernel instance corresponding to the target (batch_size, a, b, c, d, precision, VSIZE) = (16, 16, 4, 8, 16, half, 4) in the .best file, nor could we find "
group1,4,8,1024,2048,16,16,32,0.100207,,"ERROR: Could not find hyperparameters for the kernel instance corresponding to the target (batch_size, a, b, c, d, precision, VSIZE) = (32, 16, 4, 8, 16, half, 4) in the .best file, nor could we find "
group1,4,8,1024,2048,16,16,64,0.101097,,"ERROR: Could not find hyperparameters for the kernel instance corresponding to the target (batch_size, a, b, c, d, precision, VSIZE) = (64, 16, 4, 8, 16, half, 4) in the .best file, nor could we find "
group1,4,8,1024,2048,16,16,128,0.081343,,"ERROR: Could not find hyperparameters for the kernel instance corresponding to the target (batch_size, a, b, c, d, precision, VSIZE) = (128, 16, 4, 8, 16, half, 4) in the .best file, nor could we find"
group1,4,8,1024,2048,16,16,256,0.099667,,"ERROR: Could not find hyperparameters for the kernel instance corresponding to the target (batch_size, a, b, c, d, precision, VSIZE) = (256, 16, 4, 8, 16, half, 4) in the .best file, nor could we find"
group1,4,8,1024,2048,16,16,512,0.086146,,"ERROR: Could not find hyperparameters for the kernel instance corresponding to the target (batch_size, a, b, c, d, precision, VSIZE) = (512, 16, 4, 8, 16, half, 4) in the .best file, nor could we find"
group1,4,8,1024,2048,16,16,1024,0.082994,,"ERROR: Could not find hyperparameters for the kernel instance corresponding to the target (batch_size, a, b, c, d, precision, VSIZE) = (1024, 16, 4, 8, 16, half, 4) in the .best file, nor could we fin"
group1,4,8,1024,2048,16,16,2048,0.100933,,"ERROR: Could not find hyperparameters for the kernel instance corresponding to the target (batch_size, a, b, c, d, precision, VSIZE) = (2048, 16, 4, 8, 16, half, 4) in the .best file, nor could we fin"
group1,4,8,1024,2048,16,16,4096,0.176428,,"ERROR: Could not find hyperparameters for the kernel instance corresponding to the target (batch_size, a, b, c, d, precision, VSIZE) = (4096, 16, 4, 8, 16, half, 4) in the .best file, nor could we fin"
group1,4,8,1024,2048,32,8,1,0.053903,,"ERROR: Could not find hyperparameters for the kernel instance corresponding to the target (batch_size, a, b, c, d, precision, VSIZE) = (1, 32, 4, 8, 8, half, 4) in the .best file, nor could we find de"
group1,4,8,1024,2048,32,8,2,0.083117,,"ERROR: Could not find hyperparameters for the kernel instance corresponding to the target (batch_size, a, b, c, d, precision, VSIZE) = (2, 32, 4, 8, 8, half, 4) in the .best file, nor could we find de"
group1,4,8,1024,2048,32,8,4,0.083399,,"ERROR: Could not find hyperparameters for the kernel instance corresponding to the target (batch_size, a, b, c, d, precision, VSIZE) = (4, 32, 4, 8, 8, half, 4) in the .best file, nor could we find de"
group1,4,8,1024,2048,32,8,8,0.085198,,"ERROR: Could not find hyperparameters for the kernel instance corresponding to the target (batch_size, a, b, c, d, precision, VSIZE) = (8, 32, 4, 8, 8, half, 4) in the .best file, nor could we find de"
group1,4,8,1024,2048,32,8,16,0.083891,,"ERROR: Could not find hyperparameters for the kernel instance corresponding to the target (batch_size, a, b, c, d, precision, VSIZE) = (16, 32, 4, 8, 8, half, 4) in the .best file, nor could we find d"
group1,4,8,1024,2048,32,8,32,0.085712,,"ERROR: Could not find hyperparameters for the kernel instance corresponding to the target (batch_size, a, b, c, d, precision, VSIZE) = (32, 32, 4, 8, 8, half, 4) in the .best file, nor could we find d"
group1,4,8,1024,2048,32,8,64,0.085574,,"ERROR: Could not find hyperparameters for the kernel instance corresponding to the target (batch_size, a, b, c, d, precision, VSIZE) = (64, 32, 4, 8, 8, half, 4) in the .best file, nor could we find d"
group1,4,8,1024,2048,32,8,128,0.084769,,"ERROR: Could not find hyperparameters for the kernel instance corresponding to the target (batch_size, a, b, c, d, precision, VSIZE) = (128, 32, 4, 8, 8, half, 4) in the .best file, nor could we find "
group1,4,8,1024,2048,32,8,256,0.100062,,"ERROR: Could not find hyperparameters for the kernel instance corresponding to the target (batch_size, a, b, c, d, precision, VSIZE) = (256, 32, 4, 8, 8, half, 4) in the .best file, nor could we find "
group1,4,8,1024,2048,32,8,512,0.085307,,"ERROR: Could not find hyperparameters for the kernel instance corresponding to the target (batch_size, a, b, c, d, precision, VSIZE) = (512, 32, 4, 8, 8, half, 4) in the .best file, nor could we find "
group1,4,8,1024,2048,32,8,1024,0.083836,,"ERROR: Could not find hyperparameters for the kernel instance corresponding to the target (batch_size, a, b, c, d, precision, VSIZE) = (1024, 32, 4, 8, 8, half, 4) in the .best file, nor could we find"
group1,4,8,1024,2048,32,8,2048,0.091493,,"ERROR: Could not find hyperparameters for the kernel instance corresponding to the target (batch_size, a, b, c, d, precision, VSIZE) = (2048, 32, 4, 8, 8, half, 4) in the .best file, nor could we find"
group1,4,8,1024,2048,32,8,4096,0.176779,,"ERROR: Could not find hyperparameters for the kernel instance corresponding to the target (batch_size, a, b, c, d, precision, VSIZE) = (4096, 32, 4, 8, 8, half, 4) in the .best file, nor could we find"
group1,4,8,1024,2048,64,4,1,0.052761,,"ERROR: Could not find hyperparameters for the kernel instance corresponding to the target (batch_size, a, b, c, d, precision, VSIZE) = (1, 64, 4, 8, 4, half, 4) in the .best file, nor could we find de"
group1,4,8,1024,2048,64,4,2,0.084406,,"ERROR: Could not find hyperparameters for the kernel instance corresponding to the target (batch_size, a, b, c, d, precision, VSIZE) = (2, 64, 4, 8, 4, half, 4) in the .best file, nor could we find de"
group1,4,8,1024,2048,64,4,4,0.083212,,"ERROR: Could not find hyperparameters for the kernel instance corresponding to the target (batch_size, a, b, c, d, precision, VSIZE) = (4, 64, 4, 8, 4, half, 4) in the .best file, nor could we find de"
group1,4,8,1024,2048,64,4,8,0.084224,,"ERROR: Could not find hyperparameters for the kernel instance corresponding to the target (batch_size, a, b, c, d, precision, VSIZE) = (8, 64, 4, 8, 4, half, 4) in the .best file, nor could we find de"
group1,4,8,1024,2048,64,4,16,0.082611,,"ERROR: Could not find hyperparameters for the kernel instance corresponding to the target (batch_size, a, b, c, d, precision, VSIZE) = (16, 64, 4, 8, 4, half, 4) in the .best file, nor could we find d"
group1,4,8,1024,2048,64,4,32,0.081414,,"ERROR: Could not find hyperparameters for the kernel instance corresponding to the target (batch_size, a, b, c, d, precision, VSIZE) = (32, 64, 4, 8, 4, half, 4) in the .best file, nor could we find d"
group1,4,8,1024,2048,64,4,64,0.081484,,"ERROR: Could not find hyperparameters for the kernel instance corresponding to the target (batch_size, a, b, c, d, precision, VSIZE) = (64, 64, 4, 8, 4, half, 4) in the .best file, nor could we find d"
group1,4,8,1024,2048,64,4,128,0.081642,,"ERROR: Could not find hyperparameters for the kernel instance corresponding to the target (batch_size, a, b, c, d, precision, VSIZE) = (128, 64, 4, 8, 4, half, 4) in the .best file, nor could we find "
group1,4,8,1024,2048,64,4,256,0.083533,,"ERROR: Could not find hyperparameters for the kernel instance corresponding to the target (batch_size, a, b, c, d, precision, VSIZE) = (256, 64, 4, 8, 4, half, 4) in the .best file, nor could we find "
group1,4,8,1024,2048,64,4,512,0.082962,,"ERROR: Could not find hyperparameters for the kernel instance corresponding to the target (batch_size, a, b, c, d, precision, VSIZE) = (512, 64, 4, 8, 4, half, 4) in the .best file, nor could we find "
group1,4,8,1024,2048,64,4,1024,0.083490,,"ERROR: Could not find hyperparameters for the kernel instance corresponding to the target (batch_size, a, b, c, d, precision, VSIZE) = (1024, 64, 4, 8, 4, half, 4) in the .best file, nor could we find"
group1,4,8,1024,2048,64,4,2048,0.091650,,"ERROR: Could not find hyperparameters for the kernel instance corresponding to the target (batch_size, a, b, c, d, precision, VSIZE) = (2048, 64, 4, 8, 4, half, 4) in the .best file, nor could we find"
group1,4,8,1024,2048,64,4,4096,0.176413,,"ERROR: Could not find hyperparameters for the kernel instance corresponding to the target (batch_size, a, b, c, d, precision, VSIZE) = (4096, 64, 4, 8, 4, half, 4) in the .best file, nor could we find"
group1,4,8,1024,2048,128,2,1,0.052946,,"ERROR: Could not find hyperparameters for the kernel instance corresponding to the target (batch_size, a, b, c, d, precision, VSIZE) = (1, 128, 4, 8, 2, half, 4) in the .best file, nor could we find d"
group1,4,8,1024,2048,128,2,2,0.083767,,"ERROR: Could not find hyperparameters for the kernel instance corresponding to the target (batch_size, a, b, c, d, precision, VSIZE) = (2, 128, 4, 8, 2, half, 4) in the .best file, nor could we find d"
group1,4,8,1024,2048,128,2,4,0.082228,,"ERROR: Could not find hyperparameters for the kernel instance corresponding to the target (batch_size, a, b, c, d, precision, VSIZE) = (4, 128, 4, 8, 2, half, 4) in the .best file, nor could we find d"
group1,4,8,1024,2048,128,2,8,0.082277,,"ERROR: Could not find hyperparameters for the kernel instance corresponding to the target (batch_size, a, b, c, d, precision, VSIZE) = (8, 128, 4, 8, 2, half, 4) in the .best file, nor could we find d"
group1,4,8,1024,2048,128,2,16,0.083843,,"ERROR: Could not find hyperparameters for the kernel instance corresponding to the target (batch_size, a, b, c, d, precision, VSIZE) = (16, 128, 4, 8, 2, half, 4) in the .best file, nor could we find "
group1,4,8,1024,2048,128,2,32,0.082044,,"ERROR: Could not find hyperparameters for the kernel instance corresponding to the target (batch_size, a, b, c, d, precision, VSIZE) = (32, 128, 4, 8, 2, half, 4) in the .best file, nor could we find "
group1,4,8,1024,2048,128,2,64,0.082398,,"ERROR: Could not find hyperparameters for the kernel instance corresponding to the target (batch_size, a, b, c, d, precision, VSIZE) = (64, 128, 4, 8, 2, half, 4) in the .best file, nor could we find "
