group,b,c,M,N,a,d,batch_size,triton_ms,bmm_ms,cuda_ms,cuda_error
group1,2,2,512,512,1,256,2,,,,"ERROR: Could not find hyperparameters for the kernel instance corresponding to the target (batch_size, a, b, c, d, preci"
group1,2,2,512,512,1,256,4,,,,"ERROR: Could not find hyperparameters for the kernel instance corresponding to the target (batch_size, a, b, c, d, preci"
group1,2,2,512,512,1,256,8,,,,"ERROR: Could not find hyperparameters for the kernel instance corresponding to the target (batch_size, a, b, c, d, preci"
group1,2,2,512,512,1,256,16,,,,"ERROR: Could not find hyperparameters for the kernel instance corresponding to the target (batch_size, a, b, c, d, preci"
group1,2,2,512,512,1,256,32,,,,"ERROR: Could not find hyperparameters for the kernel instance corresponding to the target (batch_size, a, b, c, d, preci"
group1,2,2,512,512,1,256,64,,,,"ERROR: Could not find hyperparameters for the kernel instance corresponding to the target (batch_size, a, b, c, d, preci"
group1,2,2,512,512,1,256,128,,,,"ERROR: Could not find hyperparameters for the kernel instance corresponding to the target (batch_size, a, b, c, d, preci"
group1,2,2,512,512,1,256,256,,,,"ERROR: Could not find hyperparameters for the kernel instance corresponding to the target (batch_size, a, b, c, d, preci"
group1,2,2,512,512,1,256,512,,,,"ERROR: Could not find hyperparameters for the kernel instance corresponding to the target (batch_size, a, b, c, d, preci"
group1,2,2,512,512,1,256,1024,,,,"ERROR: Could not find hyperparameters for the kernel instance corresponding to the target (batch_size, a, b, c, d, preci"
group1,2,2,512,512,1,256,2048,,,,"ERROR: Could not find hyperparameters for the kernel instance corresponding to the target (batch_size, a, b, c, d, preci"
group1,2,2,512,512,1,256,4096,,,,"ERROR: Could not find hyperparameters for the kernel instance corresponding to the target (batch_size, a, b, c, d, preci"
group1,2,2,512,512,2,128,2,,,,"ERROR: Could not find hyperparameters for the kernel instance corresponding to the target (batch_size, a, b, c, d, preci"
group1,2,2,512,512,2,128,4,,,,"ERROR: Could not find hyperparameters for the kernel instance corresponding to the target (batch_size, a, b, c, d, preci"
group1,2,2,512,512,2,128,8,,,,"ERROR: Could not find hyperparameters for the kernel instance corresponding to the target (batch_size, a, b, c, d, preci"
group1,2,2,512,512,2,128,16,,,,"ERROR: Could not find hyperparameters for the kernel instance corresponding to the target (batch_size, a, b, c, d, preci"
group1,2,2,512,512,2,128,32,,,,"ERROR: Could not find hyperparameters for the kernel instance corresponding to the target (batch_size, a, b, c, d, preci"
group1,2,2,512,512,2,128,64,,,,"ERROR: Could not find hyperparameters for the kernel instance corresponding to the target (batch_size, a, b, c, d, preci"
group1,2,2,512,512,2,128,128,,,,"ERROR: Could not find hyperparameters for the kernel instance corresponding to the target (batch_size, a, b, c, d, preci"
group1,2,2,512,512,2,128,256,,,,"ERROR: Could not find hyperparameters for the kernel instance corresponding to the target (batch_size, a, b, c, d, preci"
group1,2,2,512,512,2,128,512,,,,"ERROR: Could not find hyperparameters for the kernel instance corresponding to the target (batch_size, a, b, c, d, preci"
group1,2,2,512,512,2,128,1024,,,,"ERROR: Could not find hyperparameters for the kernel instance corresponding to the target (batch_size, a, b, c, d, preci"
group1,2,2,512,512,2,128,2048,,,,"ERROR: Could not find hyperparameters for the kernel instance corresponding to the target (batch_size, a, b, c, d, preci"
group1,2,2,512,512,2,128,4096,,,,"ERROR: Could not find hyperparameters for the kernel instance corresponding to the target (batch_size, a, b, c, d, preci"
group1,2,2,512,512,4,64,2,,,,"ERROR: Could not find hyperparameters for the kernel instance corresponding to the target (batch_size, a, b, c, d, preci"
group1,2,2,512,512,4,64,4,,,,"ERROR: Could not find hyperparameters for the kernel instance corresponding to the target (batch_size, a, b, c, d, preci"
group1,2,2,512,512,4,64,8,,,,"ERROR: Could not find hyperparameters for the kernel instance corresponding to the target (batch_size, a, b, c, d, preci"
group1,2,2,512,512,4,64,16,,,,"ERROR: Could not find hyperparameters for the kernel instance corresponding to the target (batch_size, a, b, c, d, preci"
group1,2,2,512,512,4,64,32,,,,"ERROR: Could not find hyperparameters for the kernel instance corresponding to the target (batch_size, a, b, c, d, preci"
group1,2,2,512,512,4,64,64,,,,"ERROR: Could not find hyperparameters for the kernel instance corresponding to the target (batch_size, a, b, c, d, preci"
group1,2,2,512,512,4,64,128,,,,"ERROR: Could not find hyperparameters for the kernel instance corresponding to the target (batch_size, a, b, c, d, preci"
group1,2,2,512,512,4,64,256,,,,"ERROR: Could not find hyperparameters for the kernel instance corresponding to the target (batch_size, a, b, c, d, preci"
group1,2,2,512,512,4,64,512,,,,"ERROR: Could not find hyperparameters for the kernel instance corresponding to the target (batch_size, a, b, c, d, preci"
group1,2,2,512,512,4,64,1024,,,,"ERROR: Could not find hyperparameters for the kernel instance corresponding to the target (batch_size, a, b, c, d, preci"
group1,2,2,512,512,4,64,2048,,,,"ERROR: Could not find hyperparameters for the kernel instance corresponding to the target (batch_size, a, b, c, d, preci"
group1,2,2,512,512,4,64,4096,,,,"ERROR: Could not find hyperparameters for the kernel instance corresponding to the target (batch_size, a, b, c, d, preci"
group1,2,2,512,512,8,32,2,,,,"ERROR: Could not find hyperparameters for the kernel instance corresponding to the target (batch_size, a, b, c, d, preci"
group1,2,2,512,512,8,32,4,,,,"ERROR: Could not find hyperparameters for the kernel instance corresponding to the target (batch_size, a, b, c, d, preci"
group1,2,2,512,512,8,32,8,,,,"ERROR: Could not find hyperparameters for the kernel instance corresponding to the target (batch_size, a, b, c, d, preci"
group1,2,2,512,512,8,32,16,,,,"ERROR: Could not find hyperparameters for the kernel instance corresponding to the target (batch_size, a, b, c, d, preci"
group1,2,2,512,512,8,32,32,,,,"ERROR: Could not find hyperparameters for the kernel instance corresponding to the target (batch_size, a, b, c, d, preci"
group1,2,2,512,512,8,32,64,,,,"ERROR: Could not find hyperparameters for the kernel instance corresponding to the target (batch_size, a, b, c, d, preci"
group1,2,2,512,512,8,32,128,,,,"ERROR: Could not find hyperparameters for the kernel instance corresponding to the target (batch_size, a, b, c, d, preci"
group1,2,2,512,512,8,32,256,,,,"ERROR: Could not find hyperparameters for the kernel instance corresponding to the target (batch_size, a, b, c, d, preci"
group1,2,2,512,512,8,32,512,,,,"ERROR: Could not find hyperparameters for the kernel instance corresponding to the target (batch_size, a, b, c, d, preci"
group1,2,2,512,512,8,32,1024,,,,"ERROR: Could not find hyperparameters for the kernel instance corresponding to the target (batch_size, a, b, c, d, preci"
group1,2,2,512,512,8,32,2048,,,,"ERROR: Could not find hyperparameters for the kernel instance corresponding to the target (batch_size, a, b, c, d, preci"
group1,2,2,512,512,8,32,4096,,,,"ERROR: Could not find hyperparameters for the kernel instance corresponding to the target (batch_size, a, b, c, d, preci"
group1,2,2,512,512,16,16,2,,,,"ERROR: Could not find hyperparameters for the kernel instance corresponding to the target (batch_size, a, b, c, d, preci"
group1,2,2,512,512,16,16,4,,,,"ERROR: Could not find hyperparameters for the kernel instance corresponding to the target (batch_size, a, b, c, d, preci"
group1,2,2,512,512,16,16,8,,,,"ERROR: Could not find hyperparameters for the kernel instance corresponding to the target (batch_size, a, b, c, d, preci"
group1,2,2,512,512,16,16,16,,,,"ERROR: Could not find hyperparameters for the kernel instance corresponding to the target (batch_size, a, b, c, d, preci"
group1,2,2,512,512,16,16,32,,,,"ERROR: Could not find hyperparameters for the kernel instance corresponding to the target (batch_size, a, b, c, d, preci"
group1,2,2,512,512,16,16,64,,,,"ERROR: Could not find hyperparameters for the kernel instance corresponding to the target (batch_size, a, b, c, d, preci"
group1,2,2,512,512,16,16,128,,,,"ERROR: Could not find hyperparameters for the kernel instance corresponding to the target (batch_size, a, b, c, d, preci"
group1,2,2,512,512,16,16,256,,,,"ERROR: Could not find hyperparameters for the kernel instance corresponding to the target (batch_size, a, b, c, d, preci"
group1,2,2,512,512,16,16,512,,,,"ERROR: Could not find hyperparameters for the kernel instance corresponding to the target (batch_size, a, b, c, d, preci"
group1,2,2,512,512,16,16,1024,,,,"ERROR: Could not find hyperparameters for the kernel instance corresponding to the target (batch_size, a, b, c, d, preci"
group1,2,2,512,512,16,16,2048,,,,"ERROR: Could not find hyperparameters for the kernel instance corresponding to the target (batch_size, a, b, c, d, preci"
group1,2,2,512,512,16,16,4096,,,,"ERROR: Could not find hyperparameters for the kernel instance corresponding to the target (batch_size, a, b, c, d, preci"
group1,2,2,512,512,32,8,2,,,,"ERROR: Could not find hyperparameters for the kernel instance corresponding to the target (batch_size, a, b, c, d, preci"
group1,2,2,512,512,32,8,4,,,,"ERROR: Could not find hyperparameters for the kernel instance corresponding to the target (batch_size, a, b, c, d, preci"
group1,2,2,512,512,32,8,8,,,,"ERROR: Could not find hyperparameters for the kernel instance corresponding to the target (batch_size, a, b, c, d, preci"
group1,2,2,512,512,32,8,16,,,,"ERROR: Could not find hyperparameters for the kernel instance corresponding to the target (batch_size, a, b, c, d, preci"
group1,2,2,512,512,32,8,32,,,,"ERROR: Could not find hyperparameters for the kernel instance corresponding to the target (batch_size, a, b, c, d, preci"
group1,2,2,512,512,32,8,64,,,,"ERROR: Could not find hyperparameters for the kernel instance corresponding to the target (batch_size, a, b, c, d, preci"
group1,2,2,512,512,32,8,128,,,,"ERROR: Could not find hyperparameters for the kernel instance corresponding to the target (batch_size, a, b, c, d, preci"
group1,2,2,512,512,32,8,256,,,,"ERROR: Could not find hyperparameters for the kernel instance corresponding to the target (batch_size, a, b, c, d, preci"
group1,2,2,512,512,32,8,512,,,,"ERROR: Could not find hyperparameters for the kernel instance corresponding to the target (batch_size, a, b, c, d, preci"
group1,2,2,512,512,32,8,1024,,,,"ERROR: Could not find hyperparameters for the kernel instance corresponding to the target (batch_size, a, b, c, d, preci"
group1,2,2,512,512,32,8,2048,,,,"ERROR: Could not find hyperparameters for the kernel instance corresponding to the target (batch_size, a, b, c, d, preci"
group1,2,2,512,512,32,8,4096,,,,"ERROR: Could not find hyperparameters for the kernel instance corresponding to the target (batch_size, a, b, c, d, preci"
group1,2,2,512,512,64,4,2,,,,"ERROR: Could not find hyperparameters for the kernel instance corresponding to the target (batch_size, a, b, c, d, preci"
group1,2,2,512,512,64,4,4,,,,"ERROR: Could not find hyperparameters for the kernel instance corresponding to the target (batch_size, a, b, c, d, preci"
group1,2,2,512,512,64,4,8,,,,"ERROR: Could not find hyperparameters for the kernel instance corresponding to the target (batch_size, a, b, c, d, preci"
group1,2,2,512,512,64,4,16,,,,"ERROR: Could not find hyperparameters for the kernel instance corresponding to the target (batch_size, a, b, c, d, preci"
group1,2,2,512,512,64,4,32,,,,"ERROR: Could not find hyperparameters for the kernel instance corresponding to the target (batch_size, a, b, c, d, preci"
group1,2,2,512,512,64,4,64,,,,"ERROR: Could not find hyperparameters for the kernel instance corresponding to the target (batch_size, a, b, c, d, preci"
group1,2,2,512,512,64,4,128,,,,"ERROR: Could not find hyperparameters for the kernel instance corresponding to the target (batch_size, a, b, c, d, preci"
group1,2,2,512,512,64,4,256,,,,"ERROR: Could not find hyperparameters for the kernel instance corresponding to the target (batch_size, a, b, c, d, preci"
group1,2,2,512,512,64,4,512,,,,"ERROR: Could not find hyperparameters for the kernel instance corresponding to the target (batch_size, a, b, c, d, preci"
group1,2,2,512,512,64,4,1024,,,,"ERROR: Could not find hyperparameters for the kernel instance corresponding to the target (batch_size, a, b, c, d, preci"
group1,2,2,512,512,64,4,2048,,,,"ERROR: Could not find hyperparameters for the kernel instance corresponding to the target (batch_size, a, b, c, d, preci"
group1,2,2,512,512,64,4,4096,,,,"ERROR: Could not find hyperparameters for the kernel instance corresponding to the target (batch_size, a, b, c, d, preci"
group1,2,2,512,512,128,2,2,,,,"ERROR: Could not find hyperparameters for the kernel instance corresponding to the target (batch_size, a, b, c, d, preci"
group1,2,2,512,512,128,2,4,,,,"ERROR: Could not find hyperparameters for the kernel instance corresponding to the target (batch_size, a, b, c, d, preci"
group1,2,2,512,512,128,2,8,,,,"ERROR: Could not find hyperparameters for the kernel instance corresponding to the target (batch_size, a, b, c, d, preci"
group1,2,2,512,512,128,2,16,,,,"ERROR: Could not find hyperparameters for the kernel instance corresponding to the target (batch_size, a, b, c, d, preci"
group1,2,2,512,512,128,2,32,,,,"ERROR: Could not find hyperparameters for the kernel instance corresponding to the target (batch_size, a, b, c, d, preci"
group1,2,2,512,512,128,2,64,,,,"ERROR: Could not find hyperparameters for the kernel instance corresponding to the target (batch_size, a, b, c, d, preci"
group1,2,2,512,512,128,2,128,,,,"ERROR: Could not find hyperparameters for the kernel instance corresponding to the target (batch_size, a, b, c, d, preci"
group1,2,2,512,512,128,2,256,,,,"ERROR: Could not find hyperparameters for the kernel instance corresponding to the target (batch_size, a, b, c, d, preci"
group1,2,2,512,512,128,2,512,,,,"ERROR: Could not find hyperparameters for the kernel instance corresponding to the target (batch_size, a, b, c, d, preci"
group1,2,2,512,512,128,2,1024,,,,"ERROR: Could not find hyperparameters for the kernel instance corresponding to the target (batch_size, a, b, c, d, preci"
group1,2,2,512,512,128,2,2048,,,,"ERROR: Could not find hyperparameters for the kernel instance corresponding to the target (batch_size, a, b, c, d, preci"
group1,2,2,512,512,128,2,4096,,,,"ERROR: Could not find hyperparameters for the kernel instance corresponding to the target (batch_size, a, b, c, d, preci"
group1,2,2,512,512,256,1,2,,,,"ERROR: Could not find hyperparameters for the kernel instance corresponding to the target (batch_size, a, b, c, d, preci"
group1,2,2,512,512,256,1,4,,,,"ERROR: Could not find hyperparameters for the kernel instance corresponding to the target (batch_size, a, b, c, d, preci"
group1,2,2,512,512,256,1,8,,,,"ERROR: Could not find hyperparameters for the kernel instance corresponding to the target (batch_size, a, b, c, d, preci"
group1,2,2,512,512,256,1,16,,,,"ERROR: Could not find hyperparameters for the kernel instance corresponding to the target (batch_size, a, b, c, d, preci"
group1,2,2,512,512,256,1,32,,,,"ERROR: Could not find hyperparameters for the kernel instance corresponding to the target (batch_size, a, b, c, d, preci"
group1,2,2,512,512,256,1,64,,,,"ERROR: Could not find hyperparameters for the kernel instance corresponding to the target (batch_size, a, b, c, d, preci"
group1,2,2,512,512,256,1,128,,,,"ERROR: Could not find hyperparameters for the kernel instance corresponding to the target (batch_size, a, b, c, d, preci"
group1,2,2,512,512,256,1,256,,,,"ERROR: Could not find hyperparameters for the kernel instance corresponding to the target (batch_size, a, b, c, d, preci"
group1,2,2,512,512,256,1,512,,,,"ERROR: Could not find hyperparameters for the kernel instance corresponding to the target (batch_size, a, b, c, d, preci"
group1,2,2,512,512,256,1,1024,,,,"ERROR: Could not find hyperparameters for the kernel instance corresponding to the target (batch_size, a, b, c, d, preci"
group1,2,2,512,512,256,1,2048,,,,"ERROR: Could not find hyperparameters for the kernel instance corresponding to the target (batch_size, a, b, c, d, preci"
group1,2,2,512,512,256,1,4096,,,,"ERROR: Could not find hyperparameters for the kernel instance corresponding to the target (batch_size, a, b, c, d, preci"
group1,2,2,1024,1024,1,512,2,,,,"ERROR: Could not find hyperparameters for the kernel instance corresponding to the target (batch_size, a, b, c, d, preci"
group1,2,2,1024,1024,1,512,4,,,,"ERROR: Could not find hyperparameters for the kernel instance corresponding to the target (batch_size, a, b, c, d, preci"
group1,2,2,1024,1024,1,512,8,,,,"ERROR: Could not find hyperparameters for the kernel instance corresponding to the target (batch_size, a, b, c, d, preci"
group1,2,2,1024,1024,1,512,16,,,,"ERROR: Could not find hyperparameters for the kernel instance corresponding to the target (batch_size, a, b, c, d, preci"
group1,2,2,1024,1024,1,512,32,,,,"ERROR: Could not find hyperparameters for the kernel instance corresponding to the target (batch_size, a, b, c, d, preci"
group1,2,2,1024,1024,1,512,64,,,,"ERROR: Could not find hyperparameters for the kernel instance corresponding to the target (batch_size, a, b, c, d, preci"
group1,2,2,1024,1024,1,512,128,,,,"ERROR: Could not find hyperparameters for the kernel instance corresponding to the target (batch_size, a, b, c, d, preci"
group1,2,2,1024,1024,1,512,256,,,,"ERROR: Could not find hyperparameters for the kernel instance corresponding to the target (batch_size, a, b, c, d, preci"
group1,2,2,1024,1024,1,512,512,,,,"ERROR: Could not find hyperparameters for the kernel instance corresponding to the target (batch_size, a, b, c, d, preci"
group1,2,2,1024,1024,1,512,1024,,,,"ERROR: Could not find hyperparameters for the kernel instance corresponding to the target (batch_size, a, b, c, d, preci"
group1,2,2,1024,1024,1,512,2048,,,,"ERROR: Could not find hyperparameters for the kernel instance corresponding to the target (batch_size, a, b, c, d, preci"
group1,2,2,1024,1024,1,512,4096,,,,"ERROR: Could not find hyperparameters for the kernel instance corresponding to the target (batch_size, a, b, c, d, preci"
group1,2,2,1024,1024,2,256,2,,,,"ERROR: Could not find hyperparameters for the kernel instance corresponding to the target (batch_size, a, b, c, d, preci"
group1,2,2,1024,1024,2,256,4,,,,"ERROR: Could not find hyperparameters for the kernel instance corresponding to the target (batch_size, a, b, c, d, preci"
group1,2,2,1024,1024,2,256,8,,,,"ERROR: Could not find hyperparameters for the kernel instance corresponding to the target (batch_size, a, b, c, d, preci"
group1,2,2,1024,1024,2,256,16,,,,"ERROR: Could not find hyperparameters for the kernel instance corresponding to the target (batch_size, a, b, c, d, preci"
group1,2,2,1024,1024,2,256,32,,,,"ERROR: Could not find hyperparameters for the kernel instance corresponding to the target (batch_size, a, b, c, d, preci"
group1,2,2,1024,1024,2,256,64,,,,"ERROR: Could not find hyperparameters for the kernel instance corresponding to the target (batch_size, a, b, c, d, preci"
group1,2,2,1024,1024,2,256,128,,,,"ERROR: Could not find hyperparameters for the kernel instance corresponding to the target (batch_size, a, b, c, d, preci"
group1,2,2,1024,1024,2,256,256,,,,"ERROR: Could not find hyperparameters for the kernel instance corresponding to the target (batch_size, a, b, c, d, preci"
group1,2,2,1024,1024,2,256,512,,,,"ERROR: Could not find hyperparameters for the kernel instance corresponding to the target (batch_size, a, b, c, d, preci"
group1,2,2,1024,1024,2,256,1024,,,,"ERROR: Could not find hyperparameters for the kernel instance corresponding to the target (batch_size, a, b, c, d, preci"
group1,2,2,1024,1024,2,256,2048,,,,"ERROR: Could not find hyperparameters for the kernel instance corresponding to the target (batch_size, a, b, c, d, preci"
group1,2,2,1024,1024,2,256,4096,,,,"ERROR: Could not find hyperparameters for the kernel instance corresponding to the target (batch_size, a, b, c, d, preci"
group1,2,2,1024,1024,4,128,2,,,,"ERROR: Could not find hyperparameters for the kernel instance corresponding to the target (batch_size, a, b, c, d, preci"
group1,2,2,1024,1024,4,128,4,,,,"ERROR: Could not find hyperparameters for the kernel instance corresponding to the target (batch_size, a, b, c, d, preci"
group1,2,2,1024,1024,4,128,8,,,,"ERROR: Could not find hyperparameters for the kernel instance corresponding to the target (batch_size, a, b, c, d, preci"
group1,2,2,1024,1024,4,128,16,,,,"ERROR: Could not find hyperparameters for the kernel instance corresponding to the target (batch_size, a, b, c, d, preci"
group1,2,2,1024,1024,4,128,32,,,,"ERROR: Could not find hyperparameters for the kernel instance corresponding to the target (batch_size, a, b, c, d, preci"
group1,2,2,1024,1024,4,128,64,,,,"ERROR: Could not find hyperparameters for the kernel instance corresponding to the target (batch_size, a, b, c, d, preci"
group1,2,2,1024,1024,4,128,128,,,,"ERROR: Could not find hyperparameters for the kernel instance corresponding to the target (batch_size, a, b, c, d, preci"
group1,2,2,1024,1024,4,128,256,,,,"ERROR: Could not find hyperparameters for the kernel instance corresponding to the target (batch_size, a, b, c, d, preci"
group1,2,2,1024,1024,4,128,512,,,,"ERROR: Could not find hyperparameters for the kernel instance corresponding to the target (batch_size, a, b, c, d, preci"
group1,2,2,1024,1024,4,128,1024,,,,"ERROR: Could not find hyperparameters for the kernel instance corresponding to the target (batch_size, a, b, c, d, preci"
group1,2,2,1024,1024,4,128,2048,,,,"ERROR: Could not find hyperparameters for the kernel instance corresponding to the target (batch_size, a, b, c, d, preci"
group1,2,2,1024,1024,4,128,4096,,,,"ERROR: Could not find hyperparameters for the kernel instance corresponding to the target (batch_size, a, b, c, d, preci"
group1,2,2,1024,1024,8,64,2,,,,"ERROR: Could not find hyperparameters for the kernel instance corresponding to the target (batch_size, a, b, c, d, preci"
group1,2,2,1024,1024,8,64,4,,,,"ERROR: Could not find hyperparameters for the kernel instance corresponding to the target (batch_size, a, b, c, d, preci"
group1,2,2,1024,1024,8,64,8,,,,"ERROR: Could not find hyperparameters for the kernel instance corresponding to the target (batch_size, a, b, c, d, preci"
group1,2,2,1024,1024,8,64,16,,,,"ERROR: Could not find hyperparameters for the kernel instance corresponding to the target (batch_size, a, b, c, d, preci"
group1,2,2,1024,1024,8,64,32,,,,"ERROR: Could not find hyperparameters for the kernel instance corresponding to the target (batch_size, a, b, c, d, preci"
group1,2,2,1024,1024,8,64,64,,,,"ERROR: Could not find hyperparameters for the kernel instance corresponding to the target (batch_size, a, b, c, d, preci"
group1,2,2,1024,1024,8,64,128,,,,"ERROR: Could not find hyperparameters for the kernel instance corresponding to the target (batch_size, a, b, c, d, preci"
group1,2,2,1024,1024,8,64,256,,,,"ERROR: Could not find hyperparameters for the kernel instance corresponding to the target (batch_size, a, b, c, d, preci"
group1,2,2,1024,1024,8,64,512,,,,"ERROR: Could not find hyperparameters for the kernel instance corresponding to the target (batch_size, a, b, c, d, preci"
group1,2,2,1024,1024,8,64,1024,,,,"ERROR: Could not find hyperparameters for the kernel instance corresponding to the target (batch_size, a, b, c, d, preci"
group1,2,2,1024,1024,8,64,2048,,,,"ERROR: Could not find hyperparameters for the kernel instance corresponding to the target (batch_size, a, b, c, d, preci"
group1,2,2,1024,1024,8,64,4096,,,,"ERROR: Could not find hyperparameters for the kernel instance corresponding to the target (batch_size, a, b, c, d, preci"
group1,2,2,1024,1024,16,32,2,,,,"ERROR: Could not find hyperparameters for the kernel instance corresponding to the target (batch_size, a, b, c, d, preci"
group1,2,2,1024,1024,16,32,4,,,,"ERROR: Could not find hyperparameters for the kernel instance corresponding to the target (batch_size, a, b, c, d, preci"
group1,2,2,1024,1024,16,32,8,,,,"ERROR: Could not find hyperparameters for the kernel instance corresponding to the target (batch_size, a, b, c, d, preci"
group1,2,2,1024,1024,16,32,16,,,,"ERROR: Could not find hyperparameters for the kernel instance corresponding to the target (batch_size, a, b, c, d, preci"
group1,2,2,1024,1024,16,32,32,,,,"ERROR: Could not find hyperparameters for the kernel instance corresponding to the target (batch_size, a, b, c, d, preci"
group1,2,2,1024,1024,16,32,64,,,,"ERROR: Could not find hyperparameters for the kernel instance corresponding to the target (batch_size, a, b, c, d, preci"
group1,2,2,1024,1024,16,32,128,,,,"ERROR: Could not find hyperparameters for the kernel instance corresponding to the target (batch_size, a, b, c, d, preci"
group1,2,2,1024,1024,16,32,256,,,,"ERROR: Could not find hyperparameters for the kernel instance corresponding to the target (batch_size, a, b, c, d, preci"
group1,2,2,1024,1024,16,32,512,,,,"ERROR: Could not find hyperparameters for the kernel instance corresponding to the target (batch_size, a, b, c, d, preci"
group1,2,2,1024,1024,16,32,1024,,,,"ERROR: Could not find hyperparameters for the kernel instance corresponding to the target (batch_size, a, b, c, d, preci"
group1,2,2,1024,1024,16,32,2048,,,,"ERROR: Could not find hyperparameters for the kernel instance corresponding to the target (batch_size, a, b, c, d, preci"
group1,2,2,1024,1024,16,32,4096,,,,"ERROR: Could not find hyperparameters for the kernel instance corresponding to the target (batch_size, a, b, c, d, preci"
group1,2,2,1024,1024,32,16,2,,,,"ERROR: Could not find hyperparameters for the kernel instance corresponding to the target (batch_size, a, b, c, d, preci"
group1,2,2,1024,1024,32,16,4,,,,"ERROR: Could not find hyperparameters for the kernel instance corresponding to the target (batch_size, a, b, c, d, preci"
group1,2,2,1024,1024,32,16,8,,,,"ERROR: Could not find hyperparameters for the kernel instance corresponding to the target (batch_size, a, b, c, d, preci"
group1,2,2,1024,1024,32,16,16,,,,"ERROR: Could not find hyperparameters for the kernel instance corresponding to the target (batch_size, a, b, c, d, preci"
group1,2,2,1024,1024,32,16,32,,,,"ERROR: Could not find hyperparameters for the kernel instance corresponding to the target (batch_size, a, b, c, d, preci"
group1,2,2,1024,1024,32,16,64,,,,"ERROR: Could not find hyperparameters for the kernel instance corresponding to the target (batch_size, a, b, c, d, preci"
group1,2,2,1024,1024,32,16,128,,,,"ERROR: Could not find hyperparameters for the kernel instance corresponding to the target (batch_size, a, b, c, d, preci"
group1,2,2,1024,1024,32,16,256,,,,"ERROR: Could not find hyperparameters for the kernel instance corresponding to the target (batch_size, a, b, c, d, preci"
group1,2,2,1024,1024,32,16,512,,,,"ERROR: Could not find hyperparameters for the kernel instance corresponding to the target (batch_size, a, b, c, d, preci"
group1,2,2,1024,1024,32,16,1024,,,,"ERROR: Could not find hyperparameters for the kernel instance corresponding to the target (batch_size, a, b, c, d, preci"
group1,2,2,1024,1024,32,16,2048,,,,"ERROR: Could not find hyperparameters for the kernel instance corresponding to the target (batch_size, a, b, c, d, preci"
group1,2,2,1024,1024,32,16,4096,,,,"ERROR: Could not find hyperparameters for the kernel instance corresponding to the target (batch_size, a, b, c, d, preci"
group1,2,2,1024,1024,64,8,2,,,,"ERROR: Could not find hyperparameters for the kernel instance corresponding to the target (batch_size, a, b, c, d, preci"
group1,2,2,1024,1024,64,8,4,,,,"ERROR: Could not find hyperparameters for the kernel instance corresponding to the target (batch_size, a, b, c, d, preci"
group1,2,2,1024,1024,64,8,8,,,,"ERROR: Could not find hyperparameters for the kernel instance corresponding to the target (batch_size, a, b, c, d, preci"
group1,2,2,1024,1024,64,8,16,,,,"ERROR: Could not find hyperparameters for the kernel instance corresponding to the target (batch_size, a, b, c, d, preci"
group1,2,2,1024,1024,64,8,32,,,,"ERROR: Could not find hyperparameters for the kernel instance corresponding to the target (batch_size, a, b, c, d, preci"
group1,2,2,1024,1024,64,8,64,,,,"ERROR: Could not find hyperparameters for the kernel instance corresponding to the target (batch_size, a, b, c, d, preci"
group1,2,2,1024,1024,64,8,128,,,,"ERROR: Could not find hyperparameters for the kernel instance corresponding to the target (batch_size, a, b, c, d, preci"
group1,2,2,1024,1024,64,8,256,,,,"ERROR: Could not find hyperparameters for the kernel instance corresponding to the target (batch_size, a, b, c, d, preci"
group1,2,2,1024,1024,64,8,512,,,,"ERROR: Could not find hyperparameters for the kernel instance corresponding to the target (batch_size, a, b, c, d, preci"
group1,2,2,1024,1024,64,8,1024,,,,"ERROR: Could not find hyperparameters for the kernel instance corresponding to the target (batch_size, a, b, c, d, preci"
group1,2,2,1024,1024,64,8,2048,,,,"ERROR: Could not find hyperparameters for the kernel instance corresponding to the target (batch_size, a, b, c, d, preci"
group1,2,2,1024,1024,64,8,4096,,,,"ERROR: Could not find hyperparameters for the kernel instance corresponding to the target (batch_size, a, b, c, d, preci"
group1,2,2,1024,1024,128,4,2,,,,"ERROR: Could not find hyperparameters for the kernel instance corresponding to the target (batch_size, a, b, c, d, preci"
group1,2,2,1024,1024,128,4,4,,,,"ERROR: Could not find hyperparameters for the kernel instance corresponding to the target (batch_size, a, b, c, d, preci"
group1,2,2,1024,1024,128,4,8,,,,"ERROR: Could not find hyperparameters for the kernel instance corresponding to the target (batch_size, a, b, c, d, preci"
group1,2,2,1024,1024,128,4,16,,,,"ERROR: Could not find hyperparameters for the kernel instance corresponding to the target (batch_size, a, b, c, d, preci"
group1,2,2,1024,1024,128,4,32,,,,"ERROR: Could not find hyperparameters for the kernel instance corresponding to the target (batch_size, a, b, c, d, preci"
group1,2,2,1024,1024,128,4,64,,,,"ERROR: Could not find hyperparameters for the kernel instance corresponding to the target (batch_size, a, b, c, d, preci"
group1,2,2,1024,1024,128,4,128,,,,"ERROR: Could not find hyperparameters for the kernel instance corresponding to the target (batch_size, a, b, c, d, preci"
group1,2,2,1024,1024,128,4,256,,,,"ERROR: Could not find hyperparameters for the kernel instance corresponding to the target (batch_size, a, b, c, d, preci"
group1,2,2,1024,1024,128,4,512,,,,"ERROR: Could not find hyperparameters for the kernel instance corresponding to the target (batch_size, a, b, c, d, preci"
group1,2,2,1024,1024,128,4,1024,,,,"ERROR: Could not find hyperparameters for the kernel instance corresponding to the target (batch_size, a, b, c, d, preci"
group1,2,2,1024,1024,128,4,2048,,,,"ERROR: Could not find hyperparameters for the kernel instance corresponding to the target (batch_size, a, b, c, d, preci"
group1,2,2,1024,1024,128,4,4096,,,,"ERROR: Could not find hyperparameters for the kernel instance corresponding to the target (batch_size, a, b, c, d, preci"
group1,2,2,1024,1024,256,2,2,,,,"ERROR: Could not find hyperparameters for the kernel instance corresponding to the target (batch_size, a, b, c, d, preci"
group1,2,2,1024,1024,256,2,4,,,,"ERROR: Could not find hyperparameters for the kernel instance corresponding to the target (batch_size, a, b, c, d, preci"
group1,2,2,1024,1024,256,2,8,,,,"ERROR: Could not find hyperparameters for the kernel instance corresponding to the target (batch_size, a, b, c, d, preci"
group1,2,2,1024,1024,256,2,16,,,,"ERROR: Could not find hyperparameters for the kernel instance corresponding to the target (batch_size, a, b, c, d, preci"
group1,2,2,1024,1024,256,2,32,,,,"ERROR: Could not find hyperparameters for the kernel instance corresponding to the target (batch_size, a, b, c, d, preci"
group1,2,2,1024,1024,256,2,64,,,,"ERROR: Could not find hyperparameters for the kernel instance corresponding to the target (batch_size, a, b, c, d, preci"
group1,2,2,1024,1024,256,2,128,,,,"ERROR: Could not find hyperparameters for the kernel instance corresponding to the target (batch_size, a, b, c, d, preci"
group1,2,2,1024,1024,256,2,256,,,,"ERROR: Could not find hyperparameters for the kernel instance corresponding to the target (batch_size, a, b, c, d, preci"
group1,2,2,1024,1024,256,2,512,,,,"ERROR: Could not find hyperparameters for the kernel instance corresponding to the target (batch_size, a, b, c, d, preci"
group1,2,2,1024,1024,256,2,1024,,,,"ERROR: Could not find hyperparameters for the kernel instance corresponding to the target (batch_size, a, b, c, d, preci"
group1,2,2,1024,1024,256,2,2048,,,,"ERROR: Could not find hyperparameters for the kernel instance corresponding to the target (batch_size, a, b, c, d, preci"
group1,2,2,1024,1024,256,2,4096,,,,"ERROR: Could not find hyperparameters for the kernel instance corresponding to the target (batch_size, a, b, c, d, preci"
group1,2,2,1024,1024,512,1,2,,,,"ERROR: Could not find hyperparameters for the kernel instance corresponding to the target (batch_size, a, b, c, d, preci"
group1,2,2,1024,1024,512,1,4,,,,"ERROR: Could not find hyperparameters for the kernel instance corresponding to the target (batch_size, a, b, c, d, preci"
group1,2,2,1024,1024,512,1,8,,,,"ERROR: Could not find hyperparameters for the kernel instance corresponding to the target (batch_size, a, b, c, d, preci"
group1,2,2,1024,1024,512,1,16,,,,"ERROR: Could not find hyperparameters for the kernel instance corresponding to the target (batch_size, a, b, c, d, preci"
group1,2,2,1024,1024,512,1,32,,,,"ERROR: Could not find hyperparameters for the kernel instance corresponding to the target (batch_size, a, b, c, d, preci"
group1,2,2,1024,1024,512,1,64,,,,"ERROR: Could not find hyperparameters for the kernel instance corresponding to the target (batch_size, a, b, c, d, preci"
group1,2,2,1024,1024,512,1,128,,,,"ERROR: Could not find hyperparameters for the kernel instance corresponding to the target (batch_size, a, b, c, d, preci"
group1,2,2,1024,1024,512,1,256,,,,"ERROR: Could not find hyperparameters for the kernel instance corresponding to the target (batch_size, a, b, c, d, preci"
group1,2,2,1024,1024,512,1,512,,,,"ERROR: Could not find hyperparameters for the kernel instance corresponding to the target (batch_size, a, b, c, d, preci"
group1,2,2,1024,1024,512,1,1024,,,,"ERROR: Could not find hyperparameters for the kernel instance corresponding to the target (batch_size, a, b, c, d, preci"
group1,2,2,1024,1024,512,1,2048,,,,"ERROR: Could not find hyperparameters for the kernel instance corresponding to the target (batch_size, a, b, c, d, preci"
group1,2,2,1024,1024,512,1,4096,,,,"ERROR: Could not find hyperparameters for the kernel instance corresponding to the target (batch_size, a, b, c, d, preci"
group1,2,2,2048,2048,1,1024,2,,,,"ERROR: Could not find hyperparameters for the kernel instance corresponding to the target (batch_size, a, b, c, d, preci"
group1,2,2,2048,2048,1,1024,4,,,,"ERROR: Could not find hyperparameters for the kernel instance corresponding to the target (batch_size, a, b, c, d, preci"
group1,2,2,2048,2048,1,1024,8,,,,"ERROR: Could not find hyperparameters for the kernel instance corresponding to the target (batch_size, a, b, c, d, preci"
group1,2,2,2048,2048,1,1024,16,,,,"ERROR: Could not find hyperparameters for the kernel instance corresponding to the target (batch_size, a, b, c, d, preci"
group1,2,2,2048,2048,1,1024,32,,,,"ERROR: Could not find hyperparameters for the kernel instance corresponding to the target (batch_size, a, b, c, d, preci"
group1,2,2,2048,2048,1,1024,64,,,,"ERROR: Could not find hyperparameters for the kernel instance corresponding to the target (batch_size, a, b, c, d, preci"
group1,2,2,2048,2048,1,1024,128,,,,"ERROR: Could not find hyperparameters for the kernel instance corresponding to the target (batch_size, a, b, c, d, preci"
group1,2,2,2048,2048,1,1024,256,,,,"ERROR: Could not find hyperparameters for the kernel instance corresponding to the target (batch_size, a, b, c, d, preci"
group1,2,2,2048,2048,1,1024,512,,,,"ERROR: Could not find hyperparameters for the kernel instance corresponding to the target (batch_size, a, b, c, d, preci"
group1,2,2,2048,2048,1,1024,1024,,,,"ERROR: Could not find hyperparameters for the kernel instance corresponding to the target (batch_size, a, b, c, d, preci"
group1,2,2,2048,2048,1,1024,2048,,,,"ERROR: Could not find hyperparameters for the kernel instance corresponding to the target (batch_size, a, b, c, d, preci"
group1,2,2,2048,2048,1,1024,4096,,,,"ERROR: Could not find hyperparameters for the kernel instance corresponding to the target (batch_size, a, b, c, d, preci"
group1,2,2,2048,2048,2,512,2,,,,"ERROR: Could not find hyperparameters for the kernel instance corresponding to the target (batch_size, a, b, c, d, preci"
group1,2,2,2048,2048,2,512,4,,,,"ERROR: Could not find hyperparameters for the kernel instance corresponding to the target (batch_size, a, b, c, d, preci"
group1,2,2,2048,2048,2,512,8,,,,"ERROR: Could not find hyperparameters for the kernel instance corresponding to the target (batch_size, a, b, c, d, preci"
group1,2,2,2048,2048,2,512,16,,,,"ERROR: Could not find hyperparameters for the kernel instance corresponding to the target (batch_size, a, b, c, d, preci"
group1,2,2,2048,2048,2,512,32,,,,"ERROR: Could not find hyperparameters for the kernel instance corresponding to the target (batch_size, a, b, c, d, preci"
group1,2,2,2048,2048,2,512,64,,,,"ERROR: Could not find hyperparameters for the kernel instance corresponding to the target (batch_size, a, b, c, d, preci"
group1,2,2,2048,2048,2,512,128,,,,"ERROR: Could not find hyperparameters for the kernel instance corresponding to the target (batch_size, a, b, c, d, preci"
group1,2,2,2048,2048,2,512,256,,,,"ERROR: Could not find hyperparameters for the kernel instance corresponding to the target (batch_size, a, b, c, d, preci"
group1,2,2,2048,2048,2,512,512,,,,"ERROR: Could not find hyperparameters for the kernel instance corresponding to the target (batch_size, a, b, c, d, preci"
group1,2,2,2048,2048,2,512,1024,,,,"ERROR: Could not find hyperparameters for the kernel instance corresponding to the target (batch_size, a, b, c, d, preci"
group1,2,2,2048,2048,2,512,2048,,,,"ERROR: Could not find hyperparameters for the kernel instance corresponding to the target (batch_size, a, b, c, d, preci"
group1,2,2,2048,2048,2,512,4096,,,,"ERROR: Could not find hyperparameters for the kernel instance corresponding to the target (batch_size, a, b, c, d, preci"
group1,2,2,2048,2048,4,256,2,,,,"ERROR: Could not find hyperparameters for the kernel instance corresponding to the target (batch_size, a, b, c, d, preci"
group1,2,2,2048,2048,4,256,4,,,,"ERROR: Could not find hyperparameters for the kernel instance corresponding to the target (batch_size, a, b, c, d, preci"
group1,2,2,2048,2048,4,256,8,,,,"ERROR: Could not find hyperparameters for the kernel instance corresponding to the target (batch_size, a, b, c, d, preci"
group1,2,2,2048,2048,4,256,16,,,,"ERROR: Could not find hyperparameters for the kernel instance corresponding to the target (batch_size, a, b, c, d, preci"
group1,2,2,2048,2048,4,256,32,,,,"ERROR: Could not find hyperparameters for the kernel instance corresponding to the target (batch_size, a, b, c, d, preci"
group1,2,2,2048,2048,4,256,64,,,,"ERROR: Could not find hyperparameters for the kernel instance corresponding to the target (batch_size, a, b, c, d, preci"
group1,2,2,2048,2048,4,256,128,,,,"ERROR: Could not find hyperparameters for the kernel instance corresponding to the target (batch_size, a, b, c, d, preci"
group1,2,2,2048,2048,4,256,256,,,,"ERROR: Could not find hyperparameters for the kernel instance corresponding to the target (batch_size, a, b, c, d, preci"
group1,2,2,2048,2048,4,256,512,,,,"ERROR: Could not find hyperparameters for the kernel instance corresponding to the target (batch_size, a, b, c, d, preci"
group1,2,2,2048,2048,4,256,1024,,,,"ERROR: Could not find hyperparameters for the kernel instance corresponding to the target (batch_size, a, b, c, d, preci"
group1,2,2,2048,2048,4,256,2048,,,,"ERROR: Could not find hyperparameters for the kernel instance corresponding to the target (batch_size, a, b, c, d, preci"
group1,2,2,2048,2048,4,256,4096,,,,"ERROR: Could not find hyperparameters for the kernel instance corresponding to the target (batch_size, a, b, c, d, preci"
group1,2,2,2048,2048,8,128,2,,,,"ERROR: Could not find hyperparameters for the kernel instance corresponding to the target (batch_size, a, b, c, d, preci"
group1,2,2,2048,2048,8,128,4,,,,"ERROR: Could not find hyperparameters for the kernel instance corresponding to the target (batch_size, a, b, c, d, preci"
group1,2,2,2048,2048,8,128,8,,,,"ERROR: Could not find hyperparameters for the kernel instance corresponding to the target (batch_size, a, b, c, d, preci"
group1,2,2,2048,2048,8,128,16,,,,"ERROR: Could not find hyperparameters for the kernel instance corresponding to the target (batch_size, a, b, c, d, preci"
group1,2,2,2048,2048,8,128,32,,,,"ERROR: Could not find hyperparameters for the kernel instance corresponding to the target (batch_size, a, b, c, d, preci"
group1,2,2,2048,2048,8,128,64,,,,"ERROR: Could not find hyperparameters for the kernel instance corresponding to the target (batch_size, a, b, c, d, preci"
group1,2,2,2048,2048,8,128,128,,,,"ERROR: Could not find hyperparameters for the kernel instance corresponding to the target (batch_size, a, b, c, d, preci"
group1,2,2,2048,2048,8,128,256,,,,"ERROR: Could not find hyperparameters for the kernel instance corresponding to the target (batch_size, a, b, c, d, preci"
group1,2,2,2048,2048,8,128,512,,,,"ERROR: Could not find hyperparameters for the kernel instance corresponding to the target (batch_size, a, b, c, d, preci"
group1,2,2,2048,2048,8,128,1024,,,,"ERROR: Could not find hyperparameters for the kernel instance corresponding to the target (batch_size, a, b, c, d, preci"
group1,2,2,2048,2048,8,128,2048,,,,"ERROR: Could not find hyperparameters for the kernel instance corresponding to the target (batch_size, a, b, c, d, preci"
group1,2,2,2048,2048,8,128,4096,,,,"ERROR: Could not find hyperparameters for the kernel instance corresponding to the target (batch_size, a, b, c, d, preci"
group1,2,2,2048,2048,16,64,2,,,,"ERROR: Could not find hyperparameters for the kernel instance corresponding to the target (batch_size, a, b, c, d, preci"
group1,2,2,2048,2048,16,64,4,,,,"ERROR: Could not find hyperparameters for the kernel instance corresponding to the target (batch_size, a, b, c, d, preci"
group1,2,2,2048,2048,16,64,8,,,,"ERROR: Could not find hyperparameters for the kernel instance corresponding to the target (batch_size, a, b, c, d, preci"
group1,2,2,2048,2048,16,64,16,,,,"ERROR: Could not find hyperparameters for the kernel instance corresponding to the target (batch_size, a, b, c, d, preci"
group1,2,2,2048,2048,16,64,32,,,,"ERROR: Could not find hyperparameters for the kernel instance corresponding to the target (batch_size, a, b, c, d, preci"
group1,2,2,2048,2048,16,64,64,,,,"ERROR: Could not find hyperparameters for the kernel instance corresponding to the target (batch_size, a, b, c, d, preci"
group1,2,2,2048,2048,16,64,128,,,,"ERROR: Could not find hyperparameters for the kernel instance corresponding to the target (batch_size, a, b, c, d, preci"
group1,2,2,2048,2048,16,64,256,,,,"ERROR: Could not find hyperparameters for the kernel instance corresponding to the target (batch_size, a, b, c, d, preci"
group1,2,2,2048,2048,16,64,512,,,,"ERROR: Could not find hyperparameters for the kernel instance corresponding to the target (batch_size, a, b, c, d, preci"
group1,2,2,2048,2048,16,64,1024,,,,"ERROR: Could not find hyperparameters for the kernel instance corresponding to the target (batch_size, a, b, c, d, preci"
group1,2,2,2048,2048,16,64,2048,,,,"ERROR: Could not find hyperparameters for the kernel instance corresponding to the target (batch_size, a, b, c, d, preci"
group1,2,2,2048,2048,16,64,4096,,,,"ERROR: Could not find hyperparameters for the kernel instance corresponding to the target (batch_size, a, b, c, d, preci"
group1,2,2,2048,2048,32,32,2,,,,"ERROR: Could not find hyperparameters for the kernel instance corresponding to the target (batch_size, a, b, c, d, preci"
group1,2,2,2048,2048,32,32,4,,,,"ERROR: Could not find hyperparameters for the kernel instance corresponding to the target (batch_size, a, b, c, d, preci"
group1,2,2,2048,2048,32,32,8,,,,"ERROR: Could not find hyperparameters for the kernel instance corresponding to the target (batch_size, a, b, c, d, preci"
group1,2,2,2048,2048,32,32,16,,,,"ERROR: Could not find hyperparameters for the kernel instance corresponding to the target (batch_size, a, b, c, d, preci"
group1,2,2,2048,2048,32,32,32,,,,"ERROR: Could not find hyperparameters for the kernel instance corresponding to the target (batch_size, a, b, c, d, preci"
group1,2,2,2048,2048,32,32,64,,,,"ERROR: Could not find hyperparameters for the kernel instance corresponding to the target (batch_size, a, b, c, d, preci"
group1,2,2,2048,2048,32,32,128,,,,"ERROR: Could not find hyperparameters for the kernel instance corresponding to the target (batch_size, a, b, c, d, preci"
group1,2,2,2048,2048,32,32,256,,,,"ERROR: Could not find hyperparameters for the kernel instance corresponding to the target (batch_size, a, b, c, d, preci"
group1,2,2,2048,2048,32,32,512,,,,"ERROR: Could not find hyperparameters for the kernel instance corresponding to the target (batch_size, a, b, c, d, preci"
group1,2,2,2048,2048,32,32,1024,,,,"ERROR: Could not find hyperparameters for the kernel instance corresponding to the target (batch_size, a, b, c, d, preci"
group1,2,2,2048,2048,32,32,2048,,,,"ERROR: Could not find hyperparameters for the kernel instance corresponding to the target (batch_size, a, b, c, d, preci"
group1,2,2,2048,2048,32,32,4096,,,,"ERROR: Could not find hyperparameters for the kernel instance corresponding to the target (batch_size, a, b, c, d, preci"
group1,2,2,2048,2048,64,16,2,,,,"ERROR: Could not find hyperparameters for the kernel instance corresponding to the target (batch_size, a, b, c, d, preci"
group1,2,2,2048,2048,64,16,4,,,,"ERROR: Could not find hyperparameters for the kernel instance corresponding to the target (batch_size, a, b, c, d, preci"
group1,2,2,2048,2048,64,16,8,,,,"ERROR: Could not find hyperparameters for the kernel instance corresponding to the target (batch_size, a, b, c, d, preci"
group1,2,2,2048,2048,64,16,16,,,,"ERROR: Could not find hyperparameters for the kernel instance corresponding to the target (batch_size, a, b, c, d, preci"
group1,2,2,2048,2048,64,16,32,,,,"ERROR: Could not find hyperparameters for the kernel instance corresponding to the target (batch_size, a, b, c, d, preci"
group1,2,2,2048,2048,64,16,64,,,,"ERROR: Could not find hyperparameters for the kernel instance corresponding to the target (batch_size, a, b, c, d, preci"
group1,2,2,2048,2048,64,16,128,,,,"ERROR: Could not find hyperparameters for the kernel instance corresponding to the target (batch_size, a, b, c, d, preci"
group1,2,2,2048,2048,64,16,256,,,,"ERROR: Could not find hyperparameters for the kernel instance corresponding to the target (batch_size, a, b, c, d, preci"
group1,2,2,2048,2048,64,16,512,,,,"ERROR: Could not find hyperparameters for the kernel instance corresponding to the target (batch_size, a, b, c, d, preci"
group1,2,2,2048,2048,64,16,1024,,,,"ERROR: Could not find hyperparameters for the kernel instance corresponding to the target (batch_size, a, b, c, d, preci"
group1,2,2,2048,2048,64,16,2048,,,,"ERROR: Could not find hyperparameters for the kernel instance corresponding to the target (batch_size, a, b, c, d, preci"
group1,2,2,2048,2048,64,16,4096,,,,"ERROR: Could not find hyperparameters for the kernel instance corresponding to the target (batch_size, a, b, c, d, preci"
group1,2,2,2048,2048,128,8,2,,,,"ERROR: Could not find hyperparameters for the kernel instance corresponding to the target (batch_size, a, b, c, d, preci"
group1,2,2,2048,2048,128,8,4,,,,"ERROR: Could not find hyperparameters for the kernel instance corresponding to the target (batch_size, a, b, c, d, preci"
group1,2,2,2048,2048,128,8,8,,,,"ERROR: Could not find hyperparameters for the kernel instance corresponding to the target (batch_size, a, b, c, d, preci"
group1,2,2,2048,2048,128,8,16,,,,"ERROR: Could not find hyperparameters for the kernel instance corresponding to the target (batch_size, a, b, c, d, preci"
group1,2,2,2048,2048,128,8,32,,,,"ERROR: Could not find hyperparameters for the kernel instance corresponding to the target (batch_size, a, b, c, d, preci"
group1,2,2,2048,2048,128,8,64,,,,"ERROR: Could not find hyperparameters for the kernel instance corresponding to the target (batch_size, a, b, c, d, preci"
group1,2,2,2048,2048,128,8,128,,,,"ERROR: Could not find hyperparameters for the kernel instance corresponding to the target (batch_size, a, b, c, d, preci"
group1,2,2,2048,2048,128,8,256,,,,"ERROR: Could not find hyperparameters for the kernel instance corresponding to the target (batch_size, a, b, c, d, preci"
group1,2,2,2048,2048,128,8,512,,,,"ERROR: Could not find hyperparameters for the kernel instance corresponding to the target (batch_size, a, b, c, d, preci"
group1,2,2,2048,2048,128,8,1024,,,,"ERROR: Could not find hyperparameters for the kernel instance corresponding to the target (batch_size, a, b, c, d, preci"
group1,2,2,2048,2048,128,8,2048,,,,"ERROR: Could not find hyperparameters for the kernel instance corresponding to the target (batch_size, a, b, c, d, preci"
group1,2,2,2048,2048,128,8,4096,,,,"ERROR: Could not find hyperparameters for the kernel instance corresponding to the target (batch_size, a, b, c, d, preci"
group1,2,2,2048,2048,256,4,2,,,,"ERROR: Could not find hyperparameters for the kernel instance corresponding to the target (batch_size, a, b, c, d, preci"
group1,2,2,2048,2048,256,4,4,,,,"ERROR: Could not find hyperparameters for the kernel instance corresponding to the target (batch_size, a, b, c, d, preci"
group1,2,2,2048,2048,256,4,8,,,,"ERROR: Could not find hyperparameters for the kernel instance corresponding to the target (batch_size, a, b, c, d, preci"
group1,2,2,2048,2048,256,4,16,,,,"ERROR: Could not find hyperparameters for the kernel instance corresponding to the target (batch_size, a, b, c, d, preci"
group1,2,2,2048,2048,256,4,32,,,,"ERROR: Could not find hyperparameters for the kernel instance corresponding to the target (batch_size, a, b, c, d, preci"
group1,2,2,2048,2048,256,4,64,,,,"ERROR: Could not find hyperparameters for the kernel instance corresponding to the target (batch_size, a, b, c, d, preci"
group1,2,2,2048,2048,256,4,128,,,,"ERROR: Could not find hyperparameters for the kernel instance corresponding to the target (batch_size, a, b, c, d, preci"
group1,2,2,2048,2048,256,4,256,,,,"ERROR: Could not find hyperparameters for the kernel instance corresponding to the target (batch_size, a, b, c, d, preci"
group1,2,2,2048,2048,256,4,512,,,,"ERROR: Could not find hyperparameters for the kernel instance corresponding to the target (batch_size, a, b, c, d, preci"
group1,2,2,2048,2048,256,4,1024,,,,"ERROR: Could not find hyperparameters for the kernel instance corresponding to the target (batch_size, a, b, c, d, preci"
group1,2,2,2048,2048,256,4,2048,,,,"ERROR: Could not find hyperparameters for the kernel instance corresponding to the target (batch_size, a, b, c, d, preci"
group1,2,2,2048,2048,256,4,4096,,,,"ERROR: Could not find hyperparameters for the kernel instance corresponding to the target (batch_size, a, b, c, d, preci"
group1,2,2,2048,2048,512,2,2,,,,"ERROR: Could not find hyperparameters for the kernel instance corresponding to the target (batch_size, a, b, c, d, preci"
group1,2,2,2048,2048,512,2,4,,,,"ERROR: Could not find hyperparameters for the kernel instance corresponding to the target (batch_size, a, b, c, d, preci"
group1,2,2,2048,2048,512,2,8,,,,"ERROR: Could not find hyperparameters for the kernel instance corresponding to the target (batch_size, a, b, c, d, preci"
group1,2,2,2048,2048,512,2,16,,,,"ERROR: Could not find hyperparameters for the kernel instance corresponding to the target (batch_size, a, b, c, d, preci"
group1,2,2,2048,2048,512,2,32,,,,"ERROR: Could not find hyperparameters for the kernel instance corresponding to the target (batch_size, a, b, c, d, preci"
group1,2,2,2048,2048,512,2,64,,,,"ERROR: Could not find hyperparameters for the kernel instance corresponding to the target (batch_size, a, b, c, d, preci"
group1,2,2,2048,2048,512,2,128,,,,"ERROR: Could not find hyperparameters for the kernel instance corresponding to the target (batch_size, a, b, c, d, preci"
group1,2,2,2048,2048,512,2,256,,,,"ERROR: Could not find hyperparameters for the kernel instance corresponding to the target (batch_size, a, b, c, d, preci"
group1,2,2,2048,2048,512,2,512,,,,"ERROR: Could not find hyperparameters for the kernel instance corresponding to the target (batch_size, a, b, c, d, preci"
group1,2,2,2048,2048,512,2,1024,,,,"ERROR: Could not find hyperparameters for the kernel instance corresponding to the target (batch_size, a, b, c, d, preci"
group1,2,2,2048,2048,512,2,2048,,,,"ERROR: Could not find hyperparameters for the kernel instance corresponding to the target (batch_size, a, b, c, d, preci"
group1,2,2,2048,2048,512,2,4096,,,,"ERROR: Could not find hyperparameters for the kernel instance corresponding to the target (batch_size, a, b, c, d, preci"
group1,2,2,2048,2048,1024,1,2,,,,"ERROR: Could not find hyperparameters for the kernel instance corresponding to the target (batch_size, a, b, c, d, preci"
group1,2,2,2048,2048,1024,1,4,,,,"ERROR: Could not find hyperparameters for the kernel instance corresponding to the target (batch_size, a, b, c, d, preci"
group1,2,2,2048,2048,1024,1,8,,,,"ERROR: Could not find hyperparameters for the kernel instance corresponding to the target (batch_size, a, b, c, d, preci"
group1,2,2,2048,2048,1024,1,16,,,,"ERROR: Could not find hyperparameters for the kernel instance corresponding to the target (batch_size, a, b, c, d, preci"
group1,2,2,2048,2048,1024,1,32,,,,"ERROR: Could not find hyperparameters for the kernel instance corresponding to the target (batch_size, a, b, c, d, preci"
group1,2,2,2048,2048,1024,1,64,,,,"ERROR: Could not find hyperparameters for the kernel instance corresponding to the target (batch_size, a, b, c, d, preci"
group1,2,2,2048,2048,1024,1,128,,,,"ERROR: Could not find hyperparameters for the kernel instance corresponding to the target (batch_size, a, b, c, d, preci"
group1,2,2,2048,2048,1024,1,256,,,,"ERROR: Could not find hyperparameters for the kernel instance corresponding to the target (batch_size, a, b, c, d, preci"
group1,2,2,2048,2048,1024,1,512,,,,"ERROR: Could not find hyperparameters for the kernel instance corresponding to the target (batch_size, a, b, c, d, preci"
group1,2,2,2048,2048,1024,1,1024,,,,"ERROR: Could not find hyperparameters for the kernel instance corresponding to the target (batch_size, a, b, c, d, preci"
group1,2,2,2048,2048,1024,1,2048,,,,"ERROR: Could not find hyperparameters for the kernel instance corresponding to the target (batch_size, a, b, c, d, preci"
group1,2,2,2048,2048,1024,1,4096,,,,"ERROR: Could not find hyperparameters for the kernel instance corresponding to the target (batch_size, a, b, c, d, preci"
group1,2,2,4096,4096,1,2048,2,,,,"ERROR: Could not find hyperparameters for the kernel instance corresponding to the target (batch_size, a, b, c, d, preci"
group1,2,2,4096,4096,1,2048,4,,,,"ERROR: Could not find hyperparameters for the kernel instance corresponding to the target (batch_size, a, b, c, d, preci"
group1,2,2,4096,4096,1,2048,8,,,,"ERROR: Could not find hyperparameters for the kernel instance corresponding to the target (batch_size, a, b, c, d, preci"
group1,2,2,4096,4096,1,2048,16,,,,"ERROR: Could not find hyperparameters for the kernel instance corresponding to the target (batch_size, a, b, c, d, preci"
group1,2,2,4096,4096,1,2048,32,,,,"ERROR: Could not find hyperparameters for the kernel instance corresponding to the target (batch_size, a, b, c, d, preci"
group1,2,2,4096,4096,1,2048,64,,,,"ERROR: Could not find hyperparameters for the kernel instance corresponding to the target (batch_size, a, b, c, d, preci"
group1,2,2,4096,4096,1,2048,128,,,,"ERROR: Could not find hyperparameters for the kernel instance corresponding to the target (batch_size, a, b, c, d, preci"
group1,2,2,4096,4096,1,2048,256,,,,"ERROR: Could not find hyperparameters for the kernel instance corresponding to the target (batch_size, a, b, c, d, preci"
group1,2,2,4096,4096,1,2048,512,,,,"ERROR: Could not find hyperparameters for the kernel instance corresponding to the target (batch_size, a, b, c, d, preci"
group1,2,2,4096,4096,1,2048,1024,,,,"ERROR: Could not find hyperparameters for the kernel instance corresponding to the target (batch_size, a, b, c, d, preci"
group1,2,2,4096,4096,1,2048,2048,,,,"ERROR: Could not find hyperparameters for the kernel instance corresponding to the target (batch_size, a, b, c, d, preci"
group1,2,2,4096,4096,1,2048,4096,,,,"ERROR: Could not find hyperparameters for the kernel instance corresponding to the target (batch_size, a, b, c, d, preci"
group1,2,2,4096,4096,2,1024,2,,,,"ERROR: Could not find hyperparameters for the kernel instance corresponding to the target (batch_size, a, b, c, d, preci"
group1,2,2,4096,4096,2,1024,4,,,,"ERROR: Could not find hyperparameters for the kernel instance corresponding to the target (batch_size, a, b, c, d, preci"
group1,2,2,4096,4096,2,1024,8,,,,"ERROR: Could not find hyperparameters for the kernel instance corresponding to the target (batch_size, a, b, c, d, preci"
group1,2,2,4096,4096,2,1024,16,,,,"ERROR: Could not find hyperparameters for the kernel instance corresponding to the target (batch_size, a, b, c, d, preci"
group1,2,2,4096,4096,2,1024,32,,,,"ERROR: Could not find hyperparameters for the kernel instance corresponding to the target (batch_size, a, b, c, d, preci"
group1,2,2,4096,4096,2,1024,64,,,,"ERROR: Could not find hyperparameters for the kernel instance corresponding to the target (batch_size, a, b, c, d, preci"
group1,2,2,4096,4096,2,1024,128,,,,"ERROR: Could not find hyperparameters for the kernel instance corresponding to the target (batch_size, a, b, c, d, preci"
group1,2,2,4096,4096,2,1024,256,,,,"ERROR: Could not find hyperparameters for the kernel instance corresponding to the target (batch_size, a, b, c, d, preci"
group1,2,2,4096,4096,2,1024,512,,,,"ERROR: Could not find hyperparameters for the kernel instance corresponding to the target (batch_size, a, b, c, d, preci"
group1,2,2,4096,4096,2,1024,1024,,,,"ERROR: Could not find hyperparameters for the kernel instance corresponding to the target (batch_size, a, b, c, d, preci"
group1,2,2,4096,4096,2,1024,2048,,,,"ERROR: Could not find hyperparameters for the kernel instance corresponding to the target (batch_size, a, b, c, d, preci"
group1,2,2,4096,4096,2,1024,4096,,,,"ERROR: Could not find hyperparameters for the kernel instance corresponding to the target (batch_size, a, b, c, d, preci"
group1,2,2,4096,4096,4,512,2,,,,"ERROR: Could not find hyperparameters for the kernel instance corresponding to the target (batch_size, a, b, c, d, preci"
group1,2,2,4096,4096,4,512,4,,,,"ERROR: Could not find hyperparameters for the kernel instance corresponding to the target (batch_size, a, b, c, d, preci"
group1,2,2,4096,4096,4,512,8,,,,"ERROR: Could not find hyperparameters for the kernel instance corresponding to the target (batch_size, a, b, c, d, preci"
group1,2,2,4096,4096,4,512,16,,,,"ERROR: Could not find hyperparameters for the kernel instance corresponding to the target (batch_size, a, b, c, d, preci"
group1,2,2,4096,4096,4,512,32,,,,"ERROR: Could not find hyperparameters for the kernel instance corresponding to the target (batch_size, a, b, c, d, preci"
group1,2,2,4096,4096,4,512,64,,,,"ERROR: Could not find hyperparameters for the kernel instance corresponding to the target (batch_size, a, b, c, d, preci"
group1,2,2,4096,4096,4,512,128,,,,"ERROR: Could not find hyperparameters for the kernel instance corresponding to the target (batch_size, a, b, c, d, preci"
group1,2,2,4096,4096,4,512,256,,,,"ERROR: Could not find hyperparameters for the kernel instance corresponding to the target (batch_size, a, b, c, d, preci"
group1,2,2,4096,4096,4,512,512,,,,"ERROR: Could not find hyperparameters for the kernel instance corresponding to the target (batch_size, a, b, c, d, preci"
group1,2,2,4096,4096,4,512,1024,,,,"ERROR: Could not find hyperparameters for the kernel instance corresponding to the target (batch_size, a, b, c, d, preci"
group1,2,2,4096,4096,4,512,2048,,,,"ERROR: Could not find hyperparameters for the kernel instance corresponding to the target (batch_size, a, b, c, d, preci"
group1,2,2,4096,4096,4,512,4096,,,,"ERROR: Could not find hyperparameters for the kernel instance corresponding to the target (batch_size, a, b, c, d, preci"
group1,2,2,4096,4096,8,256,2,,,,"ERROR: Could not find hyperparameters for the kernel instance corresponding to the target (batch_size, a, b, c, d, preci"
group1,2,2,4096,4096,8,256,4,,,,"ERROR: Could not find hyperparameters for the kernel instance corresponding to the target (batch_size, a, b, c, d, preci"
group1,2,2,4096,4096,8,256,8,,,,"ERROR: Could not find hyperparameters for the kernel instance corresponding to the target (batch_size, a, b, c, d, preci"
group1,2,2,4096,4096,8,256,16,,,,"ERROR: Could not find hyperparameters for the kernel instance corresponding to the target (batch_size, a, b, c, d, preci"
group1,2,2,4096,4096,8,256,32,,,,"ERROR: Could not find hyperparameters for the kernel instance corresponding to the target (batch_size, a, b, c, d, preci"
group1,2,2,4096,4096,8,256,64,,,,"ERROR: Could not find hyperparameters for the kernel instance corresponding to the target (batch_size, a, b, c, d, preci"
group1,2,2,4096,4096,8,256,128,,,,"ERROR: Could not find hyperparameters for the kernel instance corresponding to the target (batch_size, a, b, c, d, preci"
group1,2,2,4096,4096,8,256,256,,,,"ERROR: Could not find hyperparameters for the kernel instance corresponding to the target (batch_size, a, b, c, d, preci"
group1,2,2,4096,4096,8,256,512,,,,"ERROR: Could not find hyperparameters for the kernel instance corresponding to the target (batch_size, a, b, c, d, preci"
group1,2,2,4096,4096,8,256,1024,,,,"ERROR: Could not find hyperparameters for the kernel instance corresponding to the target (batch_size, a, b, c, d, preci"
group1,2,2,4096,4096,8,256,2048,,,,"ERROR: Could not find hyperparameters for the kernel instance corresponding to the target (batch_size, a, b, c, d, preci"
group1,2,2,4096,4096,8,256,4096,,,,"ERROR: Could not find hyperparameters for the kernel instance corresponding to the target (batch_size, a, b, c, d, preci"
group1,2,2,4096,4096,16,128,2,,,,"ERROR: Could not find hyperparameters for the kernel instance corresponding to the target (batch_size, a, b, c, d, preci"
group1,2,2,4096,4096,16,128,4,,,,"ERROR: Could not find hyperparameters for the kernel instance corresponding to the target (batch_size, a, b, c, d, preci"
group1,2,2,4096,4096,16,128,8,,,,"ERROR: Could not find hyperparameters for the kernel instance corresponding to the target (batch_size, a, b, c, d, preci"
group1,2,2,4096,4096,16,128,16,,,,"ERROR: Could not find hyperparameters for the kernel instance corresponding to the target (batch_size, a, b, c, d, preci"
group1,2,2,4096,4096,16,128,32,,,,"ERROR: Could not find hyperparameters for the kernel instance corresponding to the target (batch_size, a, b, c, d, preci"
group1,2,2,4096,4096,16,128,64,,,,"ERROR: Could not find hyperparameters for the kernel instance corresponding to the target (batch_size, a, b, c, d, preci"
group1,2,2,4096,4096,16,128,128,,,,"ERROR: Could not find hyperparameters for the kernel instance corresponding to the target (batch_size, a, b, c, d, preci"
group1,2,2,4096,4096,16,128,256,,,,"ERROR: Could not find hyperparameters for the kernel instance corresponding to the target (batch_size, a, b, c, d, preci"
group1,2,2,4096,4096,16,128,512,,,,"ERROR: Could not find hyperparameters for the kernel instance corresponding to the target (batch_size, a, b, c, d, preci"
group1,2,2,4096,4096,16,128,1024,,,,"ERROR: Could not find hyperparameters for the kernel instance corresponding to the target (batch_size, a, b, c, d, preci"
group1,2,2,4096,4096,16,128,2048,,,,"ERROR: Could not find hyperparameters for the kernel instance corresponding to the target (batch_size, a, b, c, d, preci"
group1,2,2,4096,4096,16,128,4096,,,,"ERROR: Could not find hyperparameters for the kernel instance corresponding to the target (batch_size, a, b, c, d, preci"
group1,2,2,4096,4096,32,64,2,,,,"ERROR: Could not find hyperparameters for the kernel instance corresponding to the target (batch_size, a, b, c, d, preci"
group1,2,2,4096,4096,32,64,4,,,,"ERROR: Could not find hyperparameters for the kernel instance corresponding to the target (batch_size, a, b, c, d, preci"
group1,2,2,4096,4096,32,64,8,,,,"ERROR: Could not find hyperparameters for the kernel instance corresponding to the target (batch_size, a, b, c, d, preci"
group1,2,2,4096,4096,32,64,16,,,,"ERROR: Could not find hyperparameters for the kernel instance corresponding to the target (batch_size, a, b, c, d, preci"
group1,2,2,4096,4096,32,64,32,,,,"ERROR: Could not find hyperparameters for the kernel instance corresponding to the target (batch_size, a, b, c, d, preci"
group1,2,2,4096,4096,32,64,64,,,,"ERROR: Could not find hyperparameters for the kernel instance corresponding to the target (batch_size, a, b, c, d, preci"
group1,2,2,4096,4096,32,64,128,,,,"ERROR: Could not find hyperparameters for the kernel instance corresponding to the target (batch_size, a, b, c, d, preci"
group1,2,2,4096,4096,32,64,256,,,,"ERROR: Could not find hyperparameters for the kernel instance corresponding to the target (batch_size, a, b, c, d, preci"
group1,2,2,4096,4096,32,64,512,,,,"ERROR: Could not find hyperparameters for the kernel instance corresponding to the target (batch_size, a, b, c, d, preci"
group1,2,2,4096,4096,32,64,1024,,,,"ERROR: Could not find hyperparameters for the kernel instance corresponding to the target (batch_size, a, b, c, d, preci"
group1,2,2,4096,4096,32,64,2048,,,,"ERROR: Could not find hyperparameters for the kernel instance corresponding to the target (batch_size, a, b, c, d, preci"
group1,2,2,4096,4096,32,64,4096,,,,"ERROR: Could not find hyperparameters for the kernel instance corresponding to the target (batch_size, a, b, c, d, preci"
group1,2,2,4096,4096,64,32,2,,,,"ERROR: Could not find hyperparameters for the kernel instance corresponding to the target (batch_size, a, b, c, d, preci"
group1,2,2,4096,4096,64,32,4,,,,"ERROR: Could not find hyperparameters for the kernel instance corresponding to the target (batch_size, a, b, c, d, preci"
group1,2,2,4096,4096,64,32,8,,,,"ERROR: Could not find hyperparameters for the kernel instance corresponding to the target (batch_size, a, b, c, d, preci"
group1,2,2,4096,4096,64,32,16,,,,"ERROR: Could not find hyperparameters for the kernel instance corresponding to the target (batch_size, a, b, c, d, preci"
group1,2,2,4096,4096,64,32,32,,,,"ERROR: Could not find hyperparameters for the kernel instance corresponding to the target (batch_size, a, b, c, d, preci"
group1,2,2,4096,4096,64,32,64,,,,"ERROR: Could not find hyperparameters for the kernel instance corresponding to the target (batch_size, a, b, c, d, preci"
group1,2,2,4096,4096,64,32,128,,,,"ERROR: Could not find hyperparameters for the kernel instance corresponding to the target (batch_size, a, b, c, d, preci"
group1,2,2,4096,4096,64,32,256,,,,"ERROR: Could not find hyperparameters for the kernel instance corresponding to the target (batch_size, a, b, c, d, preci"
group1,2,2,4096,4096,64,32,512,,,,"ERROR: Could not find hyperparameters for the kernel instance corresponding to the target (batch_size, a, b, c, d, preci"
group1,2,2,4096,4096,64,32,1024,,,,"ERROR: Could not find hyperparameters for the kernel instance corresponding to the target (batch_size, a, b, c, d, preci"
group1,2,2,4096,4096,64,32,2048,,,,"ERROR: Could not find hyperparameters for the kernel instance corresponding to the target (batch_size, a, b, c, d, preci"
group1,2,2,4096,4096,64,32,4096,,,,"ERROR: Could not find hyperparameters for the kernel instance corresponding to the target (batch_size, a, b, c, d, preci"
group1,2,2,4096,4096,128,16,2,,,,"ERROR: Could not find hyperparameters for the kernel instance corresponding to the target (batch_size, a, b, c, d, preci"
group1,2,2,4096,4096,128,16,4,,,,"ERROR: Could not find hyperparameters for the kernel instance corresponding to the target (batch_size, a, b, c, d, preci"
group1,2,2,4096,4096,128,16,8,,,,"ERROR: Could not find hyperparameters for the kernel instance corresponding to the target (batch_size, a, b, c, d, preci"
group1,2,2,4096,4096,128,16,16,,,,"ERROR: Could not find hyperparameters for the kernel instance corresponding to the target (batch_size, a, b, c, d, preci"
group1,2,2,4096,4096,128,16,32,,,,"ERROR: Could not find hyperparameters for the kernel instance corresponding to the target (batch_size, a, b, c, d, preci"
group1,2,2,4096,4096,128,16,64,,,,"ERROR: Could not find hyperparameters for the kernel instance corresponding to the target (batch_size, a, b, c, d, preci"
group1,2,2,4096,4096,128,16,128,,,,"ERROR: Could not find hyperparameters for the kernel instance corresponding to the target (batch_size, a, b, c, d, preci"
group1,2,2,4096,4096,128,16,256,,,,"ERROR: Could not find hyperparameters for the kernel instance corresponding to the target (batch_size, a, b, c, d, preci"
group1,2,2,4096,4096,128,16,512,,,,"ERROR: Could not find hyperparameters for the kernel instance corresponding to the target (batch_size, a, b, c, d, preci"
group1,2,2,4096,4096,128,16,1024,,,,"ERROR: Could not find hyperparameters for the kernel instance corresponding to the target (batch_size, a, b, c, d, preci"
group1,2,2,4096,4096,128,16,2048,,,,"ERROR: Could not find hyperparameters for the kernel instance corresponding to the target (batch_size, a, b, c, d, preci"
group1,2,2,4096,4096,128,16,4096,,,,"ERROR: Could not find hyperparameters for the kernel instance corresponding to the target (batch_size, a, b, c, d, preci"
group1,2,2,4096,4096,256,8,2,,,,"ERROR: Could not find hyperparameters for the kernel instance corresponding to the target (batch_size, a, b, c, d, preci"
group1,2,2,4096,4096,256,8,4,,,,"ERROR: Could not find hyperparameters for the kernel instance corresponding to the target (batch_size, a, b, c, d, preci"
group1,2,2,4096,4096,256,8,8,,,,"ERROR: Could not find hyperparameters for the kernel instance corresponding to the target (batch_size, a, b, c, d, preci"
group1,2,2,4096,4096,256,8,16,,,,"ERROR: Could not find hyperparameters for the kernel instance corresponding to the target (batch_size, a, b, c, d, preci"
group1,2,2,4096,4096,256,8,32,,,,"ERROR: Could not find hyperparameters for the kernel instance corresponding to the target (batch_size, a, b, c, d, preci"
group1,2,2,4096,4096,256,8,64,,,,"ERROR: Could not find hyperparameters for the kernel instance corresponding to the target (batch_size, a, b, c, d, preci"
group1,2,2,4096,4096,256,8,128,,,,"ERROR: Could not find hyperparameters for the kernel instance corresponding to the target (batch_size, a, b, c, d, preci"
group1,2,2,4096,4096,256,8,256,,,,"ERROR: Could not find hyperparameters for the kernel instance corresponding to the target (batch_size, a, b, c, d, preci"
group1,2,2,4096,4096,256,8,512,,,,"ERROR: Could not find hyperparameters for the kernel instance corresponding to the target (batch_size, a, b, c, d, preci"
group1,2,2,4096,4096,256,8,1024,,,,"ERROR: Could not find hyperparameters for the kernel instance corresponding to the target (batch_size, a, b, c, d, preci"
group1,2,2,4096,4096,256,8,2048,,,,"ERROR: Could not find hyperparameters for the kernel instance corresponding to the target (batch_size, a, b, c, d, preci"
group1,2,2,4096,4096,256,8,4096,,,,"ERROR: Could not find hyperparameters for the kernel instance corresponding to the target (batch_size, a, b, c, d, preci"
group1,2,2,4096,4096,512,4,2,,,,"ERROR: Could not find hyperparameters for the kernel instance corresponding to the target (batch_size, a, b, c, d, preci"
group1,2,2,4096,4096,512,4,4,,,,"ERROR: Could not find hyperparameters for the kernel instance corresponding to the target (batch_size, a, b, c, d, preci"
group1,2,2,4096,4096,512,4,8,,,,"ERROR: Could not find hyperparameters for the kernel instance corresponding to the target (batch_size, a, b, c, d, preci"
group1,2,2,4096,4096,512,4,16,,,,"ERROR: Could not find hyperparameters for the kernel instance corresponding to the target (batch_size, a, b, c, d, preci"
group1,2,2,4096,4096,512,4,32,,,,"ERROR: Could not find hyperparameters for the kernel instance corresponding to the target (batch_size, a, b, c, d, preci"
group1,2,2,4096,4096,512,4,64,,,,"ERROR: Could not find hyperparameters for the kernel instance corresponding to the target (batch_size, a, b, c, d, preci"
group1,2,2,4096,4096,512,4,128,,,,"ERROR: Could not find hyperparameters for the kernel instance corresponding to the target (batch_size, a, b, c, d, preci"
group1,2,2,4096,4096,512,4,256,,,,"ERROR: Could not find hyperparameters for the kernel instance corresponding to the target (batch_size, a, b, c, d, preci"
group1,2,2,4096,4096,512,4,512,,,,"ERROR: Could not find hyperparameters for the kernel instance corresponding to the target (batch_size, a, b, c, d, preci"
group1,2,2,4096,4096,512,4,1024,,,,"ERROR: Could not find hyperparameters for the kernel instance corresponding to the target (batch_size, a, b, c, d, preci"
group1,2,2,4096,4096,512,4,2048,,,,"ERROR: Could not find hyperparameters for the kernel instance corresponding to the target (batch_size, a, b, c, d, preci"
group1,2,2,4096,4096,512,4,4096,,,,"ERROR: Could not find hyperparameters for the kernel instance corresponding to the target (batch_size, a, b, c, d, preci"
group1,2,2,4096,4096,1024,2,2,,,,"ERROR: Could not find hyperparameters for the kernel instance corresponding to the target (batch_size, a, b, c, d, preci"
group1,2,2,4096,4096,1024,2,4,,,,"ERROR: Could not find hyperparameters for the kernel instance corresponding to the target (batch_size, a, b, c, d, preci"
group1,2,2,4096,4096,1024,2,8,,,,"ERROR: Could not find hyperparameters for the kernel instance corresponding to the target (batch_size, a, b, c, d, preci"
group1,2,2,4096,4096,1024,2,16,,,,"ERROR: Could not find hyperparameters for the kernel instance corresponding to the target (batch_size, a, b, c, d, preci"
group1,2,2,4096,4096,1024,2,32,,,,"ERROR: Could not find hyperparameters for the kernel instance corresponding to the target (batch_size, a, b, c, d, preci"
group1,2,2,4096,4096,1024,2,64,,,,"ERROR: Could not find hyperparameters for the kernel instance corresponding to the target (batch_size, a, b, c, d, preci"
group1,2,2,4096,4096,1024,2,128,,,,"ERROR: Could not find hyperparameters for the kernel instance corresponding to the target (batch_size, a, b, c, d, preci"
group1,2,2,4096,4096,1024,2,256,,,,"ERROR: Could not find hyperparameters for the kernel instance corresponding to the target (batch_size, a, b, c, d, preci"
group1,2,2,4096,4096,1024,2,512,,,,"ERROR: Could not find hyperparameters for the kernel instance corresponding to the target (batch_size, a, b, c, d, preci"
group1,2,2,4096,4096,1024,2,1024,,,,"ERROR: Could not find hyperparameters for the kernel instance corresponding to the target (batch_size, a, b, c, d, preci"
group1,2,2,4096,4096,1024,2,2048,,,,"ERROR: Could not find hyperparameters for the kernel instance corresponding to the target (batch_size, a, b, c, d, preci"
group1,2,2,4096,4096,1024,2,4096,,,,"ERROR: Could not find hyperparameters for the kernel instance corresponding to the target (batch_size, a, b, c, d, preci"
group1,2,2,4096,4096,2048,1,2,,,,"ERROR: Could not find hyperparameters for the kernel instance corresponding to the target (batch_size, a, b, c, d, preci"
group1,2,2,4096,4096,2048,1,4,,,,"ERROR: Could not find hyperparameters for the kernel instance corresponding to the target (batch_size, a, b, c, d, preci"
group1,2,2,4096,4096,2048,1,8,,,,"ERROR: Could not find hyperparameters for the kernel instance corresponding to the target (batch_size, a, b, c, d, preci"
group1,2,2,4096,4096,2048,1,16,,,,"ERROR: Could not find hyperparameters for the kernel instance corresponding to the target (batch_size, a, b, c, d, preci"
group1,2,2,4096,4096,2048,1,32,,,,"ERROR: Could not find hyperparameters for the kernel instance corresponding to the target (batch_size, a, b, c, d, preci"
group1,2,2,4096,4096,2048,1,64,,,,"ERROR: Could not find hyperparameters for the kernel instance corresponding to the target (batch_size, a, b, c, d, preci"
group1,2,2,4096,4096,2048,1,128,,,,"ERROR: Could not find hyperparameters for the kernel instance corresponding to the target (batch_size, a, b, c, d, preci"
group1,2,2,4096,4096,2048,1,256,,,,"ERROR: Could not find hyperparameters for the kernel instance corresponding to the target (batch_size, a, b, c, d, preci"
group1,2,2,4096,4096,2048,1,512,,,,"ERROR: Could not find hyperparameters for the kernel instance corresponding to the target (batch_size, a, b, c, d, preci"
group1,2,2,4096,4096,2048,1,1024,,,,"ERROR: Could not find hyperparameters for the kernel instance corresponding to the target (batch_size, a, b, c, d, preci"
group1,2,2,4096,4096,2048,1,2048,,,,"ERROR: Could not find hyperparameters for the kernel instance corresponding to the target (batch_size, a, b, c, d, preci"
group1,2,2,4096,4096,2048,1,4096,,,,"ERROR: Could not find hyperparameters for the kernel instance corresponding to the target (batch_size, a, b, c, d, preci"
group1,2,4,512,1024,1,256,2,,,,"ERROR: Could not find hyperparameters for the kernel instance corresponding to the target (batch_size, a, b, c, d, preci"
group1,2,4,512,1024,1,256,4,,,,"ERROR: Could not find hyperparameters for the kernel instance corresponding to the target (batch_size, a, b, c, d, preci"
group1,2,4,512,1024,1,256,8,,,,"ERROR: Could not find hyperparameters for the kernel instance corresponding to the target (batch_size, a, b, c, d, preci"
group1,2,4,512,1024,1,256,16,,,,"ERROR: Could not find hyperparameters for the kernel instance corresponding to the target (batch_size, a, b, c, d, preci"
group1,2,4,512,1024,1,256,32,,,,"ERROR: Could not find hyperparameters for the kernel instance corresponding to the target (batch_size, a, b, c, d, preci"
group1,2,4,512,1024,1,256,64,,,,"ERROR: Could not find hyperparameters for the kernel instance corresponding to the target (batch_size, a, b, c, d, preci"
group1,2,4,512,1024,1,256,128,,,,"ERROR: Could not find hyperparameters for the kernel instance corresponding to the target (batch_size, a, b, c, d, preci"
group1,2,4,512,1024,1,256,256,,,,"ERROR: Could not find hyperparameters for the kernel instance corresponding to the target (batch_size, a, b, c, d, preci"
group1,2,4,512,1024,1,256,512,,,,"ERROR: Could not find hyperparameters for the kernel instance corresponding to the target (batch_size, a, b, c, d, preci"
group1,2,4,512,1024,1,256,1024,,,,"ERROR: Could not find hyperparameters for the kernel instance corresponding to the target (batch_size, a, b, c, d, preci"
group1,2,4,512,1024,1,256,2048,,,,"ERROR: Could not find hyperparameters for the kernel instance corresponding to the target (batch_size, a, b, c, d, preci"
group1,2,4,512,1024,1,256,4096,,,,"ERROR: Could not find hyperparameters for the kernel instance corresponding to the target (batch_size, a, b, c, d, preci"
group1,2,4,512,1024,2,128,2,,,,"ERROR: Could not find hyperparameters for the kernel instance corresponding to the target (batch_size, a, b, c, d, preci"
group1,2,4,512,1024,2,128,4,,,,"ERROR: Could not find hyperparameters for the kernel instance corresponding to the target (batch_size, a, b, c, d, preci"
group1,2,4,512,1024,2,128,8,,,,"ERROR: Could not find hyperparameters for the kernel instance corresponding to the target (batch_size, a, b, c, d, preci"
group1,2,4,512,1024,2,128,16,,,,"ERROR: Could not find hyperparameters for the kernel instance corresponding to the target (batch_size, a, b, c, d, preci"
group1,2,4,512,1024,2,128,32,,,,"ERROR: Could not find hyperparameters for the kernel instance corresponding to the target (batch_size, a, b, c, d, preci"
group1,2,4,512,1024,2,128,64,,,,"ERROR: Could not find hyperparameters for the kernel instance corresponding to the target (batch_size, a, b, c, d, preci"
group1,2,4,512,1024,2,128,128,,,,"ERROR: Could not find hyperparameters for the kernel instance corresponding to the target (batch_size, a, b, c, d, preci"
group1,2,4,512,1024,2,128,256,,,,"ERROR: Could not find hyperparameters for the kernel instance corresponding to the target (batch_size, a, b, c, d, preci"
group1,2,4,512,1024,2,128,512,,,,"ERROR: Could not find hyperparameters for the kernel instance corresponding to the target (batch_size, a, b, c, d, preci"
group1,2,4,512,1024,2,128,1024,,,,"ERROR: Could not find hyperparameters for the kernel instance corresponding to the target (batch_size, a, b, c, d, preci"
group1,2,4,512,1024,2,128,2048,,,,"ERROR: Could not find hyperparameters for the kernel instance corresponding to the target (batch_size, a, b, c, d, preci"
group1,2,4,512,1024,2,128,4096,,,,"ERROR: Could not find hyperparameters for the kernel instance corresponding to the target (batch_size, a, b, c, d, preci"
group1,2,4,512,1024,4,64,2,,,,"ERROR: Could not find hyperparameters for the kernel instance corresponding to the target (batch_size, a, b, c, d, preci"
group1,2,4,512,1024,4,64,4,,,,"ERROR: Could not find hyperparameters for the kernel instance corresponding to the target (batch_size, a, b, c, d, preci"
group1,2,4,512,1024,4,64,8,,,,"ERROR: Could not find hyperparameters for the kernel instance corresponding to the target (batch_size, a, b, c, d, preci"
group1,2,4,512,1024,4,64,16,,,,"ERROR: Could not find hyperparameters for the kernel instance corresponding to the target (batch_size, a, b, c, d, preci"
group1,2,4,512,1024,4,64,32,,,,"ERROR: Could not find hyperparameters for the kernel instance corresponding to the target (batch_size, a, b, c, d, preci"
group1,2,4,512,1024,4,64,64,,,,"ERROR: Could not find hyperparameters for the kernel instance corresponding to the target (batch_size, a, b, c, d, preci"
group1,2,4,512,1024,4,64,128,,,,"ERROR: Could not find hyperparameters for the kernel instance corresponding to the target (batch_size, a, b, c, d, preci"
group1,2,4,512,1024,4,64,256,,,,"ERROR: Could not find hyperparameters for the kernel instance corresponding to the target (batch_size, a, b, c, d, preci"
group1,2,4,512,1024,4,64,512,,,,"ERROR: Could not find hyperparameters for the kernel instance corresponding to the target (batch_size, a, b, c, d, preci"
group1,2,4,512,1024,4,64,1024,,,,"ERROR: Could not find hyperparameters for the kernel instance corresponding to the target (batch_size, a, b, c, d, preci"
group1,2,4,512,1024,4,64,2048,,,,"ERROR: Could not find hyperparameters for the kernel instance corresponding to the target (batch_size, a, b, c, d, preci"
group1,2,4,512,1024,4,64,4096,,,,"ERROR: Could not find hyperparameters for the kernel instance corresponding to the target (batch_size, a, b, c, d, preci"
group1,2,4,512,1024,8,32,2,,,,"ERROR: Could not find hyperparameters for the kernel instance corresponding to the target (batch_size, a, b, c, d, preci"
group1,2,4,512,1024,8,32,4,,,,"ERROR: Could not find hyperparameters for the kernel instance corresponding to the target (batch_size, a, b, c, d, preci"
group1,2,4,512,1024,8,32,8,,,,"ERROR: Could not find hyperparameters for the kernel instance corresponding to the target (batch_size, a, b, c, d, preci"
group1,2,4,512,1024,8,32,16,,,,"ERROR: Could not find hyperparameters for the kernel instance corresponding to the target (batch_size, a, b, c, d, preci"
group1,2,4,512,1024,8,32,32,,,,"ERROR: Could not find hyperparameters for the kernel instance corresponding to the target (batch_size, a, b, c, d, preci"
group1,2,4,512,1024,8,32,64,,,,"ERROR: Could not find hyperparameters for the kernel instance corresponding to the target (batch_size, a, b, c, d, preci"
group1,2,4,512,1024,8,32,128,,,,"ERROR: Could not find hyperparameters for the kernel instance corresponding to the target (batch_size, a, b, c, d, preci"
group1,2,4,512,1024,8,32,256,,,,"ERROR: Could not find hyperparameters for the kernel instance corresponding to the target (batch_size, a, b, c, d, preci"
group1,2,4,512,1024,8,32,512,,,,"ERROR: Could not find hyperparameters for the kernel instance corresponding to the target (batch_size, a, b, c, d, preci"
group1,2,4,512,1024,8,32,1024,,,,"ERROR: Could not find hyperparameters for the kernel instance corresponding to the target (batch_size, a, b, c, d, preci"
group1,2,4,512,1024,8,32,2048,,,,"ERROR: Could not find hyperparameters for the kernel instance corresponding to the target (batch_size, a, b, c, d, preci"
group1,2,4,512,1024,8,32,4096,,,,"ERROR: Could not find hyperparameters for the kernel instance corresponding to the target (batch_size, a, b, c, d, preci"
group1,2,4,512,1024,16,16,2,,,,"ERROR: Could not find hyperparameters for the kernel instance corresponding to the target (batch_size, a, b, c, d, preci"
group1,2,4,512,1024,16,16,4,,,,"ERROR: Could not find hyperparameters for the kernel instance corresponding to the target (batch_size, a, b, c, d, preci"
group1,2,4,512,1024,16,16,8,,,,"ERROR: Could not find hyperparameters for the kernel instance corresponding to the target (batch_size, a, b, c, d, preci"
group1,2,4,512,1024,16,16,16,,,,"ERROR: Could not find hyperparameters for the kernel instance corresponding to the target (batch_size, a, b, c, d, preci"
group1,2,4,512,1024,16,16,32,,,,"ERROR: Could not find hyperparameters for the kernel instance corresponding to the target (batch_size, a, b, c, d, preci"
group1,2,4,512,1024,16,16,64,,,,"ERROR: Could not find hyperparameters for the kernel instance corresponding to the target (batch_size, a, b, c, d, preci"
group1,2,4,512,1024,16,16,128,,,,"ERROR: Could not find hyperparameters for the kernel instance corresponding to the target (batch_size, a, b, c, d, preci"
group1,2,4,512,1024,16,16,256,,,,"ERROR: Could not find hyperparameters for the kernel instance corresponding to the target (batch_size, a, b, c, d, preci"
group1,2,4,512,1024,16,16,512,,,,"ERROR: Could not find hyperparameters for the kernel instance corresponding to the target (batch_size, a, b, c, d, preci"
group1,2,4,512,1024,16,16,1024,,,,"ERROR: Could not find hyperparameters for the kernel instance corresponding to the target (batch_size, a, b, c, d, preci"
group1,2,4,512,1024,16,16,2048,,,,"ERROR: Could not find hyperparameters for the kernel instance corresponding to the target (batch_size, a, b, c, d, preci"
group1,2,4,512,1024,16,16,4096,,,,"ERROR: Could not find hyperparameters for the kernel instance corresponding to the target (batch_size, a, b, c, d, preci"
group1,2,4,512,1024,32,8,2,,,,"ERROR: Could not find hyperparameters for the kernel instance corresponding to the target (batch_size, a, b, c, d, preci"
group1,2,4,512,1024,32,8,4,,,,"ERROR: Could not find hyperparameters for the kernel instance corresponding to the target (batch_size, a, b, c, d, preci"
group1,2,4,512,1024,32,8,8,,,,"ERROR: Could not find hyperparameters for the kernel instance corresponding to the target (batch_size, a, b, c, d, preci"
group1,2,4,512,1024,32,8,16,,,,"ERROR: Could not find hyperparameters for the kernel instance corresponding to the target (batch_size, a, b, c, d, preci"
group1,2,4,512,1024,32,8,32,,,,"ERROR: Could not find hyperparameters for the kernel instance corresponding to the target (batch_size, a, b, c, d, preci"
group1,2,4,512,1024,32,8,64,,,,"ERROR: Could not find hyperparameters for the kernel instance corresponding to the target (batch_size, a, b, c, d, preci"
group1,2,4,512,1024,32,8,128,,,,"ERROR: Could not find hyperparameters for the kernel instance corresponding to the target (batch_size, a, b, c, d, preci"
group1,2,4,512,1024,32,8,256,,,,"ERROR: Could not find hyperparameters for the kernel instance corresponding to the target (batch_size, a, b, c, d, preci"
group1,2,4,512,1024,32,8,512,,,,"ERROR: Could not find hyperparameters for the kernel instance corresponding to the target (batch_size, a, b, c, d, preci"
group1,2,4,512,1024,32,8,1024,,,,"ERROR: Could not find hyperparameters for the kernel instance corresponding to the target (batch_size, a, b, c, d, preci"
group1,2,4,512,1024,32,8,2048,,,,"ERROR: Could not find hyperparameters for the kernel instance corresponding to the target (batch_size, a, b, c, d, preci"
group1,2,4,512,1024,32,8,4096,,,,"ERROR: Could not find hyperparameters for the kernel instance corresponding to the target (batch_size, a, b, c, d, preci"
group1,2,4,512,1024,64,4,2,,,,"ERROR: Could not find hyperparameters for the kernel instance corresponding to the target (batch_size, a, b, c, d, preci"
group1,2,4,512,1024,64,4,4,,,,"ERROR: Could not find hyperparameters for the kernel instance corresponding to the target (batch_size, a, b, c, d, preci"
group1,2,4,512,1024,64,4,8,,,,"ERROR: Could not find hyperparameters for the kernel instance corresponding to the target (batch_size, a, b, c, d, preci"
group1,2,4,512,1024,64,4,16,,,,"ERROR: Could not find hyperparameters for the kernel instance corresponding to the target (batch_size, a, b, c, d, preci"
group1,2,4,512,1024,64,4,32,,,,"ERROR: Could not find hyperparameters for the kernel instance corresponding to the target (batch_size, a, b, c, d, preci"
group1,2,4,512,1024,64,4,64,,,,"ERROR: Could not find hyperparameters for the kernel instance corresponding to the target (batch_size, a, b, c, d, preci"
group1,2,4,512,1024,64,4,128,,,,"ERROR: Could not find hyperparameters for the kernel instance corresponding to the target (batch_size, a, b, c, d, preci"
group1,2,4,512,1024,64,4,256,,,,"ERROR: Could not find hyperparameters for the kernel instance corresponding to the target (batch_size, a, b, c, d, preci"
group1,2,4,512,1024,64,4,512,,,,"ERROR: Could not find hyperparameters for the kernel instance corresponding to the target (batch_size, a, b, c, d, preci"
group1,2,4,512,1024,64,4,1024,,,,"ERROR: Could not find hyperparameters for the kernel instance corresponding to the target (batch_size, a, b, c, d, preci"
group1,2,4,512,1024,64,4,2048,,,,"ERROR: Could not find hyperparameters for the kernel instance corresponding to the target (batch_size, a, b, c, d, preci"
group1,2,4,512,1024,64,4,4096,,,,"ERROR: Could not find hyperparameters for the kernel instance corresponding to the target (batch_size, a, b, c, d, preci"
group1,2,4,512,1024,128,2,2,,,,"ERROR: Could not find hyperparameters for the kernel instance corresponding to the target (batch_size, a, b, c, d, preci"
group1,2,4,512,1024,128,2,4,,,,"ERROR: Could not find hyperparameters for the kernel instance corresponding to the target (batch_size, a, b, c, d, preci"
group1,2,4,512,1024,128,2,8,,,,"ERROR: Could not find hyperparameters for the kernel instance corresponding to the target (batch_size, a, b, c, d, preci"
group1,2,4,512,1024,128,2,16,,,,"ERROR: Could not find hyperparameters for the kernel instance corresponding to the target (batch_size, a, b, c, d, preci"
group1,2,4,512,1024,128,2,32,,,,"ERROR: Could not find hyperparameters for the kernel instance corresponding to the target (batch_size, a, b, c, d, preci"
group1,2,4,512,1024,128,2,64,,,,"ERROR: Could not find hyperparameters for the kernel instance corresponding to the target (batch_size, a, b, c, d, preci"
group1,2,4,512,1024,128,2,128,,,,"ERROR: Could not find hyperparameters for the kernel instance corresponding to the target (batch_size, a, b, c, d, preci"
group1,2,4,512,1024,128,2,256,,,,"ERROR: Could not find hyperparameters for the kernel instance corresponding to the target (batch_size, a, b, c, d, preci"
group1,2,4,512,1024,128,2,512,,,,"ERROR: Could not find hyperparameters for the kernel instance corresponding to the target (batch_size, a, b, c, d, preci"
group1,2,4,512,1024,128,2,1024,,,,"ERROR: Could not find hyperparameters for the kernel instance corresponding to the target (batch_size, a, b, c, d, preci"
group1,2,4,512,1024,128,2,2048,,,,"ERROR: Could not find hyperparameters for the kernel instance corresponding to the target (batch_size, a, b, c, d, preci"
group1,2,4,512,1024,128,2,4096,,,,"ERROR: Could not find hyperparameters for the kernel instance corresponding to the target (batch_size, a, b, c, d, preci"
group1,2,4,512,1024,256,1,2,,,,"ERROR: Could not find hyperparameters for the kernel instance corresponding to the target (batch_size, a, b, c, d, preci"
group1,2,4,512,1024,256,1,4,,,,"ERROR: Could not find hyperparameters for the kernel instance corresponding to the target (batch_size, a, b, c, d, preci"
group1,2,4,512,1024,256,1,8,,,,"ERROR: Could not find hyperparameters for the kernel instance corresponding to the target (batch_size, a, b, c, d, preci"
group1,2,4,512,1024,256,1,16,,,,"ERROR: Could not find hyperparameters for the kernel instance corresponding to the target (batch_size, a, b, c, d, preci"
group1,2,4,512,1024,256,1,32,,,,"ERROR: Could not find hyperparameters for the kernel instance corresponding to the target (batch_size, a, b, c, d, preci"
group1,2,4,512,1024,256,1,64,,,,"ERROR: Could not find hyperparameters for the kernel instance corresponding to the target (batch_size, a, b, c, d, preci"
group1,2,4,512,1024,256,1,128,,,,"ERROR: Could not find hyperparameters for the kernel instance corresponding to the target (batch_size, a, b, c, d, preci"
group1,2,4,512,1024,256,1,256,,,,"ERROR: Could not find hyperparameters for the kernel instance corresponding to the target (batch_size, a, b, c, d, preci"
group1,2,4,512,1024,256,1,512,,,,"ERROR: Could not find hyperparameters for the kernel instance corresponding to the target (batch_size, a, b, c, d, preci"
group1,2,4,512,1024,256,1,1024,,,,"ERROR: Could not find hyperparameters for the kernel instance corresponding to the target (batch_size, a, b, c, d, preci"
group1,2,4,512,1024,256,1,2048,,,,"ERROR: Could not find hyperparameters for the kernel instance corresponding to the target (batch_size, a, b, c, d, preci"
group1,2,4,512,1024,256,1,4096,,,,"ERROR: Could not find hyperparameters for the kernel instance corresponding to the target (batch_size, a, b, c, d, preci"
group1,2,4,1024,2048,1,512,2,,,,"ERROR: Could not find hyperparameters for the kernel instance corresponding to the target (batch_size, a, b, c, d, preci"
group1,2,4,1024,2048,1,512,4,,,,"ERROR: Could not find hyperparameters for the kernel instance corresponding to the target (batch_size, a, b, c, d, preci"
group1,2,4,1024,2048,1,512,8,,,,"ERROR: Could not find hyperparameters for the kernel instance corresponding to the target (batch_size, a, b, c, d, preci"
group1,2,4,1024,2048,1,512,16,,,,"ERROR: Could not find hyperparameters for the kernel instance corresponding to the target (batch_size, a, b, c, d, preci"
group1,2,4,1024,2048,1,512,32,,,,"ERROR: Could not find hyperparameters for the kernel instance corresponding to the target (batch_size, a, b, c, d, preci"
group1,2,4,1024,2048,1,512,64,,,,"ERROR: Could not find hyperparameters for the kernel instance corresponding to the target (batch_size, a, b, c, d, preci"
group1,2,4,1024,2048,1,512,128,,,,"ERROR: Could not find hyperparameters for the kernel instance corresponding to the target (batch_size, a, b, c, d, preci"
group1,2,4,1024,2048,1,512,256,,,,"ERROR: Could not find hyperparameters for the kernel instance corresponding to the target (batch_size, a, b, c, d, preci"
group1,2,4,1024,2048,1,512,512,,,,"ERROR: Could not find hyperparameters for the kernel instance corresponding to the target (batch_size, a, b, c, d, preci"
group1,2,4,1024,2048,1,512,1024,,,,"ERROR: Could not find hyperparameters for the kernel instance corresponding to the target (batch_size, a, b, c, d, preci"
group1,2,4,1024,2048,1,512,2048,,,,"ERROR: Could not find hyperparameters for the kernel instance corresponding to the target (batch_size, a, b, c, d, preci"
group1,2,4,1024,2048,1,512,4096,,,,"ERROR: Could not find hyperparameters for the kernel instance corresponding to the target (batch_size, a, b, c, d, preci"
group1,2,4,1024,2048,2,256,2,,,,"ERROR: Could not find hyperparameters for the kernel instance corresponding to the target (batch_size, a, b, c, d, preci"
group1,2,4,1024,2048,2,256,4,,,,"ERROR: Could not find hyperparameters for the kernel instance corresponding to the target (batch_size, a, b, c, d, preci"
group1,2,4,1024,2048,2,256,8,,,,"ERROR: Could not find hyperparameters for the kernel instance corresponding to the target (batch_size, a, b, c, d, preci"
group1,2,4,1024,2048,2,256,16,,,,"ERROR: Could not find hyperparameters for the kernel instance corresponding to the target (batch_size, a, b, c, d, preci"
group1,2,4,1024,2048,2,256,32,,,,"ERROR: Could not find hyperparameters for the kernel instance corresponding to the target (batch_size, a, b, c, d, preci"
group1,2,4,1024,2048,2,256,64,,,,"ERROR: Could not find hyperparameters for the kernel instance corresponding to the target (batch_size, a, b, c, d, preci"
group1,2,4,1024,2048,2,256,128,,,,"ERROR: Could not find hyperparameters for the kernel instance corresponding to the target (batch_size, a, b, c, d, preci"
group1,2,4,1024,2048,2,256,256,,,,"ERROR: Could not find hyperparameters for the kernel instance corresponding to the target (batch_size, a, b, c, d, preci"
group1,2,4,1024,2048,2,256,512,,,,"ERROR: Could not find hyperparameters for the kernel instance corresponding to the target (batch_size, a, b, c, d, preci"
group1,2,4,1024,2048,2,256,1024,,,,"ERROR: Could not find hyperparameters for the kernel instance corresponding to the target (batch_size, a, b, c, d, preci"
group1,2,4,1024,2048,2,256,2048,,,,"ERROR: Could not find hyperparameters for the kernel instance corresponding to the target (batch_size, a, b, c, d, preci"
group1,2,4,1024,2048,2,256,4096,,,,"ERROR: Could not find hyperparameters for the kernel instance corresponding to the target (batch_size, a, b, c, d, preci"
group1,2,4,1024,2048,4,128,2,,,,"ERROR: Could not find hyperparameters for the kernel instance corresponding to the target (batch_size, a, b, c, d, preci"
group1,2,4,1024,2048,4,128,4,,,,"ERROR: Could not find hyperparameters for the kernel instance corresponding to the target (batch_size, a, b, c, d, preci"
group1,2,4,1024,2048,4,128,8,,,,"ERROR: Could not find hyperparameters for the kernel instance corresponding to the target (batch_size, a, b, c, d, preci"
group1,2,4,1024,2048,4,128,16,,,,"ERROR: Could not find hyperparameters for the kernel instance corresponding to the target (batch_size, a, b, c, d, preci"
group1,2,4,1024,2048,4,128,32,,,,"ERROR: Could not find hyperparameters for the kernel instance corresponding to the target (batch_size, a, b, c, d, preci"
group1,2,4,1024,2048,4,128,64,,,,"ERROR: Could not find hyperparameters for the kernel instance corresponding to the target (batch_size, a, b, c, d, preci"
group1,2,4,1024,2048,4,128,128,,,,"ERROR: Could not find hyperparameters for the kernel instance corresponding to the target (batch_size, a, b, c, d, preci"
group1,2,4,1024,2048,4,128,256,,,,"ERROR: Could not find hyperparameters for the kernel instance corresponding to the target (batch_size, a, b, c, d, preci"
group1,2,4,1024,2048,4,128,512,,,,"ERROR: Could not find hyperparameters for the kernel instance corresponding to the target (batch_size, a, b, c, d, preci"
group1,2,4,1024,2048,4,128,1024,,,,"ERROR: Could not find hyperparameters for the kernel instance corresponding to the target (batch_size, a, b, c, d, preci"
group1,2,4,1024,2048,4,128,2048,,,,"ERROR: Could not find hyperparameters for the kernel instance corresponding to the target (batch_size, a, b, c, d, preci"
group1,2,4,1024,2048,4,128,4096,,,,"ERROR: Could not find hyperparameters for the kernel instance corresponding to the target (batch_size, a, b, c, d, preci"
group1,2,4,1024,2048,8,64,2,,,,"ERROR: Could not find hyperparameters for the kernel instance corresponding to the target (batch_size, a, b, c, d, preci"
group1,2,4,1024,2048,8,64,4,,,,"ERROR: Could not find hyperparameters for the kernel instance corresponding to the target (batch_size, a, b, c, d, preci"
group1,2,4,1024,2048,8,64,8,,,,"ERROR: Could not find hyperparameters for the kernel instance corresponding to the target (batch_size, a, b, c, d, preci"
group1,2,4,1024,2048,8,64,16,,,,"ERROR: Could not find hyperparameters for the kernel instance corresponding to the target (batch_size, a, b, c, d, preci"
group1,2,4,1024,2048,8,64,32,,,,"ERROR: Could not find hyperparameters for the kernel instance corresponding to the target (batch_size, a, b, c, d, preci"
group1,2,4,1024,2048,8,64,64,,,,"ERROR: Could not find hyperparameters for the kernel instance corresponding to the target (batch_size, a, b, c, d, preci"
group1,2,4,1024,2048,8,64,128,,,,"ERROR: Could not find hyperparameters for the kernel instance corresponding to the target (batch_size, a, b, c, d, preci"
group1,2,4,1024,2048,8,64,256,,,,"ERROR: Could not find hyperparameters for the kernel instance corresponding to the target (batch_size, a, b, c, d, preci"
group1,2,4,1024,2048,8,64,512,,,,"ERROR: Could not find hyperparameters for the kernel instance corresponding to the target (batch_size, a, b, c, d, preci"
group1,2,4,1024,2048,8,64,1024,,,,"ERROR: Could not find hyperparameters for the kernel instance corresponding to the target (batch_size, a, b, c, d, preci"
group1,2,4,1024,2048,8,64,2048,,,,"ERROR: Could not find hyperparameters for the kernel instance corresponding to the target (batch_size, a, b, c, d, preci"
group1,2,4,1024,2048,8,64,4096,,,,"ERROR: Could not find hyperparameters for the kernel instance corresponding to the target (batch_size, a, b, c, d, preci"
group1,2,4,1024,2048,16,32,2,,,,"ERROR: Could not find hyperparameters for the kernel instance corresponding to the target (batch_size, a, b, c, d, preci"
group1,2,4,1024,2048,16,32,4,,,,"ERROR: Could not find hyperparameters for the kernel instance corresponding to the target (batch_size, a, b, c, d, preci"
group1,2,4,1024,2048,16,32,8,,,,"ERROR: Could not find hyperparameters for the kernel instance corresponding to the target (batch_size, a, b, c, d, preci"
group1,2,4,1024,2048,16,32,16,,,,"ERROR: Could not find hyperparameters for the kernel instance corresponding to the target (batch_size, a, b, c, d, preci"
group1,2,4,1024,2048,16,32,32,,,,"ERROR: Could not find hyperparameters for the kernel instance corresponding to the target (batch_size, a, b, c, d, preci"
group1,2,4,1024,2048,16,32,64,,,,"ERROR: Could not find hyperparameters for the kernel instance corresponding to the target (batch_size, a, b, c, d, preci"
group1,2,4,1024,2048,16,32,128,,,,"ERROR: Could not find hyperparameters for the kernel instance corresponding to the target (batch_size, a, b, c, d, preci"
group1,2,4,1024,2048,16,32,256,,,,"ERROR: Could not find hyperparameters for the kernel instance corresponding to the target (batch_size, a, b, c, d, preci"
group1,2,4,1024,2048,16,32,512,,,,"ERROR: Could not find hyperparameters for the kernel instance corresponding to the target (batch_size, a, b, c, d, preci"
group1,2,4,1024,2048,16,32,1024,,,,"ERROR: Could not find hyperparameters for the kernel instance corresponding to the target (batch_size, a, b, c, d, preci"
group1,2,4,1024,2048,16,32,2048,,,,"ERROR: Could not find hyperparameters for the kernel instance corresponding to the target (batch_size, a, b, c, d, preci"
group1,2,4,1024,2048,16,32,4096,,,,"ERROR: Could not find hyperparameters for the kernel instance corresponding to the target (batch_size, a, b, c, d, preci"
group1,2,4,1024,2048,32,16,2,,,,"ERROR: Could not find hyperparameters for the kernel instance corresponding to the target (batch_size, a, b, c, d, preci"
group1,2,4,1024,2048,32,16,4,,,,"ERROR: Could not find hyperparameters for the kernel instance corresponding to the target (batch_size, a, b, c, d, preci"
group1,2,4,1024,2048,32,16,8,,,,"ERROR: Could not find hyperparameters for the kernel instance corresponding to the target (batch_size, a, b, c, d, preci"
group1,2,4,1024,2048,32,16,16,,,,"ERROR: Could not find hyperparameters for the kernel instance corresponding to the target (batch_size, a, b, c, d, preci"
group1,2,4,1024,2048,32,16,32,,,,"ERROR: Could not find hyperparameters for the kernel instance corresponding to the target (batch_size, a, b, c, d, preci"
group1,2,4,1024,2048,32,16,64,,,,"ERROR: Could not find hyperparameters for the kernel instance corresponding to the target (batch_size, a, b, c, d, preci"
group1,2,4,1024,2048,32,16,128,,,,"ERROR: Could not find hyperparameters for the kernel instance corresponding to the target (batch_size, a, b, c, d, preci"
group1,2,4,1024,2048,32,16,256,,,,"ERROR: Could not find hyperparameters for the kernel instance corresponding to the target (batch_size, a, b, c, d, preci"
group1,2,4,1024,2048,32,16,512,,,,"ERROR: Could not find hyperparameters for the kernel instance corresponding to the target (batch_size, a, b, c, d, preci"
group1,2,4,1024,2048,32,16,1024,,,,"ERROR: Could not find hyperparameters for the kernel instance corresponding to the target (batch_size, a, b, c, d, preci"
group1,2,4,1024,2048,32,16,2048,,,,"ERROR: Could not find hyperparameters for the kernel instance corresponding to the target (batch_size, a, b, c, d, preci"
group1,2,4,1024,2048,32,16,4096,,,,"ERROR: Could not find hyperparameters for the kernel instance corresponding to the target (batch_size, a, b, c, d, preci"
group1,2,4,1024,2048,64,8,2,,,,"ERROR: Could not find hyperparameters for the kernel instance corresponding to the target (batch_size, a, b, c, d, preci"
group1,2,4,1024,2048,64,8,4,,,,"ERROR: Could not find hyperparameters for the kernel instance corresponding to the target (batch_size, a, b, c, d, preci"
group1,2,4,1024,2048,64,8,8,,,,"ERROR: Could not find hyperparameters for the kernel instance corresponding to the target (batch_size, a, b, c, d, preci"
group1,2,4,1024,2048,64,8,16,,,,"ERROR: Could not find hyperparameters for the kernel instance corresponding to the target (batch_size, a, b, c, d, preci"
group1,2,4,1024,2048,64,8,32,,,,"ERROR: Could not find hyperparameters for the kernel instance corresponding to the target (batch_size, a, b, c, d, preci"
group1,2,4,1024,2048,64,8,64,,,,"ERROR: Could not find hyperparameters for the kernel instance corresponding to the target (batch_size, a, b, c, d, preci"
group1,2,4,1024,2048,64,8,128,,,,"ERROR: Could not find hyperparameters for the kernel instance corresponding to the target (batch_size, a, b, c, d, preci"
group1,2,4,1024,2048,64,8,256,,,,"ERROR: Could not find hyperparameters for the kernel instance corresponding to the target (batch_size, a, b, c, d, preci"
group1,2,4,1024,2048,64,8,512,,,,"ERROR: Could not find hyperparameters for the kernel instance corresponding to the target (batch_size, a, b, c, d, preci"
group1,2,4,1024,2048,64,8,1024,,,,"ERROR: Could not find hyperparameters for the kernel instance corresponding to the target (batch_size, a, b, c, d, preci"
group1,2,4,1024,2048,64,8,2048,,,,"ERROR: Could not find hyperparameters for the kernel instance corresponding to the target (batch_size, a, b, c, d, preci"
group1,2,4,1024,2048,64,8,4096,,,,"ERROR: Could not find hyperparameters for the kernel instance corresponding to the target (batch_size, a, b, c, d, preci"
group1,2,4,1024,2048,128,4,2,,,,"ERROR: Could not find hyperparameters for the kernel instance corresponding to the target (batch_size, a, b, c, d, preci"
group1,2,4,1024,2048,128,4,4,,,,"ERROR: Could not find hyperparameters for the kernel instance corresponding to the target (batch_size, a, b, c, d, preci"
group1,2,4,1024,2048,128,4,8,,,,"ERROR: Could not find hyperparameters for the kernel instance corresponding to the target (batch_size, a, b, c, d, preci"
group1,2,4,1024,2048,128,4,16,,,,"ERROR: Could not find hyperparameters for the kernel instance corresponding to the target (batch_size, a, b, c, d, preci"
group1,2,4,1024,2048,128,4,32,,,,"ERROR: Could not find hyperparameters for the kernel instance corresponding to the target (batch_size, a, b, c, d, preci"
group1,2,4,1024,2048,128,4,64,,,,"ERROR: Could not find hyperparameters for the kernel instance corresponding to the target (batch_size, a, b, c, d, preci"
group1,2,4,1024,2048,128,4,128,,,,"ERROR: Could not find hyperparameters for the kernel instance corresponding to the target (batch_size, a, b, c, d, preci"
group1,2,4,1024,2048,128,4,256,,,,"ERROR: Could not find hyperparameters for the kernel instance corresponding to the target (batch_size, a, b, c, d, preci"
group1,2,4,1024,2048,128,4,512,,,,"ERROR: Could not find hyperparameters for the kernel instance corresponding to the target (batch_size, a, b, c, d, preci"
group1,2,4,1024,2048,128,4,1024,,,,"ERROR: Could not find hyperparameters for the kernel instance corresponding to the target (batch_size, a, b, c, d, preci"
group1,2,4,1024,2048,128,4,2048,,,,"ERROR: Could not find hyperparameters for the kernel instance corresponding to the target (batch_size, a, b, c, d, preci"
group1,2,4,1024,2048,128,4,4096,,,,"ERROR: Could not find hyperparameters for the kernel instance corresponding to the target (batch_size, a, b, c, d, preci"
group1,2,4,1024,2048,256,2,2,,,,"ERROR: Could not find hyperparameters for the kernel instance corresponding to the target (batch_size, a, b, c, d, preci"
group1,2,4,1024,2048,256,2,4,,,,"ERROR: Could not find hyperparameters for the kernel instance corresponding to the target (batch_size, a, b, c, d, preci"
group1,2,4,1024,2048,256,2,8,,,,"ERROR: Could not find hyperparameters for the kernel instance corresponding to the target (batch_size, a, b, c, d, preci"
group1,2,4,1024,2048,256,2,16,,,,"ERROR: Could not find hyperparameters for the kernel instance corresponding to the target (batch_size, a, b, c, d, preci"
group1,2,4,1024,2048,256,2,32,,,,"ERROR: Could not find hyperparameters for the kernel instance corresponding to the target (batch_size, a, b, c, d, preci"
group1,2,4,1024,2048,256,2,64,,,,"ERROR: Could not find hyperparameters for the kernel instance corresponding to the target (batch_size, a, b, c, d, preci"
group1,2,4,1024,2048,256,2,128,,,,"ERROR: Could not find hyperparameters for the kernel instance corresponding to the target (batch_size, a, b, c, d, preci"
group1,2,4,1024,2048,256,2,256,,,,"ERROR: Could not find hyperparameters for the kernel instance corresponding to the target (batch_size, a, b, c, d, preci"
group1,2,4,1024,2048,256,2,512,,,,"ERROR: Could not find hyperparameters for the kernel instance corresponding to the target (batch_size, a, b, c, d, preci"
group1,2,4,1024,2048,256,2,1024,,,,"ERROR: Could not find hyperparameters for the kernel instance corresponding to the target (batch_size, a, b, c, d, preci"
group1,2,4,1024,2048,256,2,2048,,,,"ERROR: Could not find hyperparameters for the kernel instance corresponding to the target (batch_size, a, b, c, d, preci"
group1,2,4,1024,2048,256,2,4096,,,,"ERROR: Could not find hyperparameters for the kernel instance corresponding to the target (batch_size, a, b, c, d, preci"
group1,2,4,1024,2048,512,1,2,,,,"ERROR: Could not find hyperparameters for the kernel instance corresponding to the target (batch_size, a, b, c, d, preci"
group1,2,4,1024,2048,512,1,4,,,,"ERROR: Could not find hyperparameters for the kernel instance corresponding to the target (batch_size, a, b, c, d, preci"
group1,2,4,1024,2048,512,1,8,,,,"ERROR: Could not find hyperparameters for the kernel instance corresponding to the target (batch_size, a, b, c, d, preci"
group1,2,4,1024,2048,512,1,16,,,,"ERROR: Could not find hyperparameters for the kernel instance corresponding to the target (batch_size, a, b, c, d, preci"
group1,2,4,1024,2048,512,1,32,,,,"ERROR: Could not find hyperparameters for the kernel instance corresponding to the target (batch_size, a, b, c, d, preci"
group1,2,4,1024,2048,512,1,64,,,,"ERROR: Could not find hyperparameters for the kernel instance corresponding to the target (batch_size, a, b, c, d, preci"
group1,2,4,1024,2048,512,1,128,,,,"ERROR: Could not find hyperparameters for the kernel instance corresponding to the target (batch_size, a, b, c, d, preci"
group1,2,4,1024,2048,512,1,256,,,,"ERROR: Could not find hyperparameters for the kernel instance corresponding to the target (batch_size, a, b, c, d, preci"
group1,2,4,1024,2048,512,1,512,,,,"ERROR: Could not find hyperparameters for the kernel instance corresponding to the target (batch_size, a, b, c, d, preci"
group1,2,4,1024,2048,512,1,1024,,,,"ERROR: Could not find hyperparameters for the kernel instance corresponding to the target (batch_size, a, b, c, d, preci"
group1,2,4,1024,2048,512,1,2048,,,,"ERROR: Could not find hyperparameters for the kernel instance corresponding to the target (batch_size, a, b, c, d, preci"
group1,2,4,1024,2048,512,1,4096,,,,"ERROR: Could not find hyperparameters for the kernel instance corresponding to the target (batch_size, a, b, c, d, preci"
group1,2,4,2048,4096,1,1024,2,,,,"ERROR: Could not find hyperparameters for the kernel instance corresponding to the target (batch_size, a, b, c, d, preci"
group1,2,4,2048,4096,1,1024,4,,,,"ERROR: Could not find hyperparameters for the kernel instance corresponding to the target (batch_size, a, b, c, d, preci"
group1,2,4,2048,4096,1,1024,8,,,,"ERROR: Could not find hyperparameters for the kernel instance corresponding to the target (batch_size, a, b, c, d, preci"
group1,2,4,2048,4096,1,1024,16,,,,"ERROR: Could not find hyperparameters for the kernel instance corresponding to the target (batch_size, a, b, c, d, preci"
group1,2,4,2048,4096,1,1024,32,,,,"ERROR: Could not find hyperparameters for the kernel instance corresponding to the target (batch_size, a, b, c, d, preci"
group1,2,4,2048,4096,1,1024,64,,,,"ERROR: Could not find hyperparameters for the kernel instance corresponding to the target (batch_size, a, b, c, d, preci"
group1,2,4,2048,4096,1,1024,128,,,,"ERROR: Could not find hyperparameters for the kernel instance corresponding to the target (batch_size, a, b, c, d, preci"
group1,2,4,2048,4096,1,1024,256,,,,"ERROR: Could not find hyperparameters for the kernel instance corresponding to the target (batch_size, a, b, c, d, preci"
group1,2,4,2048,4096,1,1024,512,,,,"ERROR: Could not find hyperparameters for the kernel instance corresponding to the target (batch_size, a, b, c, d, preci"
group1,2,4,2048,4096,1,1024,1024,,,,"ERROR: Could not find hyperparameters for the kernel instance corresponding to the target (batch_size, a, b, c, d, preci"
group1,2,4,2048,4096,1,1024,2048,,,,"ERROR: Could not find hyperparameters for the kernel instance corresponding to the target (batch_size, a, b, c, d, preci"
group1,2,4,2048,4096,1,1024,4096,,,,"ERROR: Could not find hyperparameters for the kernel instance corresponding to the target (batch_size, a, b, c, d, preci"
group1,2,4,2048,4096,2,512,2,,,,"ERROR: Could not find hyperparameters for the kernel instance corresponding to the target (batch_size, a, b, c, d, preci"
group1,2,4,2048,4096,2,512,4,,,,"ERROR: Could not find hyperparameters for the kernel instance corresponding to the target (batch_size, a, b, c, d, preci"
group1,2,4,2048,4096,2,512,8,,,,"ERROR: Could not find hyperparameters for the kernel instance corresponding to the target (batch_size, a, b, c, d, preci"
group1,2,4,2048,4096,2,512,16,,,,"ERROR: Could not find hyperparameters for the kernel instance corresponding to the target (batch_size, a, b, c, d, preci"
group1,2,4,2048,4096,2,512,32,,,,"ERROR: Could not find hyperparameters for the kernel instance corresponding to the target (batch_size, a, b, c, d, preci"
group1,2,4,2048,4096,2,512,64,,,,"ERROR: Could not find hyperparameters for the kernel instance corresponding to the target (batch_size, a, b, c, d, preci"
group1,2,4,2048,4096,2,512,128,,,,"ERROR: Could not find hyperparameters for the kernel instance corresponding to the target (batch_size, a, b, c, d, preci"
group1,2,4,2048,4096,2,512,256,,,,"ERROR: Could not find hyperparameters for the kernel instance corresponding to the target (batch_size, a, b, c, d, preci"
group1,2,4,2048,4096,2,512,512,,,,"ERROR: Could not find hyperparameters for the kernel instance corresponding to the target (batch_size, a, b, c, d, preci"
group1,2,4,2048,4096,2,512,1024,,,,"ERROR: Could not find hyperparameters for the kernel instance corresponding to the target (batch_size, a, b, c, d, preci"
group1,2,4,2048,4096,2,512,2048,,,,"ERROR: Could not find hyperparameters for the kernel instance corresponding to the target (batch_size, a, b, c, d, preci"
group1,2,4,2048,4096,2,512,4096,,,,"ERROR: Could not find hyperparameters for the kernel instance corresponding to the target (batch_size, a, b, c, d, preci"
group1,2,4,2048,4096,4,256,2,,,,"ERROR: Could not find hyperparameters for the kernel instance corresponding to the target (batch_size, a, b, c, d, preci"
group1,2,4,2048,4096,4,256,4,,,,"ERROR: Could not find hyperparameters for the kernel instance corresponding to the target (batch_size, a, b, c, d, preci"
group1,2,4,2048,4096,4,256,8,,,,"ERROR: Could not find hyperparameters for the kernel instance corresponding to the target (batch_size, a, b, c, d, preci"
group1,2,4,2048,4096,4,256,16,,,,"ERROR: Could not find hyperparameters for the kernel instance corresponding to the target (batch_size, a, b, c, d, preci"
group1,2,4,2048,4096,4,256,32,,,,"ERROR: Could not find hyperparameters for the kernel instance corresponding to the target (batch_size, a, b, c, d, preci"
group1,2,4,2048,4096,4,256,64,,,,"ERROR: Could not find hyperparameters for the kernel instance corresponding to the target (batch_size, a, b, c, d, preci"
group1,2,4,2048,4096,4,256,128,,,,"ERROR: Could not find hyperparameters for the kernel instance corresponding to the target (batch_size, a, b, c, d, preci"
group1,2,4,2048,4096,4,256,256,,,,"ERROR: Could not find hyperparameters for the kernel instance corresponding to the target (batch_size, a, b, c, d, preci"
group1,2,4,2048,4096,4,256,512,,,,"ERROR: Could not find hyperparameters for the kernel instance corresponding to the target (batch_size, a, b, c, d, preci"
group1,2,4,2048,4096,4,256,1024,,,,"ERROR: Could not find hyperparameters for the kernel instance corresponding to the target (batch_size, a, b, c, d, preci"
group1,2,4,2048,4096,4,256,2048,,,,"ERROR: Could not find hyperparameters for the kernel instance corresponding to the target (batch_size, a, b, c, d, preci"
group1,2,4,2048,4096,4,256,4096,,,,"ERROR: Could not find hyperparameters for the kernel instance corresponding to the target (batch_size, a, b, c, d, preci"
group1,2,4,2048,4096,8,128,2,,,,"ERROR: Could not find hyperparameters for the kernel instance corresponding to the target (batch_size, a, b, c, d, preci"
group1,2,4,2048,4096,8,128,4,,,,"ERROR: Could not find hyperparameters for the kernel instance corresponding to the target (batch_size, a, b, c, d, preci"
group1,2,4,2048,4096,8,128,8,,,,"ERROR: Could not find hyperparameters for the kernel instance corresponding to the target (batch_size, a, b, c, d, preci"
group1,2,4,2048,4096,8,128,16,,,,"ERROR: Could not find hyperparameters for the kernel instance corresponding to the target (batch_size, a, b, c, d, preci"
group1,2,4,2048,4096,8,128,32,,,,"ERROR: Could not find hyperparameters for the kernel instance corresponding to the target (batch_size, a, b, c, d, preci"
group1,2,4,2048,4096,8,128,64,,,,"ERROR: Could not find hyperparameters for the kernel instance corresponding to the target (batch_size, a, b, c, d, preci"
group1,2,4,2048,4096,8,128,128,,,,"ERROR: Could not find hyperparameters for the kernel instance corresponding to the target (batch_size, a, b, c, d, preci"
group1,2,4,2048,4096,8,128,256,,,,"ERROR: Could not find hyperparameters for the kernel instance corresponding to the target (batch_size, a, b, c, d, preci"
group1,2,4,2048,4096,8,128,512,,,,"ERROR: Could not find hyperparameters for the kernel instance corresponding to the target (batch_size, a, b, c, d, preci"
group1,2,4,2048,4096,8,128,1024,,,,"ERROR: Could not find hyperparameters for the kernel instance corresponding to the target (batch_size, a, b, c, d, preci"
group1,2,4,2048,4096,8,128,2048,,,,"ERROR: Could not find hyperparameters for the kernel instance corresponding to the target (batch_size, a, b, c, d, preci"
group1,2,4,2048,4096,8,128,4096,,,,"ERROR: Could not find hyperparameters for the kernel instance corresponding to the target (batch_size, a, b, c, d, preci"
group1,2,4,2048,4096,16,64,2,,,,"ERROR: Could not find hyperparameters for the kernel instance corresponding to the target (batch_size, a, b, c, d, preci"
group1,2,4,2048,4096,16,64,4,,,,"ERROR: Could not find hyperparameters for the kernel instance corresponding to the target (batch_size, a, b, c, d, preci"
group1,2,4,2048,4096,16,64,8,,,,"ERROR: Could not find hyperparameters for the kernel instance corresponding to the target (batch_size, a, b, c, d, preci"
group1,2,4,2048,4096,16,64,16,,,,"ERROR: Could not find hyperparameters for the kernel instance corresponding to the target (batch_size, a, b, c, d, preci"
group1,2,4,2048,4096,16,64,32,,,,"ERROR: Could not find hyperparameters for the kernel instance corresponding to the target (batch_size, a, b, c, d, preci"
group1,2,4,2048,4096,16,64,64,,,,"ERROR: Could not find hyperparameters for the kernel instance corresponding to the target (batch_size, a, b, c, d, preci"
group1,2,4,2048,4096,16,64,128,,,,"ERROR: Could not find hyperparameters for the kernel instance corresponding to the target (batch_size, a, b, c, d, preci"
group1,2,4,2048,4096,16,64,256,,,,"ERROR: Could not find hyperparameters for the kernel instance corresponding to the target (batch_size, a, b, c, d, preci"
group1,2,4,2048,4096,16,64,512,,,,"ERROR: Could not find hyperparameters for the kernel instance corresponding to the target (batch_size, a, b, c, d, preci"
group1,2,4,2048,4096,16,64,1024,,,,"ERROR: Could not find hyperparameters for the kernel instance corresponding to the target (batch_size, a, b, c, d, preci"
group1,2,4,2048,4096,16,64,2048,,,,"ERROR: Could not find hyperparameters for the kernel instance corresponding to the target (batch_size, a, b, c, d, preci"
group1,2,4,2048,4096,16,64,4096,,,,"ERROR: Could not find hyperparameters for the kernel instance corresponding to the target (batch_size, a, b, c, d, preci"
group1,2,4,2048,4096,32,32,2,,,,"ERROR: Could not find hyperparameters for the kernel instance corresponding to the target (batch_size, a, b, c, d, preci"
group1,2,4,2048,4096,32,32,4,,,,"ERROR: Could not find hyperparameters for the kernel instance corresponding to the target (batch_size, a, b, c, d, preci"
group1,2,4,2048,4096,32,32,8,,,,"ERROR: Could not find hyperparameters for the kernel instance corresponding to the target (batch_size, a, b, c, d, preci"
group1,2,4,2048,4096,32,32,16,,,,"ERROR: Could not find hyperparameters for the kernel instance corresponding to the target (batch_size, a, b, c, d, preci"
group1,2,4,2048,4096,32,32,32,,,,"ERROR: Could not find hyperparameters for the kernel instance corresponding to the target (batch_size, a, b, c, d, preci"
group1,2,4,2048,4096,32,32,64,,,,"ERROR: Could not find hyperparameters for the kernel instance corresponding to the target (batch_size, a, b, c, d, preci"
group1,2,4,2048,4096,32,32,128,,,,"ERROR: Could not find hyperparameters for the kernel instance corresponding to the target (batch_size, a, b, c, d, preci"
group1,2,4,2048,4096,32,32,256,,,,"ERROR: Could not find hyperparameters for the kernel instance corresponding to the target (batch_size, a, b, c, d, preci"
group1,2,4,2048,4096,32,32,512,,,,"ERROR: Could not find hyperparameters for the kernel instance corresponding to the target (batch_size, a, b, c, d, preci"
group1,2,4,2048,4096,32,32,1024,,,,"ERROR: Could not find hyperparameters for the kernel instance corresponding to the target (batch_size, a, b, c, d, preci"
group1,2,4,2048,4096,32,32,2048,,,,"ERROR: Could not find hyperparameters for the kernel instance corresponding to the target (batch_size, a, b, c, d, preci"
group1,2,4,2048,4096,32,32,4096,,,,"ERROR: Could not find hyperparameters for the kernel instance corresponding to the target (batch_size, a, b, c, d, preci"
group1,2,4,2048,4096,64,16,2,,,,"ERROR: Could not find hyperparameters for the kernel instance corresponding to the target (batch_size, a, b, c, d, preci"
group1,2,4,2048,4096,64,16,4,,,,"ERROR: Could not find hyperparameters for the kernel instance corresponding to the target (batch_size, a, b, c, d, preci"
group1,2,4,2048,4096,64,16,8,,,,"ERROR: Could not find hyperparameters for the kernel instance corresponding to the target (batch_size, a, b, c, d, preci"
group1,2,4,2048,4096,64,16,16,,,,"ERROR: Could not find hyperparameters for the kernel instance corresponding to the target (batch_size, a, b, c, d, preci"
group1,2,4,2048,4096,64,16,32,,,,"ERROR: Could not find hyperparameters for the kernel instance corresponding to the target (batch_size, a, b, c, d, preci"
group1,2,4,2048,4096,64,16,64,,,,"ERROR: Could not find hyperparameters for the kernel instance corresponding to the target (batch_size, a, b, c, d, preci"
group1,2,4,2048,4096,64,16,128,,,,"ERROR: Could not find hyperparameters for the kernel instance corresponding to the target (batch_size, a, b, c, d, preci"
group1,2,4,2048,4096,64,16,256,,,,"ERROR: Could not find hyperparameters for the kernel instance corresponding to the target (batch_size, a, b, c, d, preci"
group1,2,4,2048,4096,64,16,512,,,,"ERROR: Could not find hyperparameters for the kernel instance corresponding to the target (batch_size, a, b, c, d, preci"
group1,2,4,2048,4096,64,16,1024,,,,"ERROR: Could not find hyperparameters for the kernel instance corresponding to the target (batch_size, a, b, c, d, preci"
group1,2,4,2048,4096,64,16,2048,,,,"ERROR: Could not find hyperparameters for the kernel instance corresponding to the target (batch_size, a, b, c, d, preci"
group1,2,4,2048,4096,64,16,4096,,,,"ERROR: Could not find hyperparameters for the kernel instance corresponding to the target (batch_size, a, b, c, d, preci"
group1,2,4,2048,4096,128,8,2,,,,"ERROR: Could not find hyperparameters for the kernel instance corresponding to the target (batch_size, a, b, c, d, preci"
group1,2,4,2048,4096,128,8,4,,,,"ERROR: Could not find hyperparameters for the kernel instance corresponding to the target (batch_size, a, b, c, d, preci"
group1,2,4,2048,4096,128,8,8,,,,"ERROR: Could not find hyperparameters for the kernel instance corresponding to the target (batch_size, a, b, c, d, preci"
group1,2,4,2048,4096,128,8,16,,,,"ERROR: Could not find hyperparameters for the kernel instance corresponding to the target (batch_size, a, b, c, d, preci"
group1,2,4,2048,4096,128,8,32,,,,"ERROR: Could not find hyperparameters for the kernel instance corresponding to the target (batch_size, a, b, c, d, preci"
group1,2,4,2048,4096,128,8,64,,,,"ERROR: Could not find hyperparameters for the kernel instance corresponding to the target (batch_size, a, b, c, d, preci"
group1,2,4,2048,4096,128,8,128,,,,"ERROR: Could not find hyperparameters for the kernel instance corresponding to the target (batch_size, a, b, c, d, preci"
group1,2,4,2048,4096,128,8,256,,,,"ERROR: Could not find hyperparameters for the kernel instance corresponding to the target (batch_size, a, b, c, d, preci"
group1,2,4,2048,4096,128,8,512,,,,"ERROR: Could not find hyperparameters for the kernel instance corresponding to the target (batch_size, a, b, c, d, preci"
group1,2,4,2048,4096,128,8,1024,,,,"ERROR: Could not find hyperparameters for the kernel instance corresponding to the target (batch_size, a, b, c, d, preci"
group1,2,4,2048,4096,128,8,2048,,,,"ERROR: Could not find hyperparameters for the kernel instance corresponding to the target (batch_size, a, b, c, d, preci"
group1,2,4,2048,4096,128,8,4096,,,,"ERROR: Could not find hyperparameters for the kernel instance corresponding to the target (batch_size, a, b, c, d, preci"
group1,2,4,2048,4096,256,4,2,,,,"ERROR: Could not find hyperparameters for the kernel instance corresponding to the target (batch_size, a, b, c, d, preci"
group1,2,4,2048,4096,256,4,4,,,,"ERROR: Could not find hyperparameters for the kernel instance corresponding to the target (batch_size, a, b, c, d, preci"
group1,2,4,2048,4096,256,4,8,,,,"ERROR: Could not find hyperparameters for the kernel instance corresponding to the target (batch_size, a, b, c, d, preci"
group1,2,4,2048,4096,256,4,16,,,,"ERROR: Could not find hyperparameters for the kernel instance corresponding to the target (batch_size, a, b, c, d, preci"
group1,2,4,2048,4096,256,4,32,,,,"ERROR: Could not find hyperparameters for the kernel instance corresponding to the target (batch_size, a, b, c, d, preci"
group1,2,4,2048,4096,256,4,64,,,,"ERROR: Could not find hyperparameters for the kernel instance corresponding to the target (batch_size, a, b, c, d, preci"
group1,2,4,2048,4096,256,4,128,,,,"ERROR: Could not find hyperparameters for the kernel instance corresponding to the target (batch_size, a, b, c, d, preci"
group1,2,4,2048,4096,256,4,256,,,,"ERROR: Could not find hyperparameters for the kernel instance corresponding to the target (batch_size, a, b, c, d, preci"
group1,2,4,2048,4096,256,4,512,,,,"ERROR: Could not find hyperparameters for the kernel instance corresponding to the target (batch_size, a, b, c, d, preci"
group1,2,4,2048,4096,256,4,1024,,,,"ERROR: Could not find hyperparameters for the kernel instance corresponding to the target (batch_size, a, b, c, d, preci"
group1,2,4,2048,4096,256,4,2048,,,,"ERROR: Could not find hyperparameters for the kernel instance corresponding to the target (batch_size, a, b, c, d, preci"
group1,2,4,2048,4096,256,4,4096,,,,"ERROR: Could not find hyperparameters for the kernel instance corresponding to the target (batch_size, a, b, c, d, preci"
group1,2,4,2048,4096,512,2,2,,,,"ERROR: Could not find hyperparameters for the kernel instance corresponding to the target (batch_size, a, b, c, d, preci"
group1,2,4,2048,4096,512,2,4,,,,"ERROR: Could not find hyperparameters for the kernel instance corresponding to the target (batch_size, a, b, c, d, preci"
group1,2,4,2048,4096,512,2,8,,,,"ERROR: Could not find hyperparameters for the kernel instance corresponding to the target (batch_size, a, b, c, d, preci"
group1,2,4,2048,4096,512,2,16,,,,"ERROR: Could not find hyperparameters for the kernel instance corresponding to the target (batch_size, a, b, c, d, preci"
group1,2,4,2048,4096,512,2,32,,,,"ERROR: Could not find hyperparameters for the kernel instance corresponding to the target (batch_size, a, b, c, d, preci"
group1,2,4,2048,4096,512,2,64,,,,"ERROR: Could not find hyperparameters for the kernel instance corresponding to the target (batch_size, a, b, c, d, preci"
group1,2,4,2048,4096,512,2,128,,,,"ERROR: Could not find hyperparameters for the kernel instance corresponding to the target (batch_size, a, b, c, d, preci"
group1,2,4,2048,4096,512,2,256,,,,"ERROR: Could not find hyperparameters for the kernel instance corresponding to the target (batch_size, a, b, c, d, preci"
group1,2,4,2048,4096,512,2,512,,,,"ERROR: Could not find hyperparameters for the kernel instance corresponding to the target (batch_size, a, b, c, d, preci"
group1,2,4,2048,4096,512,2,1024,,,,"ERROR: Could not find hyperparameters for the kernel instance corresponding to the target (batch_size, a, b, c, d, preci"
group1,2,4,2048,4096,512,2,2048,,,,"ERROR: Could not find hyperparameters for the kernel instance corresponding to the target (batch_size, a, b, c, d, preci"
group1,2,4,2048,4096,512,2,4096,,,,"ERROR: Could not find hyperparameters for the kernel instance corresponding to the target (batch_size, a, b, c, d, preci"
group1,2,4,2048,4096,1024,1,2,,,,"ERROR: Could not find hyperparameters for the kernel instance corresponding to the target (batch_size, a, b, c, d, preci"
group1,2,4,2048,4096,1024,1,4,,,,"ERROR: Could not find hyperparameters for the kernel instance corresponding to the target (batch_size, a, b, c, d, preci"
group1,2,4,2048,4096,1024,1,8,,,,"ERROR: Could not find hyperparameters for the kernel instance corresponding to the target (batch_size, a, b, c, d, preci"
group1,2,4,2048,4096,1024,1,16,,,,"ERROR: Could not find hyperparameters for the kernel instance corresponding to the target (batch_size, a, b, c, d, preci"
group1,2,4,2048,4096,1024,1,32,,,,"ERROR: Could not find hyperparameters for the kernel instance corresponding to the target (batch_size, a, b, c, d, preci"
group1,2,4,2048,4096,1024,1,64,,,,"ERROR: Could not find hyperparameters for the kernel instance corresponding to the target (batch_size, a, b, c, d, preci"
group1,2,4,2048,4096,1024,1,128,,,,"ERROR: Could not find hyperparameters for the kernel instance corresponding to the target (batch_size, a, b, c, d, preci"
group1,2,4,2048,4096,1024,1,256,,,,"ERROR: Could not find hyperparameters for the kernel instance corresponding to the target (batch_size, a, b, c, d, preci"
group1,2,4,2048,4096,1024,1,512,,,,"ERROR: Could not find hyperparameters for the kernel instance corresponding to the target (batch_size, a, b, c, d, preci"
group1,2,4,2048,4096,1024,1,1024,,,,"ERROR: Could not find hyperparameters for the kernel instance corresponding to the target (batch_size, a, b, c, d, preci"
group1,2,4,2048,4096,1024,1,2048,,,,"ERROR: Could not find hyperparameters for the kernel instance corresponding to the target (batch_size, a, b, c, d, preci"
group1,2,4,2048,4096,1024,1,4096,,,,"ERROR: Could not find hyperparameters for the kernel instance corresponding to the target (batch_size, a, b, c, d, preci"
group1,2,8,512,2048,1,256,2,,,,"ERROR: Could not find hyperparameters for the kernel instance corresponding to the target (batch_size, a, b, c, d, preci"
group1,2,8,512,2048,1,256,4,,,,"ERROR: Could not find hyperparameters for the kernel instance corresponding to the target (batch_size, a, b, c, d, preci"
group1,2,8,512,2048,1,256,8,,,,"ERROR: Could not find hyperparameters for the kernel instance corresponding to the target (batch_size, a, b, c, d, preci"
group1,2,8,512,2048,1,256,16,,,,"ERROR: Could not find hyperparameters for the kernel instance corresponding to the target (batch_size, a, b, c, d, preci"
group1,2,8,512,2048,1,256,32,,,,"ERROR: Could not find hyperparameters for the kernel instance corresponding to the target (batch_size, a, b, c, d, preci"
group1,2,8,512,2048,1,256,64,,,,"ERROR: Could not find hyperparameters for the kernel instance corresponding to the target (batch_size, a, b, c, d, preci"
group1,2,8,512,2048,1,256,128,,,,"ERROR: Could not find hyperparameters for the kernel instance corresponding to the target (batch_size, a, b, c, d, preci"
group1,2,8,512,2048,1,256,256,,,,"ERROR: Could not find hyperparameters for the kernel instance corresponding to the target (batch_size, a, b, c, d, preci"
group1,2,8,512,2048,1,256,512,,,,"ERROR: Could not find hyperparameters for the kernel instance corresponding to the target (batch_size, a, b, c, d, preci"
group1,2,8,512,2048,1,256,1024,,,,"ERROR: Could not find hyperparameters for the kernel instance corresponding to the target (batch_size, a, b, c, d, preci"
group1,2,8,512,2048,1,256,2048,,,,"ERROR: Could not find hyperparameters for the kernel instance corresponding to the target (batch_size, a, b, c, d, preci"
group1,2,8,512,2048,1,256,4096,,,,"ERROR: Could not find hyperparameters for the kernel instance corresponding to the target (batch_size, a, b, c, d, preci"
group1,2,8,512,2048,2,128,2,,,,"ERROR: Could not find hyperparameters for the kernel instance corresponding to the target (batch_size, a, b, c, d, preci"
group1,2,8,512,2048,2,128,4,,,,"ERROR: Could not find hyperparameters for the kernel instance corresponding to the target (batch_size, a, b, c, d, preci"
group1,2,8,512,2048,2,128,8,,,,"ERROR: Could not find hyperparameters for the kernel instance corresponding to the target (batch_size, a, b, c, d, preci"
group1,2,8,512,2048,2,128,16,,,,"ERROR: Could not find hyperparameters for the kernel instance corresponding to the target (batch_size, a, b, c, d, preci"
group1,2,8,512,2048,2,128,32,,,,"ERROR: Could not find hyperparameters for the kernel instance corresponding to the target (batch_size, a, b, c, d, preci"
group1,2,8,512,2048,2,128,64,,,,"ERROR: Could not find hyperparameters for the kernel instance corresponding to the target (batch_size, a, b, c, d, preci"
group1,2,8,512,2048,2,128,128,,,,"ERROR: Could not find hyperparameters for the kernel instance corresponding to the target (batch_size, a, b, c, d, preci"
group1,2,8,512,2048,2,128,256,,,,"ERROR: Could not find hyperparameters for the kernel instance corresponding to the target (batch_size, a, b, c, d, preci"
group1,2,8,512,2048,2,128,512,,,,"ERROR: Could not find hyperparameters for the kernel instance corresponding to the target (batch_size, a, b, c, d, preci"
group1,2,8,512,2048,2,128,1024,,,,"ERROR: Could not find hyperparameters for the kernel instance corresponding to the target (batch_size, a, b, c, d, preci"
group1,2,8,512,2048,2,128,2048,,,,"ERROR: Could not find hyperparameters for the kernel instance corresponding to the target (batch_size, a, b, c, d, preci"
group1,2,8,512,2048,2,128,4096,,,,"ERROR: Could not find hyperparameters for the kernel instance corresponding to the target (batch_size, a, b, c, d, preci"
group1,2,8,512,2048,4,64,2,,,,"ERROR: Could not find hyperparameters for the kernel instance corresponding to the target (batch_size, a, b, c, d, preci"
group1,2,8,512,2048,4,64,4,,,,"ERROR: Could not find hyperparameters for the kernel instance corresponding to the target (batch_size, a, b, c, d, preci"
group1,2,8,512,2048,4,64,8,,,,"ERROR: Could not find hyperparameters for the kernel instance corresponding to the target (batch_size, a, b, c, d, preci"
group1,2,8,512,2048,4,64,16,,,,"ERROR: Could not find hyperparameters for the kernel instance corresponding to the target (batch_size, a, b, c, d, preci"
group1,2,8,512,2048,4,64,32,,,,"ERROR: Could not find hyperparameters for the kernel instance corresponding to the target (batch_size, a, b, c, d, preci"
group1,2,8,512,2048,4,64,64,,,,"ERROR: Could not find hyperparameters for the kernel instance corresponding to the target (batch_size, a, b, c, d, preci"
group1,2,8,512,2048,4,64,128,,,,"ERROR: Could not find hyperparameters for the kernel instance corresponding to the target (batch_size, a, b, c, d, preci"
group1,2,8,512,2048,4,64,256,,,,"ERROR: Could not find hyperparameters for the kernel instance corresponding to the target (batch_size, a, b, c, d, preci"
group1,2,8,512,2048,4,64,512,,,,"ERROR: Could not find hyperparameters for the kernel instance corresponding to the target (batch_size, a, b, c, d, preci"
group1,2,8,512,2048,4,64,1024,,,,"ERROR: Could not find hyperparameters for the kernel instance corresponding to the target (batch_size, a, b, c, d, preci"
group1,2,8,512,2048,4,64,2048,,,,"ERROR: Could not find hyperparameters for the kernel instance corresponding to the target (batch_size, a, b, c, d, preci"
group1,2,8,512,2048,4,64,4096,,,,"ERROR: Could not find hyperparameters for the kernel instance corresponding to the target (batch_size, a, b, c, d, preci"
group1,2,8,512,2048,8,32,2,,,,"ERROR: Could not find hyperparameters for the kernel instance corresponding to the target (batch_size, a, b, c, d, preci"
group1,2,8,512,2048,8,32,4,,,,"ERROR: Could not find hyperparameters for the kernel instance corresponding to the target (batch_size, a, b, c, d, preci"
group1,2,8,512,2048,8,32,8,,,,"ERROR: Could not find hyperparameters for the kernel instance corresponding to the target (batch_size, a, b, c, d, preci"
group1,2,8,512,2048,8,32,16,,,,"ERROR: Could not find hyperparameters for the kernel instance corresponding to the target (batch_size, a, b, c, d, preci"
group1,2,8,512,2048,8,32,32,,,,"ERROR: Could not find hyperparameters for the kernel instance corresponding to the target (batch_size, a, b, c, d, preci"
group1,2,8,512,2048,8,32,64,,,,"ERROR: Could not find hyperparameters for the kernel instance corresponding to the target (batch_size, a, b, c, d, preci"
group1,2,8,512,2048,8,32,128,,,,"ERROR: Could not find hyperparameters for the kernel instance corresponding to the target (batch_size, a, b, c, d, preci"
group1,2,8,512,2048,8,32,256,,,,"ERROR: Could not find hyperparameters for the kernel instance corresponding to the target (batch_size, a, b, c, d, preci"
group1,2,8,512,2048,8,32,512,,,,"ERROR: Could not find hyperparameters for the kernel instance corresponding to the target (batch_size, a, b, c, d, preci"
group1,2,8,512,2048,8,32,1024,,,,"ERROR: Could not find hyperparameters for the kernel instance corresponding to the target (batch_size, a, b, c, d, preci"
group1,2,8,512,2048,8,32,2048,,,,"ERROR: Could not find hyperparameters for the kernel instance corresponding to the target (batch_size, a, b, c, d, preci"
group1,2,8,512,2048,8,32,4096,,,,"ERROR: Could not find hyperparameters for the kernel instance corresponding to the target (batch_size, a, b, c, d, preci"
group1,2,8,512,2048,16,16,2,,,,"ERROR: Could not find hyperparameters for the kernel instance corresponding to the target (batch_size, a, b, c, d, preci"
group1,2,8,512,2048,16,16,4,,,,"ERROR: Could not find hyperparameters for the kernel instance corresponding to the target (batch_size, a, b, c, d, preci"
group1,2,8,512,2048,16,16,8,,,,"ERROR: Could not find hyperparameters for the kernel instance corresponding to the target (batch_size, a, b, c, d, preci"
group1,2,8,512,2048,16,16,16,,,,"ERROR: Could not find hyperparameters for the kernel instance corresponding to the target (batch_size, a, b, c, d, preci"
group1,2,8,512,2048,16,16,32,,,,"ERROR: Could not find hyperparameters for the kernel instance corresponding to the target (batch_size, a, b, c, d, preci"
group1,2,8,512,2048,16,16,64,,,,"ERROR: Could not find hyperparameters for the kernel instance corresponding to the target (batch_size, a, b, c, d, preci"
group1,2,8,512,2048,16,16,128,,,,"ERROR: Could not find hyperparameters for the kernel instance corresponding to the target (batch_size, a, b, c, d, preci"
group1,2,8,512,2048,16,16,256,,,,"ERROR: Could not find hyperparameters for the kernel instance corresponding to the target (batch_size, a, b, c, d, preci"
group1,2,8,512,2048,16,16,512,,,,"ERROR: Could not find hyperparameters for the kernel instance corresponding to the target (batch_size, a, b, c, d, preci"
group1,2,8,512,2048,16,16,1024,,,,"ERROR: Could not find hyperparameters for the kernel instance corresponding to the target (batch_size, a, b, c, d, preci"
group1,2,8,512,2048,16,16,2048,,,,"ERROR: Could not find hyperparameters for the kernel instance corresponding to the target (batch_size, a, b, c, d, preci"
group1,2,8,512,2048,16,16,4096,,,,"ERROR: Could not find hyperparameters for the kernel instance corresponding to the target (batch_size, a, b, c, d, preci"
group1,2,8,512,2048,32,8,2,,,,"ERROR: Could not find hyperparameters for the kernel instance corresponding to the target (batch_size, a, b, c, d, preci"
group1,2,8,512,2048,32,8,4,,,,"ERROR: Could not find hyperparameters for the kernel instance corresponding to the target (batch_size, a, b, c, d, preci"
group1,2,8,512,2048,32,8,8,,,,"ERROR: Could not find hyperparameters for the kernel instance corresponding to the target (batch_size, a, b, c, d, preci"
group1,2,8,512,2048,32,8,16,,,,"ERROR: Could not find hyperparameters for the kernel instance corresponding to the target (batch_size, a, b, c, d, preci"
group1,2,8,512,2048,32,8,32,,,,"ERROR: Could not find hyperparameters for the kernel instance corresponding to the target (batch_size, a, b, c, d, preci"
group1,2,8,512,2048,32,8,64,,,,"ERROR: Could not find hyperparameters for the kernel instance corresponding to the target (batch_size, a, b, c, d, preci"
group1,2,8,512,2048,32,8,128,,,,"ERROR: Could not find hyperparameters for the kernel instance corresponding to the target (batch_size, a, b, c, d, preci"
group1,2,8,512,2048,32,8,256,,,,"ERROR: Could not find hyperparameters for the kernel instance corresponding to the target (batch_size, a, b, c, d, preci"
group1,2,8,512,2048,32,8,512,,,,"ERROR: Could not find hyperparameters for the kernel instance corresponding to the target (batch_size, a, b, c, d, preci"
group1,2,8,512,2048,32,8,1024,,,,"ERROR: Could not find hyperparameters for the kernel instance corresponding to the target (batch_size, a, b, c, d, preci"
group1,2,8,512,2048,32,8,2048,,,,"ERROR: Could not find hyperparameters for the kernel instance corresponding to the target (batch_size, a, b, c, d, preci"
group1,2,8,512,2048,32,8,4096,,,,"ERROR: Could not find hyperparameters for the kernel instance corresponding to the target (batch_size, a, b, c, d, preci"
group1,2,8,512,2048,64,4,2,,,,"ERROR: Could not find hyperparameters for the kernel instance corresponding to the target (batch_size, a, b, c, d, preci"
group1,2,8,512,2048,64,4,4,,,,"ERROR: Could not find hyperparameters for the kernel instance corresponding to the target (batch_size, a, b, c, d, preci"
group1,2,8,512,2048,64,4,8,,,,"ERROR: Could not find hyperparameters for the kernel instance corresponding to the target (batch_size, a, b, c, d, preci"
group1,2,8,512,2048,64,4,16,,,,"ERROR: Could not find hyperparameters for the kernel instance corresponding to the target (batch_size, a, b, c, d, preci"
group1,2,8,512,2048,64,4,32,,,,"ERROR: Could not find hyperparameters for the kernel instance corresponding to the target (batch_size, a, b, c, d, preci"
group1,2,8,512,2048,64,4,64,,,,"ERROR: Could not find hyperparameters for the kernel instance corresponding to the target (batch_size, a, b, c, d, preci"
group1,2,8,512,2048,64,4,128,,,,"ERROR: Could not find hyperparameters for the kernel instance corresponding to the target (batch_size, a, b, c, d, preci"
group1,2,8,512,2048,64,4,256,,,,"ERROR: Could not find hyperparameters for the kernel instance corresponding to the target (batch_size, a, b, c, d, preci"
group1,2,8,512,2048,64,4,512,,,,"ERROR: Could not find hyperparameters for the kernel instance corresponding to the target (batch_size, a, b, c, d, preci"
group1,2,8,512,2048,64,4,1024,,,,"ERROR: Could not find hyperparameters for the kernel instance corresponding to the target (batch_size, a, b, c, d, preci"
group1,2,8,512,2048,64,4,2048,,,,"ERROR: Could not find hyperparameters for the kernel instance corresponding to the target (batch_size, a, b, c, d, preci"
group1,2,8,512,2048,64,4,4096,,,,"ERROR: Could not find hyperparameters for the kernel instance corresponding to the target (batch_size, a, b, c, d, preci"
group1,2,8,512,2048,128,2,2,,,,"ERROR: Could not find hyperparameters for the kernel instance corresponding to the target (batch_size, a, b, c, d, preci"
group1,2,8,512,2048,128,2,4,,,,"ERROR: Could not find hyperparameters for the kernel instance corresponding to the target (batch_size, a, b, c, d, preci"
group1,2,8,512,2048,128,2,8,,,,"ERROR: Could not find hyperparameters for the kernel instance corresponding to the target (batch_size, a, b, c, d, preci"
group1,2,8,512,2048,128,2,16,,,,"ERROR: Could not find hyperparameters for the kernel instance corresponding to the target (batch_size, a, b, c, d, preci"
group1,2,8,512,2048,128,2,32,,,,"ERROR: Could not find hyperparameters for the kernel instance corresponding to the target (batch_size, a, b, c, d, preci"
group1,2,8,512,2048,128,2,64,,,,"ERROR: Could not find hyperparameters for the kernel instance corresponding to the target (batch_size, a, b, c, d, preci"
group1,2,8,512,2048,128,2,128,,,,"ERROR: Could not find hyperparameters for the kernel instance corresponding to the target (batch_size, a, b, c, d, preci"
group1,2,8,512,2048,128,2,256,,,,"ERROR: Could not find hyperparameters for the kernel instance corresponding to the target (batch_size, a, b, c, d, preci"
group1,2,8,512,2048,128,2,512,,,,"ERROR: Could not find hyperparameters for the kernel instance corresponding to the target (batch_size, a, b, c, d, preci"
group1,2,8,512,2048,128,2,1024,,,,"ERROR: Could not find hyperparameters for the kernel instance corresponding to the target (batch_size, a, b, c, d, preci"
group1,2,8,512,2048,128,2,2048,,,,"ERROR: Could not find hyperparameters for the kernel instance corresponding to the target (batch_size, a, b, c, d, preci"
group1,2,8,512,2048,128,2,4096,,,,"ERROR: Could not find hyperparameters for the kernel instance corresponding to the target (batch_size, a, b, c, d, preci"
group1,2,8,512,2048,256,1,2,,,,"ERROR: Could not find hyperparameters for the kernel instance corresponding to the target (batch_size, a, b, c, d, preci"
group1,2,8,512,2048,256,1,4,,,,"ERROR: Could not find hyperparameters for the kernel instance corresponding to the target (batch_size, a, b, c, d, preci"
group1,2,8,512,2048,256,1,8,,,,"ERROR: Could not find hyperparameters for the kernel instance corresponding to the target (batch_size, a, b, c, d, preci"
group1,2,8,512,2048,256,1,16,,,,"ERROR: Could not find hyperparameters for the kernel instance corresponding to the target (batch_size, a, b, c, d, preci"
group1,2,8,512,2048,256,1,32,,,,"ERROR: Could not find hyperparameters for the kernel instance corresponding to the target (batch_size, a, b, c, d, preci"
group1,2,8,512,2048,256,1,64,,,,"ERROR: Could not find hyperparameters for the kernel instance corresponding to the target (batch_size, a, b, c, d, preci"
group1,2,8,512,2048,256,1,128,,,,"ERROR: Could not find hyperparameters for the kernel instance corresponding to the target (batch_size, a, b, c, d, preci"
group1,2,8,512,2048,256,1,256,,,,"ERROR: Could not find hyperparameters for the kernel instance corresponding to the target (batch_size, a, b, c, d, preci"
group1,2,8,512,2048,256,1,512,,,,"ERROR: Could not find hyperparameters for the kernel instance corresponding to the target (batch_size, a, b, c, d, preci"
group1,2,8,512,2048,256,1,1024,,,,"ERROR: Could not find hyperparameters for the kernel instance corresponding to the target (batch_size, a, b, c, d, preci"
group1,2,8,512,2048,256,1,2048,,,,"ERROR: Could not find hyperparameters for the kernel instance corresponding to the target (batch_size, a, b, c, d, preci"
group1,2,8,512,2048,256,1,4096,,,,"ERROR: Could not find hyperparameters for the kernel instance corresponding to the target (batch_size, a, b, c, d, preci"
group1,2,8,1024,4096,1,512,2,,,,"ERROR: Could not find hyperparameters for the kernel instance corresponding to the target (batch_size, a, b, c, d, preci"
group1,2,8,1024,4096,1,512,4,,,,"ERROR: Could not find hyperparameters for the kernel instance corresponding to the target (batch_size, a, b, c, d, preci"
group1,2,8,1024,4096,1,512,8,,,,"ERROR: Could not find hyperparameters for the kernel instance corresponding to the target (batch_size, a, b, c, d, preci"
group1,2,8,1024,4096,1,512,16,,,,"ERROR: Could not find hyperparameters for the kernel instance corresponding to the target (batch_size, a, b, c, d, preci"
group1,2,8,1024,4096,1,512,32,,,,"ERROR: Could not find hyperparameters for the kernel instance corresponding to the target (batch_size, a, b, c, d, preci"
group1,2,8,1024,4096,1,512,64,,,,"ERROR: Could not find hyperparameters for the kernel instance corresponding to the target (batch_size, a, b, c, d, preci"
group1,2,8,1024,4096,1,512,128,,,,"ERROR: Could not find hyperparameters for the kernel instance corresponding to the target (batch_size, a, b, c, d, preci"
group1,2,8,1024,4096,1,512,256,,,,"ERROR: Could not find hyperparameters for the kernel instance corresponding to the target (batch_size, a, b, c, d, preci"
group1,2,8,1024,4096,1,512,512,,,,"ERROR: Could not find hyperparameters for the kernel instance corresponding to the target (batch_size, a, b, c, d, preci"
group1,2,8,1024,4096,1,512,1024,,,,"ERROR: Could not find hyperparameters for the kernel instance corresponding to the target (batch_size, a, b, c, d, preci"
group1,2,8,1024,4096,1,512,2048,,,,"ERROR: Could not find hyperparameters for the kernel instance corresponding to the target (batch_size, a, b, c, d, preci"
group1,2,8,1024,4096,1,512,4096,,,,"ERROR: Could not find hyperparameters for the kernel instance corresponding to the target (batch_size, a, b, c, d, preci"
group1,2,8,1024,4096,2,256,2,,,,"ERROR: Could not find hyperparameters for the kernel instance corresponding to the target (batch_size, a, b, c, d, preci"
group1,2,8,1024,4096,2,256,4,,,,"ERROR: Could not find hyperparameters for the kernel instance corresponding to the target (batch_size, a, b, c, d, preci"
group1,2,8,1024,4096,2,256,8,,,,"ERROR: Could not find hyperparameters for the kernel instance corresponding to the target (batch_size, a, b, c, d, preci"
group1,2,8,1024,4096,2,256,16,,,,"ERROR: Could not find hyperparameters for the kernel instance corresponding to the target (batch_size, a, b, c, d, preci"
group1,2,8,1024,4096,2,256,32,,,,"ERROR: Could not find hyperparameters for the kernel instance corresponding to the target (batch_size, a, b, c, d, preci"
group1,2,8,1024,4096,2,256,64,,,,"ERROR: Could not find hyperparameters for the kernel instance corresponding to the target (batch_size, a, b, c, d, preci"
group1,2,8,1024,4096,2,256,128,,,,"ERROR: Could not find hyperparameters for the kernel instance corresponding to the target (batch_size, a, b, c, d, preci"
group1,2,8,1024,4096,2,256,256,,,,"ERROR: Could not find hyperparameters for the kernel instance corresponding to the target (batch_size, a, b, c, d, preci"
group1,2,8,1024,4096,2,256,512,,,,"ERROR: Could not find hyperparameters for the kernel instance corresponding to the target (batch_size, a, b, c, d, preci"
group1,2,8,1024,4096,2,256,1024,,,,"ERROR: Could not find hyperparameters for the kernel instance corresponding to the target (batch_size, a, b, c, d, preci"
group1,2,8,1024,4096,2,256,2048,,,,"ERROR: Could not find hyperparameters for the kernel instance corresponding to the target (batch_size, a, b, c, d, preci"
group1,2,8,1024,4096,2,256,4096,,,,"ERROR: Could not find hyperparameters for the kernel instance corresponding to the target (batch_size, a, b, c, d, preci"
group1,2,8,1024,4096,4,128,2,,,,"ERROR: Could not find hyperparameters for the kernel instance corresponding to the target (batch_size, a, b, c, d, preci"
group1,2,8,1024,4096,4,128,4,,,,"ERROR: Could not find hyperparameters for the kernel instance corresponding to the target (batch_size, a, b, c, d, preci"
group1,2,8,1024,4096,4,128,8,,,,"ERROR: Could not find hyperparameters for the kernel instance corresponding to the target (batch_size, a, b, c, d, preci"
group1,2,8,1024,4096,4,128,16,,,,"ERROR: Could not find hyperparameters for the kernel instance corresponding to the target (batch_size, a, b, c, d, preci"
group1,2,8,1024,4096,4,128,32,,,,"ERROR: Could not find hyperparameters for the kernel instance corresponding to the target (batch_size, a, b, c, d, preci"
group1,2,8,1024,4096,4,128,64,,,,"ERROR: Could not find hyperparameters for the kernel instance corresponding to the target (batch_size, a, b, c, d, preci"
group1,2,8,1024,4096,4,128,128,,,,"ERROR: Could not find hyperparameters for the kernel instance corresponding to the target (batch_size, a, b, c, d, preci"
group1,2,8,1024,4096,4,128,256,,,,"ERROR: Could not find hyperparameters for the kernel instance corresponding to the target (batch_size, a, b, c, d, preci"
group1,2,8,1024,4096,4,128,512,,,,"ERROR: Could not find hyperparameters for the kernel instance corresponding to the target (batch_size, a, b, c, d, preci"
group1,2,8,1024,4096,4,128,1024,,,,"ERROR: Could not find hyperparameters for the kernel instance corresponding to the target (batch_size, a, b, c, d, preci"
group1,2,8,1024,4096,4,128,2048,,,,"ERROR: Could not find hyperparameters for the kernel instance corresponding to the target (batch_size, a, b, c, d, preci"
group1,2,8,1024,4096,4,128,4096,,,,"ERROR: Could not find hyperparameters for the kernel instance corresponding to the target (batch_size, a, b, c, d, preci"
group1,2,8,1024,4096,8,64,2,,,,"ERROR: Could not find hyperparameters for the kernel instance corresponding to the target (batch_size, a, b, c, d, preci"
group1,2,8,1024,4096,8,64,4,,,,"ERROR: Could not find hyperparameters for the kernel instance corresponding to the target (batch_size, a, b, c, d, preci"
group1,2,8,1024,4096,8,64,8,,,,"ERROR: Could not find hyperparameters for the kernel instance corresponding to the target (batch_size, a, b, c, d, preci"
group1,2,8,1024,4096,8,64,16,,,,"ERROR: Could not find hyperparameters for the kernel instance corresponding to the target (batch_size, a, b, c, d, preci"
group1,2,8,1024,4096,8,64,32,,,,"ERROR: Could not find hyperparameters for the kernel instance corresponding to the target (batch_size, a, b, c, d, preci"
group1,2,8,1024,4096,8,64,64,,,,"ERROR: Could not find hyperparameters for the kernel instance corresponding to the target (batch_size, a, b, c, d, preci"
group1,2,8,1024,4096,8,64,128,,,,"ERROR: Could not find hyperparameters for the kernel instance corresponding to the target (batch_size, a, b, c, d, preci"
group1,2,8,1024,4096,8,64,256,,,,"ERROR: Could not find hyperparameters for the kernel instance corresponding to the target (batch_size, a, b, c, d, preci"
group1,2,8,1024,4096,8,64,512,,,,"ERROR: Could not find hyperparameters for the kernel instance corresponding to the target (batch_size, a, b, c, d, preci"
group1,2,8,1024,4096,8,64,1024,,,,"ERROR: Could not find hyperparameters for the kernel instance corresponding to the target (batch_size, a, b, c, d, preci"
group1,2,8,1024,4096,8,64,2048,,,,"ERROR: Could not find hyperparameters for the kernel instance corresponding to the target (batch_size, a, b, c, d, preci"
group1,2,8,1024,4096,8,64,4096,,,,"ERROR: Could not find hyperparameters for the kernel instance corresponding to the target (batch_size, a, b, c, d, preci"
group1,2,8,1024,4096,16,32,2,,,,"ERROR: Could not find hyperparameters for the kernel instance corresponding to the target (batch_size, a, b, c, d, preci"
group1,2,8,1024,4096,16,32,4,,,,"ERROR: Could not find hyperparameters for the kernel instance corresponding to the target (batch_size, a, b, c, d, preci"
group1,2,8,1024,4096,16,32,8,,,,"ERROR: Could not find hyperparameters for the kernel instance corresponding to the target (batch_size, a, b, c, d, preci"
group1,2,8,1024,4096,16,32,16,,,,"ERROR: Could not find hyperparameters for the kernel instance corresponding to the target (batch_size, a, b, c, d, preci"
group1,2,8,1024,4096,16,32,32,,,,"ERROR: Could not find hyperparameters for the kernel instance corresponding to the target (batch_size, a, b, c, d, preci"
group1,2,8,1024,4096,16,32,64,,,,"ERROR: Could not find hyperparameters for the kernel instance corresponding to the target (batch_size, a, b, c, d, preci"
group1,2,8,1024,4096,16,32,128,,,,"ERROR: Could not find hyperparameters for the kernel instance corresponding to the target (batch_size, a, b, c, d, preci"
group1,2,8,1024,4096,16,32,256,,,,"ERROR: Could not find hyperparameters for the kernel instance corresponding to the target (batch_size, a, b, c, d, preci"
group1,2,8,1024,4096,16,32,512,,,,"ERROR: Could not find hyperparameters for the kernel instance corresponding to the target (batch_size, a, b, c, d, preci"
group1,2,8,1024,4096,16,32,1024,,,,"ERROR: Could not find hyperparameters for the kernel instance corresponding to the target (batch_size, a, b, c, d, preci"
group1,2,8,1024,4096,16,32,2048,,,,"ERROR: Could not find hyperparameters for the kernel instance corresponding to the target (batch_size, a, b, c, d, preci"
group1,2,8,1024,4096,16,32,4096,,,,"ERROR: Could not find hyperparameters for the kernel instance corresponding to the target (batch_size, a, b, c, d, preci"
group1,2,8,1024,4096,32,16,2,,,,"ERROR: Could not find hyperparameters for the kernel instance corresponding to the target (batch_size, a, b, c, d, preci"
group1,2,8,1024,4096,32,16,4,,,,"ERROR: Could not find hyperparameters for the kernel instance corresponding to the target (batch_size, a, b, c, d, preci"
group1,2,8,1024,4096,32,16,8,,,,"ERROR: Could not find hyperparameters for the kernel instance corresponding to the target (batch_size, a, b, c, d, preci"
group1,2,8,1024,4096,32,16,16,,,,"ERROR: Could not find hyperparameters for the kernel instance corresponding to the target (batch_size, a, b, c, d, preci"
group1,2,8,1024,4096,32,16,32,,,,"ERROR: Could not find hyperparameters for the kernel instance corresponding to the target (batch_size, a, b, c, d, preci"
group1,2,8,1024,4096,32,16,64,,,,"ERROR: Could not find hyperparameters for the kernel instance corresponding to the target (batch_size, a, b, c, d, preci"
group1,2,8,1024,4096,32,16,128,,,,"ERROR: Could not find hyperparameters for the kernel instance corresponding to the target (batch_size, a, b, c, d, preci"
group1,2,8,1024,4096,32,16,256,,,,"ERROR: Could not find hyperparameters for the kernel instance corresponding to the target (batch_size, a, b, c, d, preci"
group1,2,8,1024,4096,32,16,512,,,,"ERROR: Could not find hyperparameters for the kernel instance corresponding to the target (batch_size, a, b, c, d, preci"
group1,2,8,1024,4096,32,16,1024,,,,"ERROR: Could not find hyperparameters for the kernel instance corresponding to the target (batch_size, a, b, c, d, preci"
group1,2,8,1024,4096,32,16,2048,,,,"ERROR: Could not find hyperparameters for the kernel instance corresponding to the target (batch_size, a, b, c, d, preci"
group1,2,8,1024,4096,32,16,4096,,,,"ERROR: Could not find hyperparameters for the kernel instance corresponding to the target (batch_size, a, b, c, d, preci"
group1,2,8,1024,4096,64,8,2,,,,"ERROR: Could not find hyperparameters for the kernel instance corresponding to the target (batch_size, a, b, c, d, preci"
group1,2,8,1024,4096,64,8,4,,,,"ERROR: Could not find hyperparameters for the kernel instance corresponding to the target (batch_size, a, b, c, d, preci"
group1,2,8,1024,4096,64,8,8,,,,"ERROR: Could not find hyperparameters for the kernel instance corresponding to the target (batch_size, a, b, c, d, preci"
group1,2,8,1024,4096,64,8,16,,,,"ERROR: Could not find hyperparameters for the kernel instance corresponding to the target (batch_size, a, b, c, d, preci"
group1,2,8,1024,4096,64,8,32,,,,"ERROR: Could not find hyperparameters for the kernel instance corresponding to the target (batch_size, a, b, c, d, preci"
group1,2,8,1024,4096,64,8,64,,,,"ERROR: Could not find hyperparameters for the kernel instance corresponding to the target (batch_size, a, b, c, d, preci"
group1,2,8,1024,4096,64,8,128,,,,"ERROR: Could not find hyperparameters for the kernel instance corresponding to the target (batch_size, a, b, c, d, preci"
group1,2,8,1024,4096,64,8,256,,,,"ERROR: Could not find hyperparameters for the kernel instance corresponding to the target (batch_size, a, b, c, d, preci"
group1,2,8,1024,4096,64,8,512,,,,"ERROR: Could not find hyperparameters for the kernel instance corresponding to the target (batch_size, a, b, c, d, preci"
group1,2,8,1024,4096,64,8,1024,,,,"ERROR: Could not find hyperparameters for the kernel instance corresponding to the target (batch_size, a, b, c, d, preci"
group1,2,8,1024,4096,64,8,2048,,,,"ERROR: Could not find hyperparameters for the kernel instance corresponding to the target (batch_size, a, b, c, d, preci"
group1,2,8,1024,4096,64,8,4096,,,,"ERROR: Could not find hyperparameters for the kernel instance corresponding to the target (batch_size, a, b, c, d, preci"
group1,2,8,1024,4096,128,4,2,,,,"ERROR: Could not find hyperparameters for the kernel instance corresponding to the target (batch_size, a, b, c, d, preci"
group1,2,8,1024,4096,128,4,4,,,,"ERROR: Could not find hyperparameters for the kernel instance corresponding to the target (batch_size, a, b, c, d, preci"
group1,2,8,1024,4096,128,4,8,,,,"ERROR: Could not find hyperparameters for the kernel instance corresponding to the target (batch_size, a, b, c, d, preci"
group1,2,8,1024,4096,128,4,16,,,,"ERROR: Could not find hyperparameters for the kernel instance corresponding to the target (batch_size, a, b, c, d, preci"
group1,2,8,1024,4096,128,4,32,,,,"ERROR: Could not find hyperparameters for the kernel instance corresponding to the target (batch_size, a, b, c, d, preci"
group1,2,8,1024,4096,128,4,64,,,,"ERROR: Could not find hyperparameters for the kernel instance corresponding to the target (batch_size, a, b, c, d, preci"
group1,2,8,1024,4096,128,4,128,,,,"ERROR: Could not find hyperparameters for the kernel instance corresponding to the target (batch_size, a, b, c, d, preci"
group1,2,8,1024,4096,128,4,256,,,,"ERROR: Could not find hyperparameters for the kernel instance corresponding to the target (batch_size, a, b, c, d, preci"
group1,2,8,1024,4096,128,4,512,,,,"ERROR: Could not find hyperparameters for the kernel instance corresponding to the target (batch_size, a, b, c, d, preci"
group1,2,8,1024,4096,128,4,1024,,,,"ERROR: Could not find hyperparameters for the kernel instance corresponding to the target (batch_size, a, b, c, d, preci"
group1,2,8,1024,4096,128,4,2048,,,,"ERROR: Could not find hyperparameters for the kernel instance corresponding to the target (batch_size, a, b, c, d, preci"
group1,2,8,1024,4096,128,4,4096,,,,"ERROR: Could not find hyperparameters for the kernel instance corresponding to the target (batch_size, a, b, c, d, preci"
group1,2,8,1024,4096,256,2,2,,,,"ERROR: Could not find hyperparameters for the kernel instance corresponding to the target (batch_size, a, b, c, d, preci"
group1,2,8,1024,4096,256,2,4,,,,"ERROR: Could not find hyperparameters for the kernel instance corresponding to the target (batch_size, a, b, c, d, preci"
group1,2,8,1024,4096,256,2,8,,,,"ERROR: Could not find hyperparameters for the kernel instance corresponding to the target (batch_size, a, b, c, d, preci"
group1,2,8,1024,4096,256,2,16,,,,"ERROR: Could not find hyperparameters for the kernel instance corresponding to the target (batch_size, a, b, c, d, preci"
group1,2,8,1024,4096,256,2,32,,,,"ERROR: Could not find hyperparameters for the kernel instance corresponding to the target (batch_size, a, b, c, d, preci"
group1,2,8,1024,4096,256,2,64,,,,"ERROR: Could not find hyperparameters for the kernel instance corresponding to the target (batch_size, a, b, c, d, preci"
group1,2,8,1024,4096,256,2,128,,,,"ERROR: Could not find hyperparameters for the kernel instance corresponding to the target (batch_size, a, b, c, d, preci"
group1,2,8,1024,4096,256,2,256,,,,"ERROR: Could not find hyperparameters for the kernel instance corresponding to the target (batch_size, a, b, c, d, preci"
group1,2,8,1024,4096,256,2,512,,,,"ERROR: Could not find hyperparameters for the kernel instance corresponding to the target (batch_size, a, b, c, d, preci"
group1,2,8,1024,4096,256,2,1024,,,,"ERROR: Could not find hyperparameters for the kernel instance corresponding to the target (batch_size, a, b, c, d, preci"
group1,2,8,1024,4096,256,2,2048,,,,"ERROR: Could not find hyperparameters for the kernel instance corresponding to the target (batch_size, a, b, c, d, preci"
group1,2,8,1024,4096,256,2,4096,,,,"ERROR: Could not find hyperparameters for the kernel instance corresponding to the target (batch_size, a, b, c, d, preci"
group1,2,8,1024,4096,512,1,2,,,,"ERROR: Could not find hyperparameters for the kernel instance corresponding to the target (batch_size, a, b, c, d, preci"
group1,2,8,1024,4096,512,1,4,,,,"ERROR: Could not find hyperparameters for the kernel instance corresponding to the target (batch_size, a, b, c, d, preci"
group1,2,8,1024,4096,512,1,8,,,,"ERROR: Could not find hyperparameters for the kernel instance corresponding to the target (batch_size, a, b, c, d, preci"
group1,2,8,1024,4096,512,1,16,,,,"ERROR: Could not find hyperparameters for the kernel instance corresponding to the target (batch_size, a, b, c, d, preci"
group1,2,8,1024,4096,512,1,32,,,,"ERROR: Could not find hyperparameters for the kernel instance corresponding to the target (batch_size, a, b, c, d, preci"
group1,2,8,1024,4096,512,1,64,,,,"ERROR: Could not find hyperparameters for the kernel instance corresponding to the target (batch_size, a, b, c, d, preci"
group1,2,8,1024,4096,512,1,128,,,,"ERROR: Could not find hyperparameters for the kernel instance corresponding to the target (batch_size, a, b, c, d, preci"
group1,2,8,1024,4096,512,1,256,,,,"ERROR: Could not find hyperparameters for the kernel instance corresponding to the target (batch_size, a, b, c, d, preci"
group1,2,8,1024,4096,512,1,512,,,,"ERROR: Could not find hyperparameters for the kernel instance corresponding to the target (batch_size, a, b, c, d, preci"
group1,2,8,1024,4096,512,1,1024,,,,"ERROR: Could not find hyperparameters for the kernel instance corresponding to the target (batch_size, a, b, c, d, preci"
group1,2,8,1024,4096,512,1,2048,,,,"ERROR: Could not find hyperparameters for the kernel instance corresponding to the target (batch_size, a, b, c, d, preci"
group1,2,8,1024,4096,512,1,4096,,,,"ERROR: Could not find hyperparameters for the kernel instance corresponding to the target (batch_size, a, b, c, d, preci"
group1,2,16,512,4096,1,256,2,,,,"ERROR: Could not find hyperparameters for the kernel instance corresponding to the target (batch_size, a, b, c, d, preci"
group1,2,16,512,4096,1,256,4,,,,"ERROR: Could not find hyperparameters for the kernel instance corresponding to the target (batch_size, a, b, c, d, preci"
group1,2,16,512,4096,1,256,8,,,,"ERROR: Could not find hyperparameters for the kernel instance corresponding to the target (batch_size, a, b, c, d, preci"
group1,2,16,512,4096,1,256,16,,,,"ERROR: Could not find hyperparameters for the kernel instance corresponding to the target (batch_size, a, b, c, d, preci"
group1,2,16,512,4096,1,256,32,,,,"ERROR: Could not find hyperparameters for the kernel instance corresponding to the target (batch_size, a, b, c, d, preci"
group1,2,16,512,4096,1,256,64,,,,"ERROR: Could not find hyperparameters for the kernel instance corresponding to the target (batch_size, a, b, c, d, preci"
group1,2,16,512,4096,1,256,128,,,,"ERROR: Could not find hyperparameters for the kernel instance corresponding to the target (batch_size, a, b, c, d, preci"
group1,2,16,512,4096,1,256,256,,,,"ERROR: Could not find hyperparameters for the kernel instance corresponding to the target (batch_size, a, b, c, d, preci"
group1,2,16,512,4096,1,256,512,,,,"ERROR: Could not find hyperparameters for the kernel instance corresponding to the target (batch_size, a, b, c, d, preci"
group1,2,16,512,4096,1,256,1024,,,,"ERROR: Could not find hyperparameters for the kernel instance corresponding to the target (batch_size, a, b, c, d, preci"
group1,2,16,512,4096,1,256,2048,,,,"ERROR: Could not find hyperparameters for the kernel instance corresponding to the target (batch_size, a, b, c, d, preci"
group1,2,16,512,4096,1,256,4096,,,,"ERROR: Could not find hyperparameters for the kernel instance corresponding to the target (batch_size, a, b, c, d, preci"
group1,2,16,512,4096,2,128,2,,,,"ERROR: Could not find hyperparameters for the kernel instance corresponding to the target (batch_size, a, b, c, d, preci"
group1,2,16,512,4096,2,128,4,,,,"ERROR: Could not find hyperparameters for the kernel instance corresponding to the target (batch_size, a, b, c, d, preci"
group1,2,16,512,4096,2,128,8,,,,"ERROR: Could not find hyperparameters for the kernel instance corresponding to the target (batch_size, a, b, c, d, preci"
group1,2,16,512,4096,2,128,16,,,,"ERROR: Could not find hyperparameters for the kernel instance corresponding to the target (batch_size, a, b, c, d, preci"
group1,2,16,512,4096,2,128,32,,,,"ERROR: Could not find hyperparameters for the kernel instance corresponding to the target (batch_size, a, b, c, d, preci"
group1,2,16,512,4096,2,128,64,,,,"ERROR: Could not find hyperparameters for the kernel instance corresponding to the target (batch_size, a, b, c, d, preci"
group1,2,16,512,4096,2,128,128,,,,"ERROR: Could not find hyperparameters for the kernel instance corresponding to the target (batch_size, a, b, c, d, preci"
group1,2,16,512,4096,2,128,256,,,,"ERROR: Could not find hyperparameters for the kernel instance corresponding to the target (batch_size, a, b, c, d, preci"
group1,2,16,512,4096,2,128,512,,,,"ERROR: Could not find hyperparameters for the kernel instance corresponding to the target (batch_size, a, b, c, d, preci"
group1,2,16,512,4096,2,128,1024,,,,"ERROR: Could not find hyperparameters for the kernel instance corresponding to the target (batch_size, a, b, c, d, preci"
group1,2,16,512,4096,2,128,2048,,,,"ERROR: Could not find hyperparameters for the kernel instance corresponding to the target (batch_size, a, b, c, d, preci"
group1,2,16,512,4096,2,128,4096,,,,"ERROR: Could not find hyperparameters for the kernel instance corresponding to the target (batch_size, a, b, c, d, preci"
group1,2,16,512,4096,4,64,2,,,,"ERROR: Could not find hyperparameters for the kernel instance corresponding to the target (batch_size, a, b, c, d, preci"
group1,2,16,512,4096,4,64,4,,,,"ERROR: Could not find hyperparameters for the kernel instance corresponding to the target (batch_size, a, b, c, d, preci"
group1,2,16,512,4096,4,64,8,,,,"ERROR: Could not find hyperparameters for the kernel instance corresponding to the target (batch_size, a, b, c, d, preci"
group1,2,16,512,4096,4,64,16,,,,"ERROR: Could not find hyperparameters for the kernel instance corresponding to the target (batch_size, a, b, c, d, preci"
group1,2,16,512,4096,4,64,32,,,,"ERROR: Could not find hyperparameters for the kernel instance corresponding to the target (batch_size, a, b, c, d, preci"
group1,2,16,512,4096,4,64,64,,,,"ERROR: Could not find hyperparameters for the kernel instance corresponding to the target (batch_size, a, b, c, d, preci"
group1,2,16,512,4096,4,64,128,,,,"ERROR: Could not find hyperparameters for the kernel instance corresponding to the target (batch_size, a, b, c, d, preci"
group1,2,16,512,4096,4,64,256,,,,"ERROR: Could not find hyperparameters for the kernel instance corresponding to the target (batch_size, a, b, c, d, preci"
group1,2,16,512,4096,4,64,512,,,,"ERROR: Could not find hyperparameters for the kernel instance corresponding to the target (batch_size, a, b, c, d, preci"
group1,2,16,512,4096,4,64,1024,,,,"ERROR: Could not find hyperparameters for the kernel instance corresponding to the target (batch_size, a, b, c, d, preci"
group1,2,16,512,4096,4,64,2048,,,,"ERROR: Could not find hyperparameters for the kernel instance corresponding to the target (batch_size, a, b, c, d, preci"
group1,2,16,512,4096,4,64,4096,,,,"ERROR: Could not find hyperparameters for the kernel instance corresponding to the target (batch_size, a, b, c, d, preci"
group1,2,16,512,4096,8,32,2,,,,"ERROR: Could not find hyperparameters for the kernel instance corresponding to the target (batch_size, a, b, c, d, preci"
group1,2,16,512,4096,8,32,4,,,,"ERROR: Could not find hyperparameters for the kernel instance corresponding to the target (batch_size, a, b, c, d, preci"
group1,2,16,512,4096,8,32,8,,,,"ERROR: Could not find hyperparameters for the kernel instance corresponding to the target (batch_size, a, b, c, d, preci"
group1,2,16,512,4096,8,32,16,,,,"ERROR: Could not find hyperparameters for the kernel instance corresponding to the target (batch_size, a, b, c, d, preci"
group1,2,16,512,4096,8,32,32,,,,"ERROR: Could not find hyperparameters for the kernel instance corresponding to the target (batch_size, a, b, c, d, preci"
group1,2,16,512,4096,8,32,64,,,,"ERROR: Could not find hyperparameters for the kernel instance corresponding to the target (batch_size, a, b, c, d, preci"
group1,2,16,512,4096,8,32,128,,,,"ERROR: Could not find hyperparameters for the kernel instance corresponding to the target (batch_size, a, b, c, d, preci"
group1,2,16,512,4096,8,32,256,,,,"ERROR: Could not find hyperparameters for the kernel instance corresponding to the target (batch_size, a, b, c, d, preci"
group1,2,16,512,4096,8,32,512,,,,"ERROR: Could not find hyperparameters for the kernel instance corresponding to the target (batch_size, a, b, c, d, preci"
group1,2,16,512,4096,8,32,1024,,,,"ERROR: Could not find hyperparameters for the kernel instance corresponding to the target (batch_size, a, b, c, d, preci"
group1,2,16,512,4096,8,32,2048,,,,"ERROR: Could not find hyperparameters for the kernel instance corresponding to the target (batch_size, a, b, c, d, preci"
group1,2,16,512,4096,8,32,4096,,,,"ERROR: Could not find hyperparameters for the kernel instance corresponding to the target (batch_size, a, b, c, d, preci"
group1,2,16,512,4096,16,16,2,,,,"ERROR: Could not find hyperparameters for the kernel instance corresponding to the target (batch_size, a, b, c, d, preci"
group1,2,16,512,4096,16,16,4,,,,"ERROR: Could not find hyperparameters for the kernel instance corresponding to the target (batch_size, a, b, c, d, preci"
group1,2,16,512,4096,16,16,8,,,,"ERROR: Could not find hyperparameters for the kernel instance corresponding to the target (batch_size, a, b, c, d, preci"
group1,2,16,512,4096,16,16,16,,,,"ERROR: Could not find hyperparameters for the kernel instance corresponding to the target (batch_size, a, b, c, d, preci"
group1,2,16,512,4096,16,16,32,,,,"ERROR: Could not find hyperparameters for the kernel instance corresponding to the target (batch_size, a, b, c, d, preci"
group1,2,16,512,4096,16,16,64,,,,"ERROR: Could not find hyperparameters for the kernel instance corresponding to the target (batch_size, a, b, c, d, preci"
group1,2,16,512,4096,16,16,128,,,,"ERROR: Could not find hyperparameters for the kernel instance corresponding to the target (batch_size, a, b, c, d, preci"
group1,2,16,512,4096,16,16,256,,,,"ERROR: Could not find hyperparameters for the kernel instance corresponding to the target (batch_size, a, b, c, d, preci"
group1,2,16,512,4096,16,16,512,,,,"ERROR: Could not find hyperparameters for the kernel instance corresponding to the target (batch_size, a, b, c, d, preci"
group1,2,16,512,4096,16,16,1024,,,,"ERROR: Could not find hyperparameters for the kernel instance corresponding to the target (batch_size, a, b, c, d, preci"
group1,2,16,512,4096,16,16,2048,,,,"ERROR: Could not find hyperparameters for the kernel instance corresponding to the target (batch_size, a, b, c, d, preci"
group1,2,16,512,4096,16,16,4096,,,,"ERROR: Could not find hyperparameters for the kernel instance corresponding to the target (batch_size, a, b, c, d, preci"
group1,2,16,512,4096,32,8,2,,,,"ERROR: Could not find hyperparameters for the kernel instance corresponding to the target (batch_size, a, b, c, d, preci"
group1,2,16,512,4096,32,8,4,,,,"ERROR: Could not find hyperparameters for the kernel instance corresponding to the target (batch_size, a, b, c, d, preci"
group1,2,16,512,4096,32,8,8,,,,"ERROR: Could not find hyperparameters for the kernel instance corresponding to the target (batch_size, a, b, c, d, preci"
group1,2,16,512,4096,32,8,16,,,,"ERROR: Could not find hyperparameters for the kernel instance corresponding to the target (batch_size, a, b, c, d, preci"
group1,2,16,512,4096,32,8,32,,,,"ERROR: Could not find hyperparameters for the kernel instance corresponding to the target (batch_size, a, b, c, d, preci"
group1,2,16,512,4096,32,8,64,,,,"ERROR: Could not find hyperparameters for the kernel instance corresponding to the target (batch_size, a, b, c, d, preci"
group1,2,16,512,4096,32,8,128,,,,"ERROR: Could not find hyperparameters for the kernel instance corresponding to the target (batch_size, a, b, c, d, preci"
group1,2,16,512,4096,32,8,256,,,,"ERROR: Could not find hyperparameters for the kernel instance corresponding to the target (batch_size, a, b, c, d, preci"
group1,2,16,512,4096,32,8,512,,,,"ERROR: Could not find hyperparameters for the kernel instance corresponding to the target (batch_size, a, b, c, d, preci"
group1,2,16,512,4096,32,8,1024,,,,"ERROR: Could not find hyperparameters for the kernel instance corresponding to the target (batch_size, a, b, c, d, preci"
group1,2,16,512,4096,32,8,2048,,,,"ERROR: Could not find hyperparameters for the kernel instance corresponding to the target (batch_size, a, b, c, d, preci"
group1,2,16,512,4096,32,8,4096,,,,"ERROR: Could not find hyperparameters for the kernel instance corresponding to the target (batch_size, a, b, c, d, preci"
group1,2,16,512,4096,64,4,2,,,,"ERROR: Could not find hyperparameters for the kernel instance corresponding to the target (batch_size, a, b, c, d, preci"
group1,2,16,512,4096,64,4,4,,,,"ERROR: Could not find hyperparameters for the kernel instance corresponding to the target (batch_size, a, b, c, d, preci"
group1,2,16,512,4096,64,4,8,,,,"ERROR: Could not find hyperparameters for the kernel instance corresponding to the target (batch_size, a, b, c, d, preci"
group1,2,16,512,4096,64,4,16,,,,"ERROR: Could not find hyperparameters for the kernel instance corresponding to the target (batch_size, a, b, c, d, preci"
group1,2,16,512,4096,64,4,32,,,,"ERROR: Could not find hyperparameters for the kernel instance corresponding to the target (batch_size, a, b, c, d, preci"
group1,2,16,512,4096,64,4,64,,,,"ERROR: Could not find hyperparameters for the kernel instance corresponding to the target (batch_size, a, b, c, d, preci"
group1,2,16,512,4096,64,4,128,,,,"ERROR: Could not find hyperparameters for the kernel instance corresponding to the target (batch_size, a, b, c, d, preci"
group1,2,16,512,4096,64,4,256,,,,"ERROR: Could not find hyperparameters for the kernel instance corresponding to the target (batch_size, a, b, c, d, preci"
group1,2,16,512,4096,64,4,512,,,,"ERROR: Could not find hyperparameters for the kernel instance corresponding to the target (batch_size, a, b, c, d, preci"
group1,2,16,512,4096,64,4,1024,,,,"ERROR: Could not find hyperparameters for the kernel instance corresponding to the target (batch_size, a, b, c, d, preci"
group1,2,16,512,4096,64,4,2048,,,,"ERROR: Could not find hyperparameters for the kernel instance corresponding to the target (batch_size, a, b, c, d, preci"
group1,2,16,512,4096,64,4,4096,,,,"ERROR: Could not find hyperparameters for the kernel instance corresponding to the target (batch_size, a, b, c, d, preci"
group1,2,16,512,4096,128,2,2,,,,"ERROR: Could not find hyperparameters for the kernel instance corresponding to the target (batch_size, a, b, c, d, preci"
group1,2,16,512,4096,128,2,4,,,,"ERROR: Could not find hyperparameters for the kernel instance corresponding to the target (batch_size, a, b, c, d, preci"
group1,2,16,512,4096,128,2,8,,,,"ERROR: Could not find hyperparameters for the kernel instance corresponding to the target (batch_size, a, b, c, d, preci"
group1,2,16,512,4096,128,2,16,,,,"ERROR: Could not find hyperparameters for the kernel instance corresponding to the target (batch_size, a, b, c, d, preci"
group1,2,16,512,4096,128,2,32,,,,"ERROR: Could not find hyperparameters for the kernel instance corresponding to the target (batch_size, a, b, c, d, preci"
group1,2,16,512,4096,128,2,64,,,,"ERROR: Could not find hyperparameters for the kernel instance corresponding to the target (batch_size, a, b, c, d, preci"
group1,2,16,512,4096,128,2,128,,,,"ERROR: Could not find hyperparameters for the kernel instance corresponding to the target (batch_size, a, b, c, d, preci"
group1,2,16,512,4096,128,2,256,,,,"ERROR: Could not find hyperparameters for the kernel instance corresponding to the target (batch_size, a, b, c, d, preci"
group1,2,16,512,4096,128,2,512,,,,"ERROR: Could not find hyperparameters for the kernel instance corresponding to the target (batch_size, a, b, c, d, preci"
group1,2,16,512,4096,128,2,1024,,,,"ERROR: Could not find hyperparameters for the kernel instance corresponding to the target (batch_size, a, b, c, d, preci"
group1,2,16,512,4096,128,2,2048,,,,"ERROR: Could not find hyperparameters for the kernel instance corresponding to the target (batch_size, a, b, c, d, preci"
group1,2,16,512,4096,128,2,4096,,,,"ERROR: Could not find hyperparameters for the kernel instance corresponding to the target (batch_size, a, b, c, d, preci"
group1,2,16,512,4096,256,1,2,,,,"ERROR: Could not find hyperparameters for the kernel instance corresponding to the target (batch_size, a, b, c, d, preci"
group1,2,16,512,4096,256,1,4,,,,"ERROR: Could not find hyperparameters for the kernel instance corresponding to the target (batch_size, a, b, c, d, preci"
group1,2,16,512,4096,256,1,8,,,,"ERROR: Could not find hyperparameters for the kernel instance corresponding to the target (batch_size, a, b, c, d, preci"
group1,2,16,512,4096,256,1,16,,,,"ERROR: Could not find hyperparameters for the kernel instance corresponding to the target (batch_size, a, b, c, d, preci"
group1,2,16,512,4096,256,1,32,,,,"ERROR: Could not find hyperparameters for the kernel instance corresponding to the target (batch_size, a, b, c, d, preci"
group1,2,16,512,4096,256,1,64,,,,"ERROR: Could not find hyperparameters for the kernel instance corresponding to the target (batch_size, a, b, c, d, preci"
group1,2,16,512,4096,256,1,128,,,,"ERROR: Could not find hyperparameters for the kernel instance corresponding to the target (batch_size, a, b, c, d, preci"
group1,2,16,512,4096,256,1,256,,,,"ERROR: Could not find hyperparameters for the kernel instance corresponding to the target (batch_size, a, b, c, d, preci"
group1,2,16,512,4096,256,1,512,,,,"ERROR: Could not find hyperparameters for the kernel instance corresponding to the target (batch_size, a, b, c, d, preci"
group1,2,16,512,4096,256,1,1024,,,,"ERROR: Could not find hyperparameters for the kernel instance corresponding to the target (batch_size, a, b, c, d, preci"
group1,2,16,512,4096,256,1,2048,,,,"ERROR: Could not find hyperparameters for the kernel instance corresponding to the target (batch_size, a, b, c, d, preci"
group1,2,16,512,4096,256,1,4096,,,,"ERROR: Could not find hyperparameters for the kernel instance corresponding to the target (batch_size, a, b, c, d, preci"
group1,4,2,1024,512,1,256,2,,,,"ERROR: Could not find hyperparameters for the kernel instance corresponding to the target (batch_size, a, b, c, d, preci"
group1,4,2,1024,512,1,256,4,,,,"ERROR: Could not find hyperparameters for the kernel instance corresponding to the target (batch_size, a, b, c, d, preci"
group1,4,2,1024,512,1,256,8,,,,"ERROR: Could not find hyperparameters for the kernel instance corresponding to the target (batch_size, a, b, c, d, preci"
group1,4,2,1024,512,1,256,16,,,,"ERROR: Could not find hyperparameters for the kernel instance corresponding to the target (batch_size, a, b, c, d, preci"
group1,4,2,1024,512,1,256,32,,,,"ERROR: Could not find hyperparameters for the kernel instance corresponding to the target (batch_size, a, b, c, d, preci"
group1,4,2,1024,512,1,256,64,,,,"ERROR: Could not find hyperparameters for the kernel instance corresponding to the target (batch_size, a, b, c, d, preci"
group1,4,2,1024,512,1,256,128,,,,"ERROR: Could not find hyperparameters for the kernel instance corresponding to the target (batch_size, a, b, c, d, preci"
group1,4,2,1024,512,1,256,256,,,,"ERROR: Could not find hyperparameters for the kernel instance corresponding to the target (batch_size, a, b, c, d, preci"
group1,4,2,1024,512,1,256,512,,,,"ERROR: Could not find hyperparameters for the kernel instance corresponding to the target (batch_size, a, b, c, d, preci"
group1,4,2,1024,512,1,256,1024,,,,"ERROR: Could not find hyperparameters for the kernel instance corresponding to the target (batch_size, a, b, c, d, preci"
group1,4,2,1024,512,1,256,2048,,,,"ERROR: Could not find hyperparameters for the kernel instance corresponding to the target (batch_size, a, b, c, d, preci"
group1,4,2,1024,512,1,256,4096,,,,"ERROR: Could not find hyperparameters for the kernel instance corresponding to the target (batch_size, a, b, c, d, preci"
group1,4,2,1024,512,2,128,2,,,,"ERROR: Could not find hyperparameters for the kernel instance corresponding to the target (batch_size, a, b, c, d, preci"
group1,4,2,1024,512,2,128,4,,,,"ERROR: Could not find hyperparameters for the kernel instance corresponding to the target (batch_size, a, b, c, d, preci"
group1,4,2,1024,512,2,128,8,,,,"ERROR: Could not find hyperparameters for the kernel instance corresponding to the target (batch_size, a, b, c, d, preci"
group1,4,2,1024,512,2,128,16,,,,"ERROR: Could not find hyperparameters for the kernel instance corresponding to the target (batch_size, a, b, c, d, preci"
group1,4,2,1024,512,2,128,32,,,,"ERROR: Could not find hyperparameters for the kernel instance corresponding to the target (batch_size, a, b, c, d, preci"
group1,4,2,1024,512,2,128,64,,,,"ERROR: Could not find hyperparameters for the kernel instance corresponding to the target (batch_size, a, b, c, d, preci"
group1,4,2,1024,512,2,128,128,,,,"ERROR: Could not find hyperparameters for the kernel instance corresponding to the target (batch_size, a, b, c, d, preci"
group1,4,2,1024,512,2,128,256,,,,"ERROR: Could not find hyperparameters for the kernel instance corresponding to the target (batch_size, a, b, c, d, preci"
group1,4,2,1024,512,2,128,512,,,,"ERROR: Could not find hyperparameters for the kernel instance corresponding to the target (batch_size, a, b, c, d, preci"
group1,4,2,1024,512,2,128,1024,,,,"ERROR: Could not find hyperparameters for the kernel instance corresponding to the target (batch_size, a, b, c, d, preci"
group1,4,2,1024,512,2,128,2048,,,,"ERROR: Could not find hyperparameters for the kernel instance corresponding to the target (batch_size, a, b, c, d, preci"
group1,4,2,1024,512,2,128,4096,,,,"ERROR: Could not find hyperparameters for the kernel instance corresponding to the target (batch_size, a, b, c, d, preci"
group1,4,2,1024,512,4,64,2,,,,"ERROR: Could not find hyperparameters for the kernel instance corresponding to the target (batch_size, a, b, c, d, preci"
group1,4,2,1024,512,4,64,4,,,,"ERROR: Could not find hyperparameters for the kernel instance corresponding to the target (batch_size, a, b, c, d, preci"
group1,4,2,1024,512,4,64,8,,,,"ERROR: Could not find hyperparameters for the kernel instance corresponding to the target (batch_size, a, b, c, d, preci"
group1,4,2,1024,512,4,64,16,,,,"ERROR: Could not find hyperparameters for the kernel instance corresponding to the target (batch_size, a, b, c, d, preci"
group1,4,2,1024,512,4,64,32,,,,"ERROR: Could not find hyperparameters for the kernel instance corresponding to the target (batch_size, a, b, c, d, preci"
group1,4,2,1024,512,4,64,64,,,,"ERROR: Could not find hyperparameters for the kernel instance corresponding to the target (batch_size, a, b, c, d, preci"
group1,4,2,1024,512,4,64,128,,,,"ERROR: Could not find hyperparameters for the kernel instance corresponding to the target (batch_size, a, b, c, d, preci"
group1,4,2,1024,512,4,64,256,,,,"ERROR: Could not find hyperparameters for the kernel instance corresponding to the target (batch_size, a, b, c, d, preci"
group1,4,2,1024,512,4,64,512,,,,"ERROR: Could not find hyperparameters for the kernel instance corresponding to the target (batch_size, a, b, c, d, preci"
group1,4,2,1024,512,4,64,1024,,,,"ERROR: Could not find hyperparameters for the kernel instance corresponding to the target (batch_size, a, b, c, d, preci"
group1,4,2,1024,512,4,64,2048,,,,"ERROR: Could not find hyperparameters for the kernel instance corresponding to the target (batch_size, a, b, c, d, preci"
group1,4,2,1024,512,4,64,4096,,,,"ERROR: Could not find hyperparameters for the kernel instance corresponding to the target (batch_size, a, b, c, d, preci"
group1,4,2,1024,512,8,32,2,,,,"ERROR: Could not find hyperparameters for the kernel instance corresponding to the target (batch_size, a, b, c, d, preci"
group1,4,2,1024,512,8,32,4,,,,"ERROR: Could not find hyperparameters for the kernel instance corresponding to the target (batch_size, a, b, c, d, preci"
group1,4,2,1024,512,8,32,8,,,,"ERROR: Could not find hyperparameters for the kernel instance corresponding to the target (batch_size, a, b, c, d, preci"
group1,4,2,1024,512,8,32,16,,,,"ERROR: Could not find hyperparameters for the kernel instance corresponding to the target (batch_size, a, b, c, d, preci"
group1,4,2,1024,512,8,32,32,,,,"ERROR: Could not find hyperparameters for the kernel instance corresponding to the target (batch_size, a, b, c, d, preci"
group1,4,2,1024,512,8,32,64,,,,"ERROR: Could not find hyperparameters for the kernel instance corresponding to the target (batch_size, a, b, c, d, preci"
group1,4,2,1024,512,8,32,128,,,,"ERROR: Could not find hyperparameters for the kernel instance corresponding to the target (batch_size, a, b, c, d, preci"
group1,4,2,1024,512,8,32,256,,,,"ERROR: Could not find hyperparameters for the kernel instance corresponding to the target (batch_size, a, b, c, d, preci"
group1,4,2,1024,512,8,32,512,,,,"ERROR: Could not find hyperparameters for the kernel instance corresponding to the target (batch_size, a, b, c, d, preci"
group1,4,2,1024,512,8,32,1024,,,,"ERROR: Could not find hyperparameters for the kernel instance corresponding to the target (batch_size, a, b, c, d, preci"
group1,4,2,1024,512,8,32,2048,,,,"ERROR: Could not find hyperparameters for the kernel instance corresponding to the target (batch_size, a, b, c, d, preci"
group1,4,2,1024,512,8,32,4096,,,,"ERROR: Could not find hyperparameters for the kernel instance corresponding to the target (batch_size, a, b, c, d, preci"
group1,4,2,1024,512,16,16,2,,,,"ERROR: Could not find hyperparameters for the kernel instance corresponding to the target (batch_size, a, b, c, d, preci"
group1,4,2,1024,512,16,16,4,,,,"ERROR: Could not find hyperparameters for the kernel instance corresponding to the target (batch_size, a, b, c, d, preci"
group1,4,2,1024,512,16,16,8,,,,"ERROR: Could not find hyperparameters for the kernel instance corresponding to the target (batch_size, a, b, c, d, preci"
group1,4,2,1024,512,16,16,16,,,,"ERROR: Could not find hyperparameters for the kernel instance corresponding to the target (batch_size, a, b, c, d, preci"
group1,4,2,1024,512,16,16,32,,,,"ERROR: Could not find hyperparameters for the kernel instance corresponding to the target (batch_size, a, b, c, d, preci"
group1,4,2,1024,512,16,16,64,,,,"ERROR: Could not find hyperparameters for the kernel instance corresponding to the target (batch_size, a, b, c, d, preci"
group1,4,2,1024,512,16,16,128,,,,"ERROR: Could not find hyperparameters for the kernel instance corresponding to the target (batch_size, a, b, c, d, preci"
group1,4,2,1024,512,16,16,256,,,,"ERROR: Could not find hyperparameters for the kernel instance corresponding to the target (batch_size, a, b, c, d, preci"
group1,4,2,1024,512,16,16,512,,,,"ERROR: Could not find hyperparameters for the kernel instance corresponding to the target (batch_size, a, b, c, d, preci"
group1,4,2,1024,512,16,16,1024,,,,"ERROR: Could not find hyperparameters for the kernel instance corresponding to the target (batch_size, a, b, c, d, preci"
group1,4,2,1024,512,16,16,2048,,,,"ERROR: Could not find hyperparameters for the kernel instance corresponding to the target (batch_size, a, b, c, d, preci"
group1,4,2,1024,512,16,16,4096,,,,"ERROR: Could not find hyperparameters for the kernel instance corresponding to the target (batch_size, a, b, c, d, preci"
group1,4,2,1024,512,32,8,2,,,,"ERROR: Could not find hyperparameters for the kernel instance corresponding to the target (batch_size, a, b, c, d, preci"
group1,4,2,1024,512,32,8,4,,,,"ERROR: Could not find hyperparameters for the kernel instance corresponding to the target (batch_size, a, b, c, d, preci"
group1,4,2,1024,512,32,8,8,,,,"ERROR: Could not find hyperparameters for the kernel instance corresponding to the target (batch_size, a, b, c, d, preci"
group1,4,2,1024,512,32,8,16,,,,"ERROR: Could not find hyperparameters for the kernel instance corresponding to the target (batch_size, a, b, c, d, preci"
group1,4,2,1024,512,32,8,32,,,,"ERROR: Could not find hyperparameters for the kernel instance corresponding to the target (batch_size, a, b, c, d, preci"
group1,4,2,1024,512,32,8,64,,,,"ERROR: Could not find hyperparameters for the kernel instance corresponding to the target (batch_size, a, b, c, d, preci"
group1,4,2,1024,512,32,8,128,,,,"ERROR: Could not find hyperparameters for the kernel instance corresponding to the target (batch_size, a, b, c, d, preci"
group1,4,2,1024,512,32,8,256,,,,"ERROR: Could not find hyperparameters for the kernel instance corresponding to the target (batch_size, a, b, c, d, preci"
group1,4,2,1024,512,32,8,512,,,,"ERROR: Could not find hyperparameters for the kernel instance corresponding to the target (batch_size, a, b, c, d, preci"
group1,4,2,1024,512,32,8,1024,,,,"ERROR: Could not find hyperparameters for the kernel instance corresponding to the target (batch_size, a, b, c, d, preci"
group1,4,2,1024,512,32,8,2048,,,,"ERROR: Could not find hyperparameters for the kernel instance corresponding to the target (batch_size, a, b, c, d, preci"
group1,4,2,1024,512,32,8,4096,,,,"ERROR: Could not find hyperparameters for the kernel instance corresponding to the target (batch_size, a, b, c, d, preci"
group1,4,2,1024,512,64,4,2,,,,"ERROR: Could not find hyperparameters for the kernel instance corresponding to the target (batch_size, a, b, c, d, preci"
group1,4,2,1024,512,64,4,4,,,,"ERROR: Could not find hyperparameters for the kernel instance corresponding to the target (batch_size, a, b, c, d, preci"
group1,4,2,1024,512,64,4,8,,,,"ERROR: Could not find hyperparameters for the kernel instance corresponding to the target (batch_size, a, b, c, d, preci"
group1,4,2,1024,512,64,4,16,,,,"ERROR: Could not find hyperparameters for the kernel instance corresponding to the target (batch_size, a, b, c, d, preci"
group1,4,2,1024,512,64,4,32,,,,"ERROR: Could not find hyperparameters for the kernel instance corresponding to the target (batch_size, a, b, c, d, preci"
group1,4,2,1024,512,64,4,64,,,,"ERROR: Could not find hyperparameters for the kernel instance corresponding to the target (batch_size, a, b, c, d, preci"
group1,4,2,1024,512,64,4,128,,,,"ERROR: Could not find hyperparameters for the kernel instance corresponding to the target (batch_size, a, b, c, d, preci"
group1,4,2,1024,512,64,4,256,,,,"ERROR: Could not find hyperparameters for the kernel instance corresponding to the target (batch_size, a, b, c, d, preci"
group1,4,2,1024,512,64,4,512,,,,"ERROR: Could not find hyperparameters for the kernel instance corresponding to the target (batch_size, a, b, c, d, preci"
group1,4,2,1024,512,64,4,1024,,,,"ERROR: Could not find hyperparameters for the kernel instance corresponding to the target (batch_size, a, b, c, d, preci"
group1,4,2,1024,512,64,4,2048,,,,"ERROR: Could not find hyperparameters for the kernel instance corresponding to the target (batch_size, a, b, c, d, preci"
group1,4,2,1024,512,64,4,4096,,,,"ERROR: Could not find hyperparameters for the kernel instance corresponding to the target (batch_size, a, b, c, d, preci"
group1,4,2,1024,512,128,2,2,,,,"ERROR: Could not find hyperparameters for the kernel instance corresponding to the target (batch_size, a, b, c, d, preci"
group1,4,2,1024,512,128,2,4,,,,"ERROR: Could not find hyperparameters for the kernel instance corresponding to the target (batch_size, a, b, c, d, preci"
group1,4,2,1024,512,128,2,8,,,,"ERROR: Could not find hyperparameters for the kernel instance corresponding to the target (batch_size, a, b, c, d, preci"
group1,4,2,1024,512,128,2,16,,,,"ERROR: Could not find hyperparameters for the kernel instance corresponding to the target (batch_size, a, b, c, d, preci"
group1,4,2,1024,512,128,2,32,,,,"ERROR: Could not find hyperparameters for the kernel instance corresponding to the target (batch_size, a, b, c, d, preci"
group1,4,2,1024,512,128,2,64,,,,"ERROR: Could not find hyperparameters for the kernel instance corresponding to the target (batch_size, a, b, c, d, preci"
group1,4,2,1024,512,128,2,128,,,,"ERROR: Could not find hyperparameters for the kernel instance corresponding to the target (batch_size, a, b, c, d, preci"
group1,4,2,1024,512,128,2,256,,,,"ERROR: Could not find hyperparameters for the kernel instance corresponding to the target (batch_size, a, b, c, d, preci"
group1,4,2,1024,512,128,2,512,,,,"ERROR: Could not find hyperparameters for the kernel instance corresponding to the target (batch_size, a, b, c, d, preci"
group1,4,2,1024,512,128,2,1024,,,,"ERROR: Could not find hyperparameters for the kernel instance corresponding to the target (batch_size, a, b, c, d, preci"
group1,4,2,1024,512,128,2,2048,,,,"ERROR: Could not find hyperparameters for the kernel instance corresponding to the target (batch_size, a, b, c, d, preci"
group1,4,2,1024,512,128,2,4096,,,,"ERROR: Could not find hyperparameters for the kernel instance corresponding to the target (batch_size, a, b, c, d, preci"
group1,4,2,1024,512,256,1,2,,,,"ERROR: Could not find hyperparameters for the kernel instance corresponding to the target (batch_size, a, b, c, d, preci"
group1,4,2,1024,512,256,1,4,,,,"ERROR: Could not find hyperparameters for the kernel instance corresponding to the target (batch_size, a, b, c, d, preci"
group1,4,2,1024,512,256,1,8,,,,"ERROR: Could not find hyperparameters for the kernel instance corresponding to the target (batch_size, a, b, c, d, preci"
group1,4,2,1024,512,256,1,16,,,,"ERROR: Could not find hyperparameters for the kernel instance corresponding to the target (batch_size, a, b, c, d, preci"
group1,4,2,1024,512,256,1,32,,,,"ERROR: Could not find hyperparameters for the kernel instance corresponding to the target (batch_size, a, b, c, d, preci"
group1,4,2,1024,512,256,1,64,,,,"ERROR: Could not find hyperparameters for the kernel instance corresponding to the target (batch_size, a, b, c, d, preci"
group1,4,2,1024,512,256,1,128,,,,"ERROR: Could not find hyperparameters for the kernel instance corresponding to the target (batch_size, a, b, c, d, preci"
group1,4,2,1024,512,256,1,256,,,,"ERROR: Could not find hyperparameters for the kernel instance corresponding to the target (batch_size, a, b, c, d, preci"
group1,4,2,1024,512,256,1,512,,,,"ERROR: Could not find hyperparameters for the kernel instance corresponding to the target (batch_size, a, b, c, d, preci"
group1,4,2,1024,512,256,1,1024,,,,"ERROR: Could not find hyperparameters for the kernel instance corresponding to the target (batch_size, a, b, c, d, preci"
group1,4,2,1024,512,256,1,2048,,,,"ERROR: Could not find hyperparameters for the kernel instance corresponding to the target (batch_size, a, b, c, d, preci"
group1,4,2,1024,512,256,1,4096,,,,"ERROR: Could not find hyperparameters for the kernel instance corresponding to the target (batch_size, a, b, c, d, preci"
group1,4,2,2048,1024,1,512,2,,,,"ERROR: Could not find hyperparameters for the kernel instance corresponding to the target (batch_size, a, b, c, d, preci"
group1,4,2,2048,1024,1,512,4,,,,"ERROR: Could not find hyperparameters for the kernel instance corresponding to the target (batch_size, a, b, c, d, preci"
group1,4,2,2048,1024,1,512,8,,,,"ERROR: Could not find hyperparameters for the kernel instance corresponding to the target (batch_size, a, b, c, d, preci"
group1,4,2,2048,1024,1,512,16,,,,"ERROR: Could not find hyperparameters for the kernel instance corresponding to the target (batch_size, a, b, c, d, preci"
group1,4,2,2048,1024,1,512,32,,,,"ERROR: Could not find hyperparameters for the kernel instance corresponding to the target (batch_size, a, b, c, d, preci"
group1,4,2,2048,1024,1,512,64,,,,"ERROR: Could not find hyperparameters for the kernel instance corresponding to the target (batch_size, a, b, c, d, preci"
group1,4,2,2048,1024,1,512,128,,,,"ERROR: Could not find hyperparameters for the kernel instance corresponding to the target (batch_size, a, b, c, d, preci"
group1,4,2,2048,1024,1,512,256,,,,"ERROR: Could not find hyperparameters for the kernel instance corresponding to the target (batch_size, a, b, c, d, preci"
group1,4,2,2048,1024,1,512,512,,,,"ERROR: Could not find hyperparameters for the kernel instance corresponding to the target (batch_size, a, b, c, d, preci"
group1,4,2,2048,1024,1,512,1024,,,,"ERROR: Could not find hyperparameters for the kernel instance corresponding to the target (batch_size, a, b, c, d, preci"
group1,4,2,2048,1024,1,512,2048,,,,"ERROR: Could not find hyperparameters for the kernel instance corresponding to the target (batch_size, a, b, c, d, preci"
group1,4,2,2048,1024,1,512,4096,,,,"ERROR: Could not find hyperparameters for the kernel instance corresponding to the target (batch_size, a, b, c, d, preci"
group1,4,2,2048,1024,2,256,2,,,,"ERROR: Could not find hyperparameters for the kernel instance corresponding to the target (batch_size, a, b, c, d, preci"
group1,4,2,2048,1024,2,256,4,,,,"ERROR: Could not find hyperparameters for the kernel instance corresponding to the target (batch_size, a, b, c, d, preci"
group1,4,2,2048,1024,2,256,8,,,,"ERROR: Could not find hyperparameters for the kernel instance corresponding to the target (batch_size, a, b, c, d, preci"
group1,4,2,2048,1024,2,256,16,,,,"ERROR: Could not find hyperparameters for the kernel instance corresponding to the target (batch_size, a, b, c, d, preci"
group1,4,2,2048,1024,2,256,32,,,,"ERROR: Could not find hyperparameters for the kernel instance corresponding to the target (batch_size, a, b, c, d, preci"
group1,4,2,2048,1024,2,256,64,,,,"ERROR: Could not find hyperparameters for the kernel instance corresponding to the target (batch_size, a, b, c, d, preci"
group1,4,2,2048,1024,2,256,128,,,,"ERROR: Could not find hyperparameters for the kernel instance corresponding to the target (batch_size, a, b, c, d, preci"
group1,4,2,2048,1024,2,256,256,,,,"ERROR: Could not find hyperparameters for the kernel instance corresponding to the target (batch_size, a, b, c, d, preci"
group1,4,2,2048,1024,2,256,512,,,,"ERROR: Could not find hyperparameters for the kernel instance corresponding to the target (batch_size, a, b, c, d, preci"
group1,4,2,2048,1024,2,256,1024,,,,"ERROR: Could not find hyperparameters for the kernel instance corresponding to the target (batch_size, a, b, c, d, preci"
group1,4,2,2048,1024,2,256,2048,,,,"ERROR: Could not find hyperparameters for the kernel instance corresponding to the target (batch_size, a, b, c, d, preci"
group1,4,2,2048,1024,2,256,4096,,,,"ERROR: Could not find hyperparameters for the kernel instance corresponding to the target (batch_size, a, b, c, d, preci"
group1,4,2,2048,1024,4,128,2,,,,"ERROR: Could not find hyperparameters for the kernel instance corresponding to the target (batch_size, a, b, c, d, preci"
group1,4,2,2048,1024,4,128,4,,,,"ERROR: Could not find hyperparameters for the kernel instance corresponding to the target (batch_size, a, b, c, d, preci"
group1,4,2,2048,1024,4,128,8,,,,"ERROR: Could not find hyperparameters for the kernel instance corresponding to the target (batch_size, a, b, c, d, preci"
group1,4,2,2048,1024,4,128,16,,,,"ERROR: Could not find hyperparameters for the kernel instance corresponding to the target (batch_size, a, b, c, d, preci"
group1,4,2,2048,1024,4,128,32,,,,"ERROR: Could not find hyperparameters for the kernel instance corresponding to the target (batch_size, a, b, c, d, preci"
group1,4,2,2048,1024,4,128,64,,,,"ERROR: Could not find hyperparameters for the kernel instance corresponding to the target (batch_size, a, b, c, d, preci"
group1,4,2,2048,1024,4,128,128,,,,"ERROR: Could not find hyperparameters for the kernel instance corresponding to the target (batch_size, a, b, c, d, preci"
group1,4,2,2048,1024,4,128,256,,,,"ERROR: Could not find hyperparameters for the kernel instance corresponding to the target (batch_size, a, b, c, d, preci"
group1,4,2,2048,1024,4,128,512,,,,"ERROR: Could not find hyperparameters for the kernel instance corresponding to the target (batch_size, a, b, c, d, preci"
group1,4,2,2048,1024,4,128,1024,,,,"ERROR: Could not find hyperparameters for the kernel instance corresponding to the target (batch_size, a, b, c, d, preci"
group1,4,2,2048,1024,4,128,2048,,,,"ERROR: Could not find hyperparameters for the kernel instance corresponding to the target (batch_size, a, b, c, d, preci"
group1,4,2,2048,1024,4,128,4096,,,,"ERROR: Could not find hyperparameters for the kernel instance corresponding to the target (batch_size, a, b, c, d, preci"
group1,4,2,2048,1024,8,64,2,,,,"ERROR: Could not find hyperparameters for the kernel instance corresponding to the target (batch_size, a, b, c, d, preci"
group1,4,2,2048,1024,8,64,4,,,,"ERROR: Could not find hyperparameters for the kernel instance corresponding to the target (batch_size, a, b, c, d, preci"
group1,4,2,2048,1024,8,64,8,,,,"ERROR: Could not find hyperparameters for the kernel instance corresponding to the target (batch_size, a, b, c, d, preci"
group1,4,2,2048,1024,8,64,16,,,,"ERROR: Could not find hyperparameters for the kernel instance corresponding to the target (batch_size, a, b, c, d, preci"
group1,4,2,2048,1024,8,64,32,,,,"ERROR: Could not find hyperparameters for the kernel instance corresponding to the target (batch_size, a, b, c, d, preci"
group1,4,2,2048,1024,8,64,64,,,,"ERROR: Could not find hyperparameters for the kernel instance corresponding to the target (batch_size, a, b, c, d, preci"
group1,4,2,2048,1024,8,64,128,,,,"ERROR: Could not find hyperparameters for the kernel instance corresponding to the target (batch_size, a, b, c, d, preci"
group1,4,2,2048,1024,8,64,256,,,,"ERROR: Could not find hyperparameters for the kernel instance corresponding to the target (batch_size, a, b, c, d, preci"
group1,4,2,2048,1024,8,64,512,,,,"ERROR: Could not find hyperparameters for the kernel instance corresponding to the target (batch_size, a, b, c, d, preci"
group1,4,2,2048,1024,8,64,1024,,,,"ERROR: Could not find hyperparameters for the kernel instance corresponding to the target (batch_size, a, b, c, d, preci"
group1,4,2,2048,1024,8,64,2048,,,,"ERROR: Could not find hyperparameters for the kernel instance corresponding to the target (batch_size, a, b, c, d, preci"
group1,4,2,2048,1024,8,64,4096,,,,"ERROR: Could not find hyperparameters for the kernel instance corresponding to the target (batch_size, a, b, c, d, preci"
group1,4,2,2048,1024,16,32,2,,,,"ERROR: Could not find hyperparameters for the kernel instance corresponding to the target (batch_size, a, b, c, d, preci"
group1,4,2,2048,1024,16,32,4,,,,"ERROR: Could not find hyperparameters for the kernel instance corresponding to the target (batch_size, a, b, c, d, preci"
group1,4,2,2048,1024,16,32,8,,,,"ERROR: Could not find hyperparameters for the kernel instance corresponding to the target (batch_size, a, b, c, d, preci"
group1,4,2,2048,1024,16,32,16,,,,"ERROR: Could not find hyperparameters for the kernel instance corresponding to the target (batch_size, a, b, c, d, preci"
group1,4,2,2048,1024,16,32,32,,,,"ERROR: Could not find hyperparameters for the kernel instance corresponding to the target (batch_size, a, b, c, d, preci"
group1,4,2,2048,1024,16,32,64,,,,"ERROR: Could not find hyperparameters for the kernel instance corresponding to the target (batch_size, a, b, c, d, preci"
group1,4,2,2048,1024,16,32,128,,,,"ERROR: Could not find hyperparameters for the kernel instance corresponding to the target (batch_size, a, b, c, d, preci"
group1,4,2,2048,1024,16,32,256,,,,"ERROR: Could not find hyperparameters for the kernel instance corresponding to the target (batch_size, a, b, c, d, preci"
group1,4,2,2048,1024,16,32,512,,,,"ERROR: Could not find hyperparameters for the kernel instance corresponding to the target (batch_size, a, b, c, d, preci"
group1,4,2,2048,1024,16,32,1024,,,,"ERROR: Could not find hyperparameters for the kernel instance corresponding to the target (batch_size, a, b, c, d, preci"
group1,4,2,2048,1024,16,32,2048,,,,"ERROR: Could not find hyperparameters for the kernel instance corresponding to the target (batch_size, a, b, c, d, preci"
group1,4,2,2048,1024,16,32,4096,,,,"ERROR: Could not find hyperparameters for the kernel instance corresponding to the target (batch_size, a, b, c, d, preci"
group1,4,2,2048,1024,32,16,2,,,,"ERROR: Could not find hyperparameters for the kernel instance corresponding to the target (batch_size, a, b, c, d, preci"
group1,4,2,2048,1024,32,16,4,,,,"ERROR: Could not find hyperparameters for the kernel instance corresponding to the target (batch_size, a, b, c, d, preci"
group1,4,2,2048,1024,32,16,8,,,,"ERROR: Could not find hyperparameters for the kernel instance corresponding to the target (batch_size, a, b, c, d, preci"
group1,4,2,2048,1024,32,16,16,,,,"ERROR: Could not find hyperparameters for the kernel instance corresponding to the target (batch_size, a, b, c, d, preci"
group1,4,2,2048,1024,32,16,32,,,,"ERROR: Could not find hyperparameters for the kernel instance corresponding to the target (batch_size, a, b, c, d, preci"
group1,4,2,2048,1024,32,16,64,,,,"ERROR: Could not find hyperparameters for the kernel instance corresponding to the target (batch_size, a, b, c, d, preci"
group1,4,2,2048,1024,32,16,128,,,,"ERROR: Could not find hyperparameters for the kernel instance corresponding to the target (batch_size, a, b, c, d, preci"
group1,4,2,2048,1024,32,16,256,,,,"ERROR: Could not find hyperparameters for the kernel instance corresponding to the target (batch_size, a, b, c, d, preci"
group1,4,2,2048,1024,32,16,512,,,,"ERROR: Could not find hyperparameters for the kernel instance corresponding to the target (batch_size, a, b, c, d, preci"
group1,4,2,2048,1024,32,16,1024,,,,"ERROR: Could not find hyperparameters for the kernel instance corresponding to the target (batch_size, a, b, c, d, preci"
group1,4,2,2048,1024,32,16,2048,,,,"ERROR: Could not find hyperparameters for the kernel instance corresponding to the target (batch_size, a, b, c, d, preci"
group1,4,2,2048,1024,32,16,4096,,,,"ERROR: Could not find hyperparameters for the kernel instance corresponding to the target (batch_size, a, b, c, d, preci"
group1,4,2,2048,1024,64,8,2,,,,"ERROR: Could not find hyperparameters for the kernel instance corresponding to the target (batch_size, a, b, c, d, preci"
group1,4,2,2048,1024,64,8,4,,,,"ERROR: Could not find hyperparameters for the kernel instance corresponding to the target (batch_size, a, b, c, d, preci"
group1,4,2,2048,1024,64,8,8,,,,"ERROR: Could not find hyperparameters for the kernel instance corresponding to the target (batch_size, a, b, c, d, preci"
group1,4,2,2048,1024,64,8,16,,,,"ERROR: Could not find hyperparameters for the kernel instance corresponding to the target (batch_size, a, b, c, d, preci"
group1,4,2,2048,1024,64,8,32,,,,"ERROR: Could not find hyperparameters for the kernel instance corresponding to the target (batch_size, a, b, c, d, preci"
group1,4,2,2048,1024,64,8,64,,,,"ERROR: Could not find hyperparameters for the kernel instance corresponding to the target (batch_size, a, b, c, d, preci"
group1,4,2,2048,1024,64,8,128,,,,"ERROR: Could not find hyperparameters for the kernel instance corresponding to the target (batch_size, a, b, c, d, preci"
group1,4,2,2048,1024,64,8,256,,,,"ERROR: Could not find hyperparameters for the kernel instance corresponding to the target (batch_size, a, b, c, d, preci"
group1,4,2,2048,1024,64,8,512,,,,"ERROR: Could not find hyperparameters for the kernel instance corresponding to the target (batch_size, a, b, c, d, preci"
group1,4,2,2048,1024,64,8,1024,,,,"ERROR: Could not find hyperparameters for the kernel instance corresponding to the target (batch_size, a, b, c, d, preci"
group1,4,2,2048,1024,64,8,2048,,,,"ERROR: Could not find hyperparameters for the kernel instance corresponding to the target (batch_size, a, b, c, d, preci"
group1,4,2,2048,1024,64,8,4096,,,,"ERROR: Could not find hyperparameters for the kernel instance corresponding to the target (batch_size, a, b, c, d, preci"
group1,4,2,2048,1024,128,4,2,,,,"ERROR: Could not find hyperparameters for the kernel instance corresponding to the target (batch_size, a, b, c, d, preci"
group1,4,2,2048,1024,128,4,4,,,,"ERROR: Could not find hyperparameters for the kernel instance corresponding to the target (batch_size, a, b, c, d, preci"
group1,4,2,2048,1024,128,4,8,,,,"ERROR: Could not find hyperparameters for the kernel instance corresponding to the target (batch_size, a, b, c, d, preci"
group1,4,2,2048,1024,128,4,16,,,,"ERROR: Could not find hyperparameters for the kernel instance corresponding to the target (batch_size, a, b, c, d, preci"
group1,4,2,2048,1024,128,4,32,,,,"ERROR: Could not find hyperparameters for the kernel instance corresponding to the target (batch_size, a, b, c, d, preci"
group1,4,2,2048,1024,128,4,64,,,,"ERROR: Could not find hyperparameters for the kernel instance corresponding to the target (batch_size, a, b, c, d, preci"
group1,4,2,2048,1024,128,4,128,,,,"ERROR: Could not find hyperparameters for the kernel instance corresponding to the target (batch_size, a, b, c, d, preci"
group1,4,2,2048,1024,128,4,256,,,,"ERROR: Could not find hyperparameters for the kernel instance corresponding to the target (batch_size, a, b, c, d, preci"
group1,4,2,2048,1024,128,4,512,,,,"ERROR: Could not find hyperparameters for the kernel instance corresponding to the target (batch_size, a, b, c, d, preci"
group1,4,2,2048,1024,128,4,1024,,,,"ERROR: Could not find hyperparameters for the kernel instance corresponding to the target (batch_size, a, b, c, d, preci"
group1,4,2,2048,1024,128,4,2048,,,,"ERROR: Could not find hyperparameters for the kernel instance corresponding to the target (batch_size, a, b, c, d, preci"
group1,4,2,2048,1024,128,4,4096,,,,"ERROR: Could not find hyperparameters for the kernel instance corresponding to the target (batch_size, a, b, c, d, preci"
group1,4,2,2048,1024,256,2,2,,,,"ERROR: Could not find hyperparameters for the kernel instance corresponding to the target (batch_size, a, b, c, d, preci"
group1,4,2,2048,1024,256,2,4,,,,"ERROR: Could not find hyperparameters for the kernel instance corresponding to the target (batch_size, a, b, c, d, preci"
group1,4,2,2048,1024,256,2,8,,,,"ERROR: Could not find hyperparameters for the kernel instance corresponding to the target (batch_size, a, b, c, d, preci"
group1,4,2,2048,1024,256,2,16,,,,"ERROR: Could not find hyperparameters for the kernel instance corresponding to the target (batch_size, a, b, c, d, preci"
group1,4,2,2048,1024,256,2,32,,,,"ERROR: Could not find hyperparameters for the kernel instance corresponding to the target (batch_size, a, b, c, d, preci"
group1,4,2,2048,1024,256,2,64,,,,"ERROR: Could not find hyperparameters for the kernel instance corresponding to the target (batch_size, a, b, c, d, preci"
group1,4,2,2048,1024,256,2,128,,,,"ERROR: Could not find hyperparameters for the kernel instance corresponding to the target (batch_size, a, b, c, d, preci"
group1,4,2,2048,1024,256,2,256,,,,"ERROR: Could not find hyperparameters for the kernel instance corresponding to the target (batch_size, a, b, c, d, preci"
group1,4,2,2048,1024,256,2,512,,,,"ERROR: Could not find hyperparameters for the kernel instance corresponding to the target (batch_size, a, b, c, d, preci"
group1,4,2,2048,1024,256,2,1024,,,,"ERROR: Could not find hyperparameters for the kernel instance corresponding to the target (batch_size, a, b, c, d, preci"
group1,4,2,2048,1024,256,2,2048,,,,"ERROR: Could not find hyperparameters for the kernel instance corresponding to the target (batch_size, a, b, c, d, preci"
group1,4,2,2048,1024,256,2,4096,,,,"ERROR: Could not find hyperparameters for the kernel instance corresponding to the target (batch_size, a, b, c, d, preci"
group1,4,2,2048,1024,512,1,2,,,,"ERROR: Could not find hyperparameters for the kernel instance corresponding to the target (batch_size, a, b, c, d, preci"
group1,4,2,2048,1024,512,1,4,,,,"ERROR: Could not find hyperparameters for the kernel instance corresponding to the target (batch_size, a, b, c, d, preci"
group1,4,2,2048,1024,512,1,8,,,,"ERROR: Could not find hyperparameters for the kernel instance corresponding to the target (batch_size, a, b, c, d, preci"
group1,4,2,2048,1024,512,1,16,,,,"ERROR: Could not find hyperparameters for the kernel instance corresponding to the target (batch_size, a, b, c, d, preci"
group1,4,2,2048,1024,512,1,32,,,,"ERROR: Could not find hyperparameters for the kernel instance corresponding to the target (batch_size, a, b, c, d, preci"
group1,4,2,2048,1024,512,1,64,,,,"ERROR: Could not find hyperparameters for the kernel instance corresponding to the target (batch_size, a, b, c, d, preci"
group1,4,2,2048,1024,512,1,128,,,,"ERROR: Could not find hyperparameters for the kernel instance corresponding to the target (batch_size, a, b, c, d, preci"
group1,4,2,2048,1024,512,1,256,,,,"ERROR: Could not find hyperparameters for the kernel instance corresponding to the target (batch_size, a, b, c, d, preci"
group1,4,2,2048,1024,512,1,512,,,,"ERROR: Could not find hyperparameters for the kernel instance corresponding to the target (batch_size, a, b, c, d, preci"
group1,4,2,2048,1024,512,1,1024,,,,"ERROR: Could not find hyperparameters for the kernel instance corresponding to the target (batch_size, a, b, c, d, preci"
group1,4,2,2048,1024,512,1,2048,,,,"ERROR: Could not find hyperparameters for the kernel instance corresponding to the target (batch_size, a, b, c, d, preci"
group1,4,2,2048,1024,512,1,4096,,,,"ERROR: Could not find hyperparameters for the kernel instance corresponding to the target (batch_size, a, b, c, d, preci"
group1,4,2,4096,2048,1,1024,2,,,,"ERROR: Could not find hyperparameters for the kernel instance corresponding to the target (batch_size, a, b, c, d, preci"
group1,4,2,4096,2048,1,1024,4,,,,"ERROR: Could not find hyperparameters for the kernel instance corresponding to the target (batch_size, a, b, c, d, preci"
group1,4,2,4096,2048,1,1024,8,,,,"ERROR: Could not find hyperparameters for the kernel instance corresponding to the target (batch_size, a, b, c, d, preci"
group1,4,2,4096,2048,1,1024,16,,,,"ERROR: Could not find hyperparameters for the kernel instance corresponding to the target (batch_size, a, b, c, d, preci"
group1,4,2,4096,2048,1,1024,32,,,,"ERROR: Could not find hyperparameters for the kernel instance corresponding to the target (batch_size, a, b, c, d, preci"
group1,4,2,4096,2048,1,1024,64,,,,"ERROR: Could not find hyperparameters for the kernel instance corresponding to the target (batch_size, a, b, c, d, preci"
group1,4,2,4096,2048,1,1024,128,,,,"ERROR: Could not find hyperparameters for the kernel instance corresponding to the target (batch_size, a, b, c, d, preci"
group1,4,2,4096,2048,1,1024,256,,,,"ERROR: Could not find hyperparameters for the kernel instance corresponding to the target (batch_size, a, b, c, d, preci"
group1,4,2,4096,2048,1,1024,512,,,,"ERROR: Could not find hyperparameters for the kernel instance corresponding to the target (batch_size, a, b, c, d, preci"
group1,4,2,4096,2048,1,1024,1024,,,,"ERROR: Could not find hyperparameters for the kernel instance corresponding to the target (batch_size, a, b, c, d, preci"
group1,4,2,4096,2048,1,1024,2048,,,,"ERROR: Could not find hyperparameters for the kernel instance corresponding to the target (batch_size, a, b, c, d, preci"
group1,4,2,4096,2048,1,1024,4096,,,,"ERROR: Could not find hyperparameters for the kernel instance corresponding to the target (batch_size, a, b, c, d, preci"
group1,4,2,4096,2048,2,512,2,,,,"ERROR: Could not find hyperparameters for the kernel instance corresponding to the target (batch_size, a, b, c, d, preci"
group1,4,2,4096,2048,2,512,4,,,,"ERROR: Could not find hyperparameters for the kernel instance corresponding to the target (batch_size, a, b, c, d, preci"
group1,4,2,4096,2048,2,512,8,,,,"ERROR: Could not find hyperparameters for the kernel instance corresponding to the target (batch_size, a, b, c, d, preci"
group1,4,2,4096,2048,2,512,16,,,,"ERROR: Could not find hyperparameters for the kernel instance corresponding to the target (batch_size, a, b, c, d, preci"
group1,4,2,4096,2048,2,512,32,,,,"ERROR: Could not find hyperparameters for the kernel instance corresponding to the target (batch_size, a, b, c, d, preci"
group1,4,2,4096,2048,2,512,64,,,,"ERROR: Could not find hyperparameters for the kernel instance corresponding to the target (batch_size, a, b, c, d, preci"
group1,4,2,4096,2048,2,512,128,,,,"ERROR: Could not find hyperparameters for the kernel instance corresponding to the target (batch_size, a, b, c, d, preci"
group1,4,2,4096,2048,2,512,256,,,,"ERROR: Could not find hyperparameters for the kernel instance corresponding to the target (batch_size, a, b, c, d, preci"
group1,4,2,4096,2048,2,512,512,,,,"ERROR: Could not find hyperparameters for the kernel instance corresponding to the target (batch_size, a, b, c, d, preci"
group1,4,2,4096,2048,2,512,1024,,,,"ERROR: Could not find hyperparameters for the kernel instance corresponding to the target (batch_size, a, b, c, d, preci"
group1,4,2,4096,2048,2,512,2048,,,,"ERROR: Could not find hyperparameters for the kernel instance corresponding to the target (batch_size, a, b, c, d, preci"
group1,4,2,4096,2048,2,512,4096,,,,"ERROR: Could not find hyperparameters for the kernel instance corresponding to the target (batch_size, a, b, c, d, preci"
group1,4,2,4096,2048,4,256,2,,,,"ERROR: Could not find hyperparameters for the kernel instance corresponding to the target (batch_size, a, b, c, d, preci"
group1,4,2,4096,2048,4,256,4,,,,"ERROR: Could not find hyperparameters for the kernel instance corresponding to the target (batch_size, a, b, c, d, preci"
group1,4,2,4096,2048,4,256,8,,,,"ERROR: Could not find hyperparameters for the kernel instance corresponding to the target (batch_size, a, b, c, d, preci"
group1,4,2,4096,2048,4,256,16,,,,"ERROR: Could not find hyperparameters for the kernel instance corresponding to the target (batch_size, a, b, c, d, preci"
group1,4,2,4096,2048,4,256,32,,,,"ERROR: Could not find hyperparameters for the kernel instance corresponding to the target (batch_size, a, b, c, d, preci"
group1,4,2,4096,2048,4,256,64,,,,"ERROR: Could not find hyperparameters for the kernel instance corresponding to the target (batch_size, a, b, c, d, preci"
group1,4,2,4096,2048,4,256,128,,,,"ERROR: Could not find hyperparameters for the kernel instance corresponding to the target (batch_size, a, b, c, d, preci"
group1,4,2,4096,2048,4,256,256,,,,"ERROR: Could not find hyperparameters for the kernel instance corresponding to the target (batch_size, a, b, c, d, preci"
group1,4,2,4096,2048,4,256,512,,,,"ERROR: Could not find hyperparameters for the kernel instance corresponding to the target (batch_size, a, b, c, d, preci"
group1,4,2,4096,2048,4,256,1024,,,,"ERROR: Could not find hyperparameters for the kernel instance corresponding to the target (batch_size, a, b, c, d, preci"
group1,4,2,4096,2048,4,256,2048,,,,"ERROR: Could not find hyperparameters for the kernel instance corresponding to the target (batch_size, a, b, c, d, preci"
group1,4,2,4096,2048,4,256,4096,,,,"ERROR: Could not find hyperparameters for the kernel instance corresponding to the target (batch_size, a, b, c, d, preci"
group1,4,2,4096,2048,8,128,2,,,,"ERROR: Could not find hyperparameters for the kernel instance corresponding to the target (batch_size, a, b, c, d, preci"
group1,4,2,4096,2048,8,128,4,,,,"ERROR: Could not find hyperparameters for the kernel instance corresponding to the target (batch_size, a, b, c, d, preci"
group1,4,2,4096,2048,8,128,8,,,,"ERROR: Could not find hyperparameters for the kernel instance corresponding to the target (batch_size, a, b, c, d, preci"
group1,4,2,4096,2048,8,128,16,,,,"ERROR: Could not find hyperparameters for the kernel instance corresponding to the target (batch_size, a, b, c, d, preci"
group1,4,2,4096,2048,8,128,32,,,,"ERROR: Could not find hyperparameters for the kernel instance corresponding to the target (batch_size, a, b, c, d, preci"
group1,4,2,4096,2048,8,128,64,,,,"ERROR: Could not find hyperparameters for the kernel instance corresponding to the target (batch_size, a, b, c, d, preci"
group1,4,2,4096,2048,8,128,128,,,,"ERROR: Could not find hyperparameters for the kernel instance corresponding to the target (batch_size, a, b, c, d, preci"
group1,4,2,4096,2048,8,128,256,,,,"ERROR: Could not find hyperparameters for the kernel instance corresponding to the target (batch_size, a, b, c, d, preci"
group1,4,2,4096,2048,8,128,512,,,,"ERROR: Could not find hyperparameters for the kernel instance corresponding to the target (batch_size, a, b, c, d, preci"
group1,4,2,4096,2048,8,128,1024,,,,"ERROR: Could not find hyperparameters for the kernel instance corresponding to the target (batch_size, a, b, c, d, preci"
group1,4,2,4096,2048,8,128,2048,,,,"ERROR: Could not find hyperparameters for the kernel instance corresponding to the target (batch_size, a, b, c, d, preci"
group1,4,2,4096,2048,8,128,4096,,,,"ERROR: Could not find hyperparameters for the kernel instance corresponding to the target (batch_size, a, b, c, d, preci"
group1,4,2,4096,2048,16,64,2,,,,"ERROR: Could not find hyperparameters for the kernel instance corresponding to the target (batch_size, a, b, c, d, preci"
group1,4,2,4096,2048,16,64,4,,,,"ERROR: Could not find hyperparameters for the kernel instance corresponding to the target (batch_size, a, b, c, d, preci"
group1,4,2,4096,2048,16,64,8,,,,"ERROR: Could not find hyperparameters for the kernel instance corresponding to the target (batch_size, a, b, c, d, preci"
group1,4,2,4096,2048,16,64,16,,,,"ERROR: Could not find hyperparameters for the kernel instance corresponding to the target (batch_size, a, b, c, d, preci"
group1,4,2,4096,2048,16,64,32,,,,"ERROR: Could not find hyperparameters for the kernel instance corresponding to the target (batch_size, a, b, c, d, preci"
group1,4,2,4096,2048,16,64,64,,,,"ERROR: Could not find hyperparameters for the kernel instance corresponding to the target (batch_size, a, b, c, d, preci"
group1,4,2,4096,2048,16,64,128,,,,"ERROR: Could not find hyperparameters for the kernel instance corresponding to the target (batch_size, a, b, c, d, preci"
group1,4,2,4096,2048,16,64,256,,,,"ERROR: Could not find hyperparameters for the kernel instance corresponding to the target (batch_size, a, b, c, d, preci"
group1,4,2,4096,2048,16,64,512,,,,"ERROR: Could not find hyperparameters for the kernel instance corresponding to the target (batch_size, a, b, c, d, preci"
group1,4,2,4096,2048,16,64,1024,,,,"ERROR: Could not find hyperparameters for the kernel instance corresponding to the target (batch_size, a, b, c, d, preci"
group1,4,2,4096,2048,16,64,2048,,,,"ERROR: Could not find hyperparameters for the kernel instance corresponding to the target (batch_size, a, b, c, d, preci"
group1,4,2,4096,2048,16,64,4096,,,,"ERROR: Could not find hyperparameters for the kernel instance corresponding to the target (batch_size, a, b, c, d, preci"
group1,4,2,4096,2048,32,32,2,,,,"ERROR: Could not find hyperparameters for the kernel instance corresponding to the target (batch_size, a, b, c, d, preci"
group1,4,2,4096,2048,32,32,4,,,,"ERROR: Could not find hyperparameters for the kernel instance corresponding to the target (batch_size, a, b, c, d, preci"
group1,4,2,4096,2048,32,32,8,,,,"ERROR: Could not find hyperparameters for the kernel instance corresponding to the target (batch_size, a, b, c, d, preci"
group1,4,2,4096,2048,32,32,16,,,,"ERROR: Could not find hyperparameters for the kernel instance corresponding to the target (batch_size, a, b, c, d, preci"
group1,4,2,4096,2048,32,32,32,,,,"ERROR: Could not find hyperparameters for the kernel instance corresponding to the target (batch_size, a, b, c, d, preci"
group1,4,2,4096,2048,32,32,64,,,,"ERROR: Could not find hyperparameters for the kernel instance corresponding to the target (batch_size, a, b, c, d, preci"
group1,4,2,4096,2048,32,32,128,,,,"ERROR: Could not find hyperparameters for the kernel instance corresponding to the target (batch_size, a, b, c, d, preci"
group1,4,2,4096,2048,32,32,256,,,,"ERROR: Could not find hyperparameters for the kernel instance corresponding to the target (batch_size, a, b, c, d, preci"
group1,4,2,4096,2048,32,32,512,,,,"ERROR: Could not find hyperparameters for the kernel instance corresponding to the target (batch_size, a, b, c, d, preci"
group1,4,2,4096,2048,32,32,1024,,,,"ERROR: Could not find hyperparameters for the kernel instance corresponding to the target (batch_size, a, b, c, d, preci"
group1,4,2,4096,2048,32,32,2048,,,,"ERROR: Could not find hyperparameters for the kernel instance corresponding to the target (batch_size, a, b, c, d, preci"
group1,4,2,4096,2048,32,32,4096,,,,"ERROR: Could not find hyperparameters for the kernel instance corresponding to the target (batch_size, a, b, c, d, preci"
group1,4,2,4096,2048,64,16,2,,,,"ERROR: Could not find hyperparameters for the kernel instance corresponding to the target (batch_size, a, b, c, d, preci"
group1,4,2,4096,2048,64,16,4,,,,"ERROR: Could not find hyperparameters for the kernel instance corresponding to the target (batch_size, a, b, c, d, preci"
group1,4,2,4096,2048,64,16,8,,,,"ERROR: Could not find hyperparameters for the kernel instance corresponding to the target (batch_size, a, b, c, d, preci"
group1,4,2,4096,2048,64,16,16,,,,"ERROR: Could not find hyperparameters for the kernel instance corresponding to the target (batch_size, a, b, c, d, preci"
group1,4,2,4096,2048,64,16,32,,,,"ERROR: Could not find hyperparameters for the kernel instance corresponding to the target (batch_size, a, b, c, d, preci"
group1,4,2,4096,2048,64,16,64,,,,"ERROR: Could not find hyperparameters for the kernel instance corresponding to the target (batch_size, a, b, c, d, preci"
group1,4,2,4096,2048,64,16,128,,,,"ERROR: Could not find hyperparameters for the kernel instance corresponding to the target (batch_size, a, b, c, d, preci"
group1,4,2,4096,2048,64,16,256,,,,"ERROR: Could not find hyperparameters for the kernel instance corresponding to the target (batch_size, a, b, c, d, preci"
group1,4,2,4096,2048,64,16,512,,,,"ERROR: Could not find hyperparameters for the kernel instance corresponding to the target (batch_size, a, b, c, d, preci"
group1,4,2,4096,2048,64,16,1024,,,,"ERROR: Could not find hyperparameters for the kernel instance corresponding to the target (batch_size, a, b, c, d, preci"
group1,4,2,4096,2048,64,16,2048,,,,"ERROR: Could not find hyperparameters for the kernel instance corresponding to the target (batch_size, a, b, c, d, preci"
group1,4,2,4096,2048,64,16,4096,,,,"ERROR: Could not find hyperparameters for the kernel instance corresponding to the target (batch_size, a, b, c, d, preci"
group1,4,2,4096,2048,128,8,2,,,,"ERROR: Could not find hyperparameters for the kernel instance corresponding to the target (batch_size, a, b, c, d, preci"
group1,4,2,4096,2048,128,8,4,,,,"ERROR: Could not find hyperparameters for the kernel instance corresponding to the target (batch_size, a, b, c, d, preci"
group1,4,2,4096,2048,128,8,8,,,,"ERROR: Could not find hyperparameters for the kernel instance corresponding to the target (batch_size, a, b, c, d, preci"
group1,4,2,4096,2048,128,8,16,,,,"ERROR: Could not find hyperparameters for the kernel instance corresponding to the target (batch_size, a, b, c, d, preci"
group1,4,2,4096,2048,128,8,32,,,,"ERROR: Could not find hyperparameters for the kernel instance corresponding to the target (batch_size, a, b, c, d, preci"
group1,4,2,4096,2048,128,8,64,,,,"ERROR: Could not find hyperparameters for the kernel instance corresponding to the target (batch_size, a, b, c, d, preci"
group1,4,2,4096,2048,128,8,128,,,,"ERROR: Could not find hyperparameters for the kernel instance corresponding to the target (batch_size, a, b, c, d, preci"
group1,4,2,4096,2048,128,8,256,,,,"ERROR: Could not find hyperparameters for the kernel instance corresponding to the target (batch_size, a, b, c, d, preci"
group1,4,2,4096,2048,128,8,512,,,,"ERROR: Could not find hyperparameters for the kernel instance corresponding to the target (batch_size, a, b, c, d, preci"
group1,4,2,4096,2048,128,8,1024,,,,"ERROR: Could not find hyperparameters for the kernel instance corresponding to the target (batch_size, a, b, c, d, preci"
group1,4,2,4096,2048,128,8,2048,,,,"ERROR: Could not find hyperparameters for the kernel instance corresponding to the target (batch_size, a, b, c, d, preci"
group1,4,2,4096,2048,128,8,4096,,,,"ERROR: Could not find hyperparameters for the kernel instance corresponding to the target (batch_size, a, b, c, d, preci"
group1,4,2,4096,2048,256,4,2,,,,"ERROR: Could not find hyperparameters for the kernel instance corresponding to the target (batch_size, a, b, c, d, preci"
group1,4,2,4096,2048,256,4,4,,,,"ERROR: Could not find hyperparameters for the kernel instance corresponding to the target (batch_size, a, b, c, d, preci"
group1,4,2,4096,2048,256,4,8,,,,"ERROR: Could not find hyperparameters for the kernel instance corresponding to the target (batch_size, a, b, c, d, preci"
group1,4,2,4096,2048,256,4,16,,,,"ERROR: Could not find hyperparameters for the kernel instance corresponding to the target (batch_size, a, b, c, d, preci"
group1,4,2,4096,2048,256,4,32,,,,"ERROR: Could not find hyperparameters for the kernel instance corresponding to the target (batch_size, a, b, c, d, preci"
group1,4,2,4096,2048,256,4,64,,,,"ERROR: Could not find hyperparameters for the kernel instance corresponding to the target (batch_size, a, b, c, d, preci"
group1,4,2,4096,2048,256,4,128,,,,"ERROR: Could not find hyperparameters for the kernel instance corresponding to the target (batch_size, a, b, c, d, preci"
group1,4,2,4096,2048,256,4,256,,,,"ERROR: Could not find hyperparameters for the kernel instance corresponding to the target (batch_size, a, b, c, d, preci"
group1,4,2,4096,2048,256,4,512,,,,"ERROR: Could not find hyperparameters for the kernel instance corresponding to the target (batch_size, a, b, c, d, preci"
group1,4,2,4096,2048,256,4,1024,,,,"ERROR: Could not find hyperparameters for the kernel instance corresponding to the target (batch_size, a, b, c, d, preci"
group1,4,2,4096,2048,256,4,2048,,,,"ERROR: Could not find hyperparameters for the kernel instance corresponding to the target (batch_size, a, b, c, d, preci"
group1,4,2,4096,2048,256,4,4096,,,,"ERROR: Could not find hyperparameters for the kernel instance corresponding to the target (batch_size, a, b, c, d, preci"
group1,4,2,4096,2048,512,2,2,,,,"ERROR: Could not find hyperparameters for the kernel instance corresponding to the target (batch_size, a, b, c, d, preci"
group1,4,2,4096,2048,512,2,4,,,,"ERROR: Could not find hyperparameters for the kernel instance corresponding to the target (batch_size, a, b, c, d, preci"
group1,4,2,4096,2048,512,2,8,,,,"ERROR: Could not find hyperparameters for the kernel instance corresponding to the target (batch_size, a, b, c, d, preci"
group1,4,2,4096,2048,512,2,16,,,,"ERROR: Could not find hyperparameters for the kernel instance corresponding to the target (batch_size, a, b, c, d, preci"
group1,4,2,4096,2048,512,2,32,,,,"ERROR: Could not find hyperparameters for the kernel instance corresponding to the target (batch_size, a, b, c, d, preci"
group1,4,2,4096,2048,512,2,64,,,,"ERROR: Could not find hyperparameters for the kernel instance corresponding to the target (batch_size, a, b, c, d, preci"
group1,4,2,4096,2048,512,2,128,,,,"ERROR: Could not find hyperparameters for the kernel instance corresponding to the target (batch_size, a, b, c, d, preci"
group1,4,2,4096,2048,512,2,256,,,,"ERROR: Could not find hyperparameters for the kernel instance corresponding to the target (batch_size, a, b, c, d, preci"
group1,4,2,4096,2048,512,2,512,,,,"ERROR: Could not find hyperparameters for the kernel instance corresponding to the target (batch_size, a, b, c, d, preci"
group1,4,2,4096,2048,512,2,1024,,,,"ERROR: Could not find hyperparameters for the kernel instance corresponding to the target (batch_size, a, b, c, d, preci"
group1,4,2,4096,2048,512,2,2048,,,,"ERROR: Could not find hyperparameters for the kernel instance corresponding to the target (batch_size, a, b, c, d, preci"
group1,4,2,4096,2048,512,2,4096,,,,"ERROR: Could not find hyperparameters for the kernel instance corresponding to the target (batch_size, a, b, c, d, preci"
group1,4,2,4096,2048,1024,1,2,,,,"ERROR: Could not find hyperparameters for the kernel instance corresponding to the target (batch_size, a, b, c, d, preci"
group1,4,2,4096,2048,1024,1,4,,,,"ERROR: Could not find hyperparameters for the kernel instance corresponding to the target (batch_size, a, b, c, d, preci"
group1,4,2,4096,2048,1024,1,8,,,,"ERROR: Could not find hyperparameters for the kernel instance corresponding to the target (batch_size, a, b, c, d, preci"
group1,4,2,4096,2048,1024,1,16,,,,"ERROR: Could not find hyperparameters for the kernel instance corresponding to the target (batch_size, a, b, c, d, preci"
group1,4,2,4096,2048,1024,1,32,,,,"ERROR: Could not find hyperparameters for the kernel instance corresponding to the target (batch_size, a, b, c, d, preci"
group1,4,2,4096,2048,1024,1,64,,,,"ERROR: Could not find hyperparameters for the kernel instance corresponding to the target (batch_size, a, b, c, d, preci"
group1,4,2,4096,2048,1024,1,128,,,,"ERROR: Could not find hyperparameters for the kernel instance corresponding to the target (batch_size, a, b, c, d, preci"
group1,4,2,4096,2048,1024,1,256,,,,"ERROR: Could not find hyperparameters for the kernel instance corresponding to the target (batch_size, a, b, c, d, preci"
group1,4,2,4096,2048,1024,1,512,,,,"ERROR: Could not find hyperparameters for the kernel instance corresponding to the target (batch_size, a, b, c, d, preci"
group1,4,2,4096,2048,1024,1,1024,,,,"ERROR: Could not find hyperparameters for the kernel instance corresponding to the target (batch_size, a, b, c, d, preci"
group1,4,2,4096,2048,1024,1,2048,,,,"ERROR: Could not find hyperparameters for the kernel instance corresponding to the target (batch_size, a, b, c, d, preci"
group1,4,2,4096,2048,1024,1,4096,,,,"ERROR: Could not find hyperparameters for the kernel instance corresponding to the target (batch_size, a, b, c, d, preci"
group1,4,4,512,512,1,128,2,,,,"ERROR: Could not find hyperparameters for the kernel instance corresponding to the target (batch_size, a, b, c, d, preci"
group1,4,4,512,512,1,128,4,,,,"ERROR: Could not find hyperparameters for the kernel instance corresponding to the target (batch_size, a, b, c, d, preci"
group1,4,4,512,512,1,128,8,,,,"ERROR: Could not find hyperparameters for the kernel instance corresponding to the target (batch_size, a, b, c, d, preci"
group1,4,4,512,512,1,128,16,,,,"ERROR: Could not find hyperparameters for the kernel instance corresponding to the target (batch_size, a, b, c, d, preci"
group1,4,4,512,512,1,128,32,,,,"ERROR: Could not find hyperparameters for the kernel instance corresponding to the target (batch_size, a, b, c, d, preci"
group1,4,4,512,512,1,128,64,,,,"ERROR: Could not find hyperparameters for the kernel instance corresponding to the target (batch_size, a, b, c, d, preci"
group1,4,4,512,512,1,128,128,,,,"ERROR: Could not find hyperparameters for the kernel instance corresponding to the target (batch_size, a, b, c, d, preci"
group1,4,4,512,512,1,128,256,,,,"ERROR: Could not find hyperparameters for the kernel instance corresponding to the target (batch_size, a, b, c, d, preci"
group1,4,4,512,512,1,128,512,,,,"ERROR: Could not find hyperparameters for the kernel instance corresponding to the target (batch_size, a, b, c, d, preci"
group1,4,4,512,512,1,128,1024,,,,"ERROR: Could not find hyperparameters for the kernel instance corresponding to the target (batch_size, a, b, c, d, preci"
group1,4,4,512,512,1,128,2048,,,,"ERROR: Could not find hyperparameters for the kernel instance corresponding to the target (batch_size, a, b, c, d, preci"
group1,4,4,512,512,1,128,4096,,,,"ERROR: Could not find hyperparameters for the kernel instance corresponding to the target (batch_size, a, b, c, d, preci"
group1,4,4,512,512,2,64,2,,,,"ERROR: Could not find hyperparameters for the kernel instance corresponding to the target (batch_size, a, b, c, d, preci"
group1,4,4,512,512,2,64,4,,,,"ERROR: Could not find hyperparameters for the kernel instance corresponding to the target (batch_size, a, b, c, d, preci"
group1,4,4,512,512,2,64,8,,,,"ERROR: Could not find hyperparameters for the kernel instance corresponding to the target (batch_size, a, b, c, d, preci"
group1,4,4,512,512,2,64,16,,,,"ERROR: Could not find hyperparameters for the kernel instance corresponding to the target (batch_size, a, b, c, d, preci"
group1,4,4,512,512,2,64,32,,,,"ERROR: Could not find hyperparameters for the kernel instance corresponding to the target (batch_size, a, b, c, d, preci"
group1,4,4,512,512,2,64,64,,,,"ERROR: Could not find hyperparameters for the kernel instance corresponding to the target (batch_size, a, b, c, d, preci"
group1,4,4,512,512,2,64,128,,,,"ERROR: Could not find hyperparameters for the kernel instance corresponding to the target (batch_size, a, b, c, d, preci"
group1,4,4,512,512,2,64,256,,,,"ERROR: Could not find hyperparameters for the kernel instance corresponding to the target (batch_size, a, b, c, d, preci"
group1,4,4,512,512,2,64,512,,,,"ERROR: Could not find hyperparameters for the kernel instance corresponding to the target (batch_size, a, b, c, d, preci"
group1,4,4,512,512,2,64,1024,,,,"ERROR: Could not find hyperparameters for the kernel instance corresponding to the target (batch_size, a, b, c, d, preci"
group1,4,4,512,512,2,64,2048,,,,"ERROR: Could not find hyperparameters for the kernel instance corresponding to the target (batch_size, a, b, c, d, preci"
group1,4,4,512,512,2,64,4096,,,,"ERROR: Could not find hyperparameters for the kernel instance corresponding to the target (batch_size, a, b, c, d, preci"
group1,4,4,512,512,4,32,2,,,,"ERROR: Could not find hyperparameters for the kernel instance corresponding to the target (batch_size, a, b, c, d, preci"
group1,4,4,512,512,4,32,4,,,,"ERROR: Could not find hyperparameters for the kernel instance corresponding to the target (batch_size, a, b, c, d, preci"
group1,4,4,512,512,4,32,8,,,,"ERROR: Could not find hyperparameters for the kernel instance corresponding to the target (batch_size, a, b, c, d, preci"
group1,4,4,512,512,4,32,16,,,,"ERROR: Could not find hyperparameters for the kernel instance corresponding to the target (batch_size, a, b, c, d, preci"
group1,4,4,512,512,4,32,32,,,,"ERROR: Could not find hyperparameters for the kernel instance corresponding to the target (batch_size, a, b, c, d, preci"
group1,4,4,512,512,4,32,64,,,,"ERROR: Could not find hyperparameters for the kernel instance corresponding to the target (batch_size, a, b, c, d, preci"
group1,4,4,512,512,4,32,128,,,,"ERROR: Could not find hyperparameters for the kernel instance corresponding to the target (batch_size, a, b, c, d, preci"
group1,4,4,512,512,4,32,256,,,,"ERROR: Could not find hyperparameters for the kernel instance corresponding to the target (batch_size, a, b, c, d, preci"
group1,4,4,512,512,4,32,512,,,,"ERROR: Could not find hyperparameters for the kernel instance corresponding to the target (batch_size, a, b, c, d, preci"
group1,4,4,512,512,4,32,1024,,,,"ERROR: Could not find hyperparameters for the kernel instance corresponding to the target (batch_size, a, b, c, d, preci"
group1,4,4,512,512,4,32,2048,,,,"ERROR: Could not find hyperparameters for the kernel instance corresponding to the target (batch_size, a, b, c, d, preci"
group1,4,4,512,512,4,32,4096,,,,"ERROR: Could not find hyperparameters for the kernel instance corresponding to the target (batch_size, a, b, c, d, preci"
group1,4,4,512,512,8,16,2,,,,"ERROR: Could not find hyperparameters for the kernel instance corresponding to the target (batch_size, a, b, c, d, preci"
group1,4,4,512,512,8,16,4,,,,"ERROR: Could not find hyperparameters for the kernel instance corresponding to the target (batch_size, a, b, c, d, preci"
group1,4,4,512,512,8,16,8,,,,"ERROR: Could not find hyperparameters for the kernel instance corresponding to the target (batch_size, a, b, c, d, preci"
group1,4,4,512,512,8,16,16,,,,"ERROR: Could not find hyperparameters for the kernel instance corresponding to the target (batch_size, a, b, c, d, preci"
group1,4,4,512,512,8,16,32,,,,"ERROR: Could not find hyperparameters for the kernel instance corresponding to the target (batch_size, a, b, c, d, preci"
group1,4,4,512,512,8,16,64,,,,"ERROR: Could not find hyperparameters for the kernel instance corresponding to the target (batch_size, a, b, c, d, preci"
group1,4,4,512,512,8,16,128,,,,"ERROR: Could not find hyperparameters for the kernel instance corresponding to the target (batch_size, a, b, c, d, preci"
group1,4,4,512,512,8,16,256,,,,"ERROR: Could not find hyperparameters for the kernel instance corresponding to the target (batch_size, a, b, c, d, preci"
group1,4,4,512,512,8,16,512,,,,"ERROR: Could not find hyperparameters for the kernel instance corresponding to the target (batch_size, a, b, c, d, preci"
group1,4,4,512,512,8,16,1024,,,,"ERROR: Could not find hyperparameters for the kernel instance corresponding to the target (batch_size, a, b, c, d, preci"
group1,4,4,512,512,8,16,2048,,,,"ERROR: Could not find hyperparameters for the kernel instance corresponding to the target (batch_size, a, b, c, d, preci"
group1,4,4,512,512,8,16,4096,,,,"ERROR: Could not find hyperparameters for the kernel instance corresponding to the target (batch_size, a, b, c, d, preci"
group1,4,4,512,512,16,8,2,,,,"ERROR: Could not find hyperparameters for the kernel instance corresponding to the target (batch_size, a, b, c, d, preci"
group1,4,4,512,512,16,8,4,,,,"ERROR: Could not find hyperparameters for the kernel instance corresponding to the target (batch_size, a, b, c, d, preci"
group1,4,4,512,512,16,8,8,,,,"ERROR: Could not find hyperparameters for the kernel instance corresponding to the target (batch_size, a, b, c, d, preci"
group1,4,4,512,512,16,8,16,,,,"ERROR: Could not find hyperparameters for the kernel instance corresponding to the target (batch_size, a, b, c, d, preci"
group1,4,4,512,512,16,8,32,,,,"ERROR: Could not find hyperparameters for the kernel instance corresponding to the target (batch_size, a, b, c, d, preci"
group1,4,4,512,512,16,8,64,,,,"ERROR: Could not find hyperparameters for the kernel instance corresponding to the target (batch_size, a, b, c, d, preci"
group1,4,4,512,512,16,8,128,,,,"ERROR: Could not find hyperparameters for the kernel instance corresponding to the target (batch_size, a, b, c, d, preci"
group1,4,4,512,512,16,8,256,,,,"ERROR: Could not find hyperparameters for the kernel instance corresponding to the target (batch_size, a, b, c, d, preci"
group1,4,4,512,512,16,8,512,,,,"ERROR: Could not find hyperparameters for the kernel instance corresponding to the target (batch_size, a, b, c, d, preci"
group1,4,4,512,512,16,8,1024,,,,"ERROR: Could not find hyperparameters for the kernel instance corresponding to the target (batch_size, a, b, c, d, preci"
group1,4,4,512,512,16,8,2048,,,,"ERROR: Could not find hyperparameters for the kernel instance corresponding to the target (batch_size, a, b, c, d, preci"
group1,4,4,512,512,16,8,4096,,,,"ERROR: Could not find hyperparameters for the kernel instance corresponding to the target (batch_size, a, b, c, d, preci"
group1,4,4,512,512,32,4,2,,,,"ERROR: Could not find hyperparameters for the kernel instance corresponding to the target (batch_size, a, b, c, d, preci"
group1,4,4,512,512,32,4,4,,,,"ERROR: Could not find hyperparameters for the kernel instance corresponding to the target (batch_size, a, b, c, d, preci"
group1,4,4,512,512,32,4,8,,,,"ERROR: Could not find hyperparameters for the kernel instance corresponding to the target (batch_size, a, b, c, d, preci"
group1,4,4,512,512,32,4,16,,,,"ERROR: Could not find hyperparameters for the kernel instance corresponding to the target (batch_size, a, b, c, d, preci"
group1,4,4,512,512,32,4,32,,,,"ERROR: Could not find hyperparameters for the kernel instance corresponding to the target (batch_size, a, b, c, d, preci"
group1,4,4,512,512,32,4,64,,,,"ERROR: Could not find hyperparameters for the kernel instance corresponding to the target (batch_size, a, b, c, d, preci"
group1,4,4,512,512,32,4,128,,,,"ERROR: Could not find hyperparameters for the kernel instance corresponding to the target (batch_size, a, b, c, d, preci"
group1,4,4,512,512,32,4,256,,,,"ERROR: Could not find hyperparameters for the kernel instance corresponding to the target (batch_size, a, b, c, d, preci"
group1,4,4,512,512,32,4,512,,,,"ERROR: Could not find hyperparameters for the kernel instance corresponding to the target (batch_size, a, b, c, d, preci"
group1,4,4,512,512,32,4,1024,,,,"ERROR: Could not find hyperparameters for the kernel instance corresponding to the target (batch_size, a, b, c, d, preci"
group1,4,4,512,512,32,4,2048,,,,"ERROR: Could not find hyperparameters for the kernel instance corresponding to the target (batch_size, a, b, c, d, preci"
group1,4,4,512,512,32,4,4096,,,,"ERROR: Could not find hyperparameters for the kernel instance corresponding to the target (batch_size, a, b, c, d, preci"
group1,4,4,512,512,64,2,2,,,,"ERROR: Could not find hyperparameters for the kernel instance corresponding to the target (batch_size, a, b, c, d, preci"
group1,4,4,512,512,64,2,4,,,,"ERROR: Could not find hyperparameters for the kernel instance corresponding to the target (batch_size, a, b, c, d, preci"
group1,4,4,512,512,64,2,8,,,,"ERROR: Could not find hyperparameters for the kernel instance corresponding to the target (batch_size, a, b, c, d, preci"
group1,4,4,512,512,64,2,16,,,,"ERROR: Could not find hyperparameters for the kernel instance corresponding to the target (batch_size, a, b, c, d, preci"
group1,4,4,512,512,64,2,32,,,,"ERROR: Could not find hyperparameters for the kernel instance corresponding to the target (batch_size, a, b, c, d, preci"
group1,4,4,512,512,64,2,64,,,,"ERROR: Could not find hyperparameters for the kernel instance corresponding to the target (batch_size, a, b, c, d, preci"
group1,4,4,512,512,64,2,128,,,,"ERROR: Could not find hyperparameters for the kernel instance corresponding to the target (batch_size, a, b, c, d, preci"
group1,4,4,512,512,64,2,256,,,,"ERROR: Could not find hyperparameters for the kernel instance corresponding to the target (batch_size, a, b, c, d, preci"
group1,4,4,512,512,64,2,512,,,,"ERROR: Could not find hyperparameters for the kernel instance corresponding to the target (batch_size, a, b, c, d, preci"
group1,4,4,512,512,64,2,1024,,,,"ERROR: Could not find hyperparameters for the kernel instance corresponding to the target (batch_size, a, b, c, d, preci"
group1,4,4,512,512,64,2,2048,,,,"ERROR: Could not find hyperparameters for the kernel instance corresponding to the target (batch_size, a, b, c, d, preci"
group1,4,4,512,512,64,2,4096,,,,"ERROR: Could not find hyperparameters for the kernel instance corresponding to the target (batch_size, a, b, c, d, preci"
group1,4,4,512,512,128,1,2,,,,"ERROR: Could not find hyperparameters for the kernel instance corresponding to the target (batch_size, a, b, c, d, preci"
group1,4,4,512,512,128,1,4,,,,"ERROR: Could not find hyperparameters for the kernel instance corresponding to the target (batch_size, a, b, c, d, preci"
group1,4,4,512,512,128,1,8,,,,"ERROR: Could not find hyperparameters for the kernel instance corresponding to the target (batch_size, a, b, c, d, preci"
group1,4,4,512,512,128,1,16,,,,"ERROR: Could not find hyperparameters for the kernel instance corresponding to the target (batch_size, a, b, c, d, preci"
group1,4,4,512,512,128,1,32,,,,"ERROR: Could not find hyperparameters for the kernel instance corresponding to the target (batch_size, a, b, c, d, preci"
group1,4,4,512,512,128,1,64,,,,"ERROR: Could not find hyperparameters for the kernel instance corresponding to the target (batch_size, a, b, c, d, preci"
group1,4,4,512,512,128,1,128,,,,"ERROR: Could not find hyperparameters for the kernel instance corresponding to the target (batch_size, a, b, c, d, preci"
group1,4,4,512,512,128,1,256,,,,"ERROR: Could not find hyperparameters for the kernel instance corresponding to the target (batch_size, a, b, c, d, preci"
group1,4,4,512,512,128,1,512,,,,"ERROR: Could not find hyperparameters for the kernel instance corresponding to the target (batch_size, a, b, c, d, preci"
group1,4,4,512,512,128,1,1024,,,,"ERROR: Could not find hyperparameters for the kernel instance corresponding to the target (batch_size, a, b, c, d, preci"
group1,4,4,512,512,128,1,2048,,,,"ERROR: Could not find hyperparameters for the kernel instance corresponding to the target (batch_size, a, b, c, d, preci"
group1,4,4,512,512,128,1,4096,,,,"ERROR: Could not find hyperparameters for the kernel instance corresponding to the target (batch_size, a, b, c, d, preci"
group1,4,4,1024,1024,1,256,2,,,,"ERROR: Could not find hyperparameters for the kernel instance corresponding to the target (batch_size, a, b, c, d, preci"
group1,4,4,1024,1024,1,256,4,,,,"ERROR: Could not find hyperparameters for the kernel instance corresponding to the target (batch_size, a, b, c, d, preci"
group1,4,4,1024,1024,1,256,8,,,,"ERROR: Could not find hyperparameters for the kernel instance corresponding to the target (batch_size, a, b, c, d, preci"
group1,4,4,1024,1024,1,256,16,,,,"ERROR: Could not find hyperparameters for the kernel instance corresponding to the target (batch_size, a, b, c, d, preci"
group1,4,4,1024,1024,1,256,32,,,,"ERROR: Could not find hyperparameters for the kernel instance corresponding to the target (batch_size, a, b, c, d, preci"
group1,4,4,1024,1024,1,256,64,,,,"ERROR: Could not find hyperparameters for the kernel instance corresponding to the target (batch_size, a, b, c, d, preci"
group1,4,4,1024,1024,1,256,128,,,,"ERROR: Could not find hyperparameters for the kernel instance corresponding to the target (batch_size, a, b, c, d, preci"
group1,4,4,1024,1024,1,256,256,,,,"ERROR: Could not find hyperparameters for the kernel instance corresponding to the target (batch_size, a, b, c, d, preci"
group1,4,4,1024,1024,1,256,512,,,,"ERROR: Could not find hyperparameters for the kernel instance corresponding to the target (batch_size, a, b, c, d, preci"
group1,4,4,1024,1024,1,256,1024,,,,"ERROR: Could not find hyperparameters for the kernel instance corresponding to the target (batch_size, a, b, c, d, preci"
group1,4,4,1024,1024,1,256,2048,,,,"ERROR: Could not find hyperparameters for the kernel instance corresponding to the target (batch_size, a, b, c, d, preci"
group1,4,4,1024,1024,1,256,4096,,,,"ERROR: Could not find hyperparameters for the kernel instance corresponding to the target (batch_size, a, b, c, d, preci"
group1,4,4,1024,1024,2,128,2,,,,"ERROR: Could not find hyperparameters for the kernel instance corresponding to the target (batch_size, a, b, c, d, preci"
group1,4,4,1024,1024,2,128,4,,,,"ERROR: Could not find hyperparameters for the kernel instance corresponding to the target (batch_size, a, b, c, d, preci"
group1,4,4,1024,1024,2,128,8,,,,"ERROR: Could not find hyperparameters for the kernel instance corresponding to the target (batch_size, a, b, c, d, preci"
group1,4,4,1024,1024,2,128,16,,,,"ERROR: Could not find hyperparameters for the kernel instance corresponding to the target (batch_size, a, b, c, d, preci"
group1,4,4,1024,1024,2,128,32,,,,"ERROR: Could not find hyperparameters for the kernel instance corresponding to the target (batch_size, a, b, c, d, preci"
group1,4,4,1024,1024,2,128,64,,,,"ERROR: Could not find hyperparameters for the kernel instance corresponding to the target (batch_size, a, b, c, d, preci"
group1,4,4,1024,1024,2,128,128,,,,"ERROR: Could not find hyperparameters for the kernel instance corresponding to the target (batch_size, a, b, c, d, preci"
group1,4,4,1024,1024,2,128,256,,,,"ERROR: Could not find hyperparameters for the kernel instance corresponding to the target (batch_size, a, b, c, d, preci"
group1,4,4,1024,1024,2,128,512,,,,"ERROR: Could not find hyperparameters for the kernel instance corresponding to the target (batch_size, a, b, c, d, preci"
group1,4,4,1024,1024,2,128,1024,,,,"ERROR: Could not find hyperparameters for the kernel instance corresponding to the target (batch_size, a, b, c, d, preci"
group1,4,4,1024,1024,2,128,2048,,,,"ERROR: Could not find hyperparameters for the kernel instance corresponding to the target (batch_size, a, b, c, d, preci"
group1,4,4,1024,1024,2,128,4096,,,,"ERROR: Could not find hyperparameters for the kernel instance corresponding to the target (batch_size, a, b, c, d, preci"
group1,4,4,1024,1024,4,64,2,,,,"ERROR: Could not find hyperparameters for the kernel instance corresponding to the target (batch_size, a, b, c, d, preci"
group1,4,4,1024,1024,4,64,4,,,,"ERROR: Could not find hyperparameters for the kernel instance corresponding to the target (batch_size, a, b, c, d, preci"
group1,4,4,1024,1024,4,64,8,,,,"ERROR: Could not find hyperparameters for the kernel instance corresponding to the target (batch_size, a, b, c, d, preci"
group1,4,4,1024,1024,4,64,16,,,,"ERROR: Could not find hyperparameters for the kernel instance corresponding to the target (batch_size, a, b, c, d, preci"
group1,4,4,1024,1024,4,64,32,,,,"ERROR: Could not find hyperparameters for the kernel instance corresponding to the target (batch_size, a, b, c, d, preci"
group1,4,4,1024,1024,4,64,64,,,,"ERROR: Could not find hyperparameters for the kernel instance corresponding to the target (batch_size, a, b, c, d, preci"
group1,4,4,1024,1024,4,64,128,,,,"ERROR: Could not find hyperparameters for the kernel instance corresponding to the target (batch_size, a, b, c, d, preci"
group1,4,4,1024,1024,4,64,256,,,,"ERROR: Could not find hyperparameters for the kernel instance corresponding to the target (batch_size, a, b, c, d, preci"
group1,4,4,1024,1024,4,64,512,,,,"ERROR: Could not find hyperparameters for the kernel instance corresponding to the target (batch_size, a, b, c, d, preci"
group1,4,4,1024,1024,4,64,1024,,,,"ERROR: Could not find hyperparameters for the kernel instance corresponding to the target (batch_size, a, b, c, d, preci"
group1,4,4,1024,1024,4,64,2048,,,,"ERROR: Could not find hyperparameters for the kernel instance corresponding to the target (batch_size, a, b, c, d, preci"
group1,4,4,1024,1024,4,64,4096,,,,"ERROR: Could not find hyperparameters for the kernel instance corresponding to the target (batch_size, a, b, c, d, preci"
group1,4,4,1024,1024,8,32,2,,,,"ERROR: Could not find hyperparameters for the kernel instance corresponding to the target (batch_size, a, b, c, d, preci"
group1,4,4,1024,1024,8,32,4,,,,"ERROR: Could not find hyperparameters for the kernel instance corresponding to the target (batch_size, a, b, c, d, preci"
group1,4,4,1024,1024,8,32,8,,,,"ERROR: Could not find hyperparameters for the kernel instance corresponding to the target (batch_size, a, b, c, d, preci"
group1,4,4,1024,1024,8,32,16,,,,"ERROR: Could not find hyperparameters for the kernel instance corresponding to the target (batch_size, a, b, c, d, preci"
group1,4,4,1024,1024,8,32,32,,,,"ERROR: Could not find hyperparameters for the kernel instance corresponding to the target (batch_size, a, b, c, d, preci"
group1,4,4,1024,1024,8,32,64,,,,"ERROR: Could not find hyperparameters for the kernel instance corresponding to the target (batch_size, a, b, c, d, preci"
group1,4,4,1024,1024,8,32,128,,,,"ERROR: Could not find hyperparameters for the kernel instance corresponding to the target (batch_size, a, b, c, d, preci"
group1,4,4,1024,1024,8,32,256,,,,"ERROR: Could not find hyperparameters for the kernel instance corresponding to the target (batch_size, a, b, c, d, preci"
group1,4,4,1024,1024,8,32,512,,,,"ERROR: Could not find hyperparameters for the kernel instance corresponding to the target (batch_size, a, b, c, d, preci"
group1,4,4,1024,1024,8,32,1024,,,,"ERROR: Could not find hyperparameters for the kernel instance corresponding to the target (batch_size, a, b, c, d, preci"
group1,4,4,1024,1024,8,32,2048,,,,"ERROR: Could not find hyperparameters for the kernel instance corresponding to the target (batch_size, a, b, c, d, preci"
group1,4,4,1024,1024,8,32,4096,,,,"ERROR: Could not find hyperparameters for the kernel instance corresponding to the target (batch_size, a, b, c, d, preci"
group1,4,4,1024,1024,16,16,2,,,,"ERROR: Could not find hyperparameters for the kernel instance corresponding to the target (batch_size, a, b, c, d, preci"
group1,4,4,1024,1024,16,16,4,,,,"ERROR: Could not find hyperparameters for the kernel instance corresponding to the target (batch_size, a, b, c, d, preci"
group1,4,4,1024,1024,16,16,8,,,,"ERROR: Could not find hyperparameters for the kernel instance corresponding to the target (batch_size, a, b, c, d, preci"
group1,4,4,1024,1024,16,16,16,,,,"ERROR: Could not find hyperparameters for the kernel instance corresponding to the target (batch_size, a, b, c, d, preci"
group1,4,4,1024,1024,16,16,32,,,,"ERROR: Could not find hyperparameters for the kernel instance corresponding to the target (batch_size, a, b, c, d, preci"
group1,4,4,1024,1024,16,16,64,,,,"ERROR: Could not find hyperparameters for the kernel instance corresponding to the target (batch_size, a, b, c, d, preci"
group1,4,4,1024,1024,16,16,128,,,,"ERROR: Could not find hyperparameters for the kernel instance corresponding to the target (batch_size, a, b, c, d, preci"
group1,4,4,1024,1024,16,16,256,,,,"ERROR: Could not find hyperparameters for the kernel instance corresponding to the target (batch_size, a, b, c, d, preci"
group1,4,4,1024,1024,16,16,512,,,,"ERROR: Could not find hyperparameters for the kernel instance corresponding to the target (batch_size, a, b, c, d, preci"
group1,4,4,1024,1024,16,16,1024,,,,"ERROR: Could not find hyperparameters for the kernel instance corresponding to the target (batch_size, a, b, c, d, preci"
group1,4,4,1024,1024,16,16,2048,,,,"ERROR: Could not find hyperparameters for the kernel instance corresponding to the target (batch_size, a, b, c, d, preci"
group1,4,4,1024,1024,16,16,4096,,,,"ERROR: Could not find hyperparameters for the kernel instance corresponding to the target (batch_size, a, b, c, d, preci"
group1,4,4,1024,1024,32,8,2,,,,"ERROR: Could not find hyperparameters for the kernel instance corresponding to the target (batch_size, a, b, c, d, preci"
group1,4,4,1024,1024,32,8,4,,,,"ERROR: Could not find hyperparameters for the kernel instance corresponding to the target (batch_size, a, b, c, d, preci"
group1,4,4,1024,1024,32,8,8,,,,"ERROR: Could not find hyperparameters for the kernel instance corresponding to the target (batch_size, a, b, c, d, preci"
group1,4,4,1024,1024,32,8,16,,,,"ERROR: Could not find hyperparameters for the kernel instance corresponding to the target (batch_size, a, b, c, d, preci"
group1,4,4,1024,1024,32,8,32,,,,"ERROR: Could not find hyperparameters for the kernel instance corresponding to the target (batch_size, a, b, c, d, preci"
group1,4,4,1024,1024,32,8,64,,,,"ERROR: Could not find hyperparameters for the kernel instance corresponding to the target (batch_size, a, b, c, d, preci"
group1,4,4,1024,1024,32,8,128,,,,"ERROR: Could not find hyperparameters for the kernel instance corresponding to the target (batch_size, a, b, c, d, preci"
group1,4,4,1024,1024,32,8,256,,,,"ERROR: Could not find hyperparameters for the kernel instance corresponding to the target (batch_size, a, b, c, d, preci"
group1,4,4,1024,1024,32,8,512,,,,"ERROR: Could not find hyperparameters for the kernel instance corresponding to the target (batch_size, a, b, c, d, preci"
group1,4,4,1024,1024,32,8,1024,,,,"ERROR: Could not find hyperparameters for the kernel instance corresponding to the target (batch_size, a, b, c, d, preci"
group1,4,4,1024,1024,32,8,2048,,,,"ERROR: Could not find hyperparameters for the kernel instance corresponding to the target (batch_size, a, b, c, d, preci"
group1,4,4,1024,1024,32,8,4096,,,,"ERROR: Could not find hyperparameters for the kernel instance corresponding to the target (batch_size, a, b, c, d, preci"
group1,4,4,1024,1024,64,4,2,,,,"ERROR: Could not find hyperparameters for the kernel instance corresponding to the target (batch_size, a, b, c, d, preci"
group1,4,4,1024,1024,64,4,4,,,,"ERROR: Could not find hyperparameters for the kernel instance corresponding to the target (batch_size, a, b, c, d, preci"
group1,4,4,1024,1024,64,4,8,,,,"ERROR: Could not find hyperparameters for the kernel instance corresponding to the target (batch_size, a, b, c, d, preci"
group1,4,4,1024,1024,64,4,16,,,,"ERROR: Could not find hyperparameters for the kernel instance corresponding to the target (batch_size, a, b, c, d, preci"
group1,4,4,1024,1024,64,4,32,,,,"ERROR: Could not find hyperparameters for the kernel instance corresponding to the target (batch_size, a, b, c, d, preci"
group1,4,4,1024,1024,64,4,64,,,,"ERROR: Could not find hyperparameters for the kernel instance corresponding to the target (batch_size, a, b, c, d, preci"
group1,4,4,1024,1024,64,4,128,,,,"ERROR: Could not find hyperparameters for the kernel instance corresponding to the target (batch_size, a, b, c, d, preci"
group1,4,4,1024,1024,64,4,256,,,,"ERROR: Could not find hyperparameters for the kernel instance corresponding to the target (batch_size, a, b, c, d, preci"
group1,4,4,1024,1024,64,4,512,,,,"ERROR: Could not find hyperparameters for the kernel instance corresponding to the target (batch_size, a, b, c, d, preci"
group1,4,4,1024,1024,64,4,1024,,,,"ERROR: Could not find hyperparameters for the kernel instance corresponding to the target (batch_size, a, b, c, d, preci"
group1,4,4,1024,1024,64,4,2048,,,,"ERROR: Could not find hyperparameters for the kernel instance corresponding to the target (batch_size, a, b, c, d, preci"
group1,4,4,1024,1024,64,4,4096,,,,"ERROR: Could not find hyperparameters for the kernel instance corresponding to the target (batch_size, a, b, c, d, preci"
group1,4,4,1024,1024,128,2,2,,,,"ERROR: Could not find hyperparameters for the kernel instance corresponding to the target (batch_size, a, b, c, d, preci"
group1,4,4,1024,1024,128,2,4,,,,"ERROR: Could not find hyperparameters for the kernel instance corresponding to the target (batch_size, a, b, c, d, preci"
group1,4,4,1024,1024,128,2,8,,,,"ERROR: Could not find hyperparameters for the kernel instance corresponding to the target (batch_size, a, b, c, d, preci"
group1,4,4,1024,1024,128,2,16,,,,"ERROR: Could not find hyperparameters for the kernel instance corresponding to the target (batch_size, a, b, c, d, preci"
group1,4,4,1024,1024,128,2,32,,,,"ERROR: Could not find hyperparameters for the kernel instance corresponding to the target (batch_size, a, b, c, d, preci"
group1,4,4,1024,1024,128,2,64,,,,"ERROR: Could not find hyperparameters for the kernel instance corresponding to the target (batch_size, a, b, c, d, preci"
group1,4,4,1024,1024,128,2,128,,,,"ERROR: Could not find hyperparameters for the kernel instance corresponding to the target (batch_size, a, b, c, d, preci"
group1,4,4,1024,1024,128,2,256,,,,"ERROR: Could not find hyperparameters for the kernel instance corresponding to the target (batch_size, a, b, c, d, preci"
group1,4,4,1024,1024,128,2,512,,,,"ERROR: Could not find hyperparameters for the kernel instance corresponding to the target (batch_size, a, b, c, d, preci"
group1,4,4,1024,1024,128,2,1024,,,,"ERROR: Could not find hyperparameters for the kernel instance corresponding to the target (batch_size, a, b, c, d, preci"
group1,4,4,1024,1024,128,2,2048,,,,"ERROR: Could not find hyperparameters for the kernel instance corresponding to the target (batch_size, a, b, c, d, preci"
group1,4,4,1024,1024,128,2,4096,,,,"ERROR: Could not find hyperparameters for the kernel instance corresponding to the target (batch_size, a, b, c, d, preci"
group1,4,4,1024,1024,256,1,2,,,,"ERROR: Could not find hyperparameters for the kernel instance corresponding to the target (batch_size, a, b, c, d, preci"
group1,4,4,1024,1024,256,1,4,,,,"ERROR: Could not find hyperparameters for the kernel instance corresponding to the target (batch_size, a, b, c, d, preci"
group1,4,4,1024,1024,256,1,8,,,,"ERROR: Could not find hyperparameters for the kernel instance corresponding to the target (batch_size, a, b, c, d, preci"
group1,4,4,1024,1024,256,1,16,,,,"ERROR: Could not find hyperparameters for the kernel instance corresponding to the target (batch_size, a, b, c, d, preci"
group1,4,4,1024,1024,256,1,32,,,,"ERROR: Could not find hyperparameters for the kernel instance corresponding to the target (batch_size, a, b, c, d, preci"
group1,4,4,1024,1024,256,1,64,,,,"ERROR: Could not find hyperparameters for the kernel instance corresponding to the target (batch_size, a, b, c, d, preci"
group1,4,4,1024,1024,256,1,128,,,,"ERROR: Could not find hyperparameters for the kernel instance corresponding to the target (batch_size, a, b, c, d, preci"
group1,4,4,1024,1024,256,1,256,,,,"ERROR: Could not find hyperparameters for the kernel instance corresponding to the target (batch_size, a, b, c, d, preci"
group1,4,4,1024,1024,256,1,512,,,,"ERROR: Could not find hyperparameters for the kernel instance corresponding to the target (batch_size, a, b, c, d, preci"
group1,4,4,1024,1024,256,1,1024,,,,"ERROR: Could not find hyperparameters for the kernel instance corresponding to the target (batch_size, a, b, c, d, preci"
group1,4,4,1024,1024,256,1,2048,,,,"ERROR: Could not find hyperparameters for the kernel instance corresponding to the target (batch_size, a, b, c, d, preci"
group1,4,4,1024,1024,256,1,4096,,,,"ERROR: Could not find hyperparameters for the kernel instance corresponding to the target (batch_size, a, b, c, d, preci"
group1,4,4,2048,2048,1,512,2,,,,"ERROR: Could not find hyperparameters for the kernel instance corresponding to the target (batch_size, a, b, c, d, preci"
group1,4,4,2048,2048,1,512,4,,,,"ERROR: Could not find hyperparameters for the kernel instance corresponding to the target (batch_size, a, b, c, d, preci"
group1,4,4,2048,2048,1,512,8,,,,"ERROR: Could not find hyperparameters for the kernel instance corresponding to the target (batch_size, a, b, c, d, preci"
group1,4,4,2048,2048,1,512,16,,,,"ERROR: Could not find hyperparameters for the kernel instance corresponding to the target (batch_size, a, b, c, d, preci"
group1,4,4,2048,2048,1,512,32,,,,"ERROR: Could not find hyperparameters for the kernel instance corresponding to the target (batch_size, a, b, c, d, preci"
group1,4,4,2048,2048,1,512,64,,,,"ERROR: Could not find hyperparameters for the kernel instance corresponding to the target (batch_size, a, b, c, d, preci"
group1,4,4,2048,2048,1,512,128,,,,"ERROR: Could not find hyperparameters for the kernel instance corresponding to the target (batch_size, a, b, c, d, preci"
group1,4,4,2048,2048,1,512,256,,,,"ERROR: Could not find hyperparameters for the kernel instance corresponding to the target (batch_size, a, b, c, d, preci"
group1,4,4,2048,2048,1,512,512,,,,"ERROR: Could not find hyperparameters for the kernel instance corresponding to the target (batch_size, a, b, c, d, preci"
group1,4,4,2048,2048,1,512,1024,,,,"ERROR: Could not find hyperparameters for the kernel instance corresponding to the target (batch_size, a, b, c, d, preci"
group1,4,4,2048,2048,1,512,2048,,,,"ERROR: Could not find hyperparameters for the kernel instance corresponding to the target (batch_size, a, b, c, d, preci"
group1,4,4,2048,2048,1,512,4096,,,,"ERROR: Could not find hyperparameters for the kernel instance corresponding to the target (batch_size, a, b, c, d, preci"
group1,4,4,2048,2048,2,256,2,,,,"ERROR: Could not find hyperparameters for the kernel instance corresponding to the target (batch_size, a, b, c, d, preci"
group1,4,4,2048,2048,2,256,4,,,,"ERROR: Could not find hyperparameters for the kernel instance corresponding to the target (batch_size, a, b, c, d, preci"
group1,4,4,2048,2048,2,256,8,,,,"ERROR: Could not find hyperparameters for the kernel instance corresponding to the target (batch_size, a, b, c, d, preci"
group1,4,4,2048,2048,2,256,16,,,,"ERROR: Could not find hyperparameters for the kernel instance corresponding to the target (batch_size, a, b, c, d, preci"
group1,4,4,2048,2048,2,256,32,,,,"ERROR: Could not find hyperparameters for the kernel instance corresponding to the target (batch_size, a, b, c, d, preci"
group1,4,4,2048,2048,2,256,64,,,,"ERROR: Could not find hyperparameters for the kernel instance corresponding to the target (batch_size, a, b, c, d, preci"
group1,4,4,2048,2048,2,256,128,,,,"ERROR: Could not find hyperparameters for the kernel instance corresponding to the target (batch_size, a, b, c, d, preci"
group1,4,4,2048,2048,2,256,256,,,,"ERROR: Could not find hyperparameters for the kernel instance corresponding to the target (batch_size, a, b, c, d, preci"
group1,4,4,2048,2048,2,256,512,,,,"ERROR: Could not find hyperparameters for the kernel instance corresponding to the target (batch_size, a, b, c, d, preci"
group1,4,4,2048,2048,2,256,1024,,,,"ERROR: Could not find hyperparameters for the kernel instance corresponding to the target (batch_size, a, b, c, d, preci"
group1,4,4,2048,2048,2,256,2048,,,,"ERROR: Could not find hyperparameters for the kernel instance corresponding to the target (batch_size, a, b, c, d, preci"
group1,4,4,2048,2048,2,256,4096,,,,"ERROR: Could not find hyperparameters for the kernel instance corresponding to the target (batch_size, a, b, c, d, preci"
group1,4,4,2048,2048,4,128,2,,,,"ERROR: Could not find hyperparameters for the kernel instance corresponding to the target (batch_size, a, b, c, d, preci"
group1,4,4,2048,2048,4,128,4,,,,"ERROR: Could not find hyperparameters for the kernel instance corresponding to the target (batch_size, a, b, c, d, preci"
group1,4,4,2048,2048,4,128,8,,,,"ERROR: Could not find hyperparameters for the kernel instance corresponding to the target (batch_size, a, b, c, d, preci"
group1,4,4,2048,2048,4,128,16,,,,"ERROR: Could not find hyperparameters for the kernel instance corresponding to the target (batch_size, a, b, c, d, preci"
group1,4,4,2048,2048,4,128,32,,,,"ERROR: Could not find hyperparameters for the kernel instance corresponding to the target (batch_size, a, b, c, d, preci"
group1,4,4,2048,2048,4,128,64,,,,"ERROR: Could not find hyperparameters for the kernel instance corresponding to the target (batch_size, a, b, c, d, preci"
group1,4,4,2048,2048,4,128,128,,,,"ERROR: Could not find hyperparameters for the kernel instance corresponding to the target (batch_size, a, b, c, d, preci"
group1,4,4,2048,2048,4,128,256,,,,"ERROR: Could not find hyperparameters for the kernel instance corresponding to the target (batch_size, a, b, c, d, preci"
group1,4,4,2048,2048,4,128,512,,,,"ERROR: Could not find hyperparameters for the kernel instance corresponding to the target (batch_size, a, b, c, d, preci"
group1,4,4,2048,2048,4,128,1024,,,,"ERROR: Could not find hyperparameters for the kernel instance corresponding to the target (batch_size, a, b, c, d, preci"
group1,4,4,2048,2048,4,128,2048,,,,"ERROR: Could not find hyperparameters for the kernel instance corresponding to the target (batch_size, a, b, c, d, preci"
group1,4,4,2048,2048,4,128,4096,,,,"ERROR: Could not find hyperparameters for the kernel instance corresponding to the target (batch_size, a, b, c, d, preci"
group1,4,4,2048,2048,8,64,2,,,,"ERROR: Could not find hyperparameters for the kernel instance corresponding to the target (batch_size, a, b, c, d, preci"
group1,4,4,2048,2048,8,64,4,,,,"ERROR: Could not find hyperparameters for the kernel instance corresponding to the target (batch_size, a, b, c, d, preci"
group1,4,4,2048,2048,8,64,8,,,,"ERROR: Could not find hyperparameters for the kernel instance corresponding to the target (batch_size, a, b, c, d, preci"
group1,4,4,2048,2048,8,64,16,,,,"ERROR: Could not find hyperparameters for the kernel instance corresponding to the target (batch_size, a, b, c, d, preci"
group1,4,4,2048,2048,8,64,32,,,,"ERROR: Could not find hyperparameters for the kernel instance corresponding to the target (batch_size, a, b, c, d, preci"
group1,4,4,2048,2048,8,64,64,,,,"ERROR: Could not find hyperparameters for the kernel instance corresponding to the target (batch_size, a, b, c, d, preci"
group1,4,4,2048,2048,8,64,128,,,,"ERROR: Could not find hyperparameters for the kernel instance corresponding to the target (batch_size, a, b, c, d, preci"
group1,4,4,2048,2048,8,64,256,,,,"ERROR: Could not find hyperparameters for the kernel instance corresponding to the target (batch_size, a, b, c, d, preci"
group1,4,4,2048,2048,8,64,512,,,,"ERROR: Could not find hyperparameters for the kernel instance corresponding to the target (batch_size, a, b, c, d, preci"
group1,4,4,2048,2048,8,64,1024,,,,"ERROR: Could not find hyperparameters for the kernel instance corresponding to the target (batch_size, a, b, c, d, preci"
group1,4,4,2048,2048,8,64,2048,,,,"ERROR: Could not find hyperparameters for the kernel instance corresponding to the target (batch_size, a, b, c, d, preci"
group1,4,4,2048,2048,8,64,4096,,,,"ERROR: Could not find hyperparameters for the kernel instance corresponding to the target (batch_size, a, b, c, d, preci"
group1,4,4,2048,2048,16,32,2,,,,"ERROR: Could not find hyperparameters for the kernel instance corresponding to the target (batch_size, a, b, c, d, preci"
group1,4,4,2048,2048,16,32,4,,,,"ERROR: Could not find hyperparameters for the kernel instance corresponding to the target (batch_size, a, b, c, d, preci"
group1,4,4,2048,2048,16,32,8,,,,"ERROR: Could not find hyperparameters for the kernel instance corresponding to the target (batch_size, a, b, c, d, preci"
group1,4,4,2048,2048,16,32,16,,,,"ERROR: Could not find hyperparameters for the kernel instance corresponding to the target (batch_size, a, b, c, d, preci"
group1,4,4,2048,2048,16,32,32,,,,"ERROR: Could not find hyperparameters for the kernel instance corresponding to the target (batch_size, a, b, c, d, preci"
group1,4,4,2048,2048,16,32,64,,,,"ERROR: Could not find hyperparameters for the kernel instance corresponding to the target (batch_size, a, b, c, d, preci"
group1,4,4,2048,2048,16,32,128,,,,"ERROR: Could not find hyperparameters for the kernel instance corresponding to the target (batch_size, a, b, c, d, preci"
group1,4,4,2048,2048,16,32,256,,,,"ERROR: Could not find hyperparameters for the kernel instance corresponding to the target (batch_size, a, b, c, d, preci"
group1,4,4,2048,2048,16,32,512,,,,"ERROR: Could not find hyperparameters for the kernel instance corresponding to the target (batch_size, a, b, c, d, preci"
group1,4,4,2048,2048,16,32,1024,,,,"ERROR: Could not find hyperparameters for the kernel instance corresponding to the target (batch_size, a, b, c, d, preci"
group1,4,4,2048,2048,16,32,2048,,,,"ERROR: Could not find hyperparameters for the kernel instance corresponding to the target (batch_size, a, b, c, d, preci"
group1,4,4,2048,2048,16,32,4096,,,,"ERROR: Could not find hyperparameters for the kernel instance corresponding to the target (batch_size, a, b, c, d, preci"
group1,4,4,2048,2048,32,16,2,,,,"ERROR: Could not find hyperparameters for the kernel instance corresponding to the target (batch_size, a, b, c, d, preci"
group1,4,4,2048,2048,32,16,4,,,,"ERROR: Could not find hyperparameters for the kernel instance corresponding to the target (batch_size, a, b, c, d, preci"
group1,4,4,2048,2048,32,16,8,,,,"ERROR: Could not find hyperparameters for the kernel instance corresponding to the target (batch_size, a, b, c, d, preci"
group1,4,4,2048,2048,32,16,16,,,,"ERROR: Could not find hyperparameters for the kernel instance corresponding to the target (batch_size, a, b, c, d, preci"
group1,4,4,2048,2048,32,16,32,,,,"ERROR: Could not find hyperparameters for the kernel instance corresponding to the target (batch_size, a, b, c, d, preci"
group1,4,4,2048,2048,32,16,64,,,,"ERROR: Could not find hyperparameters for the kernel instance corresponding to the target (batch_size, a, b, c, d, preci"
group1,4,4,2048,2048,32,16,128,,,,"ERROR: Could not find hyperparameters for the kernel instance corresponding to the target (batch_size, a, b, c, d, preci"
group1,4,4,2048,2048,32,16,256,,,,"ERROR: Could not find hyperparameters for the kernel instance corresponding to the target (batch_size, a, b, c, d, preci"
group1,4,4,2048,2048,32,16,512,,,,"ERROR: Could not find hyperparameters for the kernel instance corresponding to the target (batch_size, a, b, c, d, preci"
group1,4,4,2048,2048,32,16,1024,,,,"ERROR: Could not find hyperparameters for the kernel instance corresponding to the target (batch_size, a, b, c, d, preci"
group1,4,4,2048,2048,32,16,2048,,,,"ERROR: Could not find hyperparameters for the kernel instance corresponding to the target (batch_size, a, b, c, d, preci"
group1,4,4,2048,2048,32,16,4096,,,,"ERROR: Could not find hyperparameters for the kernel instance corresponding to the target (batch_size, a, b, c, d, preci"
group1,4,4,2048,2048,64,8,2,,,,"ERROR: Could not find hyperparameters for the kernel instance corresponding to the target (batch_size, a, b, c, d, preci"
group1,4,4,2048,2048,64,8,4,,,,"ERROR: Could not find hyperparameters for the kernel instance corresponding to the target (batch_size, a, b, c, d, preci"
group1,4,4,2048,2048,64,8,8,,,,"ERROR: Could not find hyperparameters for the kernel instance corresponding to the target (batch_size, a, b, c, d, preci"
group1,4,4,2048,2048,64,8,16,,,,"ERROR: Could not find hyperparameters for the kernel instance corresponding to the target (batch_size, a, b, c, d, preci"
group1,4,4,2048,2048,64,8,32,,,,"ERROR: Could not find hyperparameters for the kernel instance corresponding to the target (batch_size, a, b, c, d, preci"
group1,4,4,2048,2048,64,8,64,,,,"ERROR: Could not find hyperparameters for the kernel instance corresponding to the target (batch_size, a, b, c, d, preci"
group1,4,4,2048,2048,64,8,128,,,,"ERROR: Could not find hyperparameters for the kernel instance corresponding to the target (batch_size, a, b, c, d, preci"
group1,4,4,2048,2048,64,8,256,,,,"ERROR: Could not find hyperparameters for the kernel instance corresponding to the target (batch_size, a, b, c, d, preci"
group1,4,4,2048,2048,64,8,512,,,,"ERROR: Could not find hyperparameters for the kernel instance corresponding to the target (batch_size, a, b, c, d, preci"
group1,4,4,2048,2048,64,8,1024,,,,"ERROR: Could not find hyperparameters for the kernel instance corresponding to the target (batch_size, a, b, c, d, preci"
group1,4,4,2048,2048,64,8,2048,,,,"ERROR: Could not find hyperparameters for the kernel instance corresponding to the target (batch_size, a, b, c, d, preci"
group1,4,4,2048,2048,64,8,4096,,,,"ERROR: Could not find hyperparameters for the kernel instance corresponding to the target (batch_size, a, b, c, d, preci"
group1,4,4,2048,2048,128,4,2,,,,"ERROR: Could not find hyperparameters for the kernel instance corresponding to the target (batch_size, a, b, c, d, preci"
group1,4,4,2048,2048,128,4,4,,,,"ERROR: Could not find hyperparameters for the kernel instance corresponding to the target (batch_size, a, b, c, d, preci"
group1,4,4,2048,2048,128,4,8,,,,"ERROR: Could not find hyperparameters for the kernel instance corresponding to the target (batch_size, a, b, c, d, preci"
group1,4,4,2048,2048,128,4,16,,,,"ERROR: Could not find hyperparameters for the kernel instance corresponding to the target (batch_size, a, b, c, d, preci"
group1,4,4,2048,2048,128,4,32,,,,"ERROR: Could not find hyperparameters for the kernel instance corresponding to the target (batch_size, a, b, c, d, preci"
group1,4,4,2048,2048,128,4,64,,,,"ERROR: Could not find hyperparameters for the kernel instance corresponding to the target (batch_size, a, b, c, d, preci"
group1,4,4,2048,2048,128,4,128,,,,"ERROR: Could not find hyperparameters for the kernel instance corresponding to the target (batch_size, a, b, c, d, preci"
group1,4,4,2048,2048,128,4,256,,,,"ERROR: Could not find hyperparameters for the kernel instance corresponding to the target (batch_size, a, b, c, d, preci"
group1,4,4,2048,2048,128,4,512,,,,"ERROR: Could not find hyperparameters for the kernel instance corresponding to the target (batch_size, a, b, c, d, preci"
group1,4,4,2048,2048,128,4,1024,,,,"ERROR: Could not find hyperparameters for the kernel instance corresponding to the target (batch_size, a, b, c, d, preci"
group1,4,4,2048,2048,128,4,2048,,,,"ERROR: Could not find hyperparameters for the kernel instance corresponding to the target (batch_size, a, b, c, d, preci"
group1,4,4,2048,2048,128,4,4096,,,,"ERROR: Could not find hyperparameters for the kernel instance corresponding to the target (batch_size, a, b, c, d, preci"
group1,4,4,2048,2048,256,2,2,,,,"ERROR: Could not find hyperparameters for the kernel instance corresponding to the target (batch_size, a, b, c, d, preci"
group1,4,4,2048,2048,256,2,4,,,,"ERROR: Could not find hyperparameters for the kernel instance corresponding to the target (batch_size, a, b, c, d, preci"
group1,4,4,2048,2048,256,2,8,,,,"ERROR: Could not find hyperparameters for the kernel instance corresponding to the target (batch_size, a, b, c, d, preci"
group1,4,4,2048,2048,256,2,16,,,,"ERROR: Could not find hyperparameters for the kernel instance corresponding to the target (batch_size, a, b, c, d, preci"
group1,4,4,2048,2048,256,2,32,,,,"ERROR: Could not find hyperparameters for the kernel instance corresponding to the target (batch_size, a, b, c, d, preci"
group1,4,4,2048,2048,256,2,64,,,,"ERROR: Could not find hyperparameters for the kernel instance corresponding to the target (batch_size, a, b, c, d, preci"
group1,4,4,2048,2048,256,2,128,,,,"ERROR: Could not find hyperparameters for the kernel instance corresponding to the target (batch_size, a, b, c, d, preci"
group1,4,4,2048,2048,256,2,256,,,,"ERROR: Could not find hyperparameters for the kernel instance corresponding to the target (batch_size, a, b, c, d, preci"
group1,4,4,2048,2048,256,2,512,,,,"ERROR: Could not find hyperparameters for the kernel instance corresponding to the target (batch_size, a, b, c, d, preci"
group1,4,4,2048,2048,256,2,1024,,,,"ERROR: Could not find hyperparameters for the kernel instance corresponding to the target (batch_size, a, b, c, d, preci"
group1,4,4,2048,2048,256,2,2048,,,,"ERROR: Could not find hyperparameters for the kernel instance corresponding to the target (batch_size, a, b, c, d, preci"
group1,4,4,2048,2048,256,2,4096,,,,"ERROR: Could not find hyperparameters for the kernel instance corresponding to the target (batch_size, a, b, c, d, preci"
group1,4,4,2048,2048,512,1,2,,,,"ERROR: Could not find hyperparameters for the kernel instance corresponding to the target (batch_size, a, b, c, d, preci"
group1,4,4,2048,2048,512,1,4,,,,"ERROR: Could not find hyperparameters for the kernel instance corresponding to the target (batch_size, a, b, c, d, preci"
group1,4,4,2048,2048,512,1,8,,,,"ERROR: Could not find hyperparameters for the kernel instance corresponding to the target (batch_size, a, b, c, d, preci"
group1,4,4,2048,2048,512,1,16,,,,"ERROR: Could not find hyperparameters for the kernel instance corresponding to the target (batch_size, a, b, c, d, preci"
group1,4,4,2048,2048,512,1,32,,,,"ERROR: Could not find hyperparameters for the kernel instance corresponding to the target (batch_size, a, b, c, d, preci"
group1,4,4,2048,2048,512,1,64,,,,"ERROR: Could not find hyperparameters for the kernel instance corresponding to the target (batch_size, a, b, c, d, preci"
group1,4,4,2048,2048,512,1,128,,,,"ERROR: Could not find hyperparameters for the kernel instance corresponding to the target (batch_size, a, b, c, d, preci"
group1,4,4,2048,2048,512,1,256,,,,"ERROR: Could not find hyperparameters for the kernel instance corresponding to the target (batch_size, a, b, c, d, preci"
group1,4,4,2048,2048,512,1,512,,,,"ERROR: Could not find hyperparameters for the kernel instance corresponding to the target (batch_size, a, b, c, d, preci"
group1,4,4,2048,2048,512,1,1024,,,,"ERROR: Could not find hyperparameters for the kernel instance corresponding to the target (batch_size, a, b, c, d, preci"
group1,4,4,2048,2048,512,1,2048,,,,"ERROR: Could not find hyperparameters for the kernel instance corresponding to the target (batch_size, a, b, c, d, preci"
group1,4,4,2048,2048,512,1,4096,,,,"ERROR: Could not find hyperparameters for the kernel instance corresponding to the target (batch_size, a, b, c, d, preci"
group1,4,4,4096,4096,1,1024,2,,,,"ERROR: Could not find hyperparameters for the kernel instance corresponding to the target (batch_size, a, b, c, d, preci"
group1,4,4,4096,4096,1,1024,4,,,,"ERROR: Could not find hyperparameters for the kernel instance corresponding to the target (batch_size, a, b, c, d, preci"
group1,4,4,4096,4096,1,1024,8,,,,"ERROR: Could not find hyperparameters for the kernel instance corresponding to the target (batch_size, a, b, c, d, preci"
group1,4,4,4096,4096,1,1024,16,,,,"ERROR: Could not find hyperparameters for the kernel instance corresponding to the target (batch_size, a, b, c, d, preci"
group1,4,4,4096,4096,1,1024,32,,,,"ERROR: Could not find hyperparameters for the kernel instance corresponding to the target (batch_size, a, b, c, d, preci"
group1,4,4,4096,4096,1,1024,64,,,,"ERROR: Could not find hyperparameters for the kernel instance corresponding to the target (batch_size, a, b, c, d, preci"
group1,4,4,4096,4096,1,1024,128,,,,"ERROR: Could not find hyperparameters for the kernel instance corresponding to the target (batch_size, a, b, c, d, preci"
group1,4,4,4096,4096,1,1024,256,,,,"ERROR: Could not find hyperparameters for the kernel instance corresponding to the target (batch_size, a, b, c, d, preci"
group1,4,4,4096,4096,1,1024,512,,,,"ERROR: Could not find hyperparameters for the kernel instance corresponding to the target (batch_size, a, b, c, d, preci"
group1,4,4,4096,4096,1,1024,1024,,,,"ERROR: Could not find hyperparameters for the kernel instance corresponding to the target (batch_size, a, b, c, d, preci"
group1,4,4,4096,4096,1,1024,2048,,,,"ERROR: Could not find hyperparameters for the kernel instance corresponding to the target (batch_size, a, b, c, d, preci"
group1,4,4,4096,4096,1,1024,4096,,,,"ERROR: Could not find hyperparameters for the kernel instance corresponding to the target (batch_size, a, b, c, d, preci"
group1,4,4,4096,4096,2,512,2,,,,"ERROR: Could not find hyperparameters for the kernel instance corresponding to the target (batch_size, a, b, c, d, preci"
group1,4,4,4096,4096,2,512,4,,,,"ERROR: Could not find hyperparameters for the kernel instance corresponding to the target (batch_size, a, b, c, d, preci"
group1,4,4,4096,4096,2,512,8,,,,"ERROR: Could not find hyperparameters for the kernel instance corresponding to the target (batch_size, a, b, c, d, preci"
group1,4,4,4096,4096,2,512,16,,,,"ERROR: Could not find hyperparameters for the kernel instance corresponding to the target (batch_size, a, b, c, d, preci"
group1,4,4,4096,4096,2,512,32,,,,"ERROR: Could not find hyperparameters for the kernel instance corresponding to the target (batch_size, a, b, c, d, preci"
group1,4,4,4096,4096,2,512,64,,,,"ERROR: Could not find hyperparameters for the kernel instance corresponding to the target (batch_size, a, b, c, d, preci"
group1,4,4,4096,4096,2,512,128,,,,"ERROR: Could not find hyperparameters for the kernel instance corresponding to the target (batch_size, a, b, c, d, preci"
group1,4,4,4096,4096,2,512,256,,,,"ERROR: Could not find hyperparameters for the kernel instance corresponding to the target (batch_size, a, b, c, d, preci"
group1,4,4,4096,4096,2,512,512,,,,"ERROR: Could not find hyperparameters for the kernel instance corresponding to the target (batch_size, a, b, c, d, preci"
group1,4,4,4096,4096,2,512,1024,,,,"ERROR: Could not find hyperparameters for the kernel instance corresponding to the target (batch_size, a, b, c, d, preci"
group1,4,4,4096,4096,2,512,2048,,,,"ERROR: Could not find hyperparameters for the kernel instance corresponding to the target (batch_size, a, b, c, d, preci"
group1,4,4,4096,4096,2,512,4096,,,,"ERROR: Could not find hyperparameters for the kernel instance corresponding to the target (batch_size, a, b, c, d, preci"
group1,4,4,4096,4096,4,256,2,,,,"ERROR: Could not find hyperparameters for the kernel instance corresponding to the target (batch_size, a, b, c, d, preci"
group1,4,4,4096,4096,4,256,4,,,,"ERROR: Could not find hyperparameters for the kernel instance corresponding to the target (batch_size, a, b, c, d, preci"
group1,4,4,4096,4096,4,256,8,,,,"ERROR: Could not find hyperparameters for the kernel instance corresponding to the target (batch_size, a, b, c, d, preci"
group1,4,4,4096,4096,4,256,16,,,,"ERROR: Could not find hyperparameters for the kernel instance corresponding to the target (batch_size, a, b, c, d, preci"
group1,4,4,4096,4096,4,256,32,,,,"ERROR: Could not find hyperparameters for the kernel instance corresponding to the target (batch_size, a, b, c, d, preci"
group1,4,4,4096,4096,4,256,64,,,,"ERROR: Could not find hyperparameters for the kernel instance corresponding to the target (batch_size, a, b, c, d, preci"
group1,4,4,4096,4096,4,256,128,,,,"ERROR: Could not find hyperparameters for the kernel instance corresponding to the target (batch_size, a, b, c, d, preci"
group1,4,4,4096,4096,4,256,256,,,,"ERROR: Could not find hyperparameters for the kernel instance corresponding to the target (batch_size, a, b, c, d, preci"
group1,4,4,4096,4096,4,256,512,,,,"ERROR: Could not find hyperparameters for the kernel instance corresponding to the target (batch_size, a, b, c, d, preci"
group1,4,4,4096,4096,4,256,1024,,,,"ERROR: Could not find hyperparameters for the kernel instance corresponding to the target (batch_size, a, b, c, d, preci"
group1,4,4,4096,4096,4,256,2048,,,,"ERROR: Could not find hyperparameters for the kernel instance corresponding to the target (batch_size, a, b, c, d, preci"
group1,4,4,4096,4096,4,256,4096,,,,"ERROR: Could not find hyperparameters for the kernel instance corresponding to the target (batch_size, a, b, c, d, preci"
group1,4,4,4096,4096,8,128,2,,,,"ERROR: Could not find hyperparameters for the kernel instance corresponding to the target (batch_size, a, b, c, d, preci"
group1,4,4,4096,4096,8,128,4,,,,"ERROR: Could not find hyperparameters for the kernel instance corresponding to the target (batch_size, a, b, c, d, preci"
group1,4,4,4096,4096,8,128,8,,,,"ERROR: Could not find hyperparameters for the kernel instance corresponding to the target (batch_size, a, b, c, d, preci"
group1,4,4,4096,4096,8,128,16,,,,"ERROR: Could not find hyperparameters for the kernel instance corresponding to the target (batch_size, a, b, c, d, preci"
group1,4,4,4096,4096,8,128,32,,,,"ERROR: Could not find hyperparameters for the kernel instance corresponding to the target (batch_size, a, b, c, d, preci"
group1,4,4,4096,4096,8,128,64,,,,"ERROR: Could not find hyperparameters for the kernel instance corresponding to the target (batch_size, a, b, c, d, preci"
group1,4,4,4096,4096,8,128,128,,,,"ERROR: Could not find hyperparameters for the kernel instance corresponding to the target (batch_size, a, b, c, d, preci"
group1,4,4,4096,4096,8,128,256,,,,"ERROR: Could not find hyperparameters for the kernel instance corresponding to the target (batch_size, a, b, c, d, preci"
group1,4,4,4096,4096,8,128,512,,,,"ERROR: Could not find hyperparameters for the kernel instance corresponding to the target (batch_size, a, b, c, d, preci"
group1,4,4,4096,4096,8,128,1024,,,,"ERROR: Could not find hyperparameters for the kernel instance corresponding to the target (batch_size, a, b, c, d, preci"
group1,4,4,4096,4096,8,128,2048,,,,"ERROR: Could not find hyperparameters for the kernel instance corresponding to the target (batch_size, a, b, c, d, preci"
group1,4,4,4096,4096,8,128,4096,,,,"ERROR: Could not find hyperparameters for the kernel instance corresponding to the target (batch_size, a, b, c, d, preci"
group1,4,4,4096,4096,16,64,2,,,,"ERROR: Could not find hyperparameters for the kernel instance corresponding to the target (batch_size, a, b, c, d, preci"
group1,4,4,4096,4096,16,64,4,,,,"ERROR: Could not find hyperparameters for the kernel instance corresponding to the target (batch_size, a, b, c, d, preci"
group1,4,4,4096,4096,16,64,8,,,,"ERROR: Could not find hyperparameters for the kernel instance corresponding to the target (batch_size, a, b, c, d, preci"
group1,4,4,4096,4096,16,64,16,,,,"ERROR: Could not find hyperparameters for the kernel instance corresponding to the target (batch_size, a, b, c, d, preci"
group1,4,4,4096,4096,16,64,32,,,,"ERROR: Could not find hyperparameters for the kernel instance corresponding to the target (batch_size, a, b, c, d, preci"
group1,4,4,4096,4096,16,64,64,,,,"ERROR: Could not find hyperparameters for the kernel instance corresponding to the target (batch_size, a, b, c, d, preci"
group1,4,4,4096,4096,16,64,128,,,,"ERROR: Could not find hyperparameters for the kernel instance corresponding to the target (batch_size, a, b, c, d, preci"
group1,4,4,4096,4096,16,64,256,,,,"ERROR: Could not find hyperparameters for the kernel instance corresponding to the target (batch_size, a, b, c, d, preci"
group1,4,4,4096,4096,16,64,512,,,,"ERROR: Could not find hyperparameters for the kernel instance corresponding to the target (batch_size, a, b, c, d, preci"
group1,4,4,4096,4096,16,64,1024,,,,"ERROR: Could not find hyperparameters for the kernel instance corresponding to the target (batch_size, a, b, c, d, preci"
group1,4,4,4096,4096,16,64,2048,,,,"ERROR: Could not find hyperparameters for the kernel instance corresponding to the target (batch_size, a, b, c, d, preci"
group1,4,4,4096,4096,16,64,4096,,,,"ERROR: Could not find hyperparameters for the kernel instance corresponding to the target (batch_size, a, b, c, d, preci"
group1,4,4,4096,4096,32,32,2,,,,"ERROR: Could not find hyperparameters for the kernel instance corresponding to the target (batch_size, a, b, c, d, preci"
group1,4,4,4096,4096,32,32,4,,,,"ERROR: Could not find hyperparameters for the kernel instance corresponding to the target (batch_size, a, b, c, d, preci"
group1,4,4,4096,4096,32,32,8,,,,"ERROR: Could not find hyperparameters for the kernel instance corresponding to the target (batch_size, a, b, c, d, preci"
group1,4,4,4096,4096,32,32,16,,,,"ERROR: Could not find hyperparameters for the kernel instance corresponding to the target (batch_size, a, b, c, d, preci"
group1,4,4,4096,4096,32,32,32,,,,"ERROR: Could not find hyperparameters for the kernel instance corresponding to the target (batch_size, a, b, c, d, preci"
group1,4,4,4096,4096,32,32,64,,,,"ERROR: Could not find hyperparameters for the kernel instance corresponding to the target (batch_size, a, b, c, d, preci"
group1,4,4,4096,4096,32,32,128,,,,"ERROR: Could not find hyperparameters for the kernel instance corresponding to the target (batch_size, a, b, c, d, preci"
group1,4,4,4096,4096,32,32,256,,,,"ERROR: Could not find hyperparameters for the kernel instance corresponding to the target (batch_size, a, b, c, d, preci"
group1,4,4,4096,4096,32,32,512,,,,"ERROR: Could not find hyperparameters for the kernel instance corresponding to the target (batch_size, a, b, c, d, preci"
group1,4,4,4096,4096,32,32,1024,,,,"ERROR: Could not find hyperparameters for the kernel instance corresponding to the target (batch_size, a, b, c, d, preci"
group1,4,4,4096,4096,32,32,2048,,,,"ERROR: Could not find hyperparameters for the kernel instance corresponding to the target (batch_size, a, b, c, d, preci"
group1,4,4,4096,4096,32,32,4096,,,,"ERROR: Could not find hyperparameters for the kernel instance corresponding to the target (batch_size, a, b, c, d, preci"
group1,4,4,4096,4096,64,16,2,,,,"ERROR: Could not find hyperparameters for the kernel instance corresponding to the target (batch_size, a, b, c, d, preci"
group1,4,4,4096,4096,64,16,4,,,,"ERROR: Could not find hyperparameters for the kernel instance corresponding to the target (batch_size, a, b, c, d, preci"
group1,4,4,4096,4096,64,16,8,,,,"ERROR: Could not find hyperparameters for the kernel instance corresponding to the target (batch_size, a, b, c, d, preci"
group1,4,4,4096,4096,64,16,16,,,,"ERROR: Could not find hyperparameters for the kernel instance corresponding to the target (batch_size, a, b, c, d, preci"
group1,4,4,4096,4096,64,16,32,,,,"ERROR: Could not find hyperparameters for the kernel instance corresponding to the target (batch_size, a, b, c, d, preci"
group1,4,4,4096,4096,64,16,64,,,,"ERROR: Could not find hyperparameters for the kernel instance corresponding to the target (batch_size, a, b, c, d, preci"
group1,4,4,4096,4096,64,16,128,,,,"ERROR: Could not find hyperparameters for the kernel instance corresponding to the target (batch_size, a, b, c, d, preci"
group1,4,4,4096,4096,64,16,256,,,,"ERROR: Could not find hyperparameters for the kernel instance corresponding to the target (batch_size, a, b, c, d, preci"
group1,4,4,4096,4096,64,16,512,,,,"ERROR: Could not find hyperparameters for the kernel instance corresponding to the target (batch_size, a, b, c, d, preci"
group1,4,4,4096,4096,64,16,1024,,,,"ERROR: Could not find hyperparameters for the kernel instance corresponding to the target (batch_size, a, b, c, d, preci"
group1,4,4,4096,4096,64,16,2048,,,,"ERROR: Could not find hyperparameters for the kernel instance corresponding to the target (batch_size, a, b, c, d, preci"
group1,4,4,4096,4096,64,16,4096,,,,"ERROR: Could not find hyperparameters for the kernel instance corresponding to the target (batch_size, a, b, c, d, preci"
group1,4,4,4096,4096,128,8,2,,,,"ERROR: Could not find hyperparameters for the kernel instance corresponding to the target (batch_size, a, b, c, d, preci"
group1,4,4,4096,4096,128,8,4,,,,"ERROR: Could not find hyperparameters for the kernel instance corresponding to the target (batch_size, a, b, c, d, preci"
group1,4,4,4096,4096,128,8,8,,,,"ERROR: Could not find hyperparameters for the kernel instance corresponding to the target (batch_size, a, b, c, d, preci"
group1,4,4,4096,4096,128,8,16,,,,"ERROR: Could not find hyperparameters for the kernel instance corresponding to the target (batch_size, a, b, c, d, preci"
group1,4,4,4096,4096,128,8,32,,,,"ERROR: Could not find hyperparameters for the kernel instance corresponding to the target (batch_size, a, b, c, d, preci"
group1,4,4,4096,4096,128,8,64,,,,"ERROR: Could not find hyperparameters for the kernel instance corresponding to the target (batch_size, a, b, c, d, preci"
group1,4,4,4096,4096,128,8,128,,,,"ERROR: Could not find hyperparameters for the kernel instance corresponding to the target (batch_size, a, b, c, d, preci"
group1,4,4,4096,4096,128,8,256,,,,"ERROR: Could not find hyperparameters for the kernel instance corresponding to the target (batch_size, a, b, c, d, preci"
group1,4,4,4096,4096,128,8,512,,,,"ERROR: Could not find hyperparameters for the kernel instance corresponding to the target (batch_size, a, b, c, d, preci"
group1,4,4,4096,4096,128,8,1024,,,,"ERROR: Could not find hyperparameters for the kernel instance corresponding to the target (batch_size, a, b, c, d, preci"
group1,4,4,4096,4096,128,8,2048,,,,"ERROR: Could not find hyperparameters for the kernel instance corresponding to the target (batch_size, a, b, c, d, preci"
group1,4,4,4096,4096,128,8,4096,,,,"ERROR: Could not find hyperparameters for the kernel instance corresponding to the target (batch_size, a, b, c, d, preci"
group1,4,4,4096,4096,256,4,2,,,,"ERROR: Could not find hyperparameters for the kernel instance corresponding to the target (batch_size, a, b, c, d, preci"
group1,4,4,4096,4096,256,4,4,,,,"ERROR: Could not find hyperparameters for the kernel instance corresponding to the target (batch_size, a, b, c, d, preci"
group1,4,4,4096,4096,256,4,8,,,,"ERROR: Could not find hyperparameters for the kernel instance corresponding to the target (batch_size, a, b, c, d, preci"
group1,4,4,4096,4096,256,4,16,,,,"ERROR: Could not find hyperparameters for the kernel instance corresponding to the target (batch_size, a, b, c, d, preci"
group1,4,4,4096,4096,256,4,32,,,,"ERROR: Could not find hyperparameters for the kernel instance corresponding to the target (batch_size, a, b, c, d, preci"
group1,4,4,4096,4096,256,4,64,,,,"ERROR: Could not find hyperparameters for the kernel instance corresponding to the target (batch_size, a, b, c, d, preci"
group1,4,4,4096,4096,256,4,128,,,,"ERROR: Could not find hyperparameters for the kernel instance corresponding to the target (batch_size, a, b, c, d, preci"
group1,4,4,4096,4096,256,4,256,,,,"ERROR: Could not find hyperparameters for the kernel instance corresponding to the target (batch_size, a, b, c, d, preci"
group1,4,4,4096,4096,256,4,512,,,,"ERROR: Could not find hyperparameters for the kernel instance corresponding to the target (batch_size, a, b, c, d, preci"
group1,4,4,4096,4096,256,4,1024,,,,"ERROR: Could not find hyperparameters for the kernel instance corresponding to the target (batch_size, a, b, c, d, preci"
group1,4,4,4096,4096,256,4,2048,,,,"ERROR: Could not find hyperparameters for the kernel instance corresponding to the target (batch_size, a, b, c, d, preci"
group1,4,4,4096,4096,256,4,4096,,,,"ERROR: Could not find hyperparameters for the kernel instance corresponding to the target (batch_size, a, b, c, d, preci"
group1,4,4,4096,4096,512,2,2,,,,"ERROR: Could not find hyperparameters for the kernel instance corresponding to the target (batch_size, a, b, c, d, preci"
group1,4,4,4096,4096,512,2,4,,,,"ERROR: Could not find hyperparameters for the kernel instance corresponding to the target (batch_size, a, b, c, d, preci"
group1,4,4,4096,4096,512,2,8,,,,"ERROR: Could not find hyperparameters for the kernel instance corresponding to the target (batch_size, a, b, c, d, preci"
group1,4,4,4096,4096,512,2,16,,,,"ERROR: Could not find hyperparameters for the kernel instance corresponding to the target (batch_size, a, b, c, d, preci"
group1,4,4,4096,4096,512,2,32,,,,"ERROR: Could not find hyperparameters for the kernel instance corresponding to the target (batch_size, a, b, c, d, preci"
group1,4,4,4096,4096,512,2,64,,,,"ERROR: Could not find hyperparameters for the kernel instance corresponding to the target (batch_size, a, b, c, d, preci"
group1,4,4,4096,4096,512,2,128,,,,"ERROR: Could not find hyperparameters for the kernel instance corresponding to the target (batch_size, a, b, c, d, preci"
group1,4,4,4096,4096,512,2,256,,,,"ERROR: Could not find hyperparameters for the kernel instance corresponding to the target (batch_size, a, b, c, d, preci"
group1,4,4,4096,4096,512,2,512,,,,"ERROR: Could not find hyperparameters for the kernel instance corresponding to the target (batch_size, a, b, c, d, preci"
group1,4,4,4096,4096,512,2,1024,,,,"ERROR: Could not find hyperparameters for the kernel instance corresponding to the target (batch_size, a, b, c, d, preci"
group1,4,4,4096,4096,512,2,2048,,,,"ERROR: Could not find hyperparameters for the kernel instance corresponding to the target (batch_size, a, b, c, d, preci"
group1,4,4,4096,4096,512,2,4096,,,,"ERROR: Could not find hyperparameters for the kernel instance corresponding to the target (batch_size, a, b, c, d, preci"
group1,4,4,4096,4096,1024,1,2,,,,"ERROR: Could not find hyperparameters for the kernel instance corresponding to the target (batch_size, a, b, c, d, preci"
group1,4,4,4096,4096,1024,1,4,,,,"ERROR: Could not find hyperparameters for the kernel instance corresponding to the target (batch_size, a, b, c, d, preci"
group1,4,4,4096,4096,1024,1,8,,,,"ERROR: Could not find hyperparameters for the kernel instance corresponding to the target (batch_size, a, b, c, d, preci"
group1,4,4,4096,4096,1024,1,16,,,,"ERROR: Could not find hyperparameters for the kernel instance corresponding to the target (batch_size, a, b, c, d, preci"
group1,4,4,4096,4096,1024,1,32,,,,"ERROR: Could not find hyperparameters for the kernel instance corresponding to the target (batch_size, a, b, c, d, preci"
group1,4,4,4096,4096,1024,1,64,,,,"ERROR: Could not find hyperparameters for the kernel instance corresponding to the target (batch_size, a, b, c, d, preci"
group1,4,4,4096,4096,1024,1,128,,,,"ERROR: Could not find hyperparameters for the kernel instance corresponding to the target (batch_size, a, b, c, d, preci"
group1,4,4,4096,4096,1024,1,256,,,,"ERROR: Could not find hyperparameters for the kernel instance corresponding to the target (batch_size, a, b, c, d, preci"
group1,4,4,4096,4096,1024,1,512,,,,"ERROR: Could not find hyperparameters for the kernel instance corresponding to the target (batch_size, a, b, c, d, preci"
group1,4,4,4096,4096,1024,1,1024,,,,"ERROR: Could not find hyperparameters for the kernel instance corresponding to the target (batch_size, a, b, c, d, preci"
group1,4,4,4096,4096,1024,1,2048,,,,"ERROR: Could not find hyperparameters for the kernel instance corresponding to the target (batch_size, a, b, c, d, preci"
group1,4,4,4096,4096,1024,1,4096,,,,"ERROR: Could not find hyperparameters for the kernel instance corresponding to the target (batch_size, a, b, c, d, preci"
group1,4,8,512,1024,1,128,2,,,,"ERROR: Could not find hyperparameters for the kernel instance corresponding to the target (batch_size, a, b, c, d, preci"
group1,4,8,512,1024,1,128,4,,,,"ERROR: Could not find hyperparameters for the kernel instance corresponding to the target (batch_size, a, b, c, d, preci"
group1,4,8,512,1024,1,128,8,,,,"ERROR: Could not find hyperparameters for the kernel instance corresponding to the target (batch_size, a, b, c, d, preci"
group1,4,8,512,1024,1,128,16,,,,"ERROR: Could not find hyperparameters for the kernel instance corresponding to the target (batch_size, a, b, c, d, preci"
group1,4,8,512,1024,1,128,32,,,,"ERROR: Could not find hyperparameters for the kernel instance corresponding to the target (batch_size, a, b, c, d, preci"
group1,4,8,512,1024,1,128,64,,,,"ERROR: Could not find hyperparameters for the kernel instance corresponding to the target (batch_size, a, b, c, d, preci"
group1,4,8,512,1024,1,128,128,,,,"ERROR: Could not find hyperparameters for the kernel instance corresponding to the target (batch_size, a, b, c, d, preci"
group1,4,8,512,1024,1,128,256,,,,"ERROR: Could not find hyperparameters for the kernel instance corresponding to the target (batch_size, a, b, c, d, preci"
group1,4,8,512,1024,1,128,512,,,,"ERROR: Could not find hyperparameters for the kernel instance corresponding to the target (batch_size, a, b, c, d, preci"
group1,4,8,512,1024,1,128,1024,,,,"ERROR: Could not find hyperparameters for the kernel instance corresponding to the target (batch_size, a, b, c, d, preci"
group1,4,8,512,1024,1,128,2048,,,,"ERROR: Could not find hyperparameters for the kernel instance corresponding to the target (batch_size, a, b, c, d, preci"
group1,4,8,512,1024,1,128,4096,,,,"ERROR: Could not find hyperparameters for the kernel instance corresponding to the target (batch_size, a, b, c, d, preci"
group1,4,8,512,1024,2,64,2,,,,"ERROR: Could not find hyperparameters for the kernel instance corresponding to the target (batch_size, a, b, c, d, preci"
group1,4,8,512,1024,2,64,4,,,,"ERROR: Could not find hyperparameters for the kernel instance corresponding to the target (batch_size, a, b, c, d, preci"
group1,4,8,512,1024,2,64,8,,,,"ERROR: Could not find hyperparameters for the kernel instance corresponding to the target (batch_size, a, b, c, d, preci"
group1,4,8,512,1024,2,64,16,,,,"ERROR: Could not find hyperparameters for the kernel instance corresponding to the target (batch_size, a, b, c, d, preci"
group1,4,8,512,1024,2,64,32,,,,"ERROR: Could not find hyperparameters for the kernel instance corresponding to the target (batch_size, a, b, c, d, preci"
group1,4,8,512,1024,2,64,64,,,,"ERROR: Could not find hyperparameters for the kernel instance corresponding to the target (batch_size, a, b, c, d, preci"
group1,4,8,512,1024,2,64,128,,,,"ERROR: Could not find hyperparameters for the kernel instance corresponding to the target (batch_size, a, b, c, d, preci"
group1,4,8,512,1024,2,64,256,,,,"ERROR: Could not find hyperparameters for the kernel instance corresponding to the target (batch_size, a, b, c, d, preci"
group1,4,8,512,1024,2,64,512,,,,"ERROR: Could not find hyperparameters for the kernel instance corresponding to the target (batch_size, a, b, c, d, preci"
group1,4,8,512,1024,2,64,1024,,,,"ERROR: Could not find hyperparameters for the kernel instance corresponding to the target (batch_size, a, b, c, d, preci"
group1,4,8,512,1024,2,64,2048,,,,"ERROR: Could not find hyperparameters for the kernel instance corresponding to the target (batch_size, a, b, c, d, preci"
group1,4,8,512,1024,2,64,4096,,,,"ERROR: Could not find hyperparameters for the kernel instance corresponding to the target (batch_size, a, b, c, d, preci"
group1,4,8,512,1024,4,32,2,,,,"ERROR: Could not find hyperparameters for the kernel instance corresponding to the target (batch_size, a, b, c, d, preci"
group1,4,8,512,1024,4,32,4,,,,"ERROR: Could not find hyperparameters for the kernel instance corresponding to the target (batch_size, a, b, c, d, preci"
group1,4,8,512,1024,4,32,8,,,,"ERROR: Could not find hyperparameters for the kernel instance corresponding to the target (batch_size, a, b, c, d, preci"
group1,4,8,512,1024,4,32,16,,,,"ERROR: Could not find hyperparameters for the kernel instance corresponding to the target (batch_size, a, b, c, d, preci"
group1,4,8,512,1024,4,32,32,,,,"ERROR: Could not find hyperparameters for the kernel instance corresponding to the target (batch_size, a, b, c, d, preci"
group1,4,8,512,1024,4,32,64,,,,"ERROR: Could not find hyperparameters for the kernel instance corresponding to the target (batch_size, a, b, c, d, preci"
group1,4,8,512,1024,4,32,128,,,,"ERROR: Could not find hyperparameters for the kernel instance corresponding to the target (batch_size, a, b, c, d, preci"
group1,4,8,512,1024,4,32,256,,,,"ERROR: Could not find hyperparameters for the kernel instance corresponding to the target (batch_size, a, b, c, d, preci"
group1,4,8,512,1024,4,32,512,,,,"ERROR: Could not find hyperparameters for the kernel instance corresponding to the target (batch_size, a, b, c, d, preci"
group1,4,8,512,1024,4,32,1024,,,,"ERROR: Could not find hyperparameters for the kernel instance corresponding to the target (batch_size, a, b, c, d, preci"
group1,4,8,512,1024,4,32,2048,,,,"ERROR: Could not find hyperparameters for the kernel instance corresponding to the target (batch_size, a, b, c, d, preci"
group1,4,8,512,1024,4,32,4096,,,,"ERROR: Could not find hyperparameters for the kernel instance corresponding to the target (batch_size, a, b, c, d, preci"
group1,4,8,512,1024,8,16,2,,,,"ERROR: Could not find hyperparameters for the kernel instance corresponding to the target (batch_size, a, b, c, d, preci"
group1,4,8,512,1024,8,16,4,,,,"ERROR: Could not find hyperparameters for the kernel instance corresponding to the target (batch_size, a, b, c, d, preci"
group1,4,8,512,1024,8,16,8,,,,"ERROR: Could not find hyperparameters for the kernel instance corresponding to the target (batch_size, a, b, c, d, preci"
group1,4,8,512,1024,8,16,16,,,,"ERROR: Could not find hyperparameters for the kernel instance corresponding to the target (batch_size, a, b, c, d, preci"
group1,4,8,512,1024,8,16,32,,,,"ERROR: Could not find hyperparameters for the kernel instance corresponding to the target (batch_size, a, b, c, d, preci"
group1,4,8,512,1024,8,16,64,,,,"ERROR: Could not find hyperparameters for the kernel instance corresponding to the target (batch_size, a, b, c, d, preci"
group1,4,8,512,1024,8,16,128,,,,"ERROR: Could not find hyperparameters for the kernel instance corresponding to the target (batch_size, a, b, c, d, preci"
group1,4,8,512,1024,8,16,256,,,,"ERROR: Could not find hyperparameters for the kernel instance corresponding to the target (batch_size, a, b, c, d, preci"
group1,4,8,512,1024,8,16,512,,,,"ERROR: Could not find hyperparameters for the kernel instance corresponding to the target (batch_size, a, b, c, d, preci"
group1,4,8,512,1024,8,16,1024,,,,"ERROR: Could not find hyperparameters for the kernel instance corresponding to the target (batch_size, a, b, c, d, preci"
group1,4,8,512,1024,8,16,2048,,,,"ERROR: Could not find hyperparameters for the kernel instance corresponding to the target (batch_size, a, b, c, d, preci"
group1,4,8,512,1024,8,16,4096,,,,"ERROR: Could not find hyperparameters for the kernel instance corresponding to the target (batch_size, a, b, c, d, preci"
group1,4,8,512,1024,16,8,2,,,,"ERROR: Could not find hyperparameters for the kernel instance corresponding to the target (batch_size, a, b, c, d, preci"
group1,4,8,512,1024,16,8,4,,,,"ERROR: Could not find hyperparameters for the kernel instance corresponding to the target (batch_size, a, b, c, d, preci"
group1,4,8,512,1024,16,8,8,,,,"ERROR: Could not find hyperparameters for the kernel instance corresponding to the target (batch_size, a, b, c, d, preci"
group1,4,8,512,1024,16,8,16,,,,"ERROR: Could not find hyperparameters for the kernel instance corresponding to the target (batch_size, a, b, c, d, preci"
group1,4,8,512,1024,16,8,32,,,,"ERROR: Could not find hyperparameters for the kernel instance corresponding to the target (batch_size, a, b, c, d, preci"
group1,4,8,512,1024,16,8,64,,,,"ERROR: Could not find hyperparameters for the kernel instance corresponding to the target (batch_size, a, b, c, d, preci"
group1,4,8,512,1024,16,8,128,,,,"ERROR: Could not find hyperparameters for the kernel instance corresponding to the target (batch_size, a, b, c, d, preci"
group1,4,8,512,1024,16,8,256,,,,"ERROR: Could not find hyperparameters for the kernel instance corresponding to the target (batch_size, a, b, c, d, preci"
group1,4,8,512,1024,16,8,512,,,,"ERROR: Could not find hyperparameters for the kernel instance corresponding to the target (batch_size, a, b, c, d, preci"
group1,4,8,512,1024,16,8,1024,,,,"ERROR: Could not find hyperparameters for the kernel instance corresponding to the target (batch_size, a, b, c, d, preci"
group1,4,8,512,1024,16,8,2048,,,,"ERROR: Could not find hyperparameters for the kernel instance corresponding to the target (batch_size, a, b, c, d, preci"
group1,4,8,512,1024,16,8,4096,,,,"ERROR: Could not find hyperparameters for the kernel instance corresponding to the target (batch_size, a, b, c, d, preci"
group1,4,8,512,1024,32,4,2,,,,"ERROR: Could not find hyperparameters for the kernel instance corresponding to the target (batch_size, a, b, c, d, preci"
group1,4,8,512,1024,32,4,4,,,,"ERROR: Could not find hyperparameters for the kernel instance corresponding to the target (batch_size, a, b, c, d, preci"
group1,4,8,512,1024,32,4,8,,,,"ERROR: Could not find hyperparameters for the kernel instance corresponding to the target (batch_size, a, b, c, d, preci"
group1,4,8,512,1024,32,4,16,,,,"ERROR: Could not find hyperparameters for the kernel instance corresponding to the target (batch_size, a, b, c, d, preci"
group1,4,8,512,1024,32,4,32,,,,"ERROR: Could not find hyperparameters for the kernel instance corresponding to the target (batch_size, a, b, c, d, preci"
group1,4,8,512,1024,32,4,64,,,,"ERROR: Could not find hyperparameters for the kernel instance corresponding to the target (batch_size, a, b, c, d, preci"
group1,4,8,512,1024,32,4,128,,,,"ERROR: Could not find hyperparameters for the kernel instance corresponding to the target (batch_size, a, b, c, d, preci"
group1,4,8,512,1024,32,4,256,,,,"ERROR: Could not find hyperparameters for the kernel instance corresponding to the target (batch_size, a, b, c, d, preci"
group1,4,8,512,1024,32,4,512,,,,"ERROR: Could not find hyperparameters for the kernel instance corresponding to the target (batch_size, a, b, c, d, preci"
group1,4,8,512,1024,32,4,1024,,,,"ERROR: Could not find hyperparameters for the kernel instance corresponding to the target (batch_size, a, b, c, d, preci"
group1,4,8,512,1024,32,4,2048,,,,"ERROR: Could not find hyperparameters for the kernel instance corresponding to the target (batch_size, a, b, c, d, preci"
group1,4,8,512,1024,32,4,4096,,,,"ERROR: Could not find hyperparameters for the kernel instance corresponding to the target (batch_size, a, b, c, d, preci"
group1,4,8,512,1024,64,2,2,,,,"ERROR: Could not find hyperparameters for the kernel instance corresponding to the target (batch_size, a, b, c, d, preci"
group1,4,8,512,1024,64,2,4,,,,"ERROR: Could not find hyperparameters for the kernel instance corresponding to the target (batch_size, a, b, c, d, preci"
group1,4,8,512,1024,64,2,8,,,,"ERROR: Could not find hyperparameters for the kernel instance corresponding to the target (batch_size, a, b, c, d, preci"
group1,4,8,512,1024,64,2,16,,,,"ERROR: Could not find hyperparameters for the kernel instance corresponding to the target (batch_size, a, b, c, d, preci"
group1,4,8,512,1024,64,2,32,,,,"ERROR: Could not find hyperparameters for the kernel instance corresponding to the target (batch_size, a, b, c, d, preci"
group1,4,8,512,1024,64,2,64,,,,"ERROR: Could not find hyperparameters for the kernel instance corresponding to the target (batch_size, a, b, c, d, preci"
group1,4,8,512,1024,64,2,128,,,,"ERROR: Could not find hyperparameters for the kernel instance corresponding to the target (batch_size, a, b, c, d, preci"
group1,4,8,512,1024,64,2,256,,,,"ERROR: Could not find hyperparameters for the kernel instance corresponding to the target (batch_size, a, b, c, d, preci"
group1,4,8,512,1024,64,2,512,,,,"ERROR: Could not find hyperparameters for the kernel instance corresponding to the target (batch_size, a, b, c, d, preci"
group1,4,8,512,1024,64,2,1024,,,,"ERROR: Could not find hyperparameters for the kernel instance corresponding to the target (batch_size, a, b, c, d, preci"
group1,4,8,512,1024,64,2,2048,,,,"ERROR: Could not find hyperparameters for the kernel instance corresponding to the target (batch_size, a, b, c, d, preci"
group1,4,8,512,1024,64,2,4096,,,,"ERROR: Could not find hyperparameters for the kernel instance corresponding to the target (batch_size, a, b, c, d, preci"
group1,4,8,512,1024,128,1,2,,,,"ERROR: Could not find hyperparameters for the kernel instance corresponding to the target (batch_size, a, b, c, d, preci"
group1,4,8,512,1024,128,1,4,,,,"ERROR: Could not find hyperparameters for the kernel instance corresponding to the target (batch_size, a, b, c, d, preci"
group1,4,8,512,1024,128,1,8,,,,"ERROR: Could not find hyperparameters for the kernel instance corresponding to the target (batch_size, a, b, c, d, preci"
group1,4,8,512,1024,128,1,16,,,,"ERROR: Could not find hyperparameters for the kernel instance corresponding to the target (batch_size, a, b, c, d, preci"
group1,4,8,512,1024,128,1,32,,,,"ERROR: Could not find hyperparameters for the kernel instance corresponding to the target (batch_size, a, b, c, d, preci"
group1,4,8,512,1024,128,1,64,,,,"ERROR: Could not find hyperparameters for the kernel instance corresponding to the target (batch_size, a, b, c, d, preci"
group1,4,8,512,1024,128,1,128,,,,"ERROR: Could not find hyperparameters for the kernel instance corresponding to the target (batch_size, a, b, c, d, preci"
group1,4,8,512,1024,128,1,256,,,,"ERROR: Could not find hyperparameters for the kernel instance corresponding to the target (batch_size, a, b, c, d, preci"
group1,4,8,512,1024,128,1,512,,,,"ERROR: Could not find hyperparameters for the kernel instance corresponding to the target (batch_size, a, b, c, d, preci"
group1,4,8,512,1024,128,1,1024,,,,"ERROR: Could not find hyperparameters for the kernel instance corresponding to the target (batch_size, a, b, c, d, preci"
group1,4,8,512,1024,128,1,2048,,,,"ERROR: Could not find hyperparameters for the kernel instance corresponding to the target (batch_size, a, b, c, d, preci"
group1,4,8,512,1024,128,1,4096,,,,"ERROR: Could not find hyperparameters for the kernel instance corresponding to the target (batch_size, a, b, c, d, preci"
group1,4,8,1024,2048,1,256,2,,,,"ERROR: Could not find hyperparameters for the kernel instance corresponding to the target (batch_size, a, b, c, d, preci"
group1,4,8,1024,2048,1,256,4,,,,"ERROR: Could not find hyperparameters for the kernel instance corresponding to the target (batch_size, a, b, c, d, preci"
group1,4,8,1024,2048,1,256,8,,,,"ERROR: Could not find hyperparameters for the kernel instance corresponding to the target (batch_size, a, b, c, d, preci"
group1,4,8,1024,2048,1,256,16,,,,"ERROR: Could not find hyperparameters for the kernel instance corresponding to the target (batch_size, a, b, c, d, preci"
group1,4,8,1024,2048,1,256,32,,,,"ERROR: Could not find hyperparameters for the kernel instance corresponding to the target (batch_size, a, b, c, d, preci"
group1,4,8,1024,2048,1,256,64,,,,"ERROR: Could not find hyperparameters for the kernel instance corresponding to the target (batch_size, a, b, c, d, preci"
group1,4,8,1024,2048,1,256,128,,,,"ERROR: Could not find hyperparameters for the kernel instance corresponding to the target (batch_size, a, b, c, d, preci"
group1,4,8,1024,2048,1,256,256,,,,"ERROR: Could not find hyperparameters for the kernel instance corresponding to the target (batch_size, a, b, c, d, preci"
group1,4,8,1024,2048,1,256,512,,,,"ERROR: Could not find hyperparameters for the kernel instance corresponding to the target (batch_size, a, b, c, d, preci"
group1,4,8,1024,2048,1,256,1024,,,,"ERROR: Could not find hyperparameters for the kernel instance corresponding to the target (batch_size, a, b, c, d, preci"
group1,4,8,1024,2048,1,256,2048,,,,"ERROR: Could not find hyperparameters for the kernel instance corresponding to the target (batch_size, a, b, c, d, preci"
group1,4,8,1024,2048,1,256,4096,,,,"ERROR: Could not find hyperparameters for the kernel instance corresponding to the target (batch_size, a, b, c, d, preci"
group1,4,8,1024,2048,2,128,2,,,,"ERROR: Could not find hyperparameters for the kernel instance corresponding to the target (batch_size, a, b, c, d, preci"
group1,4,8,1024,2048,2,128,4,,,,"ERROR: Could not find hyperparameters for the kernel instance corresponding to the target (batch_size, a, b, c, d, preci"
group1,4,8,1024,2048,2,128,8,,,,"ERROR: Could not find hyperparameters for the kernel instance corresponding to the target (batch_size, a, b, c, d, preci"
group1,4,8,1024,2048,2,128,16,,,,"ERROR: Could not find hyperparameters for the kernel instance corresponding to the target (batch_size, a, b, c, d, preci"
group1,4,8,1024,2048,2,128,32,,,,"ERROR: Could not find hyperparameters for the kernel instance corresponding to the target (batch_size, a, b, c, d, preci"
group1,4,8,1024,2048,2,128,64,,,,"ERROR: Could not find hyperparameters for the kernel instance corresponding to the target (batch_size, a, b, c, d, preci"
group1,4,8,1024,2048,2,128,128,,,,"ERROR: Could not find hyperparameters for the kernel instance corresponding to the target (batch_size, a, b, c, d, preci"
group1,4,8,1024,2048,2,128,256,,,,"ERROR: Could not find hyperparameters for the kernel instance corresponding to the target (batch_size, a, b, c, d, preci"
group1,4,8,1024,2048,2,128,512,,,,"ERROR: Could not find hyperparameters for the kernel instance corresponding to the target (batch_size, a, b, c, d, preci"
group1,4,8,1024,2048,2,128,1024,,,,"ERROR: Could not find hyperparameters for the kernel instance corresponding to the target (batch_size, a, b, c, d, preci"
group1,4,8,1024,2048,2,128,2048,,,,"ERROR: Could not find hyperparameters for the kernel instance corresponding to the target (batch_size, a, b, c, d, preci"
group1,4,8,1024,2048,2,128,4096,,,,"ERROR: Could not find hyperparameters for the kernel instance corresponding to the target (batch_size, a, b, c, d, preci"
group1,4,8,1024,2048,4,64,2,,,,"ERROR: Could not find hyperparameters for the kernel instance corresponding to the target (batch_size, a, b, c, d, preci"
group1,4,8,1024,2048,4,64,4,,,,"ERROR: Could not find hyperparameters for the kernel instance corresponding to the target (batch_size, a, b, c, d, preci"
group1,4,8,1024,2048,4,64,8,,,,"ERROR: Could not find hyperparameters for the kernel instance corresponding to the target (batch_size, a, b, c, d, preci"
group1,4,8,1024,2048,4,64,16,,,,"ERROR: Could not find hyperparameters for the kernel instance corresponding to the target (batch_size, a, b, c, d, preci"
group1,4,8,1024,2048,4,64,32,,,,"ERROR: Could not find hyperparameters for the kernel instance corresponding to the target (batch_size, a, b, c, d, preci"
group1,4,8,1024,2048,4,64,64,,,,"ERROR: Could not find hyperparameters for the kernel instance corresponding to the target (batch_size, a, b, c, d, preci"
group1,4,8,1024,2048,4,64,128,,,,"ERROR: Could not find hyperparameters for the kernel instance corresponding to the target (batch_size, a, b, c, d, preci"
group1,4,8,1024,2048,4,64,256,,,,"ERROR: Could not find hyperparameters for the kernel instance corresponding to the target (batch_size, a, b, c, d, preci"
group1,4,8,1024,2048,4,64,512,,,,"ERROR: Could not find hyperparameters for the kernel instance corresponding to the target (batch_size, a, b, c, d, preci"
group1,4,8,1024,2048,4,64,1024,,,,"ERROR: Could not find hyperparameters for the kernel instance corresponding to the target (batch_size, a, b, c, d, preci"
group1,4,8,1024,2048,4,64,2048,,,,"ERROR: Could not find hyperparameters for the kernel instance corresponding to the target (batch_size, a, b, c, d, preci"
group1,4,8,1024,2048,4,64,4096,,,,"ERROR: Could not find hyperparameters for the kernel instance corresponding to the target (batch_size, a, b, c, d, preci"
group1,4,8,1024,2048,8,32,2,,,,"ERROR: Could not find hyperparameters for the kernel instance corresponding to the target (batch_size, a, b, c, d, preci"
group1,4,8,1024,2048,8,32,4,,,,"ERROR: Could not find hyperparameters for the kernel instance corresponding to the target (batch_size, a, b, c, d, preci"
group1,4,8,1024,2048,8,32,8,,,,"ERROR: Could not find hyperparameters for the kernel instance corresponding to the target (batch_size, a, b, c, d, preci"
group1,4,8,1024,2048,8,32,16,,,,"ERROR: Could not find hyperparameters for the kernel instance corresponding to the target (batch_size, a, b, c, d, preci"
group1,4,8,1024,2048,8,32,32,,,,"ERROR: Could not find hyperparameters for the kernel instance corresponding to the target (batch_size, a, b, c, d, preci"
group1,4,8,1024,2048,8,32,64,,,,"ERROR: Could not find hyperparameters for the kernel instance corresponding to the target (batch_size, a, b, c, d, preci"
group1,4,8,1024,2048,8,32,128,,,,"ERROR: Could not find hyperparameters for the kernel instance corresponding to the target (batch_size, a, b, c, d, preci"
group1,4,8,1024,2048,8,32,256,,,,"ERROR: Could not find hyperparameters for the kernel instance corresponding to the target (batch_size, a, b, c, d, preci"
group1,4,8,1024,2048,8,32,512,,,,"ERROR: Could not find hyperparameters for the kernel instance corresponding to the target (batch_size, a, b, c, d, preci"
group1,4,8,1024,2048,8,32,1024,,,,"ERROR: Could not find hyperparameters for the kernel instance corresponding to the target (batch_size, a, b, c, d, preci"
group1,4,8,1024,2048,8,32,2048,,,,"ERROR: Could not find hyperparameters for the kernel instance corresponding to the target (batch_size, a, b, c, d, preci"
group1,4,8,1024,2048,8,32,4096,,,,"ERROR: Could not find hyperparameters for the kernel instance corresponding to the target (batch_size, a, b, c, d, preci"
group1,4,8,1024,2048,16,16,2,,,,"ERROR: Could not find hyperparameters for the kernel instance corresponding to the target (batch_size, a, b, c, d, preci"
group1,4,8,1024,2048,16,16,4,,,,"ERROR: Could not find hyperparameters for the kernel instance corresponding to the target (batch_size, a, b, c, d, preci"
group1,4,8,1024,2048,16,16,8,,,,"ERROR: Could not find hyperparameters for the kernel instance corresponding to the target (batch_size, a, b, c, d, preci"
group1,4,8,1024,2048,16,16,16,,,,"ERROR: Could not find hyperparameters for the kernel instance corresponding to the target (batch_size, a, b, c, d, preci"
group1,4,8,1024,2048,16,16,32,,,,"ERROR: Could not find hyperparameters for the kernel instance corresponding to the target (batch_size, a, b, c, d, preci"
group1,4,8,1024,2048,16,16,64,,,,"ERROR: Could not find hyperparameters for the kernel instance corresponding to the target (batch_size, a, b, c, d, preci"
group1,4,8,1024,2048,16,16,128,,,,"ERROR: Could not find hyperparameters for the kernel instance corresponding to the target (batch_size, a, b, c, d, preci"
group1,4,8,1024,2048,16,16,256,,,,"ERROR: Could not find hyperparameters for the kernel instance corresponding to the target (batch_size, a, b, c, d, preci"
group1,4,8,1024,2048,16,16,512,,,,"ERROR: Could not find hyperparameters for the kernel instance corresponding to the target (batch_size, a, b, c, d, preci"
group1,4,8,1024,2048,16,16,1024,,,,"ERROR: Could not find hyperparameters for the kernel instance corresponding to the target (batch_size, a, b, c, d, preci"
group1,4,8,1024,2048,16,16,2048,,,,"ERROR: Could not find hyperparameters for the kernel instance corresponding to the target (batch_size, a, b, c, d, preci"
group1,4,8,1024,2048,16,16,4096,,,,"ERROR: Could not find hyperparameters for the kernel instance corresponding to the target (batch_size, a, b, c, d, preci"
group1,4,8,1024,2048,32,8,2,,,,"ERROR: Could not find hyperparameters for the kernel instance corresponding to the target (batch_size, a, b, c, d, preci"
group1,4,8,1024,2048,32,8,4,,,,"ERROR: Could not find hyperparameters for the kernel instance corresponding to the target (batch_size, a, b, c, d, preci"
group1,4,8,1024,2048,32,8,8,,,,"ERROR: Could not find hyperparameters for the kernel instance corresponding to the target (batch_size, a, b, c, d, preci"
group1,4,8,1024,2048,32,8,16,,,,"ERROR: Could not find hyperparameters for the kernel instance corresponding to the target (batch_size, a, b, c, d, preci"
group1,4,8,1024,2048,32,8,32,,,,"ERROR: Could not find hyperparameters for the kernel instance corresponding to the target (batch_size, a, b, c, d, preci"
group1,4,8,1024,2048,32,8,64,,,,"ERROR: Could not find hyperparameters for the kernel instance corresponding to the target (batch_size, a, b, c, d, preci"
group1,4,8,1024,2048,32,8,128,,,,"ERROR: Could not find hyperparameters for the kernel instance corresponding to the target (batch_size, a, b, c, d, preci"
group1,4,8,1024,2048,32,8,256,,,,"ERROR: Could not find hyperparameters for the kernel instance corresponding to the target (batch_size, a, b, c, d, preci"
group1,4,8,1024,2048,32,8,512,,,,"ERROR: Could not find hyperparameters for the kernel instance corresponding to the target (batch_size, a, b, c, d, preci"
group1,4,8,1024,2048,32,8,1024,,,,"ERROR: Could not find hyperparameters for the kernel instance corresponding to the target (batch_size, a, b, c, d, preci"
group1,4,8,1024,2048,32,8,2048,,,,"ERROR: Could not find hyperparameters for the kernel instance corresponding to the target (batch_size, a, b, c, d, preci"
group1,4,8,1024,2048,32,8,4096,,,,"ERROR: Could not find hyperparameters for the kernel instance corresponding to the target (batch_size, a, b, c, d, preci"
group1,4,8,1024,2048,64,4,2,,,,"ERROR: Could not find hyperparameters for the kernel instance corresponding to the target (batch_size, a, b, c, d, preci"
group1,4,8,1024,2048,64,4,4,,,,"ERROR: Could not find hyperparameters for the kernel instance corresponding to the target (batch_size, a, b, c, d, preci"
group1,4,8,1024,2048,64,4,8,,,,"ERROR: Could not find hyperparameters for the kernel instance corresponding to the target (batch_size, a, b, c, d, preci"
group1,4,8,1024,2048,64,4,16,,,,"ERROR: Could not find hyperparameters for the kernel instance corresponding to the target (batch_size, a, b, c, d, preci"
group1,4,8,1024,2048,64,4,32,,,,"ERROR: Could not find hyperparameters for the kernel instance corresponding to the target (batch_size, a, b, c, d, preci"
group1,4,8,1024,2048,64,4,64,,,,"ERROR: Could not find hyperparameters for the kernel instance corresponding to the target (batch_size, a, b, c, d, preci"
group1,4,8,1024,2048,64,4,128,,,,"ERROR: Could not find hyperparameters for the kernel instance corresponding to the target (batch_size, a, b, c, d, preci"
group1,4,8,1024,2048,64,4,256,,,,"ERROR: Could not find hyperparameters for the kernel instance corresponding to the target (batch_size, a, b, c, d, preci"
group1,4,8,1024,2048,64,4,512,,,,"ERROR: Could not find hyperparameters for the kernel instance corresponding to the target (batch_size, a, b, c, d, preci"
group1,4,8,1024,2048,64,4,1024,,,,"ERROR: Could not find hyperparameters for the kernel instance corresponding to the target (batch_size, a, b, c, d, preci"
group1,4,8,1024,2048,64,4,2048,,,,"ERROR: Could not find hyperparameters for the kernel instance corresponding to the target (batch_size, a, b, c, d, preci"
group1,4,8,1024,2048,64,4,4096,,,,"ERROR: Could not find hyperparameters for the kernel instance corresponding to the target (batch_size, a, b, c, d, preci"
group1,4,8,1024,2048,128,2,2,,,,"ERROR: Could not find hyperparameters for the kernel instance corresponding to the target (batch_size, a, b, c, d, preci"
group1,4,8,1024,2048,128,2,4,,,,"ERROR: Could not find hyperparameters for the kernel instance corresponding to the target (batch_size, a, b, c, d, preci"
group1,4,8,1024,2048,128,2,8,,,,"ERROR: Could not find hyperparameters for the kernel instance corresponding to the target (batch_size, a, b, c, d, preci"
group1,4,8,1024,2048,128,2,16,,,,"ERROR: Could not find hyperparameters for the kernel instance corresponding to the target (batch_size, a, b, c, d, preci"
group1,4,8,1024,2048,128,2,32,,,,"ERROR: Could not find hyperparameters for the kernel instance corresponding to the target (batch_size, a, b, c, d, preci"
group1,4,8,1024,2048,128,2,64,,,,"ERROR: Could not find hyperparameters for the kernel instance corresponding to the target (batch_size, a, b, c, d, preci"
group1,4,8,1024,2048,128,2,128,,,,"ERROR: Could not find hyperparameters for the kernel instance corresponding to the target (batch_size, a, b, c, d, preci"
group1,4,8,1024,2048,128,2,256,,,,"ERROR: Could not find hyperparameters for the kernel instance corresponding to the target (batch_size, a, b, c, d, preci"
group1,4,8,1024,2048,128,2,512,,,,"ERROR: Could not find hyperparameters for the kernel instance corresponding to the target (batch_size, a, b, c, d, preci"
group1,4,8,1024,2048,128,2,1024,,,,"ERROR: Could not find hyperparameters for the kernel instance corresponding to the target (batch_size, a, b, c, d, preci"
group1,4,8,1024,2048,128,2,2048,,,,"ERROR: Could not find hyperparameters for the kernel instance corresponding to the target (batch_size, a, b, c, d, preci"
group1,4,8,1024,2048,128,2,4096,,,,"ERROR: Could not find hyperparameters for the kernel instance corresponding to the target (batch_size, a, b, c, d, preci"
group1,4,8,1024,2048,256,1,2,,,,"ERROR: Could not find hyperparameters for the kernel instance corresponding to the target (batch_size, a, b, c, d, preci"
group1,4,8,1024,2048,256,1,4,,,,"ERROR: Could not find hyperparameters for the kernel instance corresponding to the target (batch_size, a, b, c, d, preci"
group1,4,8,1024,2048,256,1,8,,,,"ERROR: Could not find hyperparameters for the kernel instance corresponding to the target (batch_size, a, b, c, d, preci"
group1,4,8,1024,2048,256,1,16,,,,"ERROR: Could not find hyperparameters for the kernel instance corresponding to the target (batch_size, a, b, c, d, preci"
group1,4,8,1024,2048,256,1,32,,,,"ERROR: Could not find hyperparameters for the kernel instance corresponding to the target (batch_size, a, b, c, d, preci"
group1,4,8,1024,2048,256,1,64,,,,"ERROR: Could not find hyperparameters for the kernel instance corresponding to the target (batch_size, a, b, c, d, preci"
group1,4,8,1024,2048,256,1,128,,,,"ERROR: Could not find hyperparameters for the kernel instance corresponding to the target (batch_size, a, b, c, d, preci"
group1,4,8,1024,2048,256,1,256,,,,"ERROR: Could not find hyperparameters for the kernel instance corresponding to the target (batch_size, a, b, c, d, preci"
group1,4,8,1024,2048,256,1,512,,,,"ERROR: Could not find hyperparameters for the kernel instance corresponding to the target (batch_size, a, b, c, d, preci"
group1,4,8,1024,2048,256,1,1024,,,,"ERROR: Could not find hyperparameters for the kernel instance corresponding to the target (batch_size, a, b, c, d, preci"
group1,4,8,1024,2048,256,1,2048,,,,"ERROR: Could not find hyperparameters for the kernel instance corresponding to the target (batch_size, a, b, c, d, preci"
group1,4,8,1024,2048,256,1,4096,,,,"ERROR: Could not find hyperparameters for the kernel instance corresponding to the target (batch_size, a, b, c, d, preci"
group1,4,8,2048,4096,1,512,2,,,,"ERROR: Could not find hyperparameters for the kernel instance corresponding to the target (batch_size, a, b, c, d, preci"
group1,4,8,2048,4096,1,512,4,,,,"ERROR: Could not find hyperparameters for the kernel instance corresponding to the target (batch_size, a, b, c, d, preci"
group1,4,8,2048,4096,1,512,8,,,,"ERROR: Could not find hyperparameters for the kernel instance corresponding to the target (batch_size, a, b, c, d, preci"
group1,4,8,2048,4096,1,512,16,,,,"ERROR: Could not find hyperparameters for the kernel instance corresponding to the target (batch_size, a, b, c, d, preci"
group1,4,8,2048,4096,1,512,32,,,,"ERROR: Could not find hyperparameters for the kernel instance corresponding to the target (batch_size, a, b, c, d, preci"
group1,4,8,2048,4096,1,512,64,,,,"ERROR: Could not find hyperparameters for the kernel instance corresponding to the target (batch_size, a, b, c, d, preci"
group1,4,8,2048,4096,1,512,128,,,,"ERROR: Could not find hyperparameters for the kernel instance corresponding to the target (batch_size, a, b, c, d, preci"
group1,4,8,2048,4096,1,512,256,,,,"ERROR: Could not find hyperparameters for the kernel instance corresponding to the target (batch_size, a, b, c, d, preci"
group1,4,8,2048,4096,1,512,512,,,,"ERROR: Could not find hyperparameters for the kernel instance corresponding to the target (batch_size, a, b, c, d, preci"
group1,4,8,2048,4096,1,512,1024,,,,"ERROR: Could not find hyperparameters for the kernel instance corresponding to the target (batch_size, a, b, c, d, preci"
group1,4,8,2048,4096,1,512,2048,,,,"ERROR: Could not find hyperparameters for the kernel instance corresponding to the target (batch_size, a, b, c, d, preci"
group1,4,8,2048,4096,1,512,4096,,,,"ERROR: Could not find hyperparameters for the kernel instance corresponding to the target (batch_size, a, b, c, d, preci"
group1,4,8,2048,4096,2,256,2,,,,"ERROR: Could not find hyperparameters for the kernel instance corresponding to the target (batch_size, a, b, c, d, preci"
group1,4,8,2048,4096,2,256,4,,,,"ERROR: Could not find hyperparameters for the kernel instance corresponding to the target (batch_size, a, b, c, d, preci"
group1,4,8,2048,4096,2,256,8,,,,"ERROR: Could not find hyperparameters for the kernel instance corresponding to the target (batch_size, a, b, c, d, preci"
group1,4,8,2048,4096,2,256,16,,,,"ERROR: Could not find hyperparameters for the kernel instance corresponding to the target (batch_size, a, b, c, d, preci"
group1,4,8,2048,4096,2,256,32,,,,"ERROR: Could not find hyperparameters for the kernel instance corresponding to the target (batch_size, a, b, c, d, preci"
group1,4,8,2048,4096,2,256,64,,,,"ERROR: Could not find hyperparameters for the kernel instance corresponding to the target (batch_size, a, b, c, d, preci"
group1,4,8,2048,4096,2,256,128,,,,"ERROR: Could not find hyperparameters for the kernel instance corresponding to the target (batch_size, a, b, c, d, preci"
group1,4,8,2048,4096,2,256,256,,,,"ERROR: Could not find hyperparameters for the kernel instance corresponding to the target (batch_size, a, b, c, d, preci"
group1,4,8,2048,4096,2,256,512,,,,"ERROR: Could not find hyperparameters for the kernel instance corresponding to the target (batch_size, a, b, c, d, preci"
group1,4,8,2048,4096,2,256,1024,,,,"ERROR: Could not find hyperparameters for the kernel instance corresponding to the target (batch_size, a, b, c, d, preci"
group1,4,8,2048,4096,2,256,2048,,,,"ERROR: Could not find hyperparameters for the kernel instance corresponding to the target (batch_size, a, b, c, d, preci"
group1,4,8,2048,4096,2,256,4096,,,,"ERROR: Could not find hyperparameters for the kernel instance corresponding to the target (batch_size, a, b, c, d, preci"
group1,4,8,2048,4096,4,128,2,,,,"ERROR: Could not find hyperparameters for the kernel instance corresponding to the target (batch_size, a, b, c, d, preci"
group1,4,8,2048,4096,4,128,4,,,,"ERROR: Could not find hyperparameters for the kernel instance corresponding to the target (batch_size, a, b, c, d, preci"
group1,4,8,2048,4096,4,128,8,,,,"ERROR: Could not find hyperparameters for the kernel instance corresponding to the target (batch_size, a, b, c, d, preci"
group1,4,8,2048,4096,4,128,16,,,,"ERROR: Could not find hyperparameters for the kernel instance corresponding to the target (batch_size, a, b, c, d, preci"
group1,4,8,2048,4096,4,128,32,,,,"ERROR: Could not find hyperparameters for the kernel instance corresponding to the target (batch_size, a, b, c, d, preci"
group1,4,8,2048,4096,4,128,64,,,,"ERROR: Could not find hyperparameters for the kernel instance corresponding to the target (batch_size, a, b, c, d, preci"
group1,4,8,2048,4096,4,128,128,,,,"ERROR: Could not find hyperparameters for the kernel instance corresponding to the target (batch_size, a, b, c, d, preci"
group1,4,8,2048,4096,4,128,256,,,,"ERROR: Could not find hyperparameters for the kernel instance corresponding to the target (batch_size, a, b, c, d, preci"
group1,4,8,2048,4096,4,128,512,,,,"ERROR: Could not find hyperparameters for the kernel instance corresponding to the target (batch_size, a, b, c, d, preci"
group1,4,8,2048,4096,4,128,1024,,,,"ERROR: Could not find hyperparameters for the kernel instance corresponding to the target (batch_size, a, b, c, d, preci"
group1,4,8,2048,4096,4,128,2048,,,,"ERROR: Could not find hyperparameters for the kernel instance corresponding to the target (batch_size, a, b, c, d, preci"
group1,4,8,2048,4096,4,128,4096,,,,"ERROR: Could not find hyperparameters for the kernel instance corresponding to the target (batch_size, a, b, c, d, preci"
group1,4,8,2048,4096,8,64,2,,,,"ERROR: Could not find hyperparameters for the kernel instance corresponding to the target (batch_size, a, b, c, d, preci"
group1,4,8,2048,4096,8,64,4,,,,"ERROR: Could not find hyperparameters for the kernel instance corresponding to the target (batch_size, a, b, c, d, preci"
group1,4,8,2048,4096,8,64,8,,,,"ERROR: Could not find hyperparameters for the kernel instance corresponding to the target (batch_size, a, b, c, d, preci"
group1,4,8,2048,4096,8,64,16,,,,"ERROR: Could not find hyperparameters for the kernel instance corresponding to the target (batch_size, a, b, c, d, preci"
group1,4,8,2048,4096,8,64,32,,,,"ERROR: Could not find hyperparameters for the kernel instance corresponding to the target (batch_size, a, b, c, d, preci"
group1,4,8,2048,4096,8,64,64,,,,"ERROR: Could not find hyperparameters for the kernel instance corresponding to the target (batch_size, a, b, c, d, preci"
group1,4,8,2048,4096,8,64,128,,,,"ERROR: Could not find hyperparameters for the kernel instance corresponding to the target (batch_size, a, b, c, d, preci"
group1,4,8,2048,4096,8,64,256,,,,"ERROR: Could not find hyperparameters for the kernel instance corresponding to the target (batch_size, a, b, c, d, preci"
group1,4,8,2048,4096,8,64,512,,,,"ERROR: Could not find hyperparameters for the kernel instance corresponding to the target (batch_size, a, b, c, d, preci"
group1,4,8,2048,4096,8,64,1024,,,,"ERROR: Could not find hyperparameters for the kernel instance corresponding to the target (batch_size, a, b, c, d, preci"
group1,4,8,2048,4096,8,64,2048,,,,"ERROR: Could not find hyperparameters for the kernel instance corresponding to the target (batch_size, a, b, c, d, preci"
group1,4,8,2048,4096,8,64,4096,,,,"ERROR: Could not find hyperparameters for the kernel instance corresponding to the target (batch_size, a, b, c, d, preci"
group1,4,8,2048,4096,16,32,2,,,,"ERROR: Could not find hyperparameters for the kernel instance corresponding to the target (batch_size, a, b, c, d, preci"
group1,4,8,2048,4096,16,32,4,,,,"ERROR: Could not find hyperparameters for the kernel instance corresponding to the target (batch_size, a, b, c, d, preci"
group1,4,8,2048,4096,16,32,8,,,,"ERROR: Could not find hyperparameters for the kernel instance corresponding to the target (batch_size, a, b, c, d, preci"
group1,4,8,2048,4096,16,32,16,,,,"ERROR: Could not find hyperparameters for the kernel instance corresponding to the target (batch_size, a, b, c, d, preci"
group1,4,8,2048,4096,16,32,32,,,,"ERROR: Could not find hyperparameters for the kernel instance corresponding to the target (batch_size, a, b, c, d, preci"
group1,4,8,2048,4096,16,32,64,,,,"ERROR: Could not find hyperparameters for the kernel instance corresponding to the target (batch_size, a, b, c, d, preci"
group1,4,8,2048,4096,16,32,128,,,,"ERROR: Could not find hyperparameters for the kernel instance corresponding to the target (batch_size, a, b, c, d, preci"
group1,4,8,2048,4096,16,32,256,,,,"ERROR: Could not find hyperparameters for the kernel instance corresponding to the target (batch_size, a, b, c, d, preci"
group1,4,8,2048,4096,16,32,512,,,,"ERROR: Could not find hyperparameters for the kernel instance corresponding to the target (batch_size, a, b, c, d, preci"
group1,4,8,2048,4096,16,32,1024,,,,"ERROR: Could not find hyperparameters for the kernel instance corresponding to the target (batch_size, a, b, c, d, preci"
group1,4,8,2048,4096,16,32,2048,,,,"ERROR: Could not find hyperparameters for the kernel instance corresponding to the target (batch_size, a, b, c, d, preci"
group1,4,8,2048,4096,16,32,4096,,,,"ERROR: Could not find hyperparameters for the kernel instance corresponding to the target (batch_size, a, b, c, d, preci"
group1,4,8,2048,4096,32,16,2,,,,"ERROR: Could not find hyperparameters for the kernel instance corresponding to the target (batch_size, a, b, c, d, preci"
group1,4,8,2048,4096,32,16,4,,,,"ERROR: Could not find hyperparameters for the kernel instance corresponding to the target (batch_size, a, b, c, d, preci"
group1,4,8,2048,4096,32,16,8,,,,"ERROR: Could not find hyperparameters for the kernel instance corresponding to the target (batch_size, a, b, c, d, preci"
group1,4,8,2048,4096,32,16,16,,,,"ERROR: Could not find hyperparameters for the kernel instance corresponding to the target (batch_size, a, b, c, d, preci"
group1,4,8,2048,4096,32,16,32,,,,"ERROR: Could not find hyperparameters for the kernel instance corresponding to the target (batch_size, a, b, c, d, preci"
group1,4,8,2048,4096,32,16,64,,,,"ERROR: Could not find hyperparameters for the kernel instance corresponding to the target (batch_size, a, b, c, d, preci"
group1,4,8,2048,4096,32,16,128,,,,"ERROR: Could not find hyperparameters for the kernel instance corresponding to the target (batch_size, a, b, c, d, preci"
group1,4,8,2048,4096,32,16,256,,,,"ERROR: Could not find hyperparameters for the kernel instance corresponding to the target (batch_size, a, b, c, d, preci"
group1,4,8,2048,4096,32,16,512,,,,"ERROR: Could not find hyperparameters for the kernel instance corresponding to the target (batch_size, a, b, c, d, preci"
group1,4,8,2048,4096,32,16,1024,,,,"ERROR: Could not find hyperparameters for the kernel instance corresponding to the target (batch_size, a, b, c, d, preci"
group1,4,8,2048,4096,32,16,2048,,,,"ERROR: Could not find hyperparameters for the kernel instance corresponding to the target (batch_size, a, b, c, d, preci"
group1,4,8,2048,4096,32,16,4096,,,,"ERROR: Could not find hyperparameters for the kernel instance corresponding to the target (batch_size, a, b, c, d, preci"
group1,4,8,2048,4096,64,8,2,,,,"ERROR: Could not find hyperparameters for the kernel instance corresponding to the target (batch_size, a, b, c, d, preci"
group1,4,8,2048,4096,64,8,4,,,,"ERROR: Could not find hyperparameters for the kernel instance corresponding to the target (batch_size, a, b, c, d, preci"
group1,4,8,2048,4096,64,8,8,,,,"ERROR: Could not find hyperparameters for the kernel instance corresponding to the target (batch_size, a, b, c, d, preci"
group1,4,8,2048,4096,64,8,16,,,,"ERROR: Could not find hyperparameters for the kernel instance corresponding to the target (batch_size, a, b, c, d, preci"
group1,4,8,2048,4096,64,8,32,,,,"ERROR: Could not find hyperparameters for the kernel instance corresponding to the target (batch_size, a, b, c, d, preci"
group1,4,8,2048,4096,64,8,64,,,,"ERROR: Could not find hyperparameters for the kernel instance corresponding to the target (batch_size, a, b, c, d, preci"
group1,4,8,2048,4096,64,8,128,,,,"ERROR: Could not find hyperparameters for the kernel instance corresponding to the target (batch_size, a, b, c, d, preci"
group1,4,8,2048,4096,64,8,256,,,,"ERROR: Could not find hyperparameters for the kernel instance corresponding to the target (batch_size, a, b, c, d, preci"
group1,4,8,2048,4096,64,8,512,,,,"ERROR: Could not find hyperparameters for the kernel instance corresponding to the target (batch_size, a, b, c, d, preci"
group1,4,8,2048,4096,64,8,1024,,,,"ERROR: Could not find hyperparameters for the kernel instance corresponding to the target (batch_size, a, b, c, d, preci"
group1,4,8,2048,4096,64,8,2048,,,,"ERROR: Could not find hyperparameters for the kernel instance corresponding to the target (batch_size, a, b, c, d, preci"
group1,4,8,2048,4096,64,8,4096,,,,"ERROR: Could not find hyperparameters for the kernel instance corresponding to the target (batch_size, a, b, c, d, preci"
group1,4,8,2048,4096,128,4,2,,,,"ERROR: Could not find hyperparameters for the kernel instance corresponding to the target (batch_size, a, b, c, d, preci"
group1,4,8,2048,4096,128,4,4,,,,"ERROR: Could not find hyperparameters for the kernel instance corresponding to the target (batch_size, a, b, c, d, preci"
group1,4,8,2048,4096,128,4,8,,,,"ERROR: Could not find hyperparameters for the kernel instance corresponding to the target (batch_size, a, b, c, d, preci"
group1,4,8,2048,4096,128,4,16,,,,"ERROR: Could not find hyperparameters for the kernel instance corresponding to the target (batch_size, a, b, c, d, preci"
group1,4,8,2048,4096,128,4,32,,,,"ERROR: Could not find hyperparameters for the kernel instance corresponding to the target (batch_size, a, b, c, d, preci"
group1,4,8,2048,4096,128,4,64,,,,"ERROR: Could not find hyperparameters for the kernel instance corresponding to the target (batch_size, a, b, c, d, preci"
group1,4,8,2048,4096,128,4,128,,,,"ERROR: Could not find hyperparameters for the kernel instance corresponding to the target (batch_size, a, b, c, d, preci"
group1,4,8,2048,4096,128,4,256,,,,"ERROR: Could not find hyperparameters for the kernel instance corresponding to the target (batch_size, a, b, c, d, preci"
group1,4,8,2048,4096,128,4,512,,,,"ERROR: Could not find hyperparameters for the kernel instance corresponding to the target (batch_size, a, b, c, d, preci"
group1,4,8,2048,4096,128,4,1024,,,,"ERROR: Could not find hyperparameters for the kernel instance corresponding to the target (batch_size, a, b, c, d, preci"
group1,4,8,2048,4096,128,4,2048,,,,"ERROR: Could not find hyperparameters for the kernel instance corresponding to the target (batch_size, a, b, c, d, preci"
group1,4,8,2048,4096,128,4,4096,,,,"ERROR: Could not find hyperparameters for the kernel instance corresponding to the target (batch_size, a, b, c, d, preci"
group1,4,8,2048,4096,256,2,2,,,,"ERROR: Could not find hyperparameters for the kernel instance corresponding to the target (batch_size, a, b, c, d, preci"
group1,4,8,2048,4096,256,2,4,,,,"ERROR: Could not find hyperparameters for the kernel instance corresponding to the target (batch_size, a, b, c, d, preci"
group1,4,8,2048,4096,256,2,8,,,,"ERROR: Could not find hyperparameters for the kernel instance corresponding to the target (batch_size, a, b, c, d, preci"
group1,4,8,2048,4096,256,2,16,,,,"ERROR: Could not find hyperparameters for the kernel instance corresponding to the target (batch_size, a, b, c, d, preci"
group1,4,8,2048,4096,256,2,32,,,,"ERROR: Could not find hyperparameters for the kernel instance corresponding to the target (batch_size, a, b, c, d, preci"
group1,4,8,2048,4096,256,2,64,,,,"ERROR: Could not find hyperparameters for the kernel instance corresponding to the target (batch_size, a, b, c, d, preci"
group1,4,8,2048,4096,256,2,128,,,,"ERROR: Could not find hyperparameters for the kernel instance corresponding to the target (batch_size, a, b, c, d, preci"
group1,4,8,2048,4096,256,2,256,,,,"ERROR: Could not find hyperparameters for the kernel instance corresponding to the target (batch_size, a, b, c, d, preci"
group1,4,8,2048,4096,256,2,512,,,,"ERROR: Could not find hyperparameters for the kernel instance corresponding to the target (batch_size, a, b, c, d, preci"
group1,4,8,2048,4096,256,2,1024,,,,"ERROR: Could not find hyperparameters for the kernel instance corresponding to the target (batch_size, a, b, c, d, preci"
group1,4,8,2048,4096,256,2,2048,,,,"ERROR: Could not find hyperparameters for the kernel instance corresponding to the target (batch_size, a, b, c, d, preci"
group1,4,8,2048,4096,256,2,4096,,,,"ERROR: Could not find hyperparameters for the kernel instance corresponding to the target (batch_size, a, b, c, d, preci"
group1,4,8,2048,4096,512,1,2,,,,"ERROR: Could not find hyperparameters for the kernel instance corresponding to the target (batch_size, a, b, c, d, preci"
group1,4,8,2048,4096,512,1,4,,,,"ERROR: Could not find hyperparameters for the kernel instance corresponding to the target (batch_size, a, b, c, d, preci"
group1,4,8,2048,4096,512,1,8,,,,"ERROR: Could not find hyperparameters for the kernel instance corresponding to the target (batch_size, a, b, c, d, preci"
group1,4,8,2048,4096,512,1,16,,,,"ERROR: Could not find hyperparameters for the kernel instance corresponding to the target (batch_size, a, b, c, d, preci"
group1,4,8,2048,4096,512,1,32,,,,"ERROR: Could not find hyperparameters for the kernel instance corresponding to the target (batch_size, a, b, c, d, preci"
group1,4,8,2048,4096,512,1,64,,,,"ERROR: Could not find hyperparameters for the kernel instance corresponding to the target (batch_size, a, b, c, d, preci"
group1,4,8,2048,4096,512,1,128,,,,"ERROR: Could not find hyperparameters for the kernel instance corresponding to the target (batch_size, a, b, c, d, preci"
group1,4,8,2048,4096,512,1,256,,,,"ERROR: Could not find hyperparameters for the kernel instance corresponding to the target (batch_size, a, b, c, d, preci"
group1,4,8,2048,4096,512,1,512,,,,"ERROR: Could not find hyperparameters for the kernel instance corresponding to the target (batch_size, a, b, c, d, preci"
group1,4,8,2048,4096,512,1,1024,,,,"ERROR: Could not find hyperparameters for the kernel instance corresponding to the target (batch_size, a, b, c, d, preci"
group1,4,8,2048,4096,512,1,2048,,,,"ERROR: Could not find hyperparameters for the kernel instance corresponding to the target (batch_size, a, b, c, d, preci"
group1,4,8,2048,4096,512,1,4096,,,,"ERROR: Could not find hyperparameters for the kernel instance corresponding to the target (batch_size, a, b, c, d, preci"
group1,4,16,512,2048,1,128,2,,,,"ERROR: Could not find hyperparameters for the kernel instance corresponding to the target (batch_size, a, b, c, d, preci"
group1,4,16,512,2048,1,128,4,,,,"ERROR: Could not find hyperparameters for the kernel instance corresponding to the target (batch_size, a, b, c, d, preci"
group1,4,16,512,2048,1,128,8,,,,"ERROR: Could not find hyperparameters for the kernel instance corresponding to the target (batch_size, a, b, c, d, preci"
group1,4,16,512,2048,1,128,16,,,,"ERROR: Could not find hyperparameters for the kernel instance corresponding to the target (batch_size, a, b, c, d, preci"
group1,4,16,512,2048,1,128,32,,,,"ERROR: Could not find hyperparameters for the kernel instance corresponding to the target (batch_size, a, b, c, d, preci"
group1,4,16,512,2048,1,128,64,,,,"ERROR: Could not find hyperparameters for the kernel instance corresponding to the target (batch_size, a, b, c, d, preci"
group1,4,16,512,2048,1,128,128,,,,"ERROR: Could not find hyperparameters for the kernel instance corresponding to the target (batch_size, a, b, c, d, preci"
group1,4,16,512,2048,1,128,256,,,,"ERROR: Could not find hyperparameters for the kernel instance corresponding to the target (batch_size, a, b, c, d, preci"
group1,4,16,512,2048,1,128,512,,,,"ERROR: Could not find hyperparameters for the kernel instance corresponding to the target (batch_size, a, b, c, d, preci"
group1,4,16,512,2048,1,128,1024,,,,"ERROR: Could not find hyperparameters for the kernel instance corresponding to the target (batch_size, a, b, c, d, preci"
group1,4,16,512,2048,1,128,2048,,,,"ERROR: Could not find hyperparameters for the kernel instance corresponding to the target (batch_size, a, b, c, d, preci"
group1,4,16,512,2048,1,128,4096,,,,"ERROR: Could not find hyperparameters for the kernel instance corresponding to the target (batch_size, a, b, c, d, preci"
group1,4,16,512,2048,2,64,2,,,,"ERROR: Could not find hyperparameters for the kernel instance corresponding to the target (batch_size, a, b, c, d, preci"
group1,4,16,512,2048,2,64,4,,,,"ERROR: Could not find hyperparameters for the kernel instance corresponding to the target (batch_size, a, b, c, d, preci"
group1,4,16,512,2048,2,64,8,,,,"ERROR: Could not find hyperparameters for the kernel instance corresponding to the target (batch_size, a, b, c, d, preci"
group1,4,16,512,2048,2,64,16,,,,"ERROR: Could not find hyperparameters for the kernel instance corresponding to the target (batch_size, a, b, c, d, preci"
group1,4,16,512,2048,2,64,32,,,,"ERROR: Could not find hyperparameters for the kernel instance corresponding to the target (batch_size, a, b, c, d, preci"
group1,4,16,512,2048,2,64,64,,,,"ERROR: Could not find hyperparameters for the kernel instance corresponding to the target (batch_size, a, b, c, d, preci"
group1,4,16,512,2048,2,64,128,,,,"ERROR: Could not find hyperparameters for the kernel instance corresponding to the target (batch_size, a, b, c, d, preci"
group1,4,16,512,2048,2,64,256,,,,"ERROR: Could not find hyperparameters for the kernel instance corresponding to the target (batch_size, a, b, c, d, preci"
group1,4,16,512,2048,2,64,512,,,,"ERROR: Could not find hyperparameters for the kernel instance corresponding to the target (batch_size, a, b, c, d, preci"
group1,4,16,512,2048,2,64,1024,,,,"ERROR: Could not find hyperparameters for the kernel instance corresponding to the target (batch_size, a, b, c, d, preci"
group1,4,16,512,2048,2,64,2048,,,,"ERROR: Could not find hyperparameters for the kernel instance corresponding to the target (batch_size, a, b, c, d, preci"
group1,4,16,512,2048,2,64,4096,,,,"ERROR: Could not find hyperparameters for the kernel instance corresponding to the target (batch_size, a, b, c, d, preci"
group1,4,16,512,2048,4,32,2,,,,"ERROR: Could not find hyperparameters for the kernel instance corresponding to the target (batch_size, a, b, c, d, preci"
group1,4,16,512,2048,4,32,4,,,,"ERROR: Could not find hyperparameters for the kernel instance corresponding to the target (batch_size, a, b, c, d, preci"
group1,4,16,512,2048,4,32,8,,,,"ERROR: Could not find hyperparameters for the kernel instance corresponding to the target (batch_size, a, b, c, d, preci"
group1,4,16,512,2048,4,32,16,,,,"ERROR: Could not find hyperparameters for the kernel instance corresponding to the target (batch_size, a, b, c, d, preci"
group1,4,16,512,2048,4,32,32,,,,"ERROR: Could not find hyperparameters for the kernel instance corresponding to the target (batch_size, a, b, c, d, preci"
group1,4,16,512,2048,4,32,64,,,,"ERROR: Could not find hyperparameters for the kernel instance corresponding to the target (batch_size, a, b, c, d, preci"
group1,4,16,512,2048,4,32,128,,,,"ERROR: Could not find hyperparameters for the kernel instance corresponding to the target (batch_size, a, b, c, d, preci"
group1,4,16,512,2048,4,32,256,,,,"ERROR: Could not find hyperparameters for the kernel instance corresponding to the target (batch_size, a, b, c, d, preci"
group1,4,16,512,2048,4,32,512,,,,"ERROR: Could not find hyperparameters for the kernel instance corresponding to the target (batch_size, a, b, c, d, preci"
group1,4,16,512,2048,4,32,1024,,,,"ERROR: Could not find hyperparameters for the kernel instance corresponding to the target (batch_size, a, b, c, d, preci"
group1,4,16,512,2048,4,32,2048,,,,"ERROR: Could not find hyperparameters for the kernel instance corresponding to the target (batch_size, a, b, c, d, preci"
group1,4,16,512,2048,4,32,4096,,,,"ERROR: Could not find hyperparameters for the kernel instance corresponding to the target (batch_size, a, b, c, d, preci"
group1,4,16,512,2048,8,16,2,,,,"ERROR: Could not find hyperparameters for the kernel instance corresponding to the target (batch_size, a, b, c, d, preci"
group1,4,16,512,2048,8,16,4,,,,"ERROR: Could not find hyperparameters for the kernel instance corresponding to the target (batch_size, a, b, c, d, preci"
group1,4,16,512,2048,8,16,8,,,,"ERROR: Could not find hyperparameters for the kernel instance corresponding to the target (batch_size, a, b, c, d, preci"
group1,4,16,512,2048,8,16,16,,,,"ERROR: Could not find hyperparameters for the kernel instance corresponding to the target (batch_size, a, b, c, d, preci"
group1,4,16,512,2048,8,16,32,,,,"ERROR: Could not find hyperparameters for the kernel instance corresponding to the target (batch_size, a, b, c, d, preci"
group1,4,16,512,2048,8,16,64,,,,"ERROR: Could not find hyperparameters for the kernel instance corresponding to the target (batch_size, a, b, c, d, preci"
group1,4,16,512,2048,8,16,128,,,,"ERROR: Could not find hyperparameters for the kernel instance corresponding to the target (batch_size, a, b, c, d, preci"
group1,4,16,512,2048,8,16,256,,,,"ERROR: Could not find hyperparameters for the kernel instance corresponding to the target (batch_size, a, b, c, d, preci"
group1,4,16,512,2048,8,16,512,,,,"ERROR: Could not find hyperparameters for the kernel instance corresponding to the target (batch_size, a, b, c, d, preci"
group1,4,16,512,2048,8,16,1024,,,,"ERROR: Could not find hyperparameters for the kernel instance corresponding to the target (batch_size, a, b, c, d, preci"
group1,4,16,512,2048,8,16,2048,,,,"ERROR: Could not find hyperparameters for the kernel instance corresponding to the target (batch_size, a, b, c, d, preci"
group1,4,16,512,2048,8,16,4096,,,,"ERROR: Could not find hyperparameters for the kernel instance corresponding to the target (batch_size, a, b, c, d, preci"
group1,4,16,512,2048,16,8,2,,,,"ERROR: Could not find hyperparameters for the kernel instance corresponding to the target (batch_size, a, b, c, d, preci"
group1,4,16,512,2048,16,8,4,,,,"ERROR: Could not find hyperparameters for the kernel instance corresponding to the target (batch_size, a, b, c, d, preci"
group1,4,16,512,2048,16,8,8,,,,"ERROR: Could not find hyperparameters for the kernel instance corresponding to the target (batch_size, a, b, c, d, preci"
group1,4,16,512,2048,16,8,16,,,,"ERROR: Could not find hyperparameters for the kernel instance corresponding to the target (batch_size, a, b, c, d, preci"
group1,4,16,512,2048,16,8,32,,,,"ERROR: Could not find hyperparameters for the kernel instance corresponding to the target (batch_size, a, b, c, d, preci"
group1,4,16,512,2048,16,8,64,,,,"ERROR: Could not find hyperparameters for the kernel instance corresponding to the target (batch_size, a, b, c, d, preci"
group1,4,16,512,2048,16,8,128,,,,"ERROR: Could not find hyperparameters for the kernel instance corresponding to the target (batch_size, a, b, c, d, preci"
group1,4,16,512,2048,16,8,256,,,,"ERROR: Could not find hyperparameters for the kernel instance corresponding to the target (batch_size, a, b, c, d, preci"
group1,4,16,512,2048,16,8,512,,,,"ERROR: Could not find hyperparameters for the kernel instance corresponding to the target (batch_size, a, b, c, d, preci"
group1,4,16,512,2048,16,8,1024,,,,"ERROR: Could not find hyperparameters for the kernel instance corresponding to the target (batch_size, a, b, c, d, preci"
group1,4,16,512,2048,16,8,2048,,,,"ERROR: Could not find hyperparameters for the kernel instance corresponding to the target (batch_size, a, b, c, d, preci"
group1,4,16,512,2048,16,8,4096,,,,"ERROR: Could not find hyperparameters for the kernel instance corresponding to the target (batch_size, a, b, c, d, preci"
group1,4,16,512,2048,32,4,2,,,,"ERROR: Could not find hyperparameters for the kernel instance corresponding to the target (batch_size, a, b, c, d, preci"
group1,4,16,512,2048,32,4,4,,,,"ERROR: Could not find hyperparameters for the kernel instance corresponding to the target (batch_size, a, b, c, d, preci"
group1,4,16,512,2048,32,4,8,,,,"ERROR: Could not find hyperparameters for the kernel instance corresponding to the target (batch_size, a, b, c, d, preci"
group1,4,16,512,2048,32,4,16,,,,"ERROR: Could not find hyperparameters for the kernel instance corresponding to the target (batch_size, a, b, c, d, preci"
group1,4,16,512,2048,32,4,32,,,,"ERROR: Could not find hyperparameters for the kernel instance corresponding to the target (batch_size, a, b, c, d, preci"
group1,4,16,512,2048,32,4,64,,,,"ERROR: Could not find hyperparameters for the kernel instance corresponding to the target (batch_size, a, b, c, d, preci"
group1,4,16,512,2048,32,4,128,,,,"ERROR: Could not find hyperparameters for the kernel instance corresponding to the target (batch_size, a, b, c, d, preci"
group1,4,16,512,2048,32,4,256,,,,"ERROR: Could not find hyperparameters for the kernel instance corresponding to the target (batch_size, a, b, c, d, preci"
group1,4,16,512,2048,32,4,512,,,,"ERROR: Could not find hyperparameters for the kernel instance corresponding to the target (batch_size, a, b, c, d, preci"
group1,4,16,512,2048,32,4,1024,,,,"ERROR: Could not find hyperparameters for the kernel instance corresponding to the target (batch_size, a, b, c, d, preci"
group1,4,16,512,2048,32,4,2048,,,,"ERROR: Could not find hyperparameters for the kernel instance corresponding to the target (batch_size, a, b, c, d, preci"
group1,4,16,512,2048,32,4,4096,,,,"ERROR: Could not find hyperparameters for the kernel instance corresponding to the target (batch_size, a, b, c, d, preci"
group1,4,16,512,2048,64,2,2,,,,"ERROR: Could not find hyperparameters for the kernel instance corresponding to the target (batch_size, a, b, c, d, preci"
group1,4,16,512,2048,64,2,4,,,,"ERROR: Could not find hyperparameters for the kernel instance corresponding to the target (batch_size, a, b, c, d, preci"
group1,4,16,512,2048,64,2,8,,,,"ERROR: Could not find hyperparameters for the kernel instance corresponding to the target (batch_size, a, b, c, d, preci"
group1,4,16,512,2048,64,2,16,,,,"ERROR: Could not find hyperparameters for the kernel instance corresponding to the target (batch_size, a, b, c, d, preci"
group1,4,16,512,2048,64,2,32,,,,"ERROR: Could not find hyperparameters for the kernel instance corresponding to the target (batch_size, a, b, c, d, preci"
group1,4,16,512,2048,64,2,64,,,,"ERROR: Could not find hyperparameters for the kernel instance corresponding to the target (batch_size, a, b, c, d, preci"
group1,4,16,512,2048,64,2,128,,,,"ERROR: Could not find hyperparameters for the kernel instance corresponding to the target (batch_size, a, b, c, d, preci"
group1,4,16,512,2048,64,2,256,,,,"ERROR: Could not find hyperparameters for the kernel instance corresponding to the target (batch_size, a, b, c, d, preci"
group1,4,16,512,2048,64,2,512,,,,"ERROR: Could not find hyperparameters for the kernel instance corresponding to the target (batch_size, a, b, c, d, preci"
group1,4,16,512,2048,64,2,1024,,,,"ERROR: Could not find hyperparameters for the kernel instance corresponding to the target (batch_size, a, b, c, d, preci"
group1,4,16,512,2048,64,2,2048,,,,"ERROR: Could not find hyperparameters for the kernel instance corresponding to the target (batch_size, a, b, c, d, preci"
group1,4,16,512,2048,64,2,4096,,,,"ERROR: Could not find hyperparameters for the kernel instance corresponding to the target (batch_size, a, b, c, d, preci"
group1,4,16,512,2048,128,1,2,,,,"ERROR: Could not find hyperparameters for the kernel instance corresponding to the target (batch_size, a, b, c, d, preci"
group1,4,16,512,2048,128,1,4,,,,"ERROR: Could not find hyperparameters for the kernel instance corresponding to the target (batch_size, a, b, c, d, preci"
group1,4,16,512,2048,128,1,8,,,,"ERROR: Could not find hyperparameters for the kernel instance corresponding to the target (batch_size, a, b, c, d, preci"
group1,4,16,512,2048,128,1,16,,,,"ERROR: Could not find hyperparameters for the kernel instance corresponding to the target (batch_size, a, b, c, d, preci"
group1,4,16,512,2048,128,1,32,,,,"ERROR: Could not find hyperparameters for the kernel instance corresponding to the target (batch_size, a, b, c, d, preci"
group1,4,16,512,2048,128,1,64,,,,"ERROR: Could not find hyperparameters for the kernel instance corresponding to the target (batch_size, a, b, c, d, preci"
group1,4,16,512,2048,128,1,128,,,,"ERROR: Could not find hyperparameters for the kernel instance corresponding to the target (batch_size, a, b, c, d, preci"
group1,4,16,512,2048,128,1,256,,,,"ERROR: Could not find hyperparameters for the kernel instance corresponding to the target (batch_size, a, b, c, d, preci"
group1,4,16,512,2048,128,1,512,,,,"ERROR: Could not find hyperparameters for the kernel instance corresponding to the target (batch_size, a, b, c, d, preci"
group1,4,16,512,2048,128,1,1024,,,,"ERROR: Could not find hyperparameters for the kernel instance corresponding to the target (batch_size, a, b, c, d, preci"
group1,4,16,512,2048,128,1,2048,,,,"ERROR: Could not find hyperparameters for the kernel instance corresponding to the target (batch_size, a, b, c, d, preci"
group1,4,16,512,2048,128,1,4096,,,,"ERROR: Could not find hyperparameters for the kernel instance corresponding to the target (batch_size, a, b, c, d, preci"
group1,4,16,1024,4096,1,256,2,,,,"ERROR: Could not find hyperparameters for the kernel instance corresponding to the target (batch_size, a, b, c, d, preci"
group1,4,16,1024,4096,1,256,4,,,,"ERROR: Could not find hyperparameters for the kernel instance corresponding to the target (batch_size, a, b, c, d, preci"
group1,4,16,1024,4096,1,256,8,,,,"ERROR: Could not find hyperparameters for the kernel instance corresponding to the target (batch_size, a, b, c, d, preci"
group1,4,16,1024,4096,1,256,16,,,,"ERROR: Could not find hyperparameters for the kernel instance corresponding to the target (batch_size, a, b, c, d, preci"
group1,4,16,1024,4096,1,256,32,,,,"ERROR: Could not find hyperparameters for the kernel instance corresponding to the target (batch_size, a, b, c, d, preci"
group1,4,16,1024,4096,1,256,64,,,,"ERROR: Could not find hyperparameters for the kernel instance corresponding to the target (batch_size, a, b, c, d, preci"
group1,4,16,1024,4096,1,256,128,,,,"ERROR: Could not find hyperparameters for the kernel instance corresponding to the target (batch_size, a, b, c, d, preci"
group1,4,16,1024,4096,1,256,256,,,,"ERROR: Could not find hyperparameters for the kernel instance corresponding to the target (batch_size, a, b, c, d, preci"
group1,4,16,1024,4096,1,256,512,,,,"ERROR: Could not find hyperparameters for the kernel instance corresponding to the target (batch_size, a, b, c, d, preci"
group1,4,16,1024,4096,1,256,1024,,,,"ERROR: Could not find hyperparameters for the kernel instance corresponding to the target (batch_size, a, b, c, d, preci"
group1,4,16,1024,4096,1,256,2048,,,,"ERROR: Could not find hyperparameters for the kernel instance corresponding to the target (batch_size, a, b, c, d, preci"
group1,4,16,1024,4096,1,256,4096,,,,"ERROR: Could not find hyperparameters for the kernel instance corresponding to the target (batch_size, a, b, c, d, preci"
group1,4,16,1024,4096,2,128,2,,,,"ERROR: Could not find hyperparameters for the kernel instance corresponding to the target (batch_size, a, b, c, d, preci"
group1,4,16,1024,4096,2,128,4,,,,"ERROR: Could not find hyperparameters for the kernel instance corresponding to the target (batch_size, a, b, c, d, preci"
group1,4,16,1024,4096,2,128,8,,,,"ERROR: Could not find hyperparameters for the kernel instance corresponding to the target (batch_size, a, b, c, d, preci"
group1,4,16,1024,4096,2,128,16,,,,"ERROR: Could not find hyperparameters for the kernel instance corresponding to the target (batch_size, a, b, c, d, preci"
group1,4,16,1024,4096,2,128,32,,,,"ERROR: Could not find hyperparameters for the kernel instance corresponding to the target (batch_size, a, b, c, d, preci"
group1,4,16,1024,4096,2,128,64,,,,"ERROR: Could not find hyperparameters for the kernel instance corresponding to the target (batch_size, a, b, c, d, preci"
group1,4,16,1024,4096,2,128,128,,,,"ERROR: Could not find hyperparameters for the kernel instance corresponding to the target (batch_size, a, b, c, d, preci"
group1,4,16,1024,4096,2,128,256,,,,"ERROR: Could not find hyperparameters for the kernel instance corresponding to the target (batch_size, a, b, c, d, preci"
group1,4,16,1024,4096,2,128,512,,,,"ERROR: Could not find hyperparameters for the kernel instance corresponding to the target (batch_size, a, b, c, d, preci"
group1,4,16,1024,4096,2,128,1024,,,,"ERROR: Could not find hyperparameters for the kernel instance corresponding to the target (batch_size, a, b, c, d, preci"
group1,4,16,1024,4096,2,128,2048,,,,"ERROR: Could not find hyperparameters for the kernel instance corresponding to the target (batch_size, a, b, c, d, preci"
group1,4,16,1024,4096,2,128,4096,,,,"ERROR: Could not find hyperparameters for the kernel instance corresponding to the target (batch_size, a, b, c, d, preci"
group1,4,16,1024,4096,4,64,2,,,,"ERROR: Could not find hyperparameters for the kernel instance corresponding to the target (batch_size, a, b, c, d, preci"
group1,4,16,1024,4096,4,64,4,,,,"ERROR: Could not find hyperparameters for the kernel instance corresponding to the target (batch_size, a, b, c, d, preci"
group1,4,16,1024,4096,4,64,8,,,,"ERROR: Could not find hyperparameters for the kernel instance corresponding to the target (batch_size, a, b, c, d, preci"
group1,4,16,1024,4096,4,64,16,,,,"ERROR: Could not find hyperparameters for the kernel instance corresponding to the target (batch_size, a, b, c, d, preci"
group1,4,16,1024,4096,4,64,32,,,,"ERROR: Could not find hyperparameters for the kernel instance corresponding to the target (batch_size, a, b, c, d, preci"
group1,4,16,1024,4096,4,64,64,,,,"ERROR: Could not find hyperparameters for the kernel instance corresponding to the target (batch_size, a, b, c, d, preci"
group1,4,16,1024,4096,4,64,128,,,,"ERROR: Could not find hyperparameters for the kernel instance corresponding to the target (batch_size, a, b, c, d, preci"
group1,4,16,1024,4096,4,64,256,,,,"ERROR: Could not find hyperparameters for the kernel instance corresponding to the target (batch_size, a, b, c, d, preci"
group1,4,16,1024,4096,4,64,512,,,,"ERROR: Could not find hyperparameters for the kernel instance corresponding to the target (batch_size, a, b, c, d, preci"
group1,4,16,1024,4096,4,64,1024,,,,"ERROR: Could not find hyperparameters for the kernel instance corresponding to the target (batch_size, a, b, c, d, preci"
group1,4,16,1024,4096,4,64,2048,,,,"ERROR: Could not find hyperparameters for the kernel instance corresponding to the target (batch_size, a, b, c, d, preci"
group1,4,16,1024,4096,4,64,4096,,,,"ERROR: Could not find hyperparameters for the kernel instance corresponding to the target (batch_size, a, b, c, d, preci"
group1,4,16,1024,4096,8,32,2,,,,"ERROR: Could not find hyperparameters for the kernel instance corresponding to the target (batch_size, a, b, c, d, preci"
group1,4,16,1024,4096,8,32,4,,,,"ERROR: Could not find hyperparameters for the kernel instance corresponding to the target (batch_size, a, b, c, d, preci"
group1,4,16,1024,4096,8,32,8,,,,"ERROR: Could not find hyperparameters for the kernel instance corresponding to the target (batch_size, a, b, c, d, preci"
group1,4,16,1024,4096,8,32,16,,,,"ERROR: Could not find hyperparameters for the kernel instance corresponding to the target (batch_size, a, b, c, d, preci"
group1,4,16,1024,4096,8,32,32,,,,"ERROR: Could not find hyperparameters for the kernel instance corresponding to the target (batch_size, a, b, c, d, preci"
group1,4,16,1024,4096,8,32,64,,,,"ERROR: Could not find hyperparameters for the kernel instance corresponding to the target (batch_size, a, b, c, d, preci"
group1,4,16,1024,4096,8,32,128,,,,"ERROR: Could not find hyperparameters for the kernel instance corresponding to the target (batch_size, a, b, c, d, preci"
group1,4,16,1024,4096,8,32,256,,,,"ERROR: Could not find hyperparameters for the kernel instance corresponding to the target (batch_size, a, b, c, d, preci"
group1,4,16,1024,4096,8,32,512,,,,"ERROR: Could not find hyperparameters for the kernel instance corresponding to the target (batch_size, a, b, c, d, preci"
group1,4,16,1024,4096,8,32,1024,,,,"ERROR: Could not find hyperparameters for the kernel instance corresponding to the target (batch_size, a, b, c, d, preci"
group1,4,16,1024,4096,8,32,2048,,,,"ERROR: Could not find hyperparameters for the kernel instance corresponding to the target (batch_size, a, b, c, d, preci"
group1,4,16,1024,4096,8,32,4096,,,,"ERROR: Could not find hyperparameters for the kernel instance corresponding to the target (batch_size, a, b, c, d, preci"
group1,4,16,1024,4096,16,16,2,,,,"ERROR: Could not find hyperparameters for the kernel instance corresponding to the target (batch_size, a, b, c, d, preci"
group1,4,16,1024,4096,16,16,4,,,,"ERROR: Could not find hyperparameters for the kernel instance corresponding to the target (batch_size, a, b, c, d, preci"
group1,4,16,1024,4096,16,16,8,,,,"ERROR: Could not find hyperparameters for the kernel instance corresponding to the target (batch_size, a, b, c, d, preci"
group1,4,16,1024,4096,16,16,16,,,,"ERROR: Could not find hyperparameters for the kernel instance corresponding to the target (batch_size, a, b, c, d, preci"
group1,4,16,1024,4096,16,16,32,,,,"ERROR: Could not find hyperparameters for the kernel instance corresponding to the target (batch_size, a, b, c, d, preci"
group1,4,16,1024,4096,16,16,64,,,,"ERROR: Could not find hyperparameters for the kernel instance corresponding to the target (batch_size, a, b, c, d, preci"
group1,4,16,1024,4096,16,16,128,,,,"ERROR: Could not find hyperparameters for the kernel instance corresponding to the target (batch_size, a, b, c, d, preci"
group1,4,16,1024,4096,16,16,256,,,,"ERROR: Could not find hyperparameters for the kernel instance corresponding to the target (batch_size, a, b, c, d, preci"
group1,4,16,1024,4096,16,16,512,,,,"ERROR: Could not find hyperparameters for the kernel instance corresponding to the target (batch_size, a, b, c, d, preci"
group1,4,16,1024,4096,16,16,1024,,,,"ERROR: Could not find hyperparameters for the kernel instance corresponding to the target (batch_size, a, b, c, d, preci"
group1,4,16,1024,4096,16,16,2048,,,,"ERROR: Could not find hyperparameters for the kernel instance corresponding to the target (batch_size, a, b, c, d, preci"
group1,4,16,1024,4096,16,16,4096,,,,"ERROR: Could not find hyperparameters for the kernel instance corresponding to the target (batch_size, a, b, c, d, preci"
group1,4,16,1024,4096,32,8,2,,,,"ERROR: Could not find hyperparameters for the kernel instance corresponding to the target (batch_size, a, b, c, d, preci"
group1,4,16,1024,4096,32,8,4,,,,"ERROR: Could not find hyperparameters for the kernel instance corresponding to the target (batch_size, a, b, c, d, preci"
group1,4,16,1024,4096,32,8,8,,,,"ERROR: Could not find hyperparameters for the kernel instance corresponding to the target (batch_size, a, b, c, d, preci"
group1,4,16,1024,4096,32,8,16,,,,"ERROR: Could not find hyperparameters for the kernel instance corresponding to the target (batch_size, a, b, c, d, preci"
group1,4,16,1024,4096,32,8,32,,,,"ERROR: Could not find hyperparameters for the kernel instance corresponding to the target (batch_size, a, b, c, d, preci"
group1,4,16,1024,4096,32,8,64,,,,"ERROR: Could not find hyperparameters for the kernel instance corresponding to the target (batch_size, a, b, c, d, preci"
group1,4,16,1024,4096,32,8,128,,,,"ERROR: Could not find hyperparameters for the kernel instance corresponding to the target (batch_size, a, b, c, d, preci"
group1,4,16,1024,4096,32,8,256,,,,"ERROR: Could not find hyperparameters for the kernel instance corresponding to the target (batch_size, a, b, c, d, preci"
group1,4,16,1024,4096,32,8,512,,,,"ERROR: Could not find hyperparameters for the kernel instance corresponding to the target (batch_size, a, b, c, d, preci"
group1,4,16,1024,4096,32,8,1024,,,,"ERROR: Could not find hyperparameters for the kernel instance corresponding to the target (batch_size, a, b, c, d, preci"
group1,4,16,1024,4096,32,8,2048,,,,"ERROR: Could not find hyperparameters for the kernel instance corresponding to the target (batch_size, a, b, c, d, preci"
group1,4,16,1024,4096,32,8,4096,,,,"ERROR: Could not find hyperparameters for the kernel instance corresponding to the target (batch_size, a, b, c, d, preci"
group1,4,16,1024,4096,64,4,2,,,,"ERROR: Could not find hyperparameters for the kernel instance corresponding to the target (batch_size, a, b, c, d, preci"
group1,4,16,1024,4096,64,4,4,,,,"ERROR: Could not find hyperparameters for the kernel instance corresponding to the target (batch_size, a, b, c, d, preci"
group1,4,16,1024,4096,64,4,8,,,,"ERROR: Could not find hyperparameters for the kernel instance corresponding to the target (batch_size, a, b, c, d, preci"
group1,4,16,1024,4096,64,4,16,,,,"ERROR: Could not find hyperparameters for the kernel instance corresponding to the target (batch_size, a, b, c, d, preci"
group1,4,16,1024,4096,64,4,32,,,,"ERROR: Could not find hyperparameters for the kernel instance corresponding to the target (batch_size, a, b, c, d, preci"
group1,4,16,1024,4096,64,4,64,,,,"ERROR: Could not find hyperparameters for the kernel instance corresponding to the target (batch_size, a, b, c, d, preci"
group1,4,16,1024,4096,64,4,128,,,,"ERROR: Could not find hyperparameters for the kernel instance corresponding to the target (batch_size, a, b, c, d, preci"
group1,4,16,1024,4096,64,4,256,,,,"ERROR: Could not find hyperparameters for the kernel instance corresponding to the target (batch_size, a, b, c, d, preci"
group1,4,16,1024,4096,64,4,512,,,,"ERROR: Could not find hyperparameters for the kernel instance corresponding to the target (batch_size, a, b, c, d, preci"
group1,4,16,1024,4096,64,4,1024,,,,"ERROR: Could not find hyperparameters for the kernel instance corresponding to the target (batch_size, a, b, c, d, preci"
group1,4,16,1024,4096,64,4,2048,,,,"ERROR: Could not find hyperparameters for the kernel instance corresponding to the target (batch_size, a, b, c, d, preci"
group1,4,16,1024,4096,64,4,4096,,,,"ERROR: Could not find hyperparameters for the kernel instance corresponding to the target (batch_size, a, b, c, d, preci"
group1,4,16,1024,4096,128,2,2,,,,"ERROR: Could not find hyperparameters for the kernel instance corresponding to the target (batch_size, a, b, c, d, preci"
group1,4,16,1024,4096,128,2,4,,,,"ERROR: Could not find hyperparameters for the kernel instance corresponding to the target (batch_size, a, b, c, d, preci"
group1,4,16,1024,4096,128,2,8,,,,"ERROR: Could not find hyperparameters for the kernel instance corresponding to the target (batch_size, a, b, c, d, preci"
group1,4,16,1024,4096,128,2,16,,,,"ERROR: Could not find hyperparameters for the kernel instance corresponding to the target (batch_size, a, b, c, d, preci"
group1,4,16,1024,4096,128,2,32,,,,"ERROR: Could not find hyperparameters for the kernel instance corresponding to the target (batch_size, a, b, c, d, preci"
group1,4,16,1024,4096,128,2,64,,,,"ERROR: Could not find hyperparameters for the kernel instance corresponding to the target (batch_size, a, b, c, d, preci"
group1,4,16,1024,4096,128,2,128,,,,"ERROR: Could not find hyperparameters for the kernel instance corresponding to the target (batch_size, a, b, c, d, preci"
group1,4,16,1024,4096,128,2,256,,,,"ERROR: Could not find hyperparameters for the kernel instance corresponding to the target (batch_size, a, b, c, d, preci"
group1,4,16,1024,4096,128,2,512,,,,"ERROR: Could not find hyperparameters for the kernel instance corresponding to the target (batch_size, a, b, c, d, preci"
group1,4,16,1024,4096,128,2,1024,,,,"ERROR: Could not find hyperparameters for the kernel instance corresponding to the target (batch_size, a, b, c, d, preci"
group1,4,16,1024,4096,128,2,2048,,,,"ERROR: Could not find hyperparameters for the kernel instance corresponding to the target (batch_size, a, b, c, d, preci"
group1,4,16,1024,4096,128,2,4096,,,,"ERROR: Could not find hyperparameters for the kernel instance corresponding to the target (batch_size, a, b, c, d, preci"
group1,4,16,1024,4096,256,1,2,,,,"ERROR: Could not find hyperparameters for the kernel instance corresponding to the target (batch_size, a, b, c, d, preci"
group1,4,16,1024,4096,256,1,4,,,,"ERROR: Could not find hyperparameters for the kernel instance corresponding to the target (batch_size, a, b, c, d, preci"
group1,4,16,1024,4096,256,1,8,,,,"ERROR: Could not find hyperparameters for the kernel instance corresponding to the target (batch_size, a, b, c, d, preci"
group1,4,16,1024,4096,256,1,16,,,,"ERROR: Could not find hyperparameters for the kernel instance corresponding to the target (batch_size, a, b, c, d, preci"
group1,4,16,1024,4096,256,1,32,,,,"ERROR: Could not find hyperparameters for the kernel instance corresponding to the target (batch_size, a, b, c, d, preci"
group1,4,16,1024,4096,256,1,64,,,,"ERROR: Could not find hyperparameters for the kernel instance corresponding to the target (batch_size, a, b, c, d, preci"
group1,4,16,1024,4096,256,1,128,,,,"ERROR: Could not find hyperparameters for the kernel instance corresponding to the target (batch_size, a, b, c, d, preci"
group1,4,16,1024,4096,256,1,256,,,,"ERROR: Could not find hyperparameters for the kernel instance corresponding to the target (batch_size, a, b, c, d, preci"
group1,4,16,1024,4096,256,1,512,,,,"ERROR: Could not find hyperparameters for the kernel instance corresponding to the target (batch_size, a, b, c, d, preci"
group1,4,16,1024,4096,256,1,1024,,,,"ERROR: Could not find hyperparameters for the kernel instance corresponding to the target (batch_size, a, b, c, d, preci"
group1,4,16,1024,4096,256,1,2048,,,,"ERROR: Could not find hyperparameters for the kernel instance corresponding to the target (batch_size, a, b, c, d, preci"
group1,4,16,1024,4096,256,1,4096,,,,"ERROR: Could not find hyperparameters for the kernel instance corresponding to the target (batch_size, a, b, c, d, preci"
group1,4,32,512,4096,1,128,2,,,,"ERROR: Could not find hyperparameters for the kernel instance corresponding to the target (batch_size, a, b, c, d, preci"
group1,4,32,512,4096,1,128,4,,,,"ERROR: Could not find hyperparameters for the kernel instance corresponding to the target (batch_size, a, b, c, d, preci"
group1,4,32,512,4096,1,128,8,,,,"ERROR: Could not find hyperparameters for the kernel instance corresponding to the target (batch_size, a, b, c, d, preci"
group1,4,32,512,4096,1,128,16,,,,"ERROR: Could not find hyperparameters for the kernel instance corresponding to the target (batch_size, a, b, c, d, preci"
group1,4,32,512,4096,1,128,32,,,,"ERROR: Could not find hyperparameters for the kernel instance corresponding to the target (batch_size, a, b, c, d, preci"
group1,4,32,512,4096,1,128,64,,,,"ERROR: Could not find hyperparameters for the kernel instance corresponding to the target (batch_size, a, b, c, d, preci"
group1,4,32,512,4096,1,128,128,,,,"ERROR: Could not find hyperparameters for the kernel instance corresponding to the target (batch_size, a, b, c, d, preci"
group1,4,32,512,4096,1,128,256,,,,"ERROR: Could not find hyperparameters for the kernel instance corresponding to the target (batch_size, a, b, c, d, preci"
group1,4,32,512,4096,1,128,512,,,,"ERROR: Could not find hyperparameters for the kernel instance corresponding to the target (batch_size, a, b, c, d, preci"
group1,4,32,512,4096,1,128,1024,,,,"ERROR: Could not find hyperparameters for the kernel instance corresponding to the target (batch_size, a, b, c, d, preci"
group1,4,32,512,4096,1,128,2048,,,,"ERROR: Could not find hyperparameters for the kernel instance corresponding to the target (batch_size, a, b, c, d, preci"
group1,4,32,512,4096,1,128,4096,,,,"ERROR: Could not find hyperparameters for the kernel instance corresponding to the target (batch_size, a, b, c, d, preci"
group1,4,32,512,4096,2,64,2,,,,"ERROR: Could not find hyperparameters for the kernel instance corresponding to the target (batch_size, a, b, c, d, preci"
group1,4,32,512,4096,2,64,4,,,,"ERROR: Could not find hyperparameters for the kernel instance corresponding to the target (batch_size, a, b, c, d, preci"
group1,4,32,512,4096,2,64,8,,,,"ERROR: Could not find hyperparameters for the kernel instance corresponding to the target (batch_size, a, b, c, d, preci"
group1,4,32,512,4096,2,64,16,,,,"ERROR: Could not find hyperparameters for the kernel instance corresponding to the target (batch_size, a, b, c, d, preci"
group1,4,32,512,4096,2,64,32,,,,"ERROR: Could not find hyperparameters for the kernel instance corresponding to the target (batch_size, a, b, c, d, preci"
group1,4,32,512,4096,2,64,64,,,,"ERROR: Could not find hyperparameters for the kernel instance corresponding to the target (batch_size, a, b, c, d, preci"
group1,4,32,512,4096,2,64,128,,,,"ERROR: Could not find hyperparameters for the kernel instance corresponding to the target (batch_size, a, b, c, d, preci"
group1,4,32,512,4096,2,64,256,,,,"ERROR: Could not find hyperparameters for the kernel instance corresponding to the target (batch_size, a, b, c, d, preci"
group1,4,32,512,4096,2,64,512,,,,"ERROR: Could not find hyperparameters for the kernel instance corresponding to the target (batch_size, a, b, c, d, preci"
group1,4,32,512,4096,2,64,1024,,,,"ERROR: Could not find hyperparameters for the kernel instance corresponding to the target (batch_size, a, b, c, d, preci"
group1,4,32,512,4096,2,64,2048,,,,"ERROR: Could not find hyperparameters for the kernel instance corresponding to the target (batch_size, a, b, c, d, preci"
group1,4,32,512,4096,2,64,4096,,,,"ERROR: Could not find hyperparameters for the kernel instance corresponding to the target (batch_size, a, b, c, d, preci"
group1,4,32,512,4096,4,32,2,,,,"ERROR: Could not find hyperparameters for the kernel instance corresponding to the target (batch_size, a, b, c, d, preci"
group1,4,32,512,4096,4,32,4,,,,"ERROR: Could not find hyperparameters for the kernel instance corresponding to the target (batch_size, a, b, c, d, preci"
group1,4,32,512,4096,4,32,8,,,,"ERROR: Could not find hyperparameters for the kernel instance corresponding to the target (batch_size, a, b, c, d, preci"
group1,4,32,512,4096,4,32,16,,,,"ERROR: Could not find hyperparameters for the kernel instance corresponding to the target (batch_size, a, b, c, d, preci"
group1,4,32,512,4096,4,32,32,,,,"ERROR: Could not find hyperparameters for the kernel instance corresponding to the target (batch_size, a, b, c, d, preci"
group1,4,32,512,4096,4,32,64,,,,"ERROR: Could not find hyperparameters for the kernel instance corresponding to the target (batch_size, a, b, c, d, preci"
group1,4,32,512,4096,4,32,128,,,,"ERROR: Could not find hyperparameters for the kernel instance corresponding to the target (batch_size, a, b, c, d, preci"
group1,4,32,512,4096,4,32,256,,,,"ERROR: Could not find hyperparameters for the kernel instance corresponding to the target (batch_size, a, b, c, d, preci"
group1,4,32,512,4096,4,32,512,,,,"ERROR: Could not find hyperparameters for the kernel instance corresponding to the target (batch_size, a, b, c, d, preci"
group1,4,32,512,4096,4,32,1024,,,,"ERROR: Could not find hyperparameters for the kernel instance corresponding to the target (batch_size, a, b, c, d, preci"
group1,4,32,512,4096,4,32,2048,,,,"ERROR: Could not find hyperparameters for the kernel instance corresponding to the target (batch_size, a, b, c, d, preci"
group1,4,32,512,4096,4,32,4096,,,,"ERROR: Could not find hyperparameters for the kernel instance corresponding to the target (batch_size, a, b, c, d, preci"
group1,4,32,512,4096,8,16,2,,,,"ERROR: Could not find hyperparameters for the kernel instance corresponding to the target (batch_size, a, b, c, d, preci"
group1,4,32,512,4096,8,16,4,,,,"ERROR: Could not find hyperparameters for the kernel instance corresponding to the target (batch_size, a, b, c, d, preci"
group1,4,32,512,4096,8,16,8,,,,"ERROR: Could not find hyperparameters for the kernel instance corresponding to the target (batch_size, a, b, c, d, preci"
group1,4,32,512,4096,8,16,16,,,,"ERROR: Could not find hyperparameters for the kernel instance corresponding to the target (batch_size, a, b, c, d, preci"
group1,4,32,512,4096,8,16,32,,,,"ERROR: Could not find hyperparameters for the kernel instance corresponding to the target (batch_size, a, b, c, d, preci"
group1,4,32,512,4096,8,16,64,,,,"ERROR: Could not find hyperparameters for the kernel instance corresponding to the target (batch_size, a, b, c, d, preci"
group1,4,32,512,4096,8,16,128,,,,"ERROR: Could not find hyperparameters for the kernel instance corresponding to the target (batch_size, a, b, c, d, preci"
group1,4,32,512,4096,8,16,256,,,,"ERROR: Could not find hyperparameters for the kernel instance corresponding to the target (batch_size, a, b, c, d, preci"
group1,4,32,512,4096,8,16,512,,,,"ERROR: Could not find hyperparameters for the kernel instance corresponding to the target (batch_size, a, b, c, d, preci"
group1,4,32,512,4096,8,16,1024,,,,"ERROR: Could not find hyperparameters for the kernel instance corresponding to the target (batch_size, a, b, c, d, preci"
group1,4,32,512,4096,8,16,2048,,,,"ERROR: Could not find hyperparameters for the kernel instance corresponding to the target (batch_size, a, b, c, d, preci"
group1,4,32,512,4096,8,16,4096,,,,"ERROR: Could not find hyperparameters for the kernel instance corresponding to the target (batch_size, a, b, c, d, preci"
group1,4,32,512,4096,16,8,2,,,,"ERROR: Could not find hyperparameters for the kernel instance corresponding to the target (batch_size, a, b, c, d, preci"
group1,4,32,512,4096,16,8,4,,,,"ERROR: Could not find hyperparameters for the kernel instance corresponding to the target (batch_size, a, b, c, d, preci"
group1,4,32,512,4096,16,8,8,,,,"ERROR: Could not find hyperparameters for the kernel instance corresponding to the target (batch_size, a, b, c, d, preci"
group1,4,32,512,4096,16,8,16,,,,"ERROR: Could not find hyperparameters for the kernel instance corresponding to the target (batch_size, a, b, c, d, preci"
group1,4,32,512,4096,16,8,32,,,,"ERROR: Could not find hyperparameters for the kernel instance corresponding to the target (batch_size, a, b, c, d, preci"
group1,4,32,512,4096,16,8,64,,,,"ERROR: Could not find hyperparameters for the kernel instance corresponding to the target (batch_size, a, b, c, d, preci"
group1,4,32,512,4096,16,8,128,,,,"ERROR: Could not find hyperparameters for the kernel instance corresponding to the target (batch_size, a, b, c, d, preci"
group1,4,32,512,4096,16,8,256,,,,"ERROR: Could not find hyperparameters for the kernel instance corresponding to the target (batch_size, a, b, c, d, preci"
group1,4,32,512,4096,16,8,512,,,,"ERROR: Could not find hyperparameters for the kernel instance corresponding to the target (batch_size, a, b, c, d, preci"
group1,4,32,512,4096,16,8,1024,,,,"ERROR: Could not find hyperparameters for the kernel instance corresponding to the target (batch_size, a, b, c, d, preci"
group1,4,32,512,4096,16,8,2048,,,,"ERROR: Could not find hyperparameters for the kernel instance corresponding to the target (batch_size, a, b, c, d, preci"
group1,4,32,512,4096,16,8,4096,,,,"ERROR: Could not find hyperparameters for the kernel instance corresponding to the target (batch_size, a, b, c, d, preci"
group1,4,32,512,4096,32,4,2,,,,"ERROR: Could not find hyperparameters for the kernel instance corresponding to the target (batch_size, a, b, c, d, preci"
group1,4,32,512,4096,32,4,4,,,,"ERROR: Could not find hyperparameters for the kernel instance corresponding to the target (batch_size, a, b, c, d, preci"
group1,4,32,512,4096,32,4,8,,,,"ERROR: Could not find hyperparameters for the kernel instance corresponding to the target (batch_size, a, b, c, d, preci"
group1,4,32,512,4096,32,4,16,,,,"ERROR: Could not find hyperparameters for the kernel instance corresponding to the target (batch_size, a, b, c, d, preci"
group1,4,32,512,4096,32,4,32,,,,"ERROR: Could not find hyperparameters for the kernel instance corresponding to the target (batch_size, a, b, c, d, preci"
group1,4,32,512,4096,32,4,64,,,,"ERROR: Could not find hyperparameters for the kernel instance corresponding to the target (batch_size, a, b, c, d, preci"
group1,4,32,512,4096,32,4,128,,,,"ERROR: Could not find hyperparameters for the kernel instance corresponding to the target (batch_size, a, b, c, d, preci"
group1,4,32,512,4096,32,4,256,,,,"ERROR: Could not find hyperparameters for the kernel instance corresponding to the target (batch_size, a, b, c, d, preci"
group1,4,32,512,4096,32,4,512,,,,"ERROR: Could not find hyperparameters for the kernel instance corresponding to the target (batch_size, a, b, c, d, preci"
group1,4,32,512,4096,32,4,1024,,,,"ERROR: Could not find hyperparameters for the kernel instance corresponding to the target (batch_size, a, b, c, d, preci"
group1,4,32,512,4096,32,4,2048,,,,"ERROR: Could not find hyperparameters for the kernel instance corresponding to the target (batch_size, a, b, c, d, preci"
group1,4,32,512,4096,32,4,4096,,,,"ERROR: Could not find hyperparameters for the kernel instance corresponding to the target (batch_size, a, b, c, d, preci"
group1,4,32,512,4096,64,2,2,,,,"ERROR: Could not find hyperparameters for the kernel instance corresponding to the target (batch_size, a, b, c, d, preci"
group1,4,32,512,4096,64,2,4,,,,"ERROR: Could not find hyperparameters for the kernel instance corresponding to the target (batch_size, a, b, c, d, preci"
group1,4,32,512,4096,64,2,8,,,,"ERROR: Could not find hyperparameters for the kernel instance corresponding to the target (batch_size, a, b, c, d, preci"
group1,4,32,512,4096,64,2,16,,,,"ERROR: Could not find hyperparameters for the kernel instance corresponding to the target (batch_size, a, b, c, d, preci"
group1,4,32,512,4096,64,2,32,,,,"ERROR: Could not find hyperparameters for the kernel instance corresponding to the target (batch_size, a, b, c, d, preci"
group1,4,32,512,4096,64,2,64,,,,"ERROR: Could not find hyperparameters for the kernel instance corresponding to the target (batch_size, a, b, c, d, preci"
group1,4,32,512,4096,64,2,128,,,,"ERROR: Could not find hyperparameters for the kernel instance corresponding to the target (batch_size, a, b, c, d, preci"
group1,4,32,512,4096,64,2,256,,,,"ERROR: Could not find hyperparameters for the kernel instance corresponding to the target (batch_size, a, b, c, d, preci"
group1,4,32,512,4096,64,2,512,,,,"ERROR: Could not find hyperparameters for the kernel instance corresponding to the target (batch_size, a, b, c, d, preci"
group1,4,32,512,4096,64,2,1024,,,,"ERROR: Could not find hyperparameters for the kernel instance corresponding to the target (batch_size, a, b, c, d, preci"
group1,4,32,512,4096,64,2,2048,,,,"ERROR: Could not find hyperparameters for the kernel instance corresponding to the target (batch_size, a, b, c, d, preci"
group1,4,32,512,4096,64,2,4096,,,,"ERROR: Could not find hyperparameters for the kernel instance corresponding to the target (batch_size, a, b, c, d, preci"
group1,4,32,512,4096,128,1,2,,,,"ERROR: Could not find hyperparameters for the kernel instance corresponding to the target (batch_size, a, b, c, d, preci"
group1,4,32,512,4096,128,1,4,,,,"ERROR: Could not find hyperparameters for the kernel instance corresponding to the target (batch_size, a, b, c, d, preci"
group1,4,32,512,4096,128,1,8,,,,"ERROR: Could not find hyperparameters for the kernel instance corresponding to the target (batch_size, a, b, c, d, preci"
group1,4,32,512,4096,128,1,16,,,,"ERROR: Could not find hyperparameters for the kernel instance corresponding to the target (batch_size, a, b, c, d, preci"
group1,4,32,512,4096,128,1,32,,,,"ERROR: Could not find hyperparameters for the kernel instance corresponding to the target (batch_size, a, b, c, d, preci"
group1,4,32,512,4096,128,1,64,,,,"ERROR: Could not find hyperparameters for the kernel instance corresponding to the target (batch_size, a, b, c, d, preci"
group1,4,32,512,4096,128,1,128,,,,"ERROR: Could not find hyperparameters for the kernel instance corresponding to the target (batch_size, a, b, c, d, preci"
group1,4,32,512,4096,128,1,256,,,,"ERROR: Could not find hyperparameters for the kernel instance corresponding to the target (batch_size, a, b, c, d, preci"
group1,4,32,512,4096,128,1,512,,,,"ERROR: Could not find hyperparameters for the kernel instance corresponding to the target (batch_size, a, b, c, d, preci"
group1,4,32,512,4096,128,1,1024,,,,"ERROR: Could not find hyperparameters for the kernel instance corresponding to the target (batch_size, a, b, c, d, preci"
group1,4,32,512,4096,128,1,2048,,,,"ERROR: Could not find hyperparameters for the kernel instance corresponding to the target (batch_size, a, b, c, d, preci"
group1,4,32,512,4096,128,1,4096,,,,"ERROR: Could not find hyperparameters for the kernel instance corresponding to the target (batch_size, a, b, c, d, preci"
group1,8,2,2048,512,1,256,2,,,,"ERROR: Could not find hyperparameters for the kernel instance corresponding to the target (batch_size, a, b, c, d, preci"
group1,8,2,2048,512,1,256,4,,,,"ERROR: Could not find hyperparameters for the kernel instance corresponding to the target (batch_size, a, b, c, d, preci"
group1,8,2,2048,512,1,256,8,,,,"ERROR: Could not find hyperparameters for the kernel instance corresponding to the target (batch_size, a, b, c, d, preci"
group1,8,2,2048,512,1,256,16,,,,"ERROR: Could not find hyperparameters for the kernel instance corresponding to the target (batch_size, a, b, c, d, preci"
group1,8,2,2048,512,1,256,32,,,,"ERROR: Could not find hyperparameters for the kernel instance corresponding to the target (batch_size, a, b, c, d, preci"
group1,8,2,2048,512,1,256,64,,,,"ERROR: Could not find hyperparameters for the kernel instance corresponding to the target (batch_size, a, b, c, d, preci"
group1,8,2,2048,512,1,256,128,,,,"ERROR: Could not find hyperparameters for the kernel instance corresponding to the target (batch_size, a, b, c, d, preci"
group1,8,2,2048,512,1,256,256,,,,"ERROR: Could not find hyperparameters for the kernel instance corresponding to the target (batch_size, a, b, c, d, preci"
group1,8,2,2048,512,1,256,512,,,,"ERROR: Could not find hyperparameters for the kernel instance corresponding to the target (batch_size, a, b, c, d, preci"
group1,8,2,2048,512,1,256,1024,,,,"ERROR: Could not find hyperparameters for the kernel instance corresponding to the target (batch_size, a, b, c, d, preci"
group1,8,2,2048,512,1,256,2048,,,,"ERROR: Could not find hyperparameters for the kernel instance corresponding to the target (batch_size, a, b, c, d, preci"
group1,8,2,2048,512,1,256,4096,,,,"ERROR: Could not find hyperparameters for the kernel instance corresponding to the target (batch_size, a, b, c, d, preci"
group1,8,2,2048,512,2,128,2,,,,"ERROR: Could not find hyperparameters for the kernel instance corresponding to the target (batch_size, a, b, c, d, preci"
group1,8,2,2048,512,2,128,4,,,,"ERROR: Could not find hyperparameters for the kernel instance corresponding to the target (batch_size, a, b, c, d, preci"
group1,8,2,2048,512,2,128,8,,,,"ERROR: Could not find hyperparameters for the kernel instance corresponding to the target (batch_size, a, b, c, d, preci"
group1,8,2,2048,512,2,128,16,,,,"ERROR: Could not find hyperparameters for the kernel instance corresponding to the target (batch_size, a, b, c, d, preci"
group1,8,2,2048,512,2,128,32,,,,"ERROR: Could not find hyperparameters for the kernel instance corresponding to the target (batch_size, a, b, c, d, preci"
group1,8,2,2048,512,2,128,64,,,,"ERROR: Could not find hyperparameters for the kernel instance corresponding to the target (batch_size, a, b, c, d, preci"
group1,8,2,2048,512,2,128,128,,,,"ERROR: Could not find hyperparameters for the kernel instance corresponding to the target (batch_size, a, b, c, d, preci"
group1,8,2,2048,512,2,128,256,,,,"ERROR: Could not find hyperparameters for the kernel instance corresponding to the target (batch_size, a, b, c, d, preci"
group1,8,2,2048,512,2,128,512,,,,"ERROR: Could not find hyperparameters for the kernel instance corresponding to the target (batch_size, a, b, c, d, preci"
group1,8,2,2048,512,2,128,1024,,,,"ERROR: Could not find hyperparameters for the kernel instance corresponding to the target (batch_size, a, b, c, d, preci"
group1,8,2,2048,512,2,128,2048,,,,"ERROR: Could not find hyperparameters for the kernel instance corresponding to the target (batch_size, a, b, c, d, preci"
group1,8,2,2048,512,2,128,4096,,,,"ERROR: Could not find hyperparameters for the kernel instance corresponding to the target (batch_size, a, b, c, d, preci"
group1,8,2,2048,512,4,64,2,,,,"ERROR: Could not find hyperparameters for the kernel instance corresponding to the target (batch_size, a, b, c, d, preci"
group1,8,2,2048,512,4,64,4,,,,"ERROR: Could not find hyperparameters for the kernel instance corresponding to the target (batch_size, a, b, c, d, preci"
group1,8,2,2048,512,4,64,8,,,,"ERROR: Could not find hyperparameters for the kernel instance corresponding to the target (batch_size, a, b, c, d, preci"
group1,8,2,2048,512,4,64,16,,,,"ERROR: Could not find hyperparameters for the kernel instance corresponding to the target (batch_size, a, b, c, d, preci"
group1,8,2,2048,512,4,64,32,,,,"ERROR: Could not find hyperparameters for the kernel instance corresponding to the target (batch_size, a, b, c, d, preci"
group1,8,2,2048,512,4,64,64,,,,"ERROR: Could not find hyperparameters for the kernel instance corresponding to the target (batch_size, a, b, c, d, preci"
group1,8,2,2048,512,4,64,128,,,,"ERROR: Could not find hyperparameters for the kernel instance corresponding to the target (batch_size, a, b, c, d, preci"
group1,8,2,2048,512,4,64,256,,,,"ERROR: Could not find hyperparameters for the kernel instance corresponding to the target (batch_size, a, b, c, d, preci"
group1,8,2,2048,512,4,64,512,,,,"ERROR: Could not find hyperparameters for the kernel instance corresponding to the target (batch_size, a, b, c, d, preci"
group1,8,2,2048,512,4,64,1024,,,,"ERROR: Could not find hyperparameters for the kernel instance corresponding to the target (batch_size, a, b, c, d, preci"
group1,8,2,2048,512,4,64,2048,,,,"ERROR: Could not find hyperparameters for the kernel instance corresponding to the target (batch_size, a, b, c, d, preci"
group1,8,2,2048,512,4,64,4096,,,,"ERROR: Could not find hyperparameters for the kernel instance corresponding to the target (batch_size, a, b, c, d, preci"
group1,8,2,2048,512,8,32,2,,,,"ERROR: Could not find hyperparameters for the kernel instance corresponding to the target (batch_size, a, b, c, d, preci"
group1,8,2,2048,512,8,32,4,,,,"ERROR: Could not find hyperparameters for the kernel instance corresponding to the target (batch_size, a, b, c, d, preci"
group1,8,2,2048,512,8,32,8,,,,"ERROR: Could not find hyperparameters for the kernel instance corresponding to the target (batch_size, a, b, c, d, preci"
group1,8,2,2048,512,8,32,16,,,,"ERROR: Could not find hyperparameters for the kernel instance corresponding to the target (batch_size, a, b, c, d, preci"
group1,8,2,2048,512,8,32,32,,,,"ERROR: Could not find hyperparameters for the kernel instance corresponding to the target (batch_size, a, b, c, d, preci"
group1,8,2,2048,512,8,32,64,,,,"ERROR: Could not find hyperparameters for the kernel instance corresponding to the target (batch_size, a, b, c, d, preci"
group1,8,2,2048,512,8,32,128,,,,"ERROR: Could not find hyperparameters for the kernel instance corresponding to the target (batch_size, a, b, c, d, preci"
group1,8,2,2048,512,8,32,256,,,,"ERROR: Could not find hyperparameters for the kernel instance corresponding to the target (batch_size, a, b, c, d, preci"
group1,8,2,2048,512,8,32,512,,,,"ERROR: Could not find hyperparameters for the kernel instance corresponding to the target (batch_size, a, b, c, d, preci"
group1,8,2,2048,512,8,32,1024,,,,"ERROR: Could not find hyperparameters for the kernel instance corresponding to the target (batch_size, a, b, c, d, preci"
group1,8,2,2048,512,8,32,2048,,,,"ERROR: Could not find hyperparameters for the kernel instance corresponding to the target (batch_size, a, b, c, d, preci"
group1,8,2,2048,512,8,32,4096,,,,"ERROR: Could not find hyperparameters for the kernel instance corresponding to the target (batch_size, a, b, c, d, preci"
group1,8,2,2048,512,16,16,2,,,,"ERROR: Could not find hyperparameters for the kernel instance corresponding to the target (batch_size, a, b, c, d, preci"
group1,8,2,2048,512,16,16,4,,,,"ERROR: Could not find hyperparameters for the kernel instance corresponding to the target (batch_size, a, b, c, d, preci"
group1,8,2,2048,512,16,16,8,,,,"ERROR: Could not find hyperparameters for the kernel instance corresponding to the target (batch_size, a, b, c, d, preci"
group1,8,2,2048,512,16,16,16,,,,"ERROR: Could not find hyperparameters for the kernel instance corresponding to the target (batch_size, a, b, c, d, preci"
group1,8,2,2048,512,16,16,32,,,,"ERROR: Could not find hyperparameters for the kernel instance corresponding to the target (batch_size, a, b, c, d, preci"
group1,8,2,2048,512,16,16,64,,,,"ERROR: Could not find hyperparameters for the kernel instance corresponding to the target (batch_size, a, b, c, d, preci"
group1,8,2,2048,512,16,16,128,,,,"ERROR: Could not find hyperparameters for the kernel instance corresponding to the target (batch_size, a, b, c, d, preci"
group1,8,2,2048,512,16,16,256,,,,"ERROR: Could not find hyperparameters for the kernel instance corresponding to the target (batch_size, a, b, c, d, preci"
group1,8,2,2048,512,16,16,512,,,,"ERROR: Could not find hyperparameters for the kernel instance corresponding to the target (batch_size, a, b, c, d, preci"
group1,8,2,2048,512,16,16,1024,,,,"ERROR: Could not find hyperparameters for the kernel instance corresponding to the target (batch_size, a, b, c, d, preci"
group1,8,2,2048,512,16,16,2048,,,,"ERROR: Could not find hyperparameters for the kernel instance corresponding to the target (batch_size, a, b, c, d, preci"
group1,8,2,2048,512,16,16,4096,,,,"ERROR: Could not find hyperparameters for the kernel instance corresponding to the target (batch_size, a, b, c, d, preci"
group1,8,2,2048,512,32,8,2,,,,"ERROR: Could not find hyperparameters for the kernel instance corresponding to the target (batch_size, a, b, c, d, preci"
group1,8,2,2048,512,32,8,4,,,,"ERROR: Could not find hyperparameters for the kernel instance corresponding to the target (batch_size, a, b, c, d, preci"
group1,8,2,2048,512,32,8,8,,,,"ERROR: Could not find hyperparameters for the kernel instance corresponding to the target (batch_size, a, b, c, d, preci"
group1,8,2,2048,512,32,8,16,,,,"ERROR: Could not find hyperparameters for the kernel instance corresponding to the target (batch_size, a, b, c, d, preci"
group1,8,2,2048,512,32,8,32,,,,"ERROR: Could not find hyperparameters for the kernel instance corresponding to the target (batch_size, a, b, c, d, preci"
group1,8,2,2048,512,32,8,64,,,,"ERROR: Could not find hyperparameters for the kernel instance corresponding to the target (batch_size, a, b, c, d, preci"
group1,8,2,2048,512,32,8,128,,,,"ERROR: Could not find hyperparameters for the kernel instance corresponding to the target (batch_size, a, b, c, d, preci"
group1,8,2,2048,512,32,8,256,,,,"ERROR: Could not find hyperparameters for the kernel instance corresponding to the target (batch_size, a, b, c, d, preci"
group1,8,2,2048,512,32,8,512,,,,"ERROR: Could not find hyperparameters for the kernel instance corresponding to the target (batch_size, a, b, c, d, preci"
group1,8,2,2048,512,32,8,1024,,,,"ERROR: Could not find hyperparameters for the kernel instance corresponding to the target (batch_size, a, b, c, d, preci"
group1,8,2,2048,512,32,8,2048,,,,"ERROR: Could not find hyperparameters for the kernel instance corresponding to the target (batch_size, a, b, c, d, preci"
group1,8,2,2048,512,32,8,4096,,,,"ERROR: Could not find hyperparameters for the kernel instance corresponding to the target (batch_size, a, b, c, d, preci"
group1,8,2,2048,512,64,4,2,,,,"ERROR: Could not find hyperparameters for the kernel instance corresponding to the target (batch_size, a, b, c, d, preci"
group1,8,2,2048,512,64,4,4,,,,"ERROR: Could not find hyperparameters for the kernel instance corresponding to the target (batch_size, a, b, c, d, preci"
group1,8,2,2048,512,64,4,8,,,,"ERROR: Could not find hyperparameters for the kernel instance corresponding to the target (batch_size, a, b, c, d, preci"
group1,8,2,2048,512,64,4,16,,,,"ERROR: Could not find hyperparameters for the kernel instance corresponding to the target (batch_size, a, b, c, d, preci"
group1,8,2,2048,512,64,4,32,,,,"ERROR: Could not find hyperparameters for the kernel instance corresponding to the target (batch_size, a, b, c, d, preci"
group1,8,2,2048,512,64,4,64,,,,"ERROR: Could not find hyperparameters for the kernel instance corresponding to the target (batch_size, a, b, c, d, preci"
group1,8,2,2048,512,64,4,128,,,,"ERROR: Could not find hyperparameters for the kernel instance corresponding to the target (batch_size, a, b, c, d, preci"
group1,8,2,2048,512,64,4,256,,,,"ERROR: Could not find hyperparameters for the kernel instance corresponding to the target (batch_size, a, b, c, d, preci"
group1,8,2,2048,512,64,4,512,,,,"ERROR: Could not find hyperparameters for the kernel instance corresponding to the target (batch_size, a, b, c, d, preci"
group1,8,2,2048,512,64,4,1024,,,,"ERROR: Could not find hyperparameters for the kernel instance corresponding to the target (batch_size, a, b, c, d, preci"
group1,8,2,2048,512,64,4,2048,,,,"ERROR: Could not find hyperparameters for the kernel instance corresponding to the target (batch_size, a, b, c, d, preci"
group1,8,2,2048,512,64,4,4096,,,,"ERROR: Could not find hyperparameters for the kernel instance corresponding to the target (batch_size, a, b, c, d, preci"
group1,8,2,2048,512,128,2,2,,,,"ERROR: Could not find hyperparameters for the kernel instance corresponding to the target (batch_size, a, b, c, d, preci"
group1,8,2,2048,512,128,2,4,,,,"ERROR: Could not find hyperparameters for the kernel instance corresponding to the target (batch_size, a, b, c, d, preci"
group1,8,2,2048,512,128,2,8,,,,"ERROR: Could not find hyperparameters for the kernel instance corresponding to the target (batch_size, a, b, c, d, preci"
group1,8,2,2048,512,128,2,16,,,,"ERROR: Could not find hyperparameters for the kernel instance corresponding to the target (batch_size, a, b, c, d, preci"
group1,8,2,2048,512,128,2,32,,,,"ERROR: Could not find hyperparameters for the kernel instance corresponding to the target (batch_size, a, b, c, d, preci"
group1,8,2,2048,512,128,2,64,,,,"ERROR: Could not find hyperparameters for the kernel instance corresponding to the target (batch_size, a, b, c, d, preci"
group1,8,2,2048,512,128,2,128,,,,"ERROR: Could not find hyperparameters for the kernel instance corresponding to the target (batch_size, a, b, c, d, preci"
group1,8,2,2048,512,128,2,256,,,,"ERROR: Could not find hyperparameters for the kernel instance corresponding to the target (batch_size, a, b, c, d, preci"
group1,8,2,2048,512,128,2,512,,,,"ERROR: Could not find hyperparameters for the kernel instance corresponding to the target (batch_size, a, b, c, d, preci"
group1,8,2,2048,512,128,2,1024,,,,"ERROR: Could not find hyperparameters for the kernel instance corresponding to the target (batch_size, a, b, c, d, preci"
group1,8,2,2048,512,128,2,2048,,,,"ERROR: Could not find hyperparameters for the kernel instance corresponding to the target (batch_size, a, b, c, d, preci"
group1,8,2,2048,512,128,2,4096,,,,"ERROR: Could not find hyperparameters for the kernel instance corresponding to the target (batch_size, a, b, c, d, preci"
group1,8,2,2048,512,256,1,2,,,,"ERROR: Could not find hyperparameters for the kernel instance corresponding to the target (batch_size, a, b, c, d, preci"
group1,8,2,2048,512,256,1,4,,,,"ERROR: Could not find hyperparameters for the kernel instance corresponding to the target (batch_size, a, b, c, d, preci"
group1,8,2,2048,512,256,1,8,,,,"ERROR: Could not find hyperparameters for the kernel instance corresponding to the target (batch_size, a, b, c, d, preci"
group1,8,2,2048,512,256,1,16,,,,"ERROR: Could not find hyperparameters for the kernel instance corresponding to the target (batch_size, a, b, c, d, preci"
group1,8,2,2048,512,256,1,32,,,,"ERROR: Could not find hyperparameters for the kernel instance corresponding to the target (batch_size, a, b, c, d, preci"
group1,8,2,2048,512,256,1,64,,,,"ERROR: Could not find hyperparameters for the kernel instance corresponding to the target (batch_size, a, b, c, d, preci"
group1,8,2,2048,512,256,1,128,,,,"ERROR: Could not find hyperparameters for the kernel instance corresponding to the target (batch_size, a, b, c, d, preci"
group1,8,2,2048,512,256,1,256,,,,"ERROR: Could not find hyperparameters for the kernel instance corresponding to the target (batch_size, a, b, c, d, preci"
group1,8,2,2048,512,256,1,512,,,,"ERROR: Could not find hyperparameters for the kernel instance corresponding to the target (batch_size, a, b, c, d, preci"
group1,8,2,2048,512,256,1,1024,,,,"ERROR: Could not find hyperparameters for the kernel instance corresponding to the target (batch_size, a, b, c, d, preci"
group1,8,2,2048,512,256,1,2048,,,,"ERROR: Could not find hyperparameters for the kernel instance corresponding to the target (batch_size, a, b, c, d, preci"
group1,8,2,2048,512,256,1,4096,,,,"ERROR: Could not find hyperparameters for the kernel instance corresponding to the target (batch_size, a, b, c, d, preci"
group1,8,2,4096,1024,1,512,2,,,,"ERROR: Could not find hyperparameters for the kernel instance corresponding to the target (batch_size, a, b, c, d, preci"
group1,8,2,4096,1024,1,512,4,,,,"ERROR: Could not find hyperparameters for the kernel instance corresponding to the target (batch_size, a, b, c, d, preci"
group1,8,2,4096,1024,1,512,8,,,,"ERROR: Could not find hyperparameters for the kernel instance corresponding to the target (batch_size, a, b, c, d, preci"
group1,8,2,4096,1024,1,512,16,,,,"ERROR: Could not find hyperparameters for the kernel instance corresponding to the target (batch_size, a, b, c, d, preci"
group1,8,2,4096,1024,1,512,32,,,,"ERROR: Could not find hyperparameters for the kernel instance corresponding to the target (batch_size, a, b, c, d, preci"
group1,8,2,4096,1024,1,512,64,,,,"ERROR: Could not find hyperparameters for the kernel instance corresponding to the target (batch_size, a, b, c, d, preci"
group1,8,2,4096,1024,1,512,128,,,,"ERROR: Could not find hyperparameters for the kernel instance corresponding to the target (batch_size, a, b, c, d, preci"
group1,8,2,4096,1024,1,512,256,,,,"ERROR: Could not find hyperparameters for the kernel instance corresponding to the target (batch_size, a, b, c, d, preci"
group1,8,2,4096,1024,1,512,512,,,,"ERROR: Could not find hyperparameters for the kernel instance corresponding to the target (batch_size, a, b, c, d, preci"
group1,8,2,4096,1024,1,512,1024,,,,"ERROR: Could not find hyperparameters for the kernel instance corresponding to the target (batch_size, a, b, c, d, preci"
group1,8,2,4096,1024,1,512,2048,,,,"ERROR: Could not find hyperparameters for the kernel instance corresponding to the target (batch_size, a, b, c, d, preci"
group1,8,2,4096,1024,1,512,4096,,,,"ERROR: Could not find hyperparameters for the kernel instance corresponding to the target (batch_size, a, b, c, d, preci"
group1,8,2,4096,1024,2,256,2,,,,"ERROR: Could not find hyperparameters for the kernel instance corresponding to the target (batch_size, a, b, c, d, preci"
group1,8,2,4096,1024,2,256,4,,,,"ERROR: Could not find hyperparameters for the kernel instance corresponding to the target (batch_size, a, b, c, d, preci"
group1,8,2,4096,1024,2,256,8,,,,"ERROR: Could not find hyperparameters for the kernel instance corresponding to the target (batch_size, a, b, c, d, preci"
group1,8,2,4096,1024,2,256,16,,,,"ERROR: Could not find hyperparameters for the kernel instance corresponding to the target (batch_size, a, b, c, d, preci"
group1,8,2,4096,1024,2,256,32,,,,"ERROR: Could not find hyperparameters for the kernel instance corresponding to the target (batch_size, a, b, c, d, preci"
group1,8,2,4096,1024,2,256,64,,,,"ERROR: Could not find hyperparameters for the kernel instance corresponding to the target (batch_size, a, b, c, d, preci"
group1,8,2,4096,1024,2,256,128,,,,"ERROR: Could not find hyperparameters for the kernel instance corresponding to the target (batch_size, a, b, c, d, preci"
group1,8,2,4096,1024,2,256,256,,,,"ERROR: Could not find hyperparameters for the kernel instance corresponding to the target (batch_size, a, b, c, d, preci"
group1,8,2,4096,1024,2,256,512,,,,"ERROR: Could not find hyperparameters for the kernel instance corresponding to the target (batch_size, a, b, c, d, preci"
group1,8,2,4096,1024,2,256,1024,,,,"ERROR: Could not find hyperparameters for the kernel instance corresponding to the target (batch_size, a, b, c, d, preci"
group1,8,2,4096,1024,2,256,2048,,,,"ERROR: Could not find hyperparameters for the kernel instance corresponding to the target (batch_size, a, b, c, d, preci"
group1,8,2,4096,1024,2,256,4096,,,,"ERROR: Could not find hyperparameters for the kernel instance corresponding to the target (batch_size, a, b, c, d, preci"
group1,8,2,4096,1024,4,128,2,,,,"ERROR: Could not find hyperparameters for the kernel instance corresponding to the target (batch_size, a, b, c, d, preci"
group1,8,2,4096,1024,4,128,4,,,,"ERROR: Could not find hyperparameters for the kernel instance corresponding to the target (batch_size, a, b, c, d, preci"
group1,8,2,4096,1024,4,128,8,,,,"ERROR: Could not find hyperparameters for the kernel instance corresponding to the target (batch_size, a, b, c, d, preci"
group1,8,2,4096,1024,4,128,16,,,,"ERROR: Could not find hyperparameters for the kernel instance corresponding to the target (batch_size, a, b, c, d, preci"
group1,8,2,4096,1024,4,128,32,,,,"ERROR: Could not find hyperparameters for the kernel instance corresponding to the target (batch_size, a, b, c, d, preci"
group1,8,2,4096,1024,4,128,64,,,,"ERROR: Could not find hyperparameters for the kernel instance corresponding to the target (batch_size, a, b, c, d, preci"
group1,8,2,4096,1024,4,128,128,,,,"ERROR: Could not find hyperparameters for the kernel instance corresponding to the target (batch_size, a, b, c, d, preci"
group1,8,2,4096,1024,4,128,256,,,,"ERROR: Could not find hyperparameters for the kernel instance corresponding to the target (batch_size, a, b, c, d, preci"
group1,8,2,4096,1024,4,128,512,,,,"ERROR: Could not find hyperparameters for the kernel instance corresponding to the target (batch_size, a, b, c, d, preci"
group1,8,2,4096,1024,4,128,1024,,,,"ERROR: Could not find hyperparameters for the kernel instance corresponding to the target (batch_size, a, b, c, d, preci"
group1,8,2,4096,1024,4,128,2048,,,,"ERROR: Could not find hyperparameters for the kernel instance corresponding to the target (batch_size, a, b, c, d, preci"
group1,8,2,4096,1024,4,128,4096,,,,"ERROR: Could not find hyperparameters for the kernel instance corresponding to the target (batch_size, a, b, c, d, preci"
group1,8,2,4096,1024,8,64,2,,,,"ERROR: Could not find hyperparameters for the kernel instance corresponding to the target (batch_size, a, b, c, d, preci"
group1,8,2,4096,1024,8,64,4,,,,"ERROR: Could not find hyperparameters for the kernel instance corresponding to the target (batch_size, a, b, c, d, preci"
group1,8,2,4096,1024,8,64,8,,,,"ERROR: Could not find hyperparameters for the kernel instance corresponding to the target (batch_size, a, b, c, d, preci"
group1,8,2,4096,1024,8,64,16,,,,"ERROR: Could not find hyperparameters for the kernel instance corresponding to the target (batch_size, a, b, c, d, preci"
group1,8,2,4096,1024,8,64,32,,,,"ERROR: Could not find hyperparameters for the kernel instance corresponding to the target (batch_size, a, b, c, d, preci"
group1,8,2,4096,1024,8,64,64,,,,"ERROR: Could not find hyperparameters for the kernel instance corresponding to the target (batch_size, a, b, c, d, preci"
group1,8,2,4096,1024,8,64,128,,,,"ERROR: Could not find hyperparameters for the kernel instance corresponding to the target (batch_size, a, b, c, d, preci"
group1,8,2,4096,1024,8,64,256,,,,"ERROR: Could not find hyperparameters for the kernel instance corresponding to the target (batch_size, a, b, c, d, preci"
group1,8,2,4096,1024,8,64,512,,,,"ERROR: Could not find hyperparameters for the kernel instance corresponding to the target (batch_size, a, b, c, d, preci"
group1,8,2,4096,1024,8,64,1024,,,,"ERROR: Could not find hyperparameters for the kernel instance corresponding to the target (batch_size, a, b, c, d, preci"
group1,8,2,4096,1024,8,64,2048,,,,"ERROR: Could not find hyperparameters for the kernel instance corresponding to the target (batch_size, a, b, c, d, preci"
group1,8,2,4096,1024,8,64,4096,,,,"ERROR: Could not find hyperparameters for the kernel instance corresponding to the target (batch_size, a, b, c, d, preci"
group1,8,2,4096,1024,16,32,2,,,,"ERROR: Could not find hyperparameters for the kernel instance corresponding to the target (batch_size, a, b, c, d, preci"
group1,8,2,4096,1024,16,32,4,,,,"ERROR: Could not find hyperparameters for the kernel instance corresponding to the target (batch_size, a, b, c, d, preci"
group1,8,2,4096,1024,16,32,8,,,,"ERROR: Could not find hyperparameters for the kernel instance corresponding to the target (batch_size, a, b, c, d, preci"
group1,8,2,4096,1024,16,32,16,,,,"ERROR: Could not find hyperparameters for the kernel instance corresponding to the target (batch_size, a, b, c, d, preci"
group1,8,2,4096,1024,16,32,32,,,,"ERROR: Could not find hyperparameters for the kernel instance corresponding to the target (batch_size, a, b, c, d, preci"
group1,8,2,4096,1024,16,32,64,,,,"ERROR: Could not find hyperparameters for the kernel instance corresponding to the target (batch_size, a, b, c, d, preci"
group1,8,2,4096,1024,16,32,128,,,,"ERROR: Could not find hyperparameters for the kernel instance corresponding to the target (batch_size, a, b, c, d, preci"
group1,8,2,4096,1024,16,32,256,,,,"ERROR: Could not find hyperparameters for the kernel instance corresponding to the target (batch_size, a, b, c, d, preci"
group1,8,2,4096,1024,16,32,512,,,,"ERROR: Could not find hyperparameters for the kernel instance corresponding to the target (batch_size, a, b, c, d, preci"
group1,8,2,4096,1024,16,32,1024,,,,"ERROR: Could not find hyperparameters for the kernel instance corresponding to the target (batch_size, a, b, c, d, preci"
group1,8,2,4096,1024,16,32,2048,,,,"ERROR: Could not find hyperparameters for the kernel instance corresponding to the target (batch_size, a, b, c, d, preci"
group1,8,2,4096,1024,16,32,4096,,,,"ERROR: Could not find hyperparameters for the kernel instance corresponding to the target (batch_size, a, b, c, d, preci"
group1,8,2,4096,1024,32,16,2,,,,"ERROR: Could not find hyperparameters for the kernel instance corresponding to the target (batch_size, a, b, c, d, preci"
group1,8,2,4096,1024,32,16,4,,,,"ERROR: Could not find hyperparameters for the kernel instance corresponding to the target (batch_size, a, b, c, d, preci"
group1,8,2,4096,1024,32,16,8,,,,"ERROR: Could not find hyperparameters for the kernel instance corresponding to the target (batch_size, a, b, c, d, preci"
group1,8,2,4096,1024,32,16,16,,,,"ERROR: Could not find hyperparameters for the kernel instance corresponding to the target (batch_size, a, b, c, d, preci"
group1,8,2,4096,1024,32,16,32,,,,"ERROR: Could not find hyperparameters for the kernel instance corresponding to the target (batch_size, a, b, c, d, preci"
group1,8,2,4096,1024,32,16,64,,,,"ERROR: Could not find hyperparameters for the kernel instance corresponding to the target (batch_size, a, b, c, d, preci"
group1,8,2,4096,1024,32,16,128,,,,"ERROR: Could not find hyperparameters for the kernel instance corresponding to the target (batch_size, a, b, c, d, preci"
group1,8,2,4096,1024,32,16,256,,,,"ERROR: Could not find hyperparameters for the kernel instance corresponding to the target (batch_size, a, b, c, d, preci"
group1,8,2,4096,1024,32,16,512,,,,"ERROR: Could not find hyperparameters for the kernel instance corresponding to the target (batch_size, a, b, c, d, preci"
group1,8,2,4096,1024,32,16,1024,,,,"ERROR: Could not find hyperparameters for the kernel instance corresponding to the target (batch_size, a, b, c, d, preci"
group1,8,2,4096,1024,32,16,2048,,,,"ERROR: Could not find hyperparameters for the kernel instance corresponding to the target (batch_size, a, b, c, d, preci"
group1,8,2,4096,1024,32,16,4096,,,,"ERROR: Could not find hyperparameters for the kernel instance corresponding to the target (batch_size, a, b, c, d, preci"
group1,8,2,4096,1024,64,8,2,,,,"ERROR: Could not find hyperparameters for the kernel instance corresponding to the target (batch_size, a, b, c, d, preci"
group1,8,2,4096,1024,64,8,4,,,,"ERROR: Could not find hyperparameters for the kernel instance corresponding to the target (batch_size, a, b, c, d, preci"
group1,8,2,4096,1024,64,8,8,,,,"ERROR: Could not find hyperparameters for the kernel instance corresponding to the target (batch_size, a, b, c, d, preci"
group1,8,2,4096,1024,64,8,16,,,,"ERROR: Could not find hyperparameters for the kernel instance corresponding to the target (batch_size, a, b, c, d, preci"
group1,8,2,4096,1024,64,8,32,,,,"ERROR: Could not find hyperparameters for the kernel instance corresponding to the target (batch_size, a, b, c, d, preci"
group1,8,2,4096,1024,64,8,64,,,,"ERROR: Could not find hyperparameters for the kernel instance corresponding to the target (batch_size, a, b, c, d, preci"
group1,8,2,4096,1024,64,8,128,,,,"ERROR: Could not find hyperparameters for the kernel instance corresponding to the target (batch_size, a, b, c, d, preci"
group1,8,2,4096,1024,64,8,256,,,,"ERROR: Could not find hyperparameters for the kernel instance corresponding to the target (batch_size, a, b, c, d, preci"
group1,8,2,4096,1024,64,8,512,,,,"ERROR: Could not find hyperparameters for the kernel instance corresponding to the target (batch_size, a, b, c, d, preci"
group1,8,2,4096,1024,64,8,1024,,,,"ERROR: Could not find hyperparameters for the kernel instance corresponding to the target (batch_size, a, b, c, d, preci"
group1,8,2,4096,1024,64,8,2048,,,,"ERROR: Could not find hyperparameters for the kernel instance corresponding to the target (batch_size, a, b, c, d, preci"
group1,8,2,4096,1024,64,8,4096,,,,"ERROR: Could not find hyperparameters for the kernel instance corresponding to the target (batch_size, a, b, c, d, preci"
group1,8,2,4096,1024,128,4,2,,,,"ERROR: Could not find hyperparameters for the kernel instance corresponding to the target (batch_size, a, b, c, d, preci"
group1,8,2,4096,1024,128,4,4,,,,"ERROR: Could not find hyperparameters for the kernel instance corresponding to the target (batch_size, a, b, c, d, preci"
group1,8,2,4096,1024,128,4,8,,,,"ERROR: Could not find hyperparameters for the kernel instance corresponding to the target (batch_size, a, b, c, d, preci"
group1,8,2,4096,1024,128,4,16,,,,"ERROR: Could not find hyperparameters for the kernel instance corresponding to the target (batch_size, a, b, c, d, preci"
group1,8,2,4096,1024,128,4,32,,,,"ERROR: Could not find hyperparameters for the kernel instance corresponding to the target (batch_size, a, b, c, d, preci"
group1,8,2,4096,1024,128,4,64,,,,"ERROR: Could not find hyperparameters for the kernel instance corresponding to the target (batch_size, a, b, c, d, preci"
group1,8,2,4096,1024,128,4,128,,,,"ERROR: Could not find hyperparameters for the kernel instance corresponding to the target (batch_size, a, b, c, d, preci"
group1,8,2,4096,1024,128,4,256,,,,"ERROR: Could not find hyperparameters for the kernel instance corresponding to the target (batch_size, a, b, c, d, preci"
group1,8,2,4096,1024,128,4,512,,,,"ERROR: Could not find hyperparameters for the kernel instance corresponding to the target (batch_size, a, b, c, d, preci"
group1,8,2,4096,1024,128,4,1024,,,,"ERROR: Could not find hyperparameters for the kernel instance corresponding to the target (batch_size, a, b, c, d, preci"
group1,8,2,4096,1024,128,4,2048,,,,"ERROR: Could not find hyperparameters for the kernel instance corresponding to the target (batch_size, a, b, c, d, preci"
group1,8,2,4096,1024,128,4,4096,,,,"ERROR: Could not find hyperparameters for the kernel instance corresponding to the target (batch_size, a, b, c, d, preci"
group1,8,2,4096,1024,256,2,2,,,,"ERROR: Could not find hyperparameters for the kernel instance corresponding to the target (batch_size, a, b, c, d, preci"
group1,8,2,4096,1024,256,2,4,,,,"ERROR: Could not find hyperparameters for the kernel instance corresponding to the target (batch_size, a, b, c, d, preci"
group1,8,2,4096,1024,256,2,8,,,,"ERROR: Could not find hyperparameters for the kernel instance corresponding to the target (batch_size, a, b, c, d, preci"
group1,8,2,4096,1024,256,2,16,,,,"ERROR: Could not find hyperparameters for the kernel instance corresponding to the target (batch_size, a, b, c, d, preci"
group1,8,2,4096,1024,256,2,32,,,,"ERROR: Could not find hyperparameters for the kernel instance corresponding to the target (batch_size, a, b, c, d, preci"
group1,8,2,4096,1024,256,2,64,,,,"ERROR: Could not find hyperparameters for the kernel instance corresponding to the target (batch_size, a, b, c, d, preci"
group1,8,2,4096,1024,256,2,128,,,,"ERROR: Could not find hyperparameters for the kernel instance corresponding to the target (batch_size, a, b, c, d, preci"
group1,8,2,4096,1024,256,2,256,,,,"ERROR: Could not find hyperparameters for the kernel instance corresponding to the target (batch_size, a, b, c, d, preci"
group1,8,2,4096,1024,256,2,512,,,,"ERROR: Could not find hyperparameters for the kernel instance corresponding to the target (batch_size, a, b, c, d, preci"
group1,8,2,4096,1024,256,2,1024,,,,"ERROR: Could not find hyperparameters for the kernel instance corresponding to the target (batch_size, a, b, c, d, preci"
group1,8,2,4096,1024,256,2,2048,,,,"ERROR: Could not find hyperparameters for the kernel instance corresponding to the target (batch_size, a, b, c, d, preci"
group1,8,2,4096,1024,256,2,4096,,,,"ERROR: Could not find hyperparameters for the kernel instance corresponding to the target (batch_size, a, b, c, d, preci"
group1,8,2,4096,1024,512,1,2,,,,"ERROR: Could not find hyperparameters for the kernel instance corresponding to the target (batch_size, a, b, c, d, preci"
group1,8,2,4096,1024,512,1,4,,,,"ERROR: Could not find hyperparameters for the kernel instance corresponding to the target (batch_size, a, b, c, d, preci"
group1,8,2,4096,1024,512,1,8,,,,"ERROR: Could not find hyperparameters for the kernel instance corresponding to the target (batch_size, a, b, c, d, preci"
group1,8,2,4096,1024,512,1,16,,,,"ERROR: Could not find hyperparameters for the kernel instance corresponding to the target (batch_size, a, b, c, d, preci"
group1,8,2,4096,1024,512,1,32,,,,"ERROR: Could not find hyperparameters for the kernel instance corresponding to the target (batch_size, a, b, c, d, preci"
group1,8,2,4096,1024,512,1,64,,,,"ERROR: Could not find hyperparameters for the kernel instance corresponding to the target (batch_size, a, b, c, d, preci"
group1,8,2,4096,1024,512,1,128,,,,"ERROR: Could not find hyperparameters for the kernel instance corresponding to the target (batch_size, a, b, c, d, preci"
group1,8,2,4096,1024,512,1,256,,,,"ERROR: Could not find hyperparameters for the kernel instance corresponding to the target (batch_size, a, b, c, d, preci"
group1,8,2,4096,1024,512,1,512,,,,"ERROR: Could not find hyperparameters for the kernel instance corresponding to the target (batch_size, a, b, c, d, preci"
group1,8,2,4096,1024,512,1,1024,,,,"ERROR: Could not find hyperparameters for the kernel instance corresponding to the target (batch_size, a, b, c, d, preci"
group1,8,2,4096,1024,512,1,2048,,,,"ERROR: Could not find hyperparameters for the kernel instance corresponding to the target (batch_size, a, b, c, d, preci"
group1,8,2,4096,1024,512,1,4096,,,,"ERROR: Could not find hyperparameters for the kernel instance corresponding to the target (batch_size, a, b, c, d, preci"
group1,8,4,1024,512,1,128,2,,,,"ERROR: Could not find hyperparameters for the kernel instance corresponding to the target (batch_size, a, b, c, d, preci"
group1,8,4,1024,512,1,128,4,,,,"ERROR: Could not find hyperparameters for the kernel instance corresponding to the target (batch_size, a, b, c, d, preci"
group1,8,4,1024,512,1,128,8,,,,"ERROR: Could not find hyperparameters for the kernel instance corresponding to the target (batch_size, a, b, c, d, preci"
group1,8,4,1024,512,1,128,16,,,,"ERROR: Could not find hyperparameters for the kernel instance corresponding to the target (batch_size, a, b, c, d, preci"
group1,8,4,1024,512,1,128,32,,,,"ERROR: Could not find hyperparameters for the kernel instance corresponding to the target (batch_size, a, b, c, d, preci"
group1,8,4,1024,512,1,128,64,,,,"ERROR: Could not find hyperparameters for the kernel instance corresponding to the target (batch_size, a, b, c, d, preci"
group1,8,4,1024,512,1,128,128,,,,"ERROR: Could not find hyperparameters for the kernel instance corresponding to the target (batch_size, a, b, c, d, preci"
group1,8,4,1024,512,1,128,256,,,,"ERROR: Could not find hyperparameters for the kernel instance corresponding to the target (batch_size, a, b, c, d, preci"
group1,8,4,1024,512,1,128,512,,,,"ERROR: Could not find hyperparameters for the kernel instance corresponding to the target (batch_size, a, b, c, d, preci"
group1,8,4,1024,512,1,128,1024,,,,"ERROR: Could not find hyperparameters for the kernel instance corresponding to the target (batch_size, a, b, c, d, preci"
group1,8,4,1024,512,1,128,2048,,,,"ERROR: Could not find hyperparameters for the kernel instance corresponding to the target (batch_size, a, b, c, d, preci"
group1,8,4,1024,512,1,128,4096,,,,"ERROR: Could not find hyperparameters for the kernel instance corresponding to the target (batch_size, a, b, c, d, preci"
group1,8,4,1024,512,2,64,2,,,,"ERROR: Could not find hyperparameters for the kernel instance corresponding to the target (batch_size, a, b, c, d, preci"
group1,8,4,1024,512,2,64,4,,,,"ERROR: Could not find hyperparameters for the kernel instance corresponding to the target (batch_size, a, b, c, d, preci"
group1,8,4,1024,512,2,64,8,,,,"ERROR: Could not find hyperparameters for the kernel instance corresponding to the target (batch_size, a, b, c, d, preci"
group1,8,4,1024,512,2,64,16,,,,"ERROR: Could not find hyperparameters for the kernel instance corresponding to the target (batch_size, a, b, c, d, preci"
group1,8,4,1024,512,2,64,32,,,,"ERROR: Could not find hyperparameters for the kernel instance corresponding to the target (batch_size, a, b, c, d, preci"
group1,8,4,1024,512,2,64,64,,,,"ERROR: Could not find hyperparameters for the kernel instance corresponding to the target (batch_size, a, b, c, d, preci"
group1,8,4,1024,512,2,64,128,,,,"ERROR: Could not find hyperparameters for the kernel instance corresponding to the target (batch_size, a, b, c, d, preci"
group1,8,4,1024,512,2,64,256,,,,"ERROR: Could not find hyperparameters for the kernel instance corresponding to the target (batch_size, a, b, c, d, preci"
group1,8,4,1024,512,2,64,512,,,,"ERROR: Could not find hyperparameters for the kernel instance corresponding to the target (batch_size, a, b, c, d, preci"
group1,8,4,1024,512,2,64,1024,,,,"ERROR: Could not find hyperparameters for the kernel instance corresponding to the target (batch_size, a, b, c, d, preci"
group1,8,4,1024,512,2,64,2048,,,,"ERROR: Could not find hyperparameters for the kernel instance corresponding to the target (batch_size, a, b, c, d, preci"
group1,8,4,1024,512,2,64,4096,,,,"ERROR: Could not find hyperparameters for the kernel instance corresponding to the target (batch_size, a, b, c, d, preci"
group1,8,4,1024,512,4,32,2,,,,"ERROR: Could not find hyperparameters for the kernel instance corresponding to the target (batch_size, a, b, c, d, preci"
group1,8,4,1024,512,4,32,4,,,,"ERROR: Could not find hyperparameters for the kernel instance corresponding to the target (batch_size, a, b, c, d, preci"
group1,8,4,1024,512,4,32,8,,,,"ERROR: Could not find hyperparameters for the kernel instance corresponding to the target (batch_size, a, b, c, d, preci"
group1,8,4,1024,512,4,32,16,,,,"ERROR: Could not find hyperparameters for the kernel instance corresponding to the target (batch_size, a, b, c, d, preci"
group1,8,4,1024,512,4,32,32,,,,"ERROR: Could not find hyperparameters for the kernel instance corresponding to the target (batch_size, a, b, c, d, preci"
group1,8,4,1024,512,4,32,64,,,,"ERROR: Could not find hyperparameters for the kernel instance corresponding to the target (batch_size, a, b, c, d, preci"
group1,8,4,1024,512,4,32,128,,,,"ERROR: Could not find hyperparameters for the kernel instance corresponding to the target (batch_size, a, b, c, d, preci"
group1,8,4,1024,512,4,32,256,,,,"ERROR: Could not find hyperparameters for the kernel instance corresponding to the target (batch_size, a, b, c, d, preci"
group1,8,4,1024,512,4,32,512,,,,"ERROR: Could not find hyperparameters for the kernel instance corresponding to the target (batch_size, a, b, c, d, preci"
group1,8,4,1024,512,4,32,1024,,,,"ERROR: Could not find hyperparameters for the kernel instance corresponding to the target (batch_size, a, b, c, d, preci"
group1,8,4,1024,512,4,32,2048,,,,"ERROR: Could not find hyperparameters for the kernel instance corresponding to the target (batch_size, a, b, c, d, preci"
group1,8,4,1024,512,4,32,4096,,,,"ERROR: Could not find hyperparameters for the kernel instance corresponding to the target (batch_size, a, b, c, d, preci"
group1,8,4,1024,512,8,16,2,,,,"ERROR: Could not find hyperparameters for the kernel instance corresponding to the target (batch_size, a, b, c, d, preci"
group1,8,4,1024,512,8,16,4,,,,"ERROR: Could not find hyperparameters for the kernel instance corresponding to the target (batch_size, a, b, c, d, preci"
group1,8,4,1024,512,8,16,8,,,,"ERROR: Could not find hyperparameters for the kernel instance corresponding to the target (batch_size, a, b, c, d, preci"
group1,8,4,1024,512,8,16,16,,,,"ERROR: Could not find hyperparameters for the kernel instance corresponding to the target (batch_size, a, b, c, d, preci"
group1,8,4,1024,512,8,16,32,,,,"ERROR: Could not find hyperparameters for the kernel instance corresponding to the target (batch_size, a, b, c, d, preci"
group1,8,4,1024,512,8,16,64,,,,"ERROR: Could not find hyperparameters for the kernel instance corresponding to the target (batch_size, a, b, c, d, preci"
group1,8,4,1024,512,8,16,128,,,,"ERROR: Could not find hyperparameters for the kernel instance corresponding to the target (batch_size, a, b, c, d, preci"
group1,8,4,1024,512,8,16,256,,,,"ERROR: Could not find hyperparameters for the kernel instance corresponding to the target (batch_size, a, b, c, d, preci"
group1,8,4,1024,512,8,16,512,,,,"ERROR: Could not find hyperparameters for the kernel instance corresponding to the target (batch_size, a, b, c, d, preci"
group1,8,4,1024,512,8,16,1024,,,,"ERROR: Could not find hyperparameters for the kernel instance corresponding to the target (batch_size, a, b, c, d, preci"
group1,8,4,1024,512,8,16,2048,,,,"ERROR: Could not find hyperparameters for the kernel instance corresponding to the target (batch_size, a, b, c, d, preci"
group1,8,4,1024,512,8,16,4096,,,,"ERROR: Could not find hyperparameters for the kernel instance corresponding to the target (batch_size, a, b, c, d, preci"
group1,8,4,1024,512,16,8,2,,,,"ERROR: Could not find hyperparameters for the kernel instance corresponding to the target (batch_size, a, b, c, d, preci"
group1,8,4,1024,512,16,8,4,,,,"ERROR: Could not find hyperparameters for the kernel instance corresponding to the target (batch_size, a, b, c, d, preci"
group1,8,4,1024,512,16,8,8,,,,"ERROR: Could not find hyperparameters for the kernel instance corresponding to the target (batch_size, a, b, c, d, preci"
group1,8,4,1024,512,16,8,16,,,,"ERROR: Could not find hyperparameters for the kernel instance corresponding to the target (batch_size, a, b, c, d, preci"
group1,8,4,1024,512,16,8,32,,,,"ERROR: Could not find hyperparameters for the kernel instance corresponding to the target (batch_size, a, b, c, d, preci"
group1,8,4,1024,512,16,8,64,,,,"ERROR: Could not find hyperparameters for the kernel instance corresponding to the target (batch_size, a, b, c, d, preci"
group1,8,4,1024,512,16,8,128,,,,"ERROR: Could not find hyperparameters for the kernel instance corresponding to the target (batch_size, a, b, c, d, preci"
group1,8,4,1024,512,16,8,256,,,,"ERROR: Could not find hyperparameters for the kernel instance corresponding to the target (batch_size, a, b, c, d, preci"
group1,8,4,1024,512,16,8,512,,,,"ERROR: Could not find hyperparameters for the kernel instance corresponding to the target (batch_size, a, b, c, d, preci"
group1,8,4,1024,512,16,8,1024,,,,"ERROR: Could not find hyperparameters for the kernel instance corresponding to the target (batch_size, a, b, c, d, preci"
group1,8,4,1024,512,16,8,2048,,,,"ERROR: Could not find hyperparameters for the kernel instance corresponding to the target (batch_size, a, b, c, d, preci"
group1,8,4,1024,512,16,8,4096,,,,"ERROR: Could not find hyperparameters for the kernel instance corresponding to the target (batch_size, a, b, c, d, preci"
group1,8,4,1024,512,32,4,2,,,,"ERROR: Could not find hyperparameters for the kernel instance corresponding to the target (batch_size, a, b, c, d, preci"
group1,8,4,1024,512,32,4,4,,,,"ERROR: Could not find hyperparameters for the kernel instance corresponding to the target (batch_size, a, b, c, d, preci"
group1,8,4,1024,512,32,4,8,,,,"ERROR: Could not find hyperparameters for the kernel instance corresponding to the target (batch_size, a, b, c, d, preci"
group1,8,4,1024,512,32,4,16,,,,"ERROR: Could not find hyperparameters for the kernel instance corresponding to the target (batch_size, a, b, c, d, preci"
group1,8,4,1024,512,32,4,32,,,,"ERROR: Could not find hyperparameters for the kernel instance corresponding to the target (batch_size, a, b, c, d, preci"
group1,8,4,1024,512,32,4,64,,,,"ERROR: Could not find hyperparameters for the kernel instance corresponding to the target (batch_size, a, b, c, d, preci"
group1,8,4,1024,512,32,4,128,,,,"ERROR: Could not find hyperparameters for the kernel instance corresponding to the target (batch_size, a, b, c, d, preci"
group1,8,4,1024,512,32,4,256,,,,"ERROR: Could not find hyperparameters for the kernel instance corresponding to the target (batch_size, a, b, c, d, preci"
group1,8,4,1024,512,32,4,512,,,,"ERROR: Could not find hyperparameters for the kernel instance corresponding to the target (batch_size, a, b, c, d, preci"
group1,8,4,1024,512,32,4,1024,,,,"ERROR: Could not find hyperparameters for the kernel instance corresponding to the target (batch_size, a, b, c, d, preci"
group1,8,4,1024,512,32,4,2048,,,,"ERROR: Could not find hyperparameters for the kernel instance corresponding to the target (batch_size, a, b, c, d, preci"
group1,8,4,1024,512,32,4,4096,,,,"ERROR: Could not find hyperparameters for the kernel instance corresponding to the target (batch_size, a, b, c, d, preci"
group1,8,4,1024,512,64,2,2,,,,"ERROR: Could not find hyperparameters for the kernel instance corresponding to the target (batch_size, a, b, c, d, preci"
group1,8,4,1024,512,64,2,4,,,,"ERROR: Could not find hyperparameters for the kernel instance corresponding to the target (batch_size, a, b, c, d, preci"
group1,8,4,1024,512,64,2,8,,,,"ERROR: Could not find hyperparameters for the kernel instance corresponding to the target (batch_size, a, b, c, d, preci"
group1,8,4,1024,512,64,2,16,,,,"ERROR: Could not find hyperparameters for the kernel instance corresponding to the target (batch_size, a, b, c, d, preci"
group1,8,4,1024,512,64,2,32,,,,"ERROR: Could not find hyperparameters for the kernel instance corresponding to the target (batch_size, a, b, c, d, preci"
group1,8,4,1024,512,64,2,64,,,,"ERROR: Could not find hyperparameters for the kernel instance corresponding to the target (batch_size, a, b, c, d, preci"
group1,8,4,1024,512,64,2,128,,,,"ERROR: Could not find hyperparameters for the kernel instance corresponding to the target (batch_size, a, b, c, d, preci"
group1,8,4,1024,512,64,2,256,,,,"ERROR: Could not find hyperparameters for the kernel instance corresponding to the target (batch_size, a, b, c, d, preci"
group1,8,4,1024,512,64,2,512,,,,"ERROR: Could not find hyperparameters for the kernel instance corresponding to the target (batch_size, a, b, c, d, preci"
group1,8,4,1024,512,64,2,1024,,,,"ERROR: Could not find hyperparameters for the kernel instance corresponding to the target (batch_size, a, b, c, d, preci"
group1,8,4,1024,512,64,2,2048,,,,"ERROR: Could not find hyperparameters for the kernel instance corresponding to the target (batch_size, a, b, c, d, preci"
group1,8,4,1024,512,64,2,4096,,,,"ERROR: Could not find hyperparameters for the kernel instance corresponding to the target (batch_size, a, b, c, d, preci"
group1,8,4,1024,512,128,1,2,,,,"ERROR: Could not find hyperparameters for the kernel instance corresponding to the target (batch_size, a, b, c, d, preci"
group1,8,4,1024,512,128,1,4,,,,"ERROR: Could not find hyperparameters for the kernel instance corresponding to the target (batch_size, a, b, c, d, preci"
group1,8,4,1024,512,128,1,8,,,,"ERROR: Could not find hyperparameters for the kernel instance corresponding to the target (batch_size, a, b, c, d, preci"
group1,8,4,1024,512,128,1,16,,,,"ERROR: Could not find hyperparameters for the kernel instance corresponding to the target (batch_size, a, b, c, d, preci"
group1,8,4,1024,512,128,1,32,,,,"ERROR: Could not find hyperparameters for the kernel instance corresponding to the target (batch_size, a, b, c, d, preci"
group1,8,4,1024,512,128,1,64,,,,"ERROR: Could not find hyperparameters for the kernel instance corresponding to the target (batch_size, a, b, c, d, preci"
group1,8,4,1024,512,128,1,128,,,,"ERROR: Could not find hyperparameters for the kernel instance corresponding to the target (batch_size, a, b, c, d, preci"
group1,8,4,1024,512,128,1,256,,,,"ERROR: Could not find hyperparameters for the kernel instance corresponding to the target (batch_size, a, b, c, d, preci"
group1,8,4,1024,512,128,1,512,,,,"ERROR: Could not find hyperparameters for the kernel instance corresponding to the target (batch_size, a, b, c, d, preci"
group1,8,4,1024,512,128,1,1024,,,,"ERROR: Could not find hyperparameters for the kernel instance corresponding to the target (batch_size, a, b, c, d, preci"
group1,8,4,1024,512,128,1,2048,,,,"ERROR: Could not find hyperparameters for the kernel instance corresponding to the target (batch_size, a, b, c, d, preci"
group1,8,4,1024,512,128,1,4096,,,,"ERROR: Could not find hyperparameters for the kernel instance corresponding to the target (batch_size, a, b, c, d, preci"
group1,8,4,2048,1024,1,256,2,,,,"ERROR: Could not find hyperparameters for the kernel instance corresponding to the target (batch_size, a, b, c, d, preci"
group1,8,4,2048,1024,1,256,4,,,,"ERROR: Could not find hyperparameters for the kernel instance corresponding to the target (batch_size, a, b, c, d, preci"
group1,8,4,2048,1024,1,256,8,,,,"ERROR: Could not find hyperparameters for the kernel instance corresponding to the target (batch_size, a, b, c, d, preci"
group1,8,4,2048,1024,1,256,16,,,,"ERROR: Could not find hyperparameters for the kernel instance corresponding to the target (batch_size, a, b, c, d, preci"
group1,8,4,2048,1024,1,256,32,,,,"ERROR: Could not find hyperparameters for the kernel instance corresponding to the target (batch_size, a, b, c, d, preci"
group1,8,4,2048,1024,1,256,64,,,,"ERROR: Could not find hyperparameters for the kernel instance corresponding to the target (batch_size, a, b, c, d, preci"
group1,8,4,2048,1024,1,256,128,,,,"ERROR: Could not find hyperparameters for the kernel instance corresponding to the target (batch_size, a, b, c, d, preci"
group1,8,4,2048,1024,1,256,256,,,,"ERROR: Could not find hyperparameters for the kernel instance corresponding to the target (batch_size, a, b, c, d, preci"
group1,8,4,2048,1024,1,256,512,,,,"ERROR: Could not find hyperparameters for the kernel instance corresponding to the target (batch_size, a, b, c, d, preci"
group1,8,4,2048,1024,1,256,1024,,,,"ERROR: Could not find hyperparameters for the kernel instance corresponding to the target (batch_size, a, b, c, d, preci"
group1,8,4,2048,1024,1,256,2048,,,,"ERROR: Could not find hyperparameters for the kernel instance corresponding to the target (batch_size, a, b, c, d, preci"
group1,8,4,2048,1024,1,256,4096,,,,"ERROR: Could not find hyperparameters for the kernel instance corresponding to the target (batch_size, a, b, c, d, preci"
group1,8,4,2048,1024,2,128,2,,,,"ERROR: Could not find hyperparameters for the kernel instance corresponding to the target (batch_size, a, b, c, d, preci"
group1,8,4,2048,1024,2,128,4,,,,"ERROR: Could not find hyperparameters for the kernel instance corresponding to the target (batch_size, a, b, c, d, preci"
group1,8,4,2048,1024,2,128,8,,,,"ERROR: Could not find hyperparameters for the kernel instance corresponding to the target (batch_size, a, b, c, d, preci"
group1,8,4,2048,1024,2,128,16,,,,"ERROR: Could not find hyperparameters for the kernel instance corresponding to the target (batch_size, a, b, c, d, preci"
group1,8,4,2048,1024,2,128,32,,,,"ERROR: Could not find hyperparameters for the kernel instance corresponding to the target (batch_size, a, b, c, d, preci"
group1,8,4,2048,1024,2,128,64,,,,"ERROR: Could not find hyperparameters for the kernel instance corresponding to the target (batch_size, a, b, c, d, preci"
group1,8,4,2048,1024,2,128,128,,,,"ERROR: Could not find hyperparameters for the kernel instance corresponding to the target (batch_size, a, b, c, d, preci"
group1,8,4,2048,1024,2,128,256,,,,"ERROR: Could not find hyperparameters for the kernel instance corresponding to the target (batch_size, a, b, c, d, preci"
group1,8,4,2048,1024,2,128,512,,,,"ERROR: Could not find hyperparameters for the kernel instance corresponding to the target (batch_size, a, b, c, d, preci"
group1,8,4,2048,1024,2,128,1024,,,,"ERROR: Could not find hyperparameters for the kernel instance corresponding to the target (batch_size, a, b, c, d, preci"
group1,8,4,2048,1024,2,128,2048,,,,"ERROR: Could not find hyperparameters for the kernel instance corresponding to the target (batch_size, a, b, c, d, preci"
group1,8,4,2048,1024,2,128,4096,,,,"ERROR: Could not find hyperparameters for the kernel instance corresponding to the target (batch_size, a, b, c, d, preci"
group1,8,4,2048,1024,4,64,2,,,,"ERROR: Could not find hyperparameters for the kernel instance corresponding to the target (batch_size, a, b, c, d, preci"
group1,8,4,2048,1024,4,64,4,,,,"ERROR: Could not find hyperparameters for the kernel instance corresponding to the target (batch_size, a, b, c, d, preci"
group1,8,4,2048,1024,4,64,8,,,,"ERROR: Could not find hyperparameters for the kernel instance corresponding to the target (batch_size, a, b, c, d, preci"
group1,8,4,2048,1024,4,64,16,,,,"ERROR: Could not find hyperparameters for the kernel instance corresponding to the target (batch_size, a, b, c, d, preci"
group1,8,4,2048,1024,4,64,32,,,,"ERROR: Could not find hyperparameters for the kernel instance corresponding to the target (batch_size, a, b, c, d, preci"
group1,8,4,2048,1024,4,64,64,,,,"ERROR: Could not find hyperparameters for the kernel instance corresponding to the target (batch_size, a, b, c, d, preci"
group1,8,4,2048,1024,4,64,128,,,,"ERROR: Could not find hyperparameters for the kernel instance corresponding to the target (batch_size, a, b, c, d, preci"
group1,8,4,2048,1024,4,64,256,,,,"ERROR: Could not find hyperparameters for the kernel instance corresponding to the target (batch_size, a, b, c, d, preci"
group1,8,4,2048,1024,4,64,512,,,,"ERROR: Could not find hyperparameters for the kernel instance corresponding to the target (batch_size, a, b, c, d, preci"
group1,8,4,2048,1024,4,64,1024,,,,"ERROR: Could not find hyperparameters for the kernel instance corresponding to the target (batch_size, a, b, c, d, preci"
group1,8,4,2048,1024,4,64,2048,,,,"ERROR: Could not find hyperparameters for the kernel instance corresponding to the target (batch_size, a, b, c, d, preci"
group1,8,4,2048,1024,4,64,4096,,,,"ERROR: Could not find hyperparameters for the kernel instance corresponding to the target (batch_size, a, b, c, d, preci"
group1,8,4,2048,1024,8,32,2,,,,"ERROR: Could not find hyperparameters for the kernel instance corresponding to the target (batch_size, a, b, c, d, preci"
group1,8,4,2048,1024,8,32,4,,,,"ERROR: Could not find hyperparameters for the kernel instance corresponding to the target (batch_size, a, b, c, d, preci"
group1,8,4,2048,1024,8,32,8,,,,"ERROR: Could not find hyperparameters for the kernel instance corresponding to the target (batch_size, a, b, c, d, preci"
group1,8,4,2048,1024,8,32,16,,,,"ERROR: Could not find hyperparameters for the kernel instance corresponding to the target (batch_size, a, b, c, d, preci"
group1,8,4,2048,1024,8,32,32,,,,"ERROR: Could not find hyperparameters for the kernel instance corresponding to the target (batch_size, a, b, c, d, preci"
group1,8,4,2048,1024,8,32,64,,,,"ERROR: Could not find hyperparameters for the kernel instance corresponding to the target (batch_size, a, b, c, d, preci"
group1,8,4,2048,1024,8,32,128,,,,"ERROR: Could not find hyperparameters for the kernel instance corresponding to the target (batch_size, a, b, c, d, preci"
group1,8,4,2048,1024,8,32,256,,,,"ERROR: Could not find hyperparameters for the kernel instance corresponding to the target (batch_size, a, b, c, d, preci"
group1,8,4,2048,1024,8,32,512,,,,"ERROR: Could not find hyperparameters for the kernel instance corresponding to the target (batch_size, a, b, c, d, preci"
group1,8,4,2048,1024,8,32,1024,,,,"ERROR: Could not find hyperparameters for the kernel instance corresponding to the target (batch_size, a, b, c, d, preci"
group1,8,4,2048,1024,8,32,2048,,,,"ERROR: Could not find hyperparameters for the kernel instance corresponding to the target (batch_size, a, b, c, d, preci"
group1,8,4,2048,1024,8,32,4096,,,,"ERROR: Could not find hyperparameters for the kernel instance corresponding to the target (batch_size, a, b, c, d, preci"
group1,8,4,2048,1024,16,16,2,,,,"ERROR: Could not find hyperparameters for the kernel instance corresponding to the target (batch_size, a, b, c, d, preci"
group1,8,4,2048,1024,16,16,4,,,,"ERROR: Could not find hyperparameters for the kernel instance corresponding to the target (batch_size, a, b, c, d, preci"
group1,8,4,2048,1024,16,16,8,,,,"ERROR: Could not find hyperparameters for the kernel instance corresponding to the target (batch_size, a, b, c, d, preci"
group1,8,4,2048,1024,16,16,16,,,,"ERROR: Could not find hyperparameters for the kernel instance corresponding to the target (batch_size, a, b, c, d, preci"
group1,8,4,2048,1024,16,16,32,,,,"ERROR: Could not find hyperparameters for the kernel instance corresponding to the target (batch_size, a, b, c, d, preci"
group1,8,4,2048,1024,16,16,64,,,,"ERROR: Could not find hyperparameters for the kernel instance corresponding to the target (batch_size, a, b, c, d, preci"
group1,8,4,2048,1024,16,16,128,,,,"ERROR: Could not find hyperparameters for the kernel instance corresponding to the target (batch_size, a, b, c, d, preci"
group1,8,4,2048,1024,16,16,256,,,,"ERROR: Could not find hyperparameters for the kernel instance corresponding to the target (batch_size, a, b, c, d, preci"
group1,8,4,2048,1024,16,16,512,,,,"ERROR: Could not find hyperparameters for the kernel instance corresponding to the target (batch_size, a, b, c, d, preci"
group1,8,4,2048,1024,16,16,1024,,,,"ERROR: Could not find hyperparameters for the kernel instance corresponding to the target (batch_size, a, b, c, d, preci"
group1,8,4,2048,1024,16,16,2048,,,,"ERROR: Could not find hyperparameters for the kernel instance corresponding to the target (batch_size, a, b, c, d, preci"
group1,8,4,2048,1024,16,16,4096,,,,"ERROR: Could not find hyperparameters for the kernel instance corresponding to the target (batch_size, a, b, c, d, preci"
group1,8,4,2048,1024,32,8,2,,,,"ERROR: Could not find hyperparameters for the kernel instance corresponding to the target (batch_size, a, b, c, d, preci"
group1,8,4,2048,1024,32,8,4,,,,"ERROR: Could not find hyperparameters for the kernel instance corresponding to the target (batch_size, a, b, c, d, preci"
group1,8,4,2048,1024,32,8,8,,,,"ERROR: Could not find hyperparameters for the kernel instance corresponding to the target (batch_size, a, b, c, d, preci"
group1,8,4,2048,1024,32,8,16,,,,"ERROR: Could not find hyperparameters for the kernel instance corresponding to the target (batch_size, a, b, c, d, preci"
group1,8,4,2048,1024,32,8,32,,,,"ERROR: Could not find hyperparameters for the kernel instance corresponding to the target (batch_size, a, b, c, d, preci"
group1,8,4,2048,1024,32,8,64,,,,"ERROR: Could not find hyperparameters for the kernel instance corresponding to the target (batch_size, a, b, c, d, preci"
group1,8,4,2048,1024,32,8,128,,,,"ERROR: Could not find hyperparameters for the kernel instance corresponding to the target (batch_size, a, b, c, d, preci"
group1,8,4,2048,1024,32,8,256,,,,"ERROR: Could not find hyperparameters for the kernel instance corresponding to the target (batch_size, a, b, c, d, preci"
group1,8,4,2048,1024,32,8,512,,,,"ERROR: Could not find hyperparameters for the kernel instance corresponding to the target (batch_size, a, b, c, d, preci"
group1,8,4,2048,1024,32,8,1024,,,,"ERROR: Could not find hyperparameters for the kernel instance corresponding to the target (batch_size, a, b, c, d, preci"
group1,8,4,2048,1024,32,8,2048,,,,"ERROR: Could not find hyperparameters for the kernel instance corresponding to the target (batch_size, a, b, c, d, preci"
group1,8,4,2048,1024,32,8,4096,,,,"ERROR: Could not find hyperparameters for the kernel instance corresponding to the target (batch_size, a, b, c, d, preci"
group1,8,4,2048,1024,64,4,2,,,,"ERROR: Could not find hyperparameters for the kernel instance corresponding to the target (batch_size, a, b, c, d, preci"
group1,8,4,2048,1024,64,4,4,,,,"ERROR: Could not find hyperparameters for the kernel instance corresponding to the target (batch_size, a, b, c, d, preci"
group1,8,4,2048,1024,64,4,8,,,,"ERROR: Could not find hyperparameters for the kernel instance corresponding to the target (batch_size, a, b, c, d, preci"
group1,8,4,2048,1024,64,4,16,,,,"ERROR: Could not find hyperparameters for the kernel instance corresponding to the target (batch_size, a, b, c, d, preci"
group1,8,4,2048,1024,64,4,32,,,,"ERROR: Could not find hyperparameters for the kernel instance corresponding to the target (batch_size, a, b, c, d, preci"
group1,8,4,2048,1024,64,4,64,,,,"ERROR: Could not find hyperparameters for the kernel instance corresponding to the target (batch_size, a, b, c, d, preci"
group1,8,4,2048,1024,64,4,128,,,,"ERROR: Could not find hyperparameters for the kernel instance corresponding to the target (batch_size, a, b, c, d, preci"
group1,8,4,2048,1024,64,4,256,,,,"ERROR: Could not find hyperparameters for the kernel instance corresponding to the target (batch_size, a, b, c, d, preci"
group1,8,4,2048,1024,64,4,512,,,,"ERROR: Could not find hyperparameters for the kernel instance corresponding to the target (batch_size, a, b, c, d, preci"
group1,8,4,2048,1024,64,4,1024,,,,"ERROR: Could not find hyperparameters for the kernel instance corresponding to the target (batch_size, a, b, c, d, preci"
group1,8,4,2048,1024,64,4,2048,,,,"ERROR: Could not find hyperparameters for the kernel instance corresponding to the target (batch_size, a, b, c, d, preci"
group1,8,4,2048,1024,64,4,4096,,,,"ERROR: Could not find hyperparameters for the kernel instance corresponding to the target (batch_size, a, b, c, d, preci"
group1,8,4,2048,1024,128,2,2,,,,"ERROR: Could not find hyperparameters for the kernel instance corresponding to the target (batch_size, a, b, c, d, preci"
group1,8,4,2048,1024,128,2,4,,,,"ERROR: Could not find hyperparameters for the kernel instance corresponding to the target (batch_size, a, b, c, d, preci"
group1,8,4,2048,1024,128,2,8,,,,"ERROR: Could not find hyperparameters for the kernel instance corresponding to the target (batch_size, a, b, c, d, preci"
group1,8,4,2048,1024,128,2,16,,,,"ERROR: Could not find hyperparameters for the kernel instance corresponding to the target (batch_size, a, b, c, d, preci"
group1,8,4,2048,1024,128,2,32,,,,"ERROR: Could not find hyperparameters for the kernel instance corresponding to the target (batch_size, a, b, c, d, preci"
group1,8,4,2048,1024,128,2,64,,,,"ERROR: Could not find hyperparameters for the kernel instance corresponding to the target (batch_size, a, b, c, d, preci"
group1,8,4,2048,1024,128,2,128,,,,"ERROR: Could not find hyperparameters for the kernel instance corresponding to the target (batch_size, a, b, c, d, preci"
group1,8,4,2048,1024,128,2,256,,,,"ERROR: Could not find hyperparameters for the kernel instance corresponding to the target (batch_size, a, b, c, d, preci"
group1,8,4,2048,1024,128,2,512,,,,"ERROR: Could not find hyperparameters for the kernel instance corresponding to the target (batch_size, a, b, c, d, preci"
group1,8,4,2048,1024,128,2,1024,,,,"ERROR: Could not find hyperparameters for the kernel instance corresponding to the target (batch_size, a, b, c, d, preci"
group1,8,4,2048,1024,128,2,2048,,,,"ERROR: Could not find hyperparameters for the kernel instance corresponding to the target (batch_size, a, b, c, d, preci"
group1,8,4,2048,1024,128,2,4096,,,,"ERROR: Could not find hyperparameters for the kernel instance corresponding to the target (batch_size, a, b, c, d, preci"
group1,8,4,2048,1024,256,1,2,,,,"ERROR: Could not find hyperparameters for the kernel instance corresponding to the target (batch_size, a, b, c, d, preci"
group1,8,4,2048,1024,256,1,4,,,,"ERROR: Could not find hyperparameters for the kernel instance corresponding to the target (batch_size, a, b, c, d, preci"
group1,8,4,2048,1024,256,1,8,,,,"ERROR: Could not find hyperparameters for the kernel instance corresponding to the target (batch_size, a, b, c, d, preci"
group1,8,4,2048,1024,256,1,16,,,,"ERROR: Could not find hyperparameters for the kernel instance corresponding to the target (batch_size, a, b, c, d, preci"
group1,8,4,2048,1024,256,1,32,,,,"ERROR: Could not find hyperparameters for the kernel instance corresponding to the target (batch_size, a, b, c, d, preci"
group1,8,4,2048,1024,256,1,64,,,,"ERROR: Could not find hyperparameters for the kernel instance corresponding to the target (batch_size, a, b, c, d, preci"
group1,8,4,2048,1024,256,1,128,,,,"ERROR: Could not find hyperparameters for the kernel instance corresponding to the target (batch_size, a, b, c, d, preci"
group1,8,4,2048,1024,256,1,256,,,,"ERROR: Could not find hyperparameters for the kernel instance corresponding to the target (batch_size, a, b, c, d, preci"
group1,8,4,2048,1024,256,1,512,,,,"ERROR: Could not find hyperparameters for the kernel instance corresponding to the target (batch_size, a, b, c, d, preci"
group1,8,4,2048,1024,256,1,1024,,,,"ERROR: Could not find hyperparameters for the kernel instance corresponding to the target (batch_size, a, b, c, d, preci"
group1,8,4,2048,1024,256,1,2048,,,,"ERROR: Could not find hyperparameters for the kernel instance corresponding to the target (batch_size, a, b, c, d, preci"
group1,8,4,2048,1024,256,1,4096,,,,"ERROR: Could not find hyperparameters for the kernel instance corresponding to the target (batch_size, a, b, c, d, preci"
group1,8,4,4096,2048,1,512,2,,,,"ERROR: Could not find hyperparameters for the kernel instance corresponding to the target (batch_size, a, b, c, d, preci"
group1,8,4,4096,2048,1,512,4,,,,"ERROR: Could not find hyperparameters for the kernel instance corresponding to the target (batch_size, a, b, c, d, preci"
group1,8,4,4096,2048,1,512,8,,,,"ERROR: Could not find hyperparameters for the kernel instance corresponding to the target (batch_size, a, b, c, d, preci"
group1,8,4,4096,2048,1,512,16,,,,"ERROR: Could not find hyperparameters for the kernel instance corresponding to the target (batch_size, a, b, c, d, preci"
group1,8,4,4096,2048,1,512,32,,,,"ERROR: Could not find hyperparameters for the kernel instance corresponding to the target (batch_size, a, b, c, d, preci"
group1,8,4,4096,2048,1,512,64,,,,"ERROR: Could not find hyperparameters for the kernel instance corresponding to the target (batch_size, a, b, c, d, preci"
group1,8,4,4096,2048,1,512,128,,,,"ERROR: Could not find hyperparameters for the kernel instance corresponding to the target (batch_size, a, b, c, d, preci"
group1,8,4,4096,2048,1,512,256,,,,"ERROR: Could not find hyperparameters for the kernel instance corresponding to the target (batch_size, a, b, c, d, preci"
group1,8,4,4096,2048,1,512,512,,,,"ERROR: Could not find hyperparameters for the kernel instance corresponding to the target (batch_size, a, b, c, d, preci"
group1,8,4,4096,2048,1,512,1024,,,,"ERROR: Could not find hyperparameters for the kernel instance corresponding to the target (batch_size, a, b, c, d, preci"
group1,8,4,4096,2048,1,512,2048,,,,"ERROR: Could not find hyperparameters for the kernel instance corresponding to the target (batch_size, a, b, c, d, preci"
group1,8,4,4096,2048,1,512,4096,,,,"ERROR: Could not find hyperparameters for the kernel instance corresponding to the target (batch_size, a, b, c, d, preci"
group1,8,4,4096,2048,2,256,2,,,,"ERROR: Could not find hyperparameters for the kernel instance corresponding to the target (batch_size, a, b, c, d, preci"
group1,8,4,4096,2048,2,256,4,,,,"ERROR: Could not find hyperparameters for the kernel instance corresponding to the target (batch_size, a, b, c, d, preci"
group1,8,4,4096,2048,2,256,8,,,,"ERROR: Could not find hyperparameters for the kernel instance corresponding to the target (batch_size, a, b, c, d, preci"
group1,8,4,4096,2048,2,256,16,,,,"ERROR: Could not find hyperparameters for the kernel instance corresponding to the target (batch_size, a, b, c, d, preci"
group1,8,4,4096,2048,2,256,32,,,,"ERROR: Could not find hyperparameters for the kernel instance corresponding to the target (batch_size, a, b, c, d, preci"
group1,8,4,4096,2048,2,256,64,,,,"ERROR: Could not find hyperparameters for the kernel instance corresponding to the target (batch_size, a, b, c, d, preci"
group1,8,4,4096,2048,2,256,128,,,,"ERROR: Could not find hyperparameters for the kernel instance corresponding to the target (batch_size, a, b, c, d, preci"
group1,8,4,4096,2048,2,256,256,,,,"ERROR: Could not find hyperparameters for the kernel instance corresponding to the target (batch_size, a, b, c, d, preci"
group1,8,4,4096,2048,2,256,512,,,,"ERROR: Could not find hyperparameters for the kernel instance corresponding to the target (batch_size, a, b, c, d, preci"
group1,8,4,4096,2048,2,256,1024,,,,"ERROR: Could not find hyperparameters for the kernel instance corresponding to the target (batch_size, a, b, c, d, preci"
group1,8,4,4096,2048,2,256,2048,,,,"ERROR: Could not find hyperparameters for the kernel instance corresponding to the target (batch_size, a, b, c, d, preci"
group1,8,4,4096,2048,2,256,4096,,,,"ERROR: Could not find hyperparameters for the kernel instance corresponding to the target (batch_size, a, b, c, d, preci"
group1,8,4,4096,2048,4,128,2,,,,"ERROR: Could not find hyperparameters for the kernel instance corresponding to the target (batch_size, a, b, c, d, preci"
group1,8,4,4096,2048,4,128,4,,,,"ERROR: Could not find hyperparameters for the kernel instance corresponding to the target (batch_size, a, b, c, d, preci"
group1,8,4,4096,2048,4,128,8,,,,"ERROR: Could not find hyperparameters for the kernel instance corresponding to the target (batch_size, a, b, c, d, preci"
group1,8,4,4096,2048,4,128,16,,,,"ERROR: Could not find hyperparameters for the kernel instance corresponding to the target (batch_size, a, b, c, d, preci"
group1,8,4,4096,2048,4,128,32,,,,"ERROR: Could not find hyperparameters for the kernel instance corresponding to the target (batch_size, a, b, c, d, preci"
group1,8,4,4096,2048,4,128,64,,,,"ERROR: Could not find hyperparameters for the kernel instance corresponding to the target (batch_size, a, b, c, d, preci"
group1,8,4,4096,2048,4,128,128,,,,"ERROR: Could not find hyperparameters for the kernel instance corresponding to the target (batch_size, a, b, c, d, preci"
group1,8,4,4096,2048,4,128,256,,,,"ERROR: Could not find hyperparameters for the kernel instance corresponding to the target (batch_size, a, b, c, d, preci"
group1,8,4,4096,2048,4,128,512,,,,"ERROR: Could not find hyperparameters for the kernel instance corresponding to the target (batch_size, a, b, c, d, preci"
group1,8,4,4096,2048,4,128,1024,,,,"ERROR: Could not find hyperparameters for the kernel instance corresponding to the target (batch_size, a, b, c, d, preci"
group1,8,4,4096,2048,4,128,2048,,,,"ERROR: Could not find hyperparameters for the kernel instance corresponding to the target (batch_size, a, b, c, d, preci"
group1,8,4,4096,2048,4,128,4096,,,,"ERROR: Could not find hyperparameters for the kernel instance corresponding to the target (batch_size, a, b, c, d, preci"
group1,8,4,4096,2048,8,64,2,,,,"ERROR: Could not find hyperparameters for the kernel instance corresponding to the target (batch_size, a, b, c, d, preci"
group1,8,4,4096,2048,8,64,4,,,,"ERROR: Could not find hyperparameters for the kernel instance corresponding to the target (batch_size, a, b, c, d, preci"
group1,8,4,4096,2048,8,64,8,,,,"ERROR: Could not find hyperparameters for the kernel instance corresponding to the target (batch_size, a, b, c, d, preci"
group1,8,4,4096,2048,8,64,16,,,,"ERROR: Could not find hyperparameters for the kernel instance corresponding to the target (batch_size, a, b, c, d, preci"
group1,8,4,4096,2048,8,64,32,,,,"ERROR: Could not find hyperparameters for the kernel instance corresponding to the target (batch_size, a, b, c, d, preci"
group1,8,4,4096,2048,8,64,64,,,,"ERROR: Could not find hyperparameters for the kernel instance corresponding to the target (batch_size, a, b, c, d, preci"
group1,8,4,4096,2048,8,64,128,,,,"ERROR: Could not find hyperparameters for the kernel instance corresponding to the target (batch_size, a, b, c, d, preci"
group1,8,4,4096,2048,8,64,256,,,,"ERROR: Could not find hyperparameters for the kernel instance corresponding to the target (batch_size, a, b, c, d, preci"
group1,8,4,4096,2048,8,64,512,,,,"ERROR: Could not find hyperparameters for the kernel instance corresponding to the target (batch_size, a, b, c, d, preci"
group1,8,4,4096,2048,8,64,1024,,,,"ERROR: Could not find hyperparameters for the kernel instance corresponding to the target (batch_size, a, b, c, d, preci"
group1,8,4,4096,2048,8,64,2048,,,,"ERROR: Could not find hyperparameters for the kernel instance corresponding to the target (batch_size, a, b, c, d, preci"
group1,8,4,4096,2048,8,64,4096,,,,"ERROR: Could not find hyperparameters for the kernel instance corresponding to the target (batch_size, a, b, c, d, preci"
group1,8,4,4096,2048,16,32,2,,,,"ERROR: Could not find hyperparameters for the kernel instance corresponding to the target (batch_size, a, b, c, d, preci"
group1,8,4,4096,2048,16,32,4,,,,"ERROR: Could not find hyperparameters for the kernel instance corresponding to the target (batch_size, a, b, c, d, preci"
group1,8,4,4096,2048,16,32,8,,,,"ERROR: Could not find hyperparameters for the kernel instance corresponding to the target (batch_size, a, b, c, d, preci"
group1,8,4,4096,2048,16,32,16,,,,"ERROR: Could not find hyperparameters for the kernel instance corresponding to the target (batch_size, a, b, c, d, preci"
group1,8,4,4096,2048,16,32,32,,,,"ERROR: Could not find hyperparameters for the kernel instance corresponding to the target (batch_size, a, b, c, d, preci"
group1,8,4,4096,2048,16,32,64,,,,"ERROR: Could not find hyperparameters for the kernel instance corresponding to the target (batch_size, a, b, c, d, preci"
group1,8,4,4096,2048,16,32,128,,,,"ERROR: Could not find hyperparameters for the kernel instance corresponding to the target (batch_size, a, b, c, d, preci"
group1,8,4,4096,2048,16,32,256,,,,"ERROR: Could not find hyperparameters for the kernel instance corresponding to the target (batch_size, a, b, c, d, preci"
group1,8,4,4096,2048,16,32,512,,,,"ERROR: Could not find hyperparameters for the kernel instance corresponding to the target (batch_size, a, b, c, d, preci"
group1,8,4,4096,2048,16,32,1024,,,,"ERROR: Could not find hyperparameters for the kernel instance corresponding to the target (batch_size, a, b, c, d, preci"
group1,8,4,4096,2048,16,32,2048,,,,"ERROR: Could not find hyperparameters for the kernel instance corresponding to the target (batch_size, a, b, c, d, preci"
group1,8,4,4096,2048,16,32,4096,,,,"ERROR: Could not find hyperparameters for the kernel instance corresponding to the target (batch_size, a, b, c, d, preci"
group1,8,4,4096,2048,32,16,2,,,,"ERROR: Could not find hyperparameters for the kernel instance corresponding to the target (batch_size, a, b, c, d, preci"
group1,8,4,4096,2048,32,16,4,,,,"ERROR: Could not find hyperparameters for the kernel instance corresponding to the target (batch_size, a, b, c, d, preci"
group1,8,4,4096,2048,32,16,8,,,,"ERROR: Could not find hyperparameters for the kernel instance corresponding to the target (batch_size, a, b, c, d, preci"
group1,8,4,4096,2048,32,16,16,,,,"ERROR: Could not find hyperparameters for the kernel instance corresponding to the target (batch_size, a, b, c, d, preci"
group1,8,4,4096,2048,32,16,32,,,,"ERROR: Could not find hyperparameters for the kernel instance corresponding to the target (batch_size, a, b, c, d, preci"
group1,8,4,4096,2048,32,16,64,,,,"ERROR: Could not find hyperparameters for the kernel instance corresponding to the target (batch_size, a, b, c, d, preci"
group1,8,4,4096,2048,32,16,128,,,,"ERROR: Could not find hyperparameters for the kernel instance corresponding to the target (batch_size, a, b, c, d, preci"
group1,8,4,4096,2048,32,16,256,,,,"ERROR: Could not find hyperparameters for the kernel instance corresponding to the target (batch_size, a, b, c, d, preci"
group1,8,4,4096,2048,32,16,512,,,,"ERROR: Could not find hyperparameters for the kernel instance corresponding to the target (batch_size, a, b, c, d, preci"
group1,8,4,4096,2048,32,16,1024,,,,"ERROR: Could not find hyperparameters for the kernel instance corresponding to the target (batch_size, a, b, c, d, preci"
group1,8,4,4096,2048,32,16,2048,,,,"ERROR: Could not find hyperparameters for the kernel instance corresponding to the target (batch_size, a, b, c, d, preci"
group1,8,4,4096,2048,32,16,4096,,,,"ERROR: Could not find hyperparameters for the kernel instance corresponding to the target (batch_size, a, b, c, d, preci"
group1,8,4,4096,2048,64,8,2,,,,"ERROR: Could not find hyperparameters for the kernel instance corresponding to the target (batch_size, a, b, c, d, preci"
group1,8,4,4096,2048,64,8,4,,,,"ERROR: Could not find hyperparameters for the kernel instance corresponding to the target (batch_size, a, b, c, d, preci"
group1,8,4,4096,2048,64,8,8,,,,"ERROR: Could not find hyperparameters for the kernel instance corresponding to the target (batch_size, a, b, c, d, preci"
group1,8,4,4096,2048,64,8,16,,,,"ERROR: Could not find hyperparameters for the kernel instance corresponding to the target (batch_size, a, b, c, d, preci"
group1,8,4,4096,2048,64,8,32,,,,"ERROR: Could not find hyperparameters for the kernel instance corresponding to the target (batch_size, a, b, c, d, preci"
group1,8,4,4096,2048,64,8,64,,,,"ERROR: Could not find hyperparameters for the kernel instance corresponding to the target (batch_size, a, b, c, d, preci"
group1,8,4,4096,2048,64,8,128,,,,"ERROR: Could not find hyperparameters for the kernel instance corresponding to the target (batch_size, a, b, c, d, preci"
group1,8,4,4096,2048,64,8,256,,,,"ERROR: Could not find hyperparameters for the kernel instance corresponding to the target (batch_size, a, b, c, d, preci"
group1,8,4,4096,2048,64,8,512,,,,"ERROR: Could not find hyperparameters for the kernel instance corresponding to the target (batch_size, a, b, c, d, preci"
group1,8,4,4096,2048,64,8,1024,,,,"ERROR: Could not find hyperparameters for the kernel instance corresponding to the target (batch_size, a, b, c, d, preci"
group1,8,4,4096,2048,64,8,2048,,,,"ERROR: Could not find hyperparameters for the kernel instance corresponding to the target (batch_size, a, b, c, d, preci"
group1,8,4,4096,2048,64,8,4096,,,,"ERROR: Could not find hyperparameters for the kernel instance corresponding to the target (batch_size, a, b, c, d, preci"
group1,8,4,4096,2048,128,4,2,,,,"ERROR: Could not find hyperparameters for the kernel instance corresponding to the target (batch_size, a, b, c, d, preci"
group1,8,4,4096,2048,128,4,4,,,,"ERROR: Could not find hyperparameters for the kernel instance corresponding to the target (batch_size, a, b, c, d, preci"
group1,8,4,4096,2048,128,4,8,,,,"ERROR: Could not find hyperparameters for the kernel instance corresponding to the target (batch_size, a, b, c, d, preci"
group1,8,4,4096,2048,128,4,16,,,,"ERROR: Could not find hyperparameters for the kernel instance corresponding to the target (batch_size, a, b, c, d, preci"
group1,8,4,4096,2048,128,4,32,,,,"ERROR: Could not find hyperparameters for the kernel instance corresponding to the target (batch_size, a, b, c, d, preci"
group1,8,4,4096,2048,128,4,64,,,,"ERROR: Could not find hyperparameters for the kernel instance corresponding to the target (batch_size, a, b, c, d, preci"
group1,8,4,4096,2048,128,4,128,,,,"ERROR: Could not find hyperparameters for the kernel instance corresponding to the target (batch_size, a, b, c, d, preci"
group1,8,4,4096,2048,128,4,256,,,,"ERROR: Could not find hyperparameters for the kernel instance corresponding to the target (batch_size, a, b, c, d, preci"
group1,8,4,4096,2048,128,4,512,,,,"ERROR: Could not find hyperparameters for the kernel instance corresponding to the target (batch_size, a, b, c, d, preci"
group1,8,4,4096,2048,128,4,1024,,,,"ERROR: Could not find hyperparameters for the kernel instance corresponding to the target (batch_size, a, b, c, d, preci"
group1,8,4,4096,2048,128,4,2048,,,,"ERROR: Could not find hyperparameters for the kernel instance corresponding to the target (batch_size, a, b, c, d, preci"
group1,8,4,4096,2048,128,4,4096,,,,"ERROR: Could not find hyperparameters for the kernel instance corresponding to the target (batch_size, a, b, c, d, preci"
group1,8,4,4096,2048,256,2,2,,,,"ERROR: Could not find hyperparameters for the kernel instance corresponding to the target (batch_size, a, b, c, d, preci"
group1,8,4,4096,2048,256,2,4,,,,"ERROR: Could not find hyperparameters for the kernel instance corresponding to the target (batch_size, a, b, c, d, preci"
group1,8,4,4096,2048,256,2,8,,,,"ERROR: Could not find hyperparameters for the kernel instance corresponding to the target (batch_size, a, b, c, d, preci"
group1,8,4,4096,2048,256,2,16,,,,"ERROR: Could not find hyperparameters for the kernel instance corresponding to the target (batch_size, a, b, c, d, preci"
group1,8,4,4096,2048,256,2,32,,,,"ERROR: Could not find hyperparameters for the kernel instance corresponding to the target (batch_size, a, b, c, d, preci"
group1,8,4,4096,2048,256,2,64,,,,"ERROR: Could not find hyperparameters for the kernel instance corresponding to the target (batch_size, a, b, c, d, preci"
group1,8,4,4096,2048,256,2,128,,,,"ERROR: Could not find hyperparameters for the kernel instance corresponding to the target (batch_size, a, b, c, d, preci"
group1,8,4,4096,2048,256,2,256,,,,"ERROR: Could not find hyperparameters for the kernel instance corresponding to the target (batch_size, a, b, c, d, preci"
group1,8,4,4096,2048,256,2,512,,,,"ERROR: Could not find hyperparameters for the kernel instance corresponding to the target (batch_size, a, b, c, d, preci"
group1,8,4,4096,2048,256,2,1024,,,,"ERROR: Could not find hyperparameters for the kernel instance corresponding to the target (batch_size, a, b, c, d, preci"
group1,8,4,4096,2048,256,2,2048,,,,"ERROR: Could not find hyperparameters for the kernel instance corresponding to the target (batch_size, a, b, c, d, preci"
group1,8,4,4096,2048,256,2,4096,,,,"ERROR: Could not find hyperparameters for the kernel instance corresponding to the target (batch_size, a, b, c, d, preci"
group1,8,4,4096,2048,512,1,2,,,,"ERROR: Could not find hyperparameters for the kernel instance corresponding to the target (batch_size, a, b, c, d, preci"
group1,8,4,4096,2048,512,1,4,,,,"ERROR: Could not find hyperparameters for the kernel instance corresponding to the target (batch_size, a, b, c, d, preci"
group1,8,4,4096,2048,512,1,8,,,,"ERROR: Could not find hyperparameters for the kernel instance corresponding to the target (batch_size, a, b, c, d, preci"
group1,8,4,4096,2048,512,1,16,,,,"ERROR: Could not find hyperparameters for the kernel instance corresponding to the target (batch_size, a, b, c, d, preci"
group1,8,4,4096,2048,512,1,32,,,,"ERROR: Could not find hyperparameters for the kernel instance corresponding to the target (batch_size, a, b, c, d, preci"
group1,8,4,4096,2048,512,1,64,,,,"ERROR: Could not find hyperparameters for the kernel instance corresponding to the target (batch_size, a, b, c, d, preci"
group1,8,4,4096,2048,512,1,128,,,,"ERROR: Could not find hyperparameters for the kernel instance corresponding to the target (batch_size, a, b, c, d, preci"
group1,8,4,4096,2048,512,1,256,,,,"ERROR: Could not find hyperparameters for the kernel instance corresponding to the target (batch_size, a, b, c, d, preci"
group1,8,4,4096,2048,512,1,512,,,,"ERROR: Could not find hyperparameters for the kernel instance corresponding to the target (batch_size, a, b, c, d, preci"
group1,8,4,4096,2048,512,1,1024,,,,"ERROR: Could not find hyperparameters for the kernel instance corresponding to the target (batch_size, a, b, c, d, preci"
group1,8,4,4096,2048,512,1,2048,,,,"ERROR: Could not find hyperparameters for the kernel instance corresponding to the target (batch_size, a, b, c, d, preci"
group1,8,4,4096,2048,512,1,4096,,,,"ERROR: Could not find hyperparameters for the kernel instance corresponding to the target (batch_size, a, b, c, d, preci"
group1,8,8,512,512,1,64,2,,,,"ERROR: Could not find hyperparameters for the kernel instance corresponding to the target (batch_size, a, b, c, d, preci"
group1,8,8,512,512,1,64,4,,,,"ERROR: Could not find hyperparameters for the kernel instance corresponding to the target (batch_size, a, b, c, d, preci"
group1,8,8,512,512,1,64,8,,,,"ERROR: Could not find hyperparameters for the kernel instance corresponding to the target (batch_size, a, b, c, d, preci"
group1,8,8,512,512,1,64,16,,,,"ERROR: Could not find hyperparameters for the kernel instance corresponding to the target (batch_size, a, b, c, d, preci"
group1,8,8,512,512,1,64,32,,,,"ERROR: Could not find hyperparameters for the kernel instance corresponding to the target (batch_size, a, b, c, d, preci"
group1,8,8,512,512,1,64,64,,,,"ERROR: Could not find hyperparameters for the kernel instance corresponding to the target (batch_size, a, b, c, d, preci"
group1,8,8,512,512,1,64,128,,,,"ERROR: Could not find hyperparameters for the kernel instance corresponding to the target (batch_size, a, b, c, d, preci"
group1,8,8,512,512,1,64,256,,,,"ERROR: Could not find hyperparameters for the kernel instance corresponding to the target (batch_size, a, b, c, d, preci"
group1,8,8,512,512,1,64,512,,,,"ERROR: Could not find hyperparameters for the kernel instance corresponding to the target (batch_size, a, b, c, d, preci"
group1,8,8,512,512,1,64,1024,,,,"ERROR: Could not find hyperparameters for the kernel instance corresponding to the target (batch_size, a, b, c, d, preci"
group1,8,8,512,512,1,64,2048,,,,"ERROR: Could not find hyperparameters for the kernel instance corresponding to the target (batch_size, a, b, c, d, preci"
group1,8,8,512,512,1,64,4096,,,,"ERROR: Could not find hyperparameters for the kernel instance corresponding to the target (batch_size, a, b, c, d, preci"
group1,8,8,512,512,2,32,2,,,,"ERROR: Could not find hyperparameters for the kernel instance corresponding to the target (batch_size, a, b, c, d, preci"
group1,8,8,512,512,2,32,4,,,,"ERROR: Could not find hyperparameters for the kernel instance corresponding to the target (batch_size, a, b, c, d, preci"
group1,8,8,512,512,2,32,8,,,,"ERROR: Could not find hyperparameters for the kernel instance corresponding to the target (batch_size, a, b, c, d, preci"
group1,8,8,512,512,2,32,16,,,,"ERROR: Could not find hyperparameters for the kernel instance corresponding to the target (batch_size, a, b, c, d, preci"
group1,8,8,512,512,2,32,32,,,,"ERROR: Could not find hyperparameters for the kernel instance corresponding to the target (batch_size, a, b, c, d, preci"
group1,8,8,512,512,2,32,64,,,,"ERROR: Could not find hyperparameters for the kernel instance corresponding to the target (batch_size, a, b, c, d, preci"
group1,8,8,512,512,2,32,128,,,,"ERROR: Could not find hyperparameters for the kernel instance corresponding to the target (batch_size, a, b, c, d, preci"
group1,8,8,512,512,2,32,256,,,,"ERROR: Could not find hyperparameters for the kernel instance corresponding to the target (batch_size, a, b, c, d, preci"
group1,8,8,512,512,2,32,512,,,,"ERROR: Could not find hyperparameters for the kernel instance corresponding to the target (batch_size, a, b, c, d, preci"
group1,8,8,512,512,2,32,1024,,,,"ERROR: Could not find hyperparameters for the kernel instance corresponding to the target (batch_size, a, b, c, d, preci"
group1,8,8,512,512,2,32,2048,,,,"ERROR: Could not find hyperparameters for the kernel instance corresponding to the target (batch_size, a, b, c, d, preci"
group1,8,8,512,512,2,32,4096,,,,"ERROR: Could not find hyperparameters for the kernel instance corresponding to the target (batch_size, a, b, c, d, preci"
group1,8,8,512,512,4,16,2,,,,"ERROR: Could not find hyperparameters for the kernel instance corresponding to the target (batch_size, a, b, c, d, preci"
group1,8,8,512,512,4,16,4,,,,"ERROR: Could not find hyperparameters for the kernel instance corresponding to the target (batch_size, a, b, c, d, preci"
group1,8,8,512,512,4,16,8,,,,"ERROR: Could not find hyperparameters for the kernel instance corresponding to the target (batch_size, a, b, c, d, preci"
group1,8,8,512,512,4,16,16,,,,"ERROR: Could not find hyperparameters for the kernel instance corresponding to the target (batch_size, a, b, c, d, preci"
group1,8,8,512,512,4,16,32,,,,"ERROR: Could not find hyperparameters for the kernel instance corresponding to the target (batch_size, a, b, c, d, preci"
group1,8,8,512,512,4,16,64,,,,"ERROR: Could not find hyperparameters for the kernel instance corresponding to the target (batch_size, a, b, c, d, preci"
group1,8,8,512,512,4,16,128,,,,"ERROR: Could not find hyperparameters for the kernel instance corresponding to the target (batch_size, a, b, c, d, preci"
group1,8,8,512,512,4,16,256,,,,"ERROR: Could not find hyperparameters for the kernel instance corresponding to the target (batch_size, a, b, c, d, preci"
group1,8,8,512,512,4,16,512,,,,"ERROR: Could not find hyperparameters for the kernel instance corresponding to the target (batch_size, a, b, c, d, preci"
group1,8,8,512,512,4,16,1024,,,,"ERROR: Could not find hyperparameters for the kernel instance corresponding to the target (batch_size, a, b, c, d, preci"
group1,8,8,512,512,4,16,2048,,,,"ERROR: Could not find hyperparameters for the kernel instance corresponding to the target (batch_size, a, b, c, d, preci"
group1,8,8,512,512,4,16,4096,,,,"ERROR: Could not find hyperparameters for the kernel instance corresponding to the target (batch_size, a, b, c, d, preci"
group1,8,8,512,512,8,8,2,,,,"ERROR: Could not find hyperparameters for the kernel instance corresponding to the target (batch_size, a, b, c, d, preci"
group1,8,8,512,512,8,8,4,,,,"ERROR: Could not find hyperparameters for the kernel instance corresponding to the target (batch_size, a, b, c, d, preci"
group1,8,8,512,512,8,8,8,,,,"ERROR: Could not find hyperparameters for the kernel instance corresponding to the target (batch_size, a, b, c, d, preci"
group1,8,8,512,512,8,8,16,,,,"ERROR: Could not find hyperparameters for the kernel instance corresponding to the target (batch_size, a, b, c, d, preci"
group1,8,8,512,512,8,8,32,,,,"ERROR: Could not find hyperparameters for the kernel instance corresponding to the target (batch_size, a, b, c, d, preci"
group1,8,8,512,512,8,8,64,,,,"ERROR: Could not find hyperparameters for the kernel instance corresponding to the target (batch_size, a, b, c, d, preci"
group1,8,8,512,512,8,8,128,,,,"ERROR: Could not find hyperparameters for the kernel instance corresponding to the target (batch_size, a, b, c, d, preci"
group1,8,8,512,512,8,8,256,,,,"ERROR: Could not find hyperparameters for the kernel instance corresponding to the target (batch_size, a, b, c, d, preci"
group1,8,8,512,512,8,8,512,,,,"ERROR: Could not find hyperparameters for the kernel instance corresponding to the target (batch_size, a, b, c, d, preci"
group1,8,8,512,512,8,8,1024,,,,"ERROR: Could not find hyperparameters for the kernel instance corresponding to the target (batch_size, a, b, c, d, preci"
group1,8,8,512,512,8,8,2048,,,,"ERROR: Could not find hyperparameters for the kernel instance corresponding to the target (batch_size, a, b, c, d, preci"
group1,8,8,512,512,8,8,4096,,,,"ERROR: Could not find hyperparameters for the kernel instance corresponding to the target (batch_size, a, b, c, d, preci"
group1,8,8,512,512,16,4,2,,,,"ERROR: Could not find hyperparameters for the kernel instance corresponding to the target (batch_size, a, b, c, d, preci"
group1,8,8,512,512,16,4,4,,,,"ERROR: Could not find hyperparameters for the kernel instance corresponding to the target (batch_size, a, b, c, d, preci"
group1,8,8,512,512,16,4,8,,,,"ERROR: Could not find hyperparameters for the kernel instance corresponding to the target (batch_size, a, b, c, d, preci"
group1,8,8,512,512,16,4,16,,,,"ERROR: Could not find hyperparameters for the kernel instance corresponding to the target (batch_size, a, b, c, d, preci"
group1,8,8,512,512,16,4,32,,,,"ERROR: Could not find hyperparameters for the kernel instance corresponding to the target (batch_size, a, b, c, d, preci"
group1,8,8,512,512,16,4,64,,,,"ERROR: Could not find hyperparameters for the kernel instance corresponding to the target (batch_size, a, b, c, d, preci"
group1,8,8,512,512,16,4,128,,,,"ERROR: Could not find hyperparameters for the kernel instance corresponding to the target (batch_size, a, b, c, d, preci"
group1,8,8,512,512,16,4,256,,,,"ERROR: Could not find hyperparameters for the kernel instance corresponding to the target (batch_size, a, b, c, d, preci"
group1,8,8,512,512,16,4,512,,,,"ERROR: Could not find hyperparameters for the kernel instance corresponding to the target (batch_size, a, b, c, d, preci"
group1,8,8,512,512,16,4,1024,,,,"ERROR: Could not find hyperparameters for the kernel instance corresponding to the target (batch_size, a, b, c, d, preci"
group1,8,8,512,512,16,4,2048,,,,"ERROR: Could not find hyperparameters for the kernel instance corresponding to the target (batch_size, a, b, c, d, preci"
group1,8,8,512,512,16,4,4096,,,,"ERROR: Could not find hyperparameters for the kernel instance corresponding to the target (batch_size, a, b, c, d, preci"
group1,8,8,512,512,32,2,2,,,,"ERROR: Could not find hyperparameters for the kernel instance corresponding to the target (batch_size, a, b, c, d, preci"
group1,8,8,512,512,32,2,4,,,,"ERROR: Could not find hyperparameters for the kernel instance corresponding to the target (batch_size, a, b, c, d, preci"
group1,8,8,512,512,32,2,8,,,,"ERROR: Could not find hyperparameters for the kernel instance corresponding to the target (batch_size, a, b, c, d, preci"
group1,8,8,512,512,32,2,16,,,,"ERROR: Could not find hyperparameters for the kernel instance corresponding to the target (batch_size, a, b, c, d, preci"
group1,8,8,512,512,32,2,32,,,,"ERROR: Could not find hyperparameters for the kernel instance corresponding to the target (batch_size, a, b, c, d, preci"
group1,8,8,512,512,32,2,64,,,,"ERROR: Could not find hyperparameters for the kernel instance corresponding to the target (batch_size, a, b, c, d, preci"
group1,8,8,512,512,32,2,128,,,,"ERROR: Could not find hyperparameters for the kernel instance corresponding to the target (batch_size, a, b, c, d, preci"
group1,8,8,512,512,32,2,256,,,,"ERROR: Could not find hyperparameters for the kernel instance corresponding to the target (batch_size, a, b, c, d, preci"
group1,8,8,512,512,32,2,512,,,,"ERROR: Could not find hyperparameters for the kernel instance corresponding to the target (batch_size, a, b, c, d, preci"
group1,8,8,512,512,32,2,1024,,,,"ERROR: Could not find hyperparameters for the kernel instance corresponding to the target (batch_size, a, b, c, d, preci"
group1,8,8,512,512,32,2,2048,,,,"ERROR: Could not find hyperparameters for the kernel instance corresponding to the target (batch_size, a, b, c, d, preci"
group1,8,8,512,512,32,2,4096,,,,"ERROR: Could not find hyperparameters for the kernel instance corresponding to the target (batch_size, a, b, c, d, preci"
group1,8,8,512,512,64,1,2,,,,"ERROR: Could not find hyperparameters for the kernel instance corresponding to the target (batch_size, a, b, c, d, preci"
group1,8,8,512,512,64,1,4,,,,"ERROR: Could not find hyperparameters for the kernel instance corresponding to the target (batch_size, a, b, c, d, preci"
group1,8,8,512,512,64,1,8,,,,"ERROR: Could not find hyperparameters for the kernel instance corresponding to the target (batch_size, a, b, c, d, preci"
group1,8,8,512,512,64,1,16,,,,"ERROR: Could not find hyperparameters for the kernel instance corresponding to the target (batch_size, a, b, c, d, preci"
group1,8,8,512,512,64,1,32,,,,"ERROR: Could not find hyperparameters for the kernel instance corresponding to the target (batch_size, a, b, c, d, preci"
group1,8,8,512,512,64,1,64,,,,"ERROR: Could not find hyperparameters for the kernel instance corresponding to the target (batch_size, a, b, c, d, preci"
group1,8,8,512,512,64,1,128,,,,"ERROR: Could not find hyperparameters for the kernel instance corresponding to the target (batch_size, a, b, c, d, preci"
group1,8,8,512,512,64,1,256,,,,"ERROR: Could not find hyperparameters for the kernel instance corresponding to the target (batch_size, a, b, c, d, preci"
group1,8,8,512,512,64,1,512,,,,"ERROR: Could not find hyperparameters for the kernel instance corresponding to the target (batch_size, a, b, c, d, preci"
group1,8,8,512,512,64,1,1024,,,,"ERROR: Could not find hyperparameters for the kernel instance corresponding to the target (batch_size, a, b, c, d, preci"
group1,8,8,512,512,64,1,2048,,,,"ERROR: Could not find hyperparameters for the kernel instance corresponding to the target (batch_size, a, b, c, d, preci"
group1,8,8,512,512,64,1,4096,,,,"ERROR: Could not find hyperparameters for the kernel instance corresponding to the target (batch_size, a, b, c, d, preci"
group1,8,8,1024,1024,1,128,2,,,,"ERROR: Could not find hyperparameters for the kernel instance corresponding to the target (batch_size, a, b, c, d, preci"
group1,8,8,1024,1024,1,128,4,,,,"ERROR: Could not find hyperparameters for the kernel instance corresponding to the target (batch_size, a, b, c, d, preci"
group1,8,8,1024,1024,1,128,8,,,,"ERROR: Could not find hyperparameters for the kernel instance corresponding to the target (batch_size, a, b, c, d, preci"
group1,8,8,1024,1024,1,128,16,,,,"ERROR: Could not find hyperparameters for the kernel instance corresponding to the target (batch_size, a, b, c, d, preci"
group1,8,8,1024,1024,1,128,32,,,,"ERROR: Could not find hyperparameters for the kernel instance corresponding to the target (batch_size, a, b, c, d, preci"
group1,8,8,1024,1024,1,128,64,,,,"ERROR: Could not find hyperparameters for the kernel instance corresponding to the target (batch_size, a, b, c, d, preci"
group1,8,8,1024,1024,1,128,128,,,,"ERROR: Could not find hyperparameters for the kernel instance corresponding to the target (batch_size, a, b, c, d, preci"
group1,8,8,1024,1024,1,128,256,,,,"ERROR: Could not find hyperparameters for the kernel instance corresponding to the target (batch_size, a, b, c, d, preci"
group1,8,8,1024,1024,1,128,512,,,,"ERROR: Could not find hyperparameters for the kernel instance corresponding to the target (batch_size, a, b, c, d, preci"
group1,8,8,1024,1024,1,128,1024,,,,"ERROR: Could not find hyperparameters for the kernel instance corresponding to the target (batch_size, a, b, c, d, preci"
group1,8,8,1024,1024,1,128,2048,,,,"ERROR: Could not find hyperparameters for the kernel instance corresponding to the target (batch_size, a, b, c, d, preci"
group1,8,8,1024,1024,1,128,4096,,,,"ERROR: Could not find hyperparameters for the kernel instance corresponding to the target (batch_size, a, b, c, d, preci"
group1,8,8,1024,1024,2,64,2,,,,"ERROR: Could not find hyperparameters for the kernel instance corresponding to the target (batch_size, a, b, c, d, preci"
group1,8,8,1024,1024,2,64,4,,,,"ERROR: Could not find hyperparameters for the kernel instance corresponding to the target (batch_size, a, b, c, d, preci"
group1,8,8,1024,1024,2,64,8,,,,"ERROR: Could not find hyperparameters for the kernel instance corresponding to the target (batch_size, a, b, c, d, preci"
group1,8,8,1024,1024,2,64,16,,,,"ERROR: Could not find hyperparameters for the kernel instance corresponding to the target (batch_size, a, b, c, d, preci"
group1,8,8,1024,1024,2,64,32,,,,"ERROR: Could not find hyperparameters for the kernel instance corresponding to the target (batch_size, a, b, c, d, preci"
group1,8,8,1024,1024,2,64,64,,,,"ERROR: Could not find hyperparameters for the kernel instance corresponding to the target (batch_size, a, b, c, d, preci"
group1,8,8,1024,1024,2,64,128,,,,"ERROR: Could not find hyperparameters for the kernel instance corresponding to the target (batch_size, a, b, c, d, preci"
group1,8,8,1024,1024,2,64,256,,,,"ERROR: Could not find hyperparameters for the kernel instance corresponding to the target (batch_size, a, b, c, d, preci"
group1,8,8,1024,1024,2,64,512,,,,"ERROR: Could not find hyperparameters for the kernel instance corresponding to the target (batch_size, a, b, c, d, preci"
group1,8,8,1024,1024,2,64,1024,,,,"ERROR: Could not find hyperparameters for the kernel instance corresponding to the target (batch_size, a, b, c, d, preci"
group1,8,8,1024,1024,2,64,2048,,,,"ERROR: Could not find hyperparameters for the kernel instance corresponding to the target (batch_size, a, b, c, d, preci"
group1,8,8,1024,1024,2,64,4096,,,,"ERROR: Could not find hyperparameters for the kernel instance corresponding to the target (batch_size, a, b, c, d, preci"
group1,8,8,1024,1024,4,32,2,,,,"ERROR: Could not find hyperparameters for the kernel instance corresponding to the target (batch_size, a, b, c, d, preci"
group1,8,8,1024,1024,4,32,4,,,,"ERROR: Could not find hyperparameters for the kernel instance corresponding to the target (batch_size, a, b, c, d, preci"
group1,8,8,1024,1024,4,32,8,,,,"ERROR: Could not find hyperparameters for the kernel instance corresponding to the target (batch_size, a, b, c, d, preci"
group1,8,8,1024,1024,4,32,16,,,,"ERROR: Could not find hyperparameters for the kernel instance corresponding to the target (batch_size, a, b, c, d, preci"
group1,8,8,1024,1024,4,32,32,,,,"ERROR: Could not find hyperparameters for the kernel instance corresponding to the target (batch_size, a, b, c, d, preci"
group1,8,8,1024,1024,4,32,64,,,,"ERROR: Could not find hyperparameters for the kernel instance corresponding to the target (batch_size, a, b, c, d, preci"
group1,8,8,1024,1024,4,32,128,,,,"ERROR: Could not find hyperparameters for the kernel instance corresponding to the target (batch_size, a, b, c, d, preci"
group1,8,8,1024,1024,4,32,256,,,,"ERROR: Could not find hyperparameters for the kernel instance corresponding to the target (batch_size, a, b, c, d, preci"
group1,8,8,1024,1024,4,32,512,,,,"ERROR: Could not find hyperparameters for the kernel instance corresponding to the target (batch_size, a, b, c, d, preci"
group1,8,8,1024,1024,4,32,1024,,,,"ERROR: Could not find hyperparameters for the kernel instance corresponding to the target (batch_size, a, b, c, d, preci"
group1,8,8,1024,1024,4,32,2048,,,,"ERROR: Could not find hyperparameters for the kernel instance corresponding to the target (batch_size, a, b, c, d, preci"
group1,8,8,1024,1024,4,32,4096,,,,"ERROR: Could not find hyperparameters for the kernel instance corresponding to the target (batch_size, a, b, c, d, preci"
group1,8,8,1024,1024,8,16,2,,,,"ERROR: Could not find hyperparameters for the kernel instance corresponding to the target (batch_size, a, b, c, d, preci"
group1,8,8,1024,1024,8,16,4,,,,"ERROR: Could not find hyperparameters for the kernel instance corresponding to the target (batch_size, a, b, c, d, preci"
group1,8,8,1024,1024,8,16,8,,,,"ERROR: Could not find hyperparameters for the kernel instance corresponding to the target (batch_size, a, b, c, d, preci"
group1,8,8,1024,1024,8,16,16,,,,"ERROR: Could not find hyperparameters for the kernel instance corresponding to the target (batch_size, a, b, c, d, preci"
group1,8,8,1024,1024,8,16,32,,,,"ERROR: Could not find hyperparameters for the kernel instance corresponding to the target (batch_size, a, b, c, d, preci"
group1,8,8,1024,1024,8,16,64,,,,"ERROR: Could not find hyperparameters for the kernel instance corresponding to the target (batch_size, a, b, c, d, preci"
group1,8,8,1024,1024,8,16,128,,,,"ERROR: Could not find hyperparameters for the kernel instance corresponding to the target (batch_size, a, b, c, d, preci"
group1,8,8,1024,1024,8,16,256,,,,"ERROR: Could not find hyperparameters for the kernel instance corresponding to the target (batch_size, a, b, c, d, preci"
group1,8,8,1024,1024,8,16,512,,,,"ERROR: Could not find hyperparameters for the kernel instance corresponding to the target (batch_size, a, b, c, d, preci"
group1,8,8,1024,1024,8,16,1024,,,,"ERROR: Could not find hyperparameters for the kernel instance corresponding to the target (batch_size, a, b, c, d, preci"
group1,8,8,1024,1024,8,16,2048,,,,"ERROR: Could not find hyperparameters for the kernel instance corresponding to the target (batch_size, a, b, c, d, preci"
group1,8,8,1024,1024,8,16,4096,,,,"ERROR: Could not find hyperparameters for the kernel instance corresponding to the target (batch_size, a, b, c, d, preci"
group1,8,8,1024,1024,16,8,2,,,,"ERROR: Could not find hyperparameters for the kernel instance corresponding to the target (batch_size, a, b, c, d, preci"
group1,8,8,1024,1024,16,8,4,,,,"ERROR: Could not find hyperparameters for the kernel instance corresponding to the target (batch_size, a, b, c, d, preci"
group1,8,8,1024,1024,16,8,8,,,,"ERROR: Could not find hyperparameters for the kernel instance corresponding to the target (batch_size, a, b, c, d, preci"
group1,8,8,1024,1024,16,8,16,,,,"ERROR: Could not find hyperparameters for the kernel instance corresponding to the target (batch_size, a, b, c, d, preci"
group1,8,8,1024,1024,16,8,32,,,,"ERROR: Could not find hyperparameters for the kernel instance corresponding to the target (batch_size, a, b, c, d, preci"
group1,8,8,1024,1024,16,8,64,,,,"ERROR: Could not find hyperparameters for the kernel instance corresponding to the target (batch_size, a, b, c, d, preci"
group1,8,8,1024,1024,16,8,128,,,,"ERROR: Could not find hyperparameters for the kernel instance corresponding to the target (batch_size, a, b, c, d, preci"
group1,8,8,1024,1024,16,8,256,,,,"ERROR: Could not find hyperparameters for the kernel instance corresponding to the target (batch_size, a, b, c, d, preci"
group1,8,8,1024,1024,16,8,512,,,,"ERROR: Could not find hyperparameters for the kernel instance corresponding to the target (batch_size, a, b, c, d, preci"
group1,8,8,1024,1024,16,8,1024,,,,"ERROR: Could not find hyperparameters for the kernel instance corresponding to the target (batch_size, a, b, c, d, preci"
group1,8,8,1024,1024,16,8,2048,,,,"ERROR: Could not find hyperparameters for the kernel instance corresponding to the target (batch_size, a, b, c, d, preci"
group1,8,8,1024,1024,16,8,4096,,,,"ERROR: Could not find hyperparameters for the kernel instance corresponding to the target (batch_size, a, b, c, d, preci"
group1,8,8,1024,1024,32,4,2,,,,"ERROR: Could not find hyperparameters for the kernel instance corresponding to the target (batch_size, a, b, c, d, preci"
group1,8,8,1024,1024,32,4,4,,,,"ERROR: Could not find hyperparameters for the kernel instance corresponding to the target (batch_size, a, b, c, d, preci"
group1,8,8,1024,1024,32,4,8,,,,"ERROR: Could not find hyperparameters for the kernel instance corresponding to the target (batch_size, a, b, c, d, preci"
group1,8,8,1024,1024,32,4,16,,,,"ERROR: Could not find hyperparameters for the kernel instance corresponding to the target (batch_size, a, b, c, d, preci"
group1,8,8,1024,1024,32,4,32,,,,"ERROR: Could not find hyperparameters for the kernel instance corresponding to the target (batch_size, a, b, c, d, preci"
group1,8,8,1024,1024,32,4,64,,,,"ERROR: Could not find hyperparameters for the kernel instance corresponding to the target (batch_size, a, b, c, d, preci"
group1,8,8,1024,1024,32,4,128,,,,"ERROR: Could not find hyperparameters for the kernel instance corresponding to the target (batch_size, a, b, c, d, preci"
group1,8,8,1024,1024,32,4,256,,,,"ERROR: Could not find hyperparameters for the kernel instance corresponding to the target (batch_size, a, b, c, d, preci"
group1,8,8,1024,1024,32,4,512,,,,"ERROR: Could not find hyperparameters for the kernel instance corresponding to the target (batch_size, a, b, c, d, preci"
group1,8,8,1024,1024,32,4,1024,,,,"ERROR: Could not find hyperparameters for the kernel instance corresponding to the target (batch_size, a, b, c, d, preci"
group1,8,8,1024,1024,32,4,2048,,,,"ERROR: Could not find hyperparameters for the kernel instance corresponding to the target (batch_size, a, b, c, d, preci"
group1,8,8,1024,1024,32,4,4096,,,,"ERROR: Could not find hyperparameters for the kernel instance corresponding to the target (batch_size, a, b, c, d, preci"
group1,8,8,1024,1024,64,2,2,,,,"ERROR: Could not find hyperparameters for the kernel instance corresponding to the target (batch_size, a, b, c, d, preci"
group1,8,8,1024,1024,64,2,4,,,,"ERROR: Could not find hyperparameters for the kernel instance corresponding to the target (batch_size, a, b, c, d, preci"
group1,8,8,1024,1024,64,2,8,,,,"ERROR: Could not find hyperparameters for the kernel instance corresponding to the target (batch_size, a, b, c, d, preci"
group1,8,8,1024,1024,64,2,16,,,,"ERROR: Could not find hyperparameters for the kernel instance corresponding to the target (batch_size, a, b, c, d, preci"
group1,8,8,1024,1024,64,2,32,,,,"ERROR: Could not find hyperparameters for the kernel instance corresponding to the target (batch_size, a, b, c, d, preci"
group1,8,8,1024,1024,64,2,64,,,,"ERROR: Could not find hyperparameters for the kernel instance corresponding to the target (batch_size, a, b, c, d, preci"
group1,8,8,1024,1024,64,2,128,,,,"ERROR: Could not find hyperparameters for the kernel instance corresponding to the target (batch_size, a, b, c, d, preci"
group1,8,8,1024,1024,64,2,256,,,,"ERROR: Could not find hyperparameters for the kernel instance corresponding to the target (batch_size, a, b, c, d, preci"
group1,8,8,1024,1024,64,2,512,,,,"ERROR: Could not find hyperparameters for the kernel instance corresponding to the target (batch_size, a, b, c, d, preci"
group1,8,8,1024,1024,64,2,1024,,,,"ERROR: Could not find hyperparameters for the kernel instance corresponding to the target (batch_size, a, b, c, d, preci"
group1,8,8,1024,1024,64,2,2048,,,,"ERROR: Could not find hyperparameters for the kernel instance corresponding to the target (batch_size, a, b, c, d, preci"
group1,8,8,1024,1024,64,2,4096,,,,"ERROR: Could not find hyperparameters for the kernel instance corresponding to the target (batch_size, a, b, c, d, preci"
group1,8,8,1024,1024,128,1,2,,,,"ERROR: Could not find hyperparameters for the kernel instance corresponding to the target (batch_size, a, b, c, d, preci"
group1,8,8,1024,1024,128,1,4,,,,"ERROR: Could not find hyperparameters for the kernel instance corresponding to the target (batch_size, a, b, c, d, preci"
group1,8,8,1024,1024,128,1,8,,,,"ERROR: Could not find hyperparameters for the kernel instance corresponding to the target (batch_size, a, b, c, d, preci"
group1,8,8,1024,1024,128,1,16,,,,"ERROR: Could not find hyperparameters for the kernel instance corresponding to the target (batch_size, a, b, c, d, preci"
group1,8,8,1024,1024,128,1,32,,,,"ERROR: Could not find hyperparameters for the kernel instance corresponding to the target (batch_size, a, b, c, d, preci"
group1,8,8,1024,1024,128,1,64,,,,"ERROR: Could not find hyperparameters for the kernel instance corresponding to the target (batch_size, a, b, c, d, preci"
group1,8,8,1024,1024,128,1,128,,,,"ERROR: Could not find hyperparameters for the kernel instance corresponding to the target (batch_size, a, b, c, d, preci"
group1,8,8,1024,1024,128,1,256,,,,"ERROR: Could not find hyperparameters for the kernel instance corresponding to the target (batch_size, a, b, c, d, preci"
group1,8,8,1024,1024,128,1,512,,,,"ERROR: Could not find hyperparameters for the kernel instance corresponding to the target (batch_size, a, b, c, d, preci"
group1,8,8,1024,1024,128,1,1024,,,,"ERROR: Could not find hyperparameters for the kernel instance corresponding to the target (batch_size, a, b, c, d, preci"
group1,8,8,1024,1024,128,1,2048,,,,"ERROR: Could not find hyperparameters for the kernel instance corresponding to the target (batch_size, a, b, c, d, preci"
group1,8,8,1024,1024,128,1,4096,,,,"ERROR: Could not find hyperparameters for the kernel instance corresponding to the target (batch_size, a, b, c, d, preci"
group1,8,8,2048,2048,1,256,2,,,,"ERROR: Could not find hyperparameters for the kernel instance corresponding to the target (batch_size, a, b, c, d, preci"
group1,8,8,2048,2048,1,256,4,,,,"ERROR: Could not find hyperparameters for the kernel instance corresponding to the target (batch_size, a, b, c, d, preci"
group1,8,8,2048,2048,1,256,8,,,,"ERROR: Could not find hyperparameters for the kernel instance corresponding to the target (batch_size, a, b, c, d, preci"
group1,8,8,2048,2048,1,256,16,,,,"ERROR: Could not find hyperparameters for the kernel instance corresponding to the target (batch_size, a, b, c, d, preci"
group1,8,8,2048,2048,1,256,32,,,,"ERROR: Could not find hyperparameters for the kernel instance corresponding to the target (batch_size, a, b, c, d, preci"
group1,8,8,2048,2048,1,256,64,,,,"ERROR: Could not find hyperparameters for the kernel instance corresponding to the target (batch_size, a, b, c, d, preci"
group1,8,8,2048,2048,1,256,128,,,,"ERROR: Could not find hyperparameters for the kernel instance corresponding to the target (batch_size, a, b, c, d, preci"
group1,8,8,2048,2048,1,256,256,,,,"ERROR: Could not find hyperparameters for the kernel instance corresponding to the target (batch_size, a, b, c, d, preci"
group1,8,8,2048,2048,1,256,512,,,,"ERROR: Could not find hyperparameters for the kernel instance corresponding to the target (batch_size, a, b, c, d, preci"
group1,8,8,2048,2048,1,256,1024,,,,"ERROR: Could not find hyperparameters for the kernel instance corresponding to the target (batch_size, a, b, c, d, preci"
group1,8,8,2048,2048,1,256,2048,,,,"ERROR: Could not find hyperparameters for the kernel instance corresponding to the target (batch_size, a, b, c, d, preci"
group1,8,8,2048,2048,1,256,4096,,,,"ERROR: Could not find hyperparameters for the kernel instance corresponding to the target (batch_size, a, b, c, d, preci"
group1,8,8,2048,2048,2,128,2,,,,"ERROR: Could not find hyperparameters for the kernel instance corresponding to the target (batch_size, a, b, c, d, preci"
group1,8,8,2048,2048,2,128,4,,,,"ERROR: Could not find hyperparameters for the kernel instance corresponding to the target (batch_size, a, b, c, d, preci"
group1,8,8,2048,2048,2,128,8,,,,"ERROR: Could not find hyperparameters for the kernel instance corresponding to the target (batch_size, a, b, c, d, preci"
group1,8,8,2048,2048,2,128,16,,,,"ERROR: Could not find hyperparameters for the kernel instance corresponding to the target (batch_size, a, b, c, d, preci"
group1,8,8,2048,2048,2,128,32,,,,"ERROR: Could not find hyperparameters for the kernel instance corresponding to the target (batch_size, a, b, c, d, preci"
group1,8,8,2048,2048,2,128,64,,,,"ERROR: Could not find hyperparameters for the kernel instance corresponding to the target (batch_size, a, b, c, d, preci"
group1,8,8,2048,2048,2,128,128,,,,"ERROR: Could not find hyperparameters for the kernel instance corresponding to the target (batch_size, a, b, c, d, preci"
group1,8,8,2048,2048,2,128,256,,,,"ERROR: Could not find hyperparameters for the kernel instance corresponding to the target (batch_size, a, b, c, d, preci"
group1,8,8,2048,2048,2,128,512,,,,"ERROR: Could not find hyperparameters for the kernel instance corresponding to the target (batch_size, a, b, c, d, preci"
group1,8,8,2048,2048,2,128,1024,,,,"ERROR: Could not find hyperparameters for the kernel instance corresponding to the target (batch_size, a, b, c, d, preci"
group1,8,8,2048,2048,2,128,2048,,,,"ERROR: Could not find hyperparameters for the kernel instance corresponding to the target (batch_size, a, b, c, d, preci"
group1,8,8,2048,2048,2,128,4096,,,,"ERROR: Could not find hyperparameters for the kernel instance corresponding to the target (batch_size, a, b, c, d, preci"
group1,8,8,2048,2048,4,64,2,,,,"ERROR: Could not find hyperparameters for the kernel instance corresponding to the target (batch_size, a, b, c, d, preci"
group1,8,8,2048,2048,4,64,4,,,,"ERROR: Could not find hyperparameters for the kernel instance corresponding to the target (batch_size, a, b, c, d, preci"
group1,8,8,2048,2048,4,64,8,,,,"ERROR: Could not find hyperparameters for the kernel instance corresponding to the target (batch_size, a, b, c, d, preci"
group1,8,8,2048,2048,4,64,16,,,,"ERROR: Could not find hyperparameters for the kernel instance corresponding to the target (batch_size, a, b, c, d, preci"
group1,8,8,2048,2048,4,64,32,,,,"ERROR: Could not find hyperparameters for the kernel instance corresponding to the target (batch_size, a, b, c, d, preci"
group1,8,8,2048,2048,4,64,64,,,,"ERROR: Could not find hyperparameters for the kernel instance corresponding to the target (batch_size, a, b, c, d, preci"
group1,8,8,2048,2048,4,64,128,,,,"ERROR: Could not find hyperparameters for the kernel instance corresponding to the target (batch_size, a, b, c, d, preci"
group1,8,8,2048,2048,4,64,256,,,,"ERROR: Could not find hyperparameters for the kernel instance corresponding to the target (batch_size, a, b, c, d, preci"
group1,8,8,2048,2048,4,64,512,,,,"ERROR: Could not find hyperparameters for the kernel instance corresponding to the target (batch_size, a, b, c, d, preci"
group1,8,8,2048,2048,4,64,1024,,,,"ERROR: Could not find hyperparameters for the kernel instance corresponding to the target (batch_size, a, b, c, d, preci"
group1,8,8,2048,2048,4,64,2048,,,,"ERROR: Could not find hyperparameters for the kernel instance corresponding to the target (batch_size, a, b, c, d, preci"
group1,8,8,2048,2048,4,64,4096,,,,"ERROR: Could not find hyperparameters for the kernel instance corresponding to the target (batch_size, a, b, c, d, preci"
group1,8,8,2048,2048,8,32,2,,,,"ERROR: Could not find hyperparameters for the kernel instance corresponding to the target (batch_size, a, b, c, d, preci"
group1,8,8,2048,2048,8,32,4,,,,"ERROR: Could not find hyperparameters for the kernel instance corresponding to the target (batch_size, a, b, c, d, preci"
group1,8,8,2048,2048,8,32,8,,,,"ERROR: Could not find hyperparameters for the kernel instance corresponding to the target (batch_size, a, b, c, d, preci"
group1,8,8,2048,2048,8,32,16,,,,"ERROR: Could not find hyperparameters for the kernel instance corresponding to the target (batch_size, a, b, c, d, preci"
group1,8,8,2048,2048,8,32,32,,,,"ERROR: Could not find hyperparameters for the kernel instance corresponding to the target (batch_size, a, b, c, d, preci"
group1,8,8,2048,2048,8,32,64,,,,"ERROR: Could not find hyperparameters for the kernel instance corresponding to the target (batch_size, a, b, c, d, preci"
group1,8,8,2048,2048,8,32,128,,,,"ERROR: Could not find hyperparameters for the kernel instance corresponding to the target (batch_size, a, b, c, d, preci"
group1,8,8,2048,2048,8,32,256,,,,"ERROR: Could not find hyperparameters for the kernel instance corresponding to the target (batch_size, a, b, c, d, preci"
group1,8,8,2048,2048,8,32,512,,,,"ERROR: Could not find hyperparameters for the kernel instance corresponding to the target (batch_size, a, b, c, d, preci"
group1,8,8,2048,2048,8,32,1024,,,,"ERROR: Could not find hyperparameters for the kernel instance corresponding to the target (batch_size, a, b, c, d, preci"
group1,8,8,2048,2048,8,32,2048,,,,"ERROR: Could not find hyperparameters for the kernel instance corresponding to the target (batch_size, a, b, c, d, preci"
group1,8,8,2048,2048,8,32,4096,,,,"ERROR: Could not find hyperparameters for the kernel instance corresponding to the target (batch_size, a, b, c, d, preci"
group1,8,8,2048,2048,16,16,2,,,,"ERROR: Could not find hyperparameters for the kernel instance corresponding to the target (batch_size, a, b, c, d, preci"
group1,8,8,2048,2048,16,16,4,,,,"ERROR: Could not find hyperparameters for the kernel instance corresponding to the target (batch_size, a, b, c, d, preci"
group1,8,8,2048,2048,16,16,8,,,,"ERROR: Could not find hyperparameters for the kernel instance corresponding to the target (batch_size, a, b, c, d, preci"
group1,8,8,2048,2048,16,16,16,,,,"ERROR: Could not find hyperparameters for the kernel instance corresponding to the target (batch_size, a, b, c, d, preci"
group1,8,8,2048,2048,16,16,32,,,,"ERROR: Could not find hyperparameters for the kernel instance corresponding to the target (batch_size, a, b, c, d, preci"
group1,8,8,2048,2048,16,16,64,,,,"ERROR: Could not find hyperparameters for the kernel instance corresponding to the target (batch_size, a, b, c, d, preci"
group1,8,8,2048,2048,16,16,128,,,,"ERROR: Could not find hyperparameters for the kernel instance corresponding to the target (batch_size, a, b, c, d, preci"
group1,8,8,2048,2048,16,16,256,,,,"ERROR: Could not find hyperparameters for the kernel instance corresponding to the target (batch_size, a, b, c, d, preci"
group1,8,8,2048,2048,16,16,512,,,,"ERROR: Could not find hyperparameters for the kernel instance corresponding to the target (batch_size, a, b, c, d, preci"
group1,8,8,2048,2048,16,16,1024,,,,"ERROR: Could not find hyperparameters for the kernel instance corresponding to the target (batch_size, a, b, c, d, preci"
group1,8,8,2048,2048,16,16,2048,,,,"ERROR: Could not find hyperparameters for the kernel instance corresponding to the target (batch_size, a, b, c, d, preci"
group1,8,8,2048,2048,16,16,4096,,,,"ERROR: Could not find hyperparameters for the kernel instance corresponding to the target (batch_size, a, b, c, d, preci"
group1,8,8,2048,2048,32,8,2,,,,"ERROR: Could not find hyperparameters for the kernel instance corresponding to the target (batch_size, a, b, c, d, preci"
group1,8,8,2048,2048,32,8,4,,,,"ERROR: Could not find hyperparameters for the kernel instance corresponding to the target (batch_size, a, b, c, d, preci"
group1,8,8,2048,2048,32,8,8,,,,"ERROR: Could not find hyperparameters for the kernel instance corresponding to the target (batch_size, a, b, c, d, preci"
group1,8,8,2048,2048,32,8,16,,,,"ERROR: Could not find hyperparameters for the kernel instance corresponding to the target (batch_size, a, b, c, d, preci"
group1,8,8,2048,2048,32,8,32,,,,"ERROR: Could not find hyperparameters for the kernel instance corresponding to the target (batch_size, a, b, c, d, preci"
group1,8,8,2048,2048,32,8,64,,,,"ERROR: Could not find hyperparameters for the kernel instance corresponding to the target (batch_size, a, b, c, d, preci"
group1,8,8,2048,2048,32,8,128,,,,"ERROR: Could not find hyperparameters for the kernel instance corresponding to the target (batch_size, a, b, c, d, preci"
group1,8,8,2048,2048,32,8,256,,,,"ERROR: Could not find hyperparameters for the kernel instance corresponding to the target (batch_size, a, b, c, d, preci"
group1,8,8,2048,2048,32,8,512,,,,"ERROR: Could not find hyperparameters for the kernel instance corresponding to the target (batch_size, a, b, c, d, preci"
group1,8,8,2048,2048,32,8,1024,,,,"ERROR: Could not find hyperparameters for the kernel instance corresponding to the target (batch_size, a, b, c, d, preci"
group1,8,8,2048,2048,32,8,2048,,,,"ERROR: Could not find hyperparameters for the kernel instance corresponding to the target (batch_size, a, b, c, d, preci"
group1,8,8,2048,2048,32,8,4096,,,,"ERROR: Could not find hyperparameters for the kernel instance corresponding to the target (batch_size, a, b, c, d, preci"
group1,8,8,2048,2048,64,4,2,,,,"ERROR: Could not find hyperparameters for the kernel instance corresponding to the target (batch_size, a, b, c, d, preci"
group1,8,8,2048,2048,64,4,4,,,,"ERROR: Could not find hyperparameters for the kernel instance corresponding to the target (batch_size, a, b, c, d, preci"
group1,8,8,2048,2048,64,4,8,,,,"ERROR: Could not find hyperparameters for the kernel instance corresponding to the target (batch_size, a, b, c, d, preci"
group1,8,8,2048,2048,64,4,16,,,,"ERROR: Could not find hyperparameters for the kernel instance corresponding to the target (batch_size, a, b, c, d, preci"
group1,8,8,2048,2048,64,4,32,,,,"ERROR: Could not find hyperparameters for the kernel instance corresponding to the target (batch_size, a, b, c, d, preci"
group1,8,8,2048,2048,64,4,64,,,,"ERROR: Could not find hyperparameters for the kernel instance corresponding to the target (batch_size, a, b, c, d, preci"
group1,8,8,2048,2048,64,4,128,,,,"ERROR: Could not find hyperparameters for the kernel instance corresponding to the target (batch_size, a, b, c, d, preci"
group1,8,8,2048,2048,64,4,256,,,,"ERROR: Could not find hyperparameters for the kernel instance corresponding to the target (batch_size, a, b, c, d, preci"
group1,8,8,2048,2048,64,4,512,,,,"ERROR: Could not find hyperparameters for the kernel instance corresponding to the target (batch_size, a, b, c, d, preci"
group1,8,8,2048,2048,64,4,1024,,,,"ERROR: Could not find hyperparameters for the kernel instance corresponding to the target (batch_size, a, b, c, d, preci"
group1,8,8,2048,2048,64,4,2048,,,,"ERROR: Could not find hyperparameters for the kernel instance corresponding to the target (batch_size, a, b, c, d, preci"
group1,8,8,2048,2048,64,4,4096,,,,"ERROR: Could not find hyperparameters for the kernel instance corresponding to the target (batch_size, a, b, c, d, preci"
group1,8,8,2048,2048,128,2,2,,,,"ERROR: Could not find hyperparameters for the kernel instance corresponding to the target (batch_size, a, b, c, d, preci"
group1,8,8,2048,2048,128,2,4,,,,"ERROR: Could not find hyperparameters for the kernel instance corresponding to the target (batch_size, a, b, c, d, preci"
group1,8,8,2048,2048,128,2,8,,,,"ERROR: Could not find hyperparameters for the kernel instance corresponding to the target (batch_size, a, b, c, d, preci"
group1,8,8,2048,2048,128,2,16,,,,"ERROR: Could not find hyperparameters for the kernel instance corresponding to the target (batch_size, a, b, c, d, preci"
group1,8,8,2048,2048,128,2,32,,,,"ERROR: Could not find hyperparameters for the kernel instance corresponding to the target (batch_size, a, b, c, d, preci"
group1,8,8,2048,2048,128,2,64,,,,"ERROR: Could not find hyperparameters for the kernel instance corresponding to the target (batch_size, a, b, c, d, preci"
group1,8,8,2048,2048,128,2,128,,,,"ERROR: Could not find hyperparameters for the kernel instance corresponding to the target (batch_size, a, b, c, d, preci"
group1,8,8,2048,2048,128,2,256,,,,"ERROR: Could not find hyperparameters for the kernel instance corresponding to the target (batch_size, a, b, c, d, preci"
group1,8,8,2048,2048,128,2,512,,,,"ERROR: Could not find hyperparameters for the kernel instance corresponding to the target (batch_size, a, b, c, d, preci"
group1,8,8,2048,2048,128,2,1024,,,,"ERROR: Could not find hyperparameters for the kernel instance corresponding to the target (batch_size, a, b, c, d, preci"
group1,8,8,2048,2048,128,2,2048,,,,"ERROR: Could not find hyperparameters for the kernel instance corresponding to the target (batch_size, a, b, c, d, preci"
group1,8,8,2048,2048,128,2,4096,,,,"ERROR: Could not find hyperparameters for the kernel instance corresponding to the target (batch_size, a, b, c, d, preci"
group1,8,8,2048,2048,256,1,2,,,,"ERROR: Could not find hyperparameters for the kernel instance corresponding to the target (batch_size, a, b, c, d, preci"
group1,8,8,2048,2048,256,1,4,,,,"ERROR: Could not find hyperparameters for the kernel instance corresponding to the target (batch_size, a, b, c, d, preci"
group1,8,8,2048,2048,256,1,8,,,,"ERROR: Could not find hyperparameters for the kernel instance corresponding to the target (batch_size, a, b, c, d, preci"
group1,8,8,2048,2048,256,1,16,,,,"ERROR: Could not find hyperparameters for the kernel instance corresponding to the target (batch_size, a, b, c, d, preci"
group1,8,8,2048,2048,256,1,32,,,,"ERROR: Could not find hyperparameters for the kernel instance corresponding to the target (batch_size, a, b, c, d, preci"
group1,8,8,2048,2048,256,1,64,,,,"ERROR: Could not find hyperparameters for the kernel instance corresponding to the target (batch_size, a, b, c, d, preci"
group1,8,8,2048,2048,256,1,128,,,,"ERROR: Could not find hyperparameters for the kernel instance corresponding to the target (batch_size, a, b, c, d, preci"
group1,8,8,2048,2048,256,1,256,,,,"ERROR: Could not find hyperparameters for the kernel instance corresponding to the target (batch_size, a, b, c, d, preci"
group1,8,8,2048,2048,256,1,512,,,,"ERROR: Could not find hyperparameters for the kernel instance corresponding to the target (batch_size, a, b, c, d, preci"
group1,8,8,2048,2048,256,1,1024,,,,"ERROR: Could not find hyperparameters for the kernel instance corresponding to the target (batch_size, a, b, c, d, preci"
group1,8,8,2048,2048,256,1,2048,,,,"ERROR: Could not find hyperparameters for the kernel instance corresponding to the target (batch_size, a, b, c, d, preci"
group1,8,8,2048,2048,256,1,4096,,,,"ERROR: Could not find hyperparameters for the kernel instance corresponding to the target (batch_size, a, b, c, d, preci"
group1,8,8,4096,4096,1,512,2,,,,"ERROR: Could not find hyperparameters for the kernel instance corresponding to the target (batch_size, a, b, c, d, preci"
group1,8,8,4096,4096,1,512,4,,,,"ERROR: Could not find hyperparameters for the kernel instance corresponding to the target (batch_size, a, b, c, d, preci"
group1,8,8,4096,4096,1,512,8,,,,"ERROR: Could not find hyperparameters for the kernel instance corresponding to the target (batch_size, a, b, c, d, preci"
group1,8,8,4096,4096,1,512,16,,,,"ERROR: Could not find hyperparameters for the kernel instance corresponding to the target (batch_size, a, b, c, d, preci"
group1,8,8,4096,4096,1,512,32,,,,"ERROR: Could not find hyperparameters for the kernel instance corresponding to the target (batch_size, a, b, c, d, preci"
group1,8,8,4096,4096,1,512,64,,,,"ERROR: Could not find hyperparameters for the kernel instance corresponding to the target (batch_size, a, b, c, d, preci"
group1,8,8,4096,4096,1,512,128,,,,"ERROR: Could not find hyperparameters for the kernel instance corresponding to the target (batch_size, a, b, c, d, preci"
group1,8,8,4096,4096,1,512,256,,,,"ERROR: Could not find hyperparameters for the kernel instance corresponding to the target (batch_size, a, b, c, d, preci"
group1,8,8,4096,4096,1,512,512,,,,"ERROR: Could not find hyperparameters for the kernel instance corresponding to the target (batch_size, a, b, c, d, preci"
group1,8,8,4096,4096,1,512,1024,,,,"ERROR: Could not find hyperparameters for the kernel instance corresponding to the target (batch_size, a, b, c, d, preci"
group1,8,8,4096,4096,1,512,2048,,,,"ERROR: Could not find hyperparameters for the kernel instance corresponding to the target (batch_size, a, b, c, d, preci"
group1,8,8,4096,4096,1,512,4096,,,,"ERROR: Could not find hyperparameters for the kernel instance corresponding to the target (batch_size, a, b, c, d, preci"
group1,8,8,4096,4096,2,256,2,,,,"ERROR: Could not find hyperparameters for the kernel instance corresponding to the target (batch_size, a, b, c, d, preci"
group1,8,8,4096,4096,2,256,4,,,,"ERROR: Could not find hyperparameters for the kernel instance corresponding to the target (batch_size, a, b, c, d, preci"
group1,8,8,4096,4096,2,256,8,,,,"ERROR: Could not find hyperparameters for the kernel instance corresponding to the target (batch_size, a, b, c, d, preci"
group1,8,8,4096,4096,2,256,16,,,,"ERROR: Could not find hyperparameters for the kernel instance corresponding to the target (batch_size, a, b, c, d, preci"
group1,8,8,4096,4096,2,256,32,,,,"ERROR: Could not find hyperparameters for the kernel instance corresponding to the target (batch_size, a, b, c, d, preci"
group1,8,8,4096,4096,2,256,64,,,,"ERROR: Could not find hyperparameters for the kernel instance corresponding to the target (batch_size, a, b, c, d, preci"
group1,8,8,4096,4096,2,256,128,,,,"ERROR: Could not find hyperparameters for the kernel instance corresponding to the target (batch_size, a, b, c, d, preci"
group1,8,8,4096,4096,2,256,256,,,,"ERROR: Could not find hyperparameters for the kernel instance corresponding to the target (batch_size, a, b, c, d, preci"
group1,8,8,4096,4096,2,256,512,,,,"ERROR: Could not find hyperparameters for the kernel instance corresponding to the target (batch_size, a, b, c, d, preci"
group1,8,8,4096,4096,2,256,1024,,,,"ERROR: Could not find hyperparameters for the kernel instance corresponding to the target (batch_size, a, b, c, d, preci"
group1,8,8,4096,4096,2,256,2048,,,,"ERROR: Could not find hyperparameters for the kernel instance corresponding to the target (batch_size, a, b, c, d, preci"
group1,8,8,4096,4096,2,256,4096,,,,"ERROR: Could not find hyperparameters for the kernel instance corresponding to the target (batch_size, a, b, c, d, preci"
group1,8,8,4096,4096,4,128,2,,,,"ERROR: Could not find hyperparameters for the kernel instance corresponding to the target (batch_size, a, b, c, d, preci"
group1,8,8,4096,4096,4,128,4,,,,"ERROR: Could not find hyperparameters for the kernel instance corresponding to the target (batch_size, a, b, c, d, preci"
group1,8,8,4096,4096,4,128,8,,,,"ERROR: Could not find hyperparameters for the kernel instance corresponding to the target (batch_size, a, b, c, d, preci"
group1,8,8,4096,4096,4,128,16,,,,"ERROR: Could not find hyperparameters for the kernel instance corresponding to the target (batch_size, a, b, c, d, preci"
group1,8,8,4096,4096,4,128,32,,,,"ERROR: Could not find hyperparameters for the kernel instance corresponding to the target (batch_size, a, b, c, d, preci"
group1,8,8,4096,4096,4,128,64,,,,"ERROR: Could not find hyperparameters for the kernel instance corresponding to the target (batch_size, a, b, c, d, preci"
group1,8,8,4096,4096,4,128,128,,,,"ERROR: Could not find hyperparameters for the kernel instance corresponding to the target (batch_size, a, b, c, d, preci"
group1,8,8,4096,4096,4,128,256,,,,"ERROR: Could not find hyperparameters for the kernel instance corresponding to the target (batch_size, a, b, c, d, preci"
group1,8,8,4096,4096,4,128,512,,,,"ERROR: Could not find hyperparameters for the kernel instance corresponding to the target (batch_size, a, b, c, d, preci"
group1,8,8,4096,4096,4,128,1024,,,,"ERROR: Could not find hyperparameters for the kernel instance corresponding to the target (batch_size, a, b, c, d, preci"
group1,8,8,4096,4096,4,128,2048,,,,"ERROR: Could not find hyperparameters for the kernel instance corresponding to the target (batch_size, a, b, c, d, preci"
group1,8,8,4096,4096,4,128,4096,,,,"ERROR: Could not find hyperparameters for the kernel instance corresponding to the target (batch_size, a, b, c, d, preci"
group1,8,8,4096,4096,8,64,2,,,,"ERROR: Could not find hyperparameters for the kernel instance corresponding to the target (batch_size, a, b, c, d, preci"
group1,8,8,4096,4096,8,64,4,,,,"ERROR: Could not find hyperparameters for the kernel instance corresponding to the target (batch_size, a, b, c, d, preci"
group1,8,8,4096,4096,8,64,8,,,,"ERROR: Could not find hyperparameters for the kernel instance corresponding to the target (batch_size, a, b, c, d, preci"
group1,8,8,4096,4096,8,64,16,,,,"ERROR: Could not find hyperparameters for the kernel instance corresponding to the target (batch_size, a, b, c, d, preci"
group1,8,8,4096,4096,8,64,32,,,,"ERROR: Could not find hyperparameters for the kernel instance corresponding to the target (batch_size, a, b, c, d, preci"
group1,8,8,4096,4096,8,64,64,,,,"ERROR: Could not find hyperparameters for the kernel instance corresponding to the target (batch_size, a, b, c, d, preci"
group1,8,8,4096,4096,8,64,128,,,,"ERROR: Could not find hyperparameters for the kernel instance corresponding to the target (batch_size, a, b, c, d, preci"
group1,8,8,4096,4096,8,64,256,,,,"ERROR: Could not find hyperparameters for the kernel instance corresponding to the target (batch_size, a, b, c, d, preci"
group1,8,8,4096,4096,8,64,512,,,,"ERROR: Could not find hyperparameters for the kernel instance corresponding to the target (batch_size, a, b, c, d, preci"
group1,8,8,4096,4096,8,64,1024,,,,"ERROR: Could not find hyperparameters for the kernel instance corresponding to the target (batch_size, a, b, c, d, preci"
group1,8,8,4096,4096,8,64,2048,,,,"ERROR: Could not find hyperparameters for the kernel instance corresponding to the target (batch_size, a, b, c, d, preci"
group1,8,8,4096,4096,8,64,4096,,,,"ERROR: Could not find hyperparameters for the kernel instance corresponding to the target (batch_size, a, b, c, d, preci"
group1,8,8,4096,4096,16,32,2,,,,"ERROR: Could not find hyperparameters for the kernel instance corresponding to the target (batch_size, a, b, c, d, preci"
group1,8,8,4096,4096,16,32,4,,,,"ERROR: Could not find hyperparameters for the kernel instance corresponding to the target (batch_size, a, b, c, d, preci"
group1,8,8,4096,4096,16,32,8,,,,"ERROR: Could not find hyperparameters for the kernel instance corresponding to the target (batch_size, a, b, c, d, preci"
group1,8,8,4096,4096,16,32,16,,,,"ERROR: Could not find hyperparameters for the kernel instance corresponding to the target (batch_size, a, b, c, d, preci"
group1,8,8,4096,4096,16,32,32,,,,"ERROR: Could not find hyperparameters for the kernel instance corresponding to the target (batch_size, a, b, c, d, preci"
group1,8,8,4096,4096,16,32,64,,,,"ERROR: Could not find hyperparameters for the kernel instance corresponding to the target (batch_size, a, b, c, d, preci"
group1,8,8,4096,4096,16,32,128,,,,"ERROR: Could not find hyperparameters for the kernel instance corresponding to the target (batch_size, a, b, c, d, preci"
group1,8,8,4096,4096,16,32,256,,,,"ERROR: Could not find hyperparameters for the kernel instance corresponding to the target (batch_size, a, b, c, d, preci"
group1,8,8,4096,4096,16,32,512,,,,"ERROR: Could not find hyperparameters for the kernel instance corresponding to the target (batch_size, a, b, c, d, preci"
group1,8,8,4096,4096,16,32,1024,,,,"ERROR: Could not find hyperparameters for the kernel instance corresponding to the target (batch_size, a, b, c, d, preci"
group1,8,8,4096,4096,16,32,2048,,,,"ERROR: Could not find hyperparameters for the kernel instance corresponding to the target (batch_size, a, b, c, d, preci"
group1,8,8,4096,4096,16,32,4096,,,,"ERROR: Could not find hyperparameters for the kernel instance corresponding to the target (batch_size, a, b, c, d, preci"
group1,8,8,4096,4096,32,16,2,,,,"ERROR: Could not find hyperparameters for the kernel instance corresponding to the target (batch_size, a, b, c, d, preci"
group1,8,8,4096,4096,32,16,4,,,,"ERROR: Could not find hyperparameters for the kernel instance corresponding to the target (batch_size, a, b, c, d, preci"
group1,8,8,4096,4096,32,16,8,,,,"ERROR: Could not find hyperparameters for the kernel instance corresponding to the target (batch_size, a, b, c, d, preci"
group1,8,8,4096,4096,32,16,16,,,,"ERROR: Could not find hyperparameters for the kernel instance corresponding to the target (batch_size, a, b, c, d, preci"
group1,8,8,4096,4096,32,16,32,,,,"ERROR: Could not find hyperparameters for the kernel instance corresponding to the target (batch_size, a, b, c, d, preci"
group1,8,8,4096,4096,32,16,64,,,,"ERROR: Could not find hyperparameters for the kernel instance corresponding to the target (batch_size, a, b, c, d, preci"
group1,8,8,4096,4096,32,16,128,,,,"ERROR: Could not find hyperparameters for the kernel instance corresponding to the target (batch_size, a, b, c, d, preci"
group1,8,8,4096,4096,32,16,256,,,,"ERROR: Could not find hyperparameters for the kernel instance corresponding to the target (batch_size, a, b, c, d, preci"
group1,8,8,4096,4096,32,16,512,,,,"ERROR: Could not find hyperparameters for the kernel instance corresponding to the target (batch_size, a, b, c, d, preci"
group1,8,8,4096,4096,32,16,1024,,,,"ERROR: Could not find hyperparameters for the kernel instance corresponding to the target (batch_size, a, b, c, d, preci"
group1,8,8,4096,4096,32,16,2048,,,,"ERROR: Could not find hyperparameters for the kernel instance corresponding to the target (batch_size, a, b, c, d, preci"
group1,8,8,4096,4096,32,16,4096,,,,"ERROR: Could not find hyperparameters for the kernel instance corresponding to the target (batch_size, a, b, c, d, preci"
group1,8,8,4096,4096,64,8,2,,,,"ERROR: Could not find hyperparameters for the kernel instance corresponding to the target (batch_size, a, b, c, d, preci"
group1,8,8,4096,4096,64,8,4,,,,"ERROR: Could not find hyperparameters for the kernel instance corresponding to the target (batch_size, a, b, c, d, preci"
group1,8,8,4096,4096,64,8,8,,,,"ERROR: Could not find hyperparameters for the kernel instance corresponding to the target (batch_size, a, b, c, d, preci"
group1,8,8,4096,4096,64,8,16,,,,"ERROR: Could not find hyperparameters for the kernel instance corresponding to the target (batch_size, a, b, c, d, preci"
group1,8,8,4096,4096,64,8,32,,,,"ERROR: Could not find hyperparameters for the kernel instance corresponding to the target (batch_size, a, b, c, d, preci"
group1,8,8,4096,4096,64,8,64,,,,"ERROR: Could not find hyperparameters for the kernel instance corresponding to the target (batch_size, a, b, c, d, preci"
group1,8,8,4096,4096,64,8,128,,,,"ERROR: Could not find hyperparameters for the kernel instance corresponding to the target (batch_size, a, b, c, d, preci"
group1,8,8,4096,4096,64,8,256,,,,"ERROR: Could not find hyperparameters for the kernel instance corresponding to the target (batch_size, a, b, c, d, preci"
group1,8,8,4096,4096,64,8,512,,,,"ERROR: Could not find hyperparameters for the kernel instance corresponding to the target (batch_size, a, b, c, d, preci"
group1,8,8,4096,4096,64,8,1024,,,,"ERROR: Could not find hyperparameters for the kernel instance corresponding to the target (batch_size, a, b, c, d, preci"
group1,8,8,4096,4096,64,8,2048,,,,"ERROR: Could not find hyperparameters for the kernel instance corresponding to the target (batch_size, a, b, c, d, preci"
group1,8,8,4096,4096,64,8,4096,,,,"ERROR: Could not find hyperparameters for the kernel instance corresponding to the target (batch_size, a, b, c, d, preci"
group1,8,8,4096,4096,128,4,2,,,,"ERROR: Could not find hyperparameters for the kernel instance corresponding to the target (batch_size, a, b, c, d, preci"
group1,8,8,4096,4096,128,4,4,,,,"ERROR: Could not find hyperparameters for the kernel instance corresponding to the target (batch_size, a, b, c, d, preci"
group1,8,8,4096,4096,128,4,8,,,,"ERROR: Could not find hyperparameters for the kernel instance corresponding to the target (batch_size, a, b, c, d, preci"
group1,8,8,4096,4096,128,4,16,,,,"ERROR: Could not find hyperparameters for the kernel instance corresponding to the target (batch_size, a, b, c, d, preci"
group1,8,8,4096,4096,128,4,32,,,,"ERROR: Could not find hyperparameters for the kernel instance corresponding to the target (batch_size, a, b, c, d, preci"
group1,8,8,4096,4096,128,4,64,,,,"ERROR: Could not find hyperparameters for the kernel instance corresponding to the target (batch_size, a, b, c, d, preci"
group1,8,8,4096,4096,128,4,128,,,,"ERROR: Could not find hyperparameters for the kernel instance corresponding to the target (batch_size, a, b, c, d, preci"
group1,8,8,4096,4096,128,4,256,,,,"ERROR: Could not find hyperparameters for the kernel instance corresponding to the target (batch_size, a, b, c, d, preci"
group1,8,8,4096,4096,128,4,512,,,,"ERROR: Could not find hyperparameters for the kernel instance corresponding to the target (batch_size, a, b, c, d, preci"
group1,8,8,4096,4096,128,4,1024,,,,"ERROR: Could not find hyperparameters for the kernel instance corresponding to the target (batch_size, a, b, c, d, preci"
group1,8,8,4096,4096,128,4,2048,,,,"ERROR: Could not find hyperparameters for the kernel instance corresponding to the target (batch_size, a, b, c, d, preci"
group1,8,8,4096,4096,128,4,4096,,,,"ERROR: Could not find hyperparameters for the kernel instance corresponding to the target (batch_size, a, b, c, d, preci"
group1,8,8,4096,4096,256,2,2,,,,"ERROR: Could not find hyperparameters for the kernel instance corresponding to the target (batch_size, a, b, c, d, preci"
group1,8,8,4096,4096,256,2,4,,,,"ERROR: Could not find hyperparameters for the kernel instance corresponding to the target (batch_size, a, b, c, d, preci"
group1,8,8,4096,4096,256,2,8,,,,"ERROR: Could not find hyperparameters for the kernel instance corresponding to the target (batch_size, a, b, c, d, preci"
group1,8,8,4096,4096,256,2,16,,,,"ERROR: Could not find hyperparameters for the kernel instance corresponding to the target (batch_size, a, b, c, d, preci"
group1,8,8,4096,4096,256,2,32,,,,"ERROR: Could not find hyperparameters for the kernel instance corresponding to the target (batch_size, a, b, c, d, preci"
group1,8,8,4096,4096,256,2,64,,,,"ERROR: Could not find hyperparameters for the kernel instance corresponding to the target (batch_size, a, b, c, d, preci"
group1,8,8,4096,4096,256,2,128,,,,"ERROR: Could not find hyperparameters for the kernel instance corresponding to the target (batch_size, a, b, c, d, preci"
group1,8,8,4096,4096,256,2,256,,,,"ERROR: Could not find hyperparameters for the kernel instance corresponding to the target (batch_size, a, b, c, d, preci"
group1,8,8,4096,4096,256,2,512,,,,"ERROR: Could not find hyperparameters for the kernel instance corresponding to the target (batch_size, a, b, c, d, preci"
group1,8,8,4096,4096,256,2,1024,,,,"ERROR: Could not find hyperparameters for the kernel instance corresponding to the target (batch_size, a, b, c, d, preci"
group1,8,8,4096,4096,256,2,2048,,,,"ERROR: Could not find hyperparameters for the kernel instance corresponding to the target (batch_size, a, b, c, d, preci"
group1,8,8,4096,4096,256,2,4096,,,,"ERROR: Could not find hyperparameters for the kernel instance corresponding to the target (batch_size, a, b, c, d, preci"
group1,8,8,4096,4096,512,1,2,,,,"ERROR: Could not find hyperparameters for the kernel instance corresponding to the target (batch_size, a, b, c, d, preci"
group1,8,8,4096,4096,512,1,4,,,,"ERROR: Could not find hyperparameters for the kernel instance corresponding to the target (batch_size, a, b, c, d, preci"
group1,8,8,4096,4096,512,1,8,,,,"ERROR: Could not find hyperparameters for the kernel instance corresponding to the target (batch_size, a, b, c, d, preci"
group1,8,8,4096,4096,512,1,16,,,,"ERROR: Could not find hyperparameters for the kernel instance corresponding to the target (batch_size, a, b, c, d, preci"
group1,8,8,4096,4096,512,1,32,,,,"ERROR: Could not find hyperparameters for the kernel instance corresponding to the target (batch_size, a, b, c, d, preci"
group1,8,8,4096,4096,512,1,64,,,,"ERROR: Could not find hyperparameters for the kernel instance corresponding to the target (batch_size, a, b, c, d, preci"
group1,8,8,4096,4096,512,1,128,,,,"ERROR: Could not find hyperparameters for the kernel instance corresponding to the target (batch_size, a, b, c, d, preci"
group1,8,8,4096,4096,512,1,256,,,,"ERROR: Could not find hyperparameters for the kernel instance corresponding to the target (batch_size, a, b, c, d, preci"
group1,8,8,4096,4096,512,1,512,,,,"ERROR: Could not find hyperparameters for the kernel instance corresponding to the target (batch_size, a, b, c, d, preci"
group1,8,8,4096,4096,512,1,1024,,,,"ERROR: Could not find hyperparameters for the kernel instance corresponding to the target (batch_size, a, b, c, d, preci"
group1,8,8,4096,4096,512,1,2048,,,,"ERROR: Could not find hyperparameters for the kernel instance corresponding to the target (batch_size, a, b, c, d, preci"
group1,8,8,4096,4096,512,1,4096,,,,"ERROR: Could not find hyperparameters for the kernel instance corresponding to the target (batch_size, a, b, c, d, preci"
group1,8,16,512,1024,1,64,2,,,,"ERROR: Could not find hyperparameters for the kernel instance corresponding to the target (batch_size, a, b, c, d, preci"
group1,8,16,512,1024,1,64,4,,,,"ERROR: Could not find hyperparameters for the kernel instance corresponding to the target (batch_size, a, b, c, d, preci"
group1,8,16,512,1024,1,64,8,,,,"ERROR: Could not find hyperparameters for the kernel instance corresponding to the target (batch_size, a, b, c, d, preci"
group1,8,16,512,1024,1,64,16,,,,"ERROR: Could not find hyperparameters for the kernel instance corresponding to the target (batch_size, a, b, c, d, preci"
group1,8,16,512,1024,1,64,32,,,,"ERROR: Could not find hyperparameters for the kernel instance corresponding to the target (batch_size, a, b, c, d, preci"
group1,8,16,512,1024,1,64,64,,,,"ERROR: Could not find hyperparameters for the kernel instance corresponding to the target (batch_size, a, b, c, d, preci"
group1,8,16,512,1024,1,64,128,,,,"ERROR: Could not find hyperparameters for the kernel instance corresponding to the target (batch_size, a, b, c, d, preci"
group1,8,16,512,1024,1,64,256,,,,"ERROR: Could not find hyperparameters for the kernel instance corresponding to the target (batch_size, a, b, c, d, preci"
group1,8,16,512,1024,1,64,512,,,,"ERROR: Could not find hyperparameters for the kernel instance corresponding to the target (batch_size, a, b, c, d, preci"
group1,8,16,512,1024,1,64,1024,,,,"ERROR: Could not find hyperparameters for the kernel instance corresponding to the target (batch_size, a, b, c, d, preci"
group1,8,16,512,1024,1,64,2048,,,,"ERROR: Could not find hyperparameters for the kernel instance corresponding to the target (batch_size, a, b, c, d, preci"
group1,8,16,512,1024,1,64,4096,,,,"ERROR: Could not find hyperparameters for the kernel instance corresponding to the target (batch_size, a, b, c, d, preci"
group1,8,16,512,1024,2,32,2,,,,"ERROR: Could not find hyperparameters for the kernel instance corresponding to the target (batch_size, a, b, c, d, preci"
group1,8,16,512,1024,2,32,4,,,,"ERROR: Could not find hyperparameters for the kernel instance corresponding to the target (batch_size, a, b, c, d, preci"
group1,8,16,512,1024,2,32,8,,,,"ERROR: Could not find hyperparameters for the kernel instance corresponding to the target (batch_size, a, b, c, d, preci"
group1,8,16,512,1024,2,32,16,,,,"ERROR: Could not find hyperparameters for the kernel instance corresponding to the target (batch_size, a, b, c, d, preci"
group1,8,16,512,1024,2,32,32,,,,"ERROR: Could not find hyperparameters for the kernel instance corresponding to the target (batch_size, a, b, c, d, preci"
group1,8,16,512,1024,2,32,64,,,,"ERROR: Could not find hyperparameters for the kernel instance corresponding to the target (batch_size, a, b, c, d, preci"
group1,8,16,512,1024,2,32,128,,,,"ERROR: Could not find hyperparameters for the kernel instance corresponding to the target (batch_size, a, b, c, d, preci"
group1,8,16,512,1024,2,32,256,,,,"ERROR: Could not find hyperparameters for the kernel instance corresponding to the target (batch_size, a, b, c, d, preci"
group1,8,16,512,1024,2,32,512,,,,"ERROR: Could not find hyperparameters for the kernel instance corresponding to the target (batch_size, a, b, c, d, preci"
group1,8,16,512,1024,2,32,1024,,,,"ERROR: Could not find hyperparameters for the kernel instance corresponding to the target (batch_size, a, b, c, d, preci"
group1,8,16,512,1024,2,32,2048,,,,"ERROR: Could not find hyperparameters for the kernel instance corresponding to the target (batch_size, a, b, c, d, preci"
group1,8,16,512,1024,2,32,4096,,,,"ERROR: Could not find hyperparameters for the kernel instance corresponding to the target (batch_size, a, b, c, d, preci"
group1,8,16,512,1024,4,16,2,,,,"ERROR: Could not find hyperparameters for the kernel instance corresponding to the target (batch_size, a, b, c, d, preci"
group1,8,16,512,1024,4,16,4,,,,"ERROR: Could not find hyperparameters for the kernel instance corresponding to the target (batch_size, a, b, c, d, preci"
group1,8,16,512,1024,4,16,8,,,,"ERROR: Could not find hyperparameters for the kernel instance corresponding to the target (batch_size, a, b, c, d, preci"
group1,8,16,512,1024,4,16,16,,,,"ERROR: Could not find hyperparameters for the kernel instance corresponding to the target (batch_size, a, b, c, d, preci"
group1,8,16,512,1024,4,16,32,,,,"ERROR: Could not find hyperparameters for the kernel instance corresponding to the target (batch_size, a, b, c, d, preci"
group1,8,16,512,1024,4,16,64,,,,"ERROR: Could not find hyperparameters for the kernel instance corresponding to the target (batch_size, a, b, c, d, preci"
group1,8,16,512,1024,4,16,128,,,,"ERROR: Could not find hyperparameters for the kernel instance corresponding to the target (batch_size, a, b, c, d, preci"
group1,8,16,512,1024,4,16,256,,,,"ERROR: Could not find hyperparameters for the kernel instance corresponding to the target (batch_size, a, b, c, d, preci"
group1,8,16,512,1024,4,16,512,,,,"ERROR: Could not find hyperparameters for the kernel instance corresponding to the target (batch_size, a, b, c, d, preci"
group1,8,16,512,1024,4,16,1024,,,,"ERROR: Could not find hyperparameters for the kernel instance corresponding to the target (batch_size, a, b, c, d, preci"
group1,8,16,512,1024,4,16,2048,,,,"ERROR: Could not find hyperparameters for the kernel instance corresponding to the target (batch_size, a, b, c, d, preci"
group1,8,16,512,1024,4,16,4096,,,,"ERROR: Could not find hyperparameters for the kernel instance corresponding to the target (batch_size, a, b, c, d, preci"
group1,8,16,512,1024,8,8,2,,,,"ERROR: Could not find hyperparameters for the kernel instance corresponding to the target (batch_size, a, b, c, d, preci"
group1,8,16,512,1024,8,8,4,,,,"ERROR: Could not find hyperparameters for the kernel instance corresponding to the target (batch_size, a, b, c, d, preci"
group1,8,16,512,1024,8,8,8,,,,"ERROR: Could not find hyperparameters for the kernel instance corresponding to the target (batch_size, a, b, c, d, preci"
group1,8,16,512,1024,8,8,16,,,,"ERROR: Could not find hyperparameters for the kernel instance corresponding to the target (batch_size, a, b, c, d, preci"
group1,8,16,512,1024,8,8,32,,,,"ERROR: Could not find hyperparameters for the kernel instance corresponding to the target (batch_size, a, b, c, d, preci"
group1,8,16,512,1024,8,8,64,,,,"ERROR: Could not find hyperparameters for the kernel instance corresponding to the target (batch_size, a, b, c, d, preci"
group1,8,16,512,1024,8,8,128,,,,"ERROR: Could not find hyperparameters for the kernel instance corresponding to the target (batch_size, a, b, c, d, preci"
group1,8,16,512,1024,8,8,256,,,,"ERROR: Could not find hyperparameters for the kernel instance corresponding to the target (batch_size, a, b, c, d, preci"
group1,8,16,512,1024,8,8,512,,,,"ERROR: Could not find hyperparameters for the kernel instance corresponding to the target (batch_size, a, b, c, d, preci"
group1,8,16,512,1024,8,8,1024,,,,"ERROR: Could not find hyperparameters for the kernel instance corresponding to the target (batch_size, a, b, c, d, preci"
group1,8,16,512,1024,8,8,2048,,,,"ERROR: Could not find hyperparameters for the kernel instance corresponding to the target (batch_size, a, b, c, d, preci"
group1,8,16,512,1024,8,8,4096,,,,"ERROR: Could not find hyperparameters for the kernel instance corresponding to the target (batch_size, a, b, c, d, preci"
group1,8,16,512,1024,16,4,2,,,,"ERROR: Could not find hyperparameters for the kernel instance corresponding to the target (batch_size, a, b, c, d, preci"
group1,8,16,512,1024,16,4,4,,,,"ERROR: Could not find hyperparameters for the kernel instance corresponding to the target (batch_size, a, b, c, d, preci"
group1,8,16,512,1024,16,4,8,,,,"ERROR: Could not find hyperparameters for the kernel instance corresponding to the target (batch_size, a, b, c, d, preci"
group1,8,16,512,1024,16,4,16,,,,"ERROR: Could not find hyperparameters for the kernel instance corresponding to the target (batch_size, a, b, c, d, preci"
group1,8,16,512,1024,16,4,32,,,,"ERROR: Could not find hyperparameters for the kernel instance corresponding to the target (batch_size, a, b, c, d, preci"
group1,8,16,512,1024,16,4,64,,,,"ERROR: Could not find hyperparameters for the kernel instance corresponding to the target (batch_size, a, b, c, d, preci"
group1,8,16,512,1024,16,4,128,,,,"ERROR: Could not find hyperparameters for the kernel instance corresponding to the target (batch_size, a, b, c, d, preci"
group1,8,16,512,1024,16,4,256,,,,"ERROR: Could not find hyperparameters for the kernel instance corresponding to the target (batch_size, a, b, c, d, preci"
group1,8,16,512,1024,16,4,512,,,,"ERROR: Could not find hyperparameters for the kernel instance corresponding to the target (batch_size, a, b, c, d, preci"
group1,8,16,512,1024,16,4,1024,,,,"ERROR: Could not find hyperparameters for the kernel instance corresponding to the target (batch_size, a, b, c, d, preci"
group1,8,16,512,1024,16,4,2048,,,,"ERROR: Could not find hyperparameters for the kernel instance corresponding to the target (batch_size, a, b, c, d, preci"
group1,8,16,512,1024,16,4,4096,,,,"ERROR: Could not find hyperparameters for the kernel instance corresponding to the target (batch_size, a, b, c, d, preci"
group1,8,16,512,1024,32,2,2,,,,"ERROR: Could not find hyperparameters for the kernel instance corresponding to the target (batch_size, a, b, c, d, preci"
group1,8,16,512,1024,32,2,4,,,,"ERROR: Could not find hyperparameters for the kernel instance corresponding to the target (batch_size, a, b, c, d, preci"
group1,8,16,512,1024,32,2,8,,,,"ERROR: Could not find hyperparameters for the kernel instance corresponding to the target (batch_size, a, b, c, d, preci"
group1,8,16,512,1024,32,2,16,,,,"ERROR: Could not find hyperparameters for the kernel instance corresponding to the target (batch_size, a, b, c, d, preci"
group1,8,16,512,1024,32,2,32,,,,"ERROR: Could not find hyperparameters for the kernel instance corresponding to the target (batch_size, a, b, c, d, preci"
group1,8,16,512,1024,32,2,64,,,,"ERROR: Could not find hyperparameters for the kernel instance corresponding to the target (batch_size, a, b, c, d, preci"
group1,8,16,512,1024,32,2,128,,,,"ERROR: Could not find hyperparameters for the kernel instance corresponding to the target (batch_size, a, b, c, d, preci"
group1,8,16,512,1024,32,2,256,,,,"ERROR: Could not find hyperparameters for the kernel instance corresponding to the target (batch_size, a, b, c, d, preci"
group1,8,16,512,1024,32,2,512,,,,"ERROR: Could not find hyperparameters for the kernel instance corresponding to the target (batch_size, a, b, c, d, preci"
group1,8,16,512,1024,32,2,1024,,,,"ERROR: Could not find hyperparameters for the kernel instance corresponding to the target (batch_size, a, b, c, d, preci"
group1,8,16,512,1024,32,2,2048,,,,"ERROR: Could not find hyperparameters for the kernel instance corresponding to the target (batch_size, a, b, c, d, preci"
group1,8,16,512,1024,32,2,4096,,,,"ERROR: Could not find hyperparameters for the kernel instance corresponding to the target (batch_size, a, b, c, d, preci"
group1,8,16,512,1024,64,1,2,,,,"ERROR: Could not find hyperparameters for the kernel instance corresponding to the target (batch_size, a, b, c, d, preci"
group1,8,16,512,1024,64,1,4,,,,"ERROR: Could not find hyperparameters for the kernel instance corresponding to the target (batch_size, a, b, c, d, preci"
group1,8,16,512,1024,64,1,8,,,,"ERROR: Could not find hyperparameters for the kernel instance corresponding to the target (batch_size, a, b, c, d, preci"
group1,8,16,512,1024,64,1,16,,,,"ERROR: Could not find hyperparameters for the kernel instance corresponding to the target (batch_size, a, b, c, d, preci"
group1,8,16,512,1024,64,1,32,,,,"ERROR: Could not find hyperparameters for the kernel instance corresponding to the target (batch_size, a, b, c, d, preci"
group1,8,16,512,1024,64,1,64,,,,"ERROR: Could not find hyperparameters for the kernel instance corresponding to the target (batch_size, a, b, c, d, preci"
group1,8,16,512,1024,64,1,128,,,,"ERROR: Could not find hyperparameters for the kernel instance corresponding to the target (batch_size, a, b, c, d, preci"
group1,8,16,512,1024,64,1,256,,,,"ERROR: Could not find hyperparameters for the kernel instance corresponding to the target (batch_size, a, b, c, d, preci"
group1,8,16,512,1024,64,1,512,,,,"ERROR: Could not find hyperparameters for the kernel instance corresponding to the target (batch_size, a, b, c, d, preci"
group1,8,16,512,1024,64,1,1024,,,,"ERROR: Could not find hyperparameters for the kernel instance corresponding to the target (batch_size, a, b, c, d, preci"
group1,8,16,512,1024,64,1,2048,,,,"ERROR: Could not find hyperparameters for the kernel instance corresponding to the target (batch_size, a, b, c, d, preci"
group1,8,16,512,1024,64,1,4096,,,,"ERROR: Could not find hyperparameters for the kernel instance corresponding to the target (batch_size, a, b, c, d, preci"
group1,8,16,1024,2048,1,128,2,,,,"ERROR: Could not find hyperparameters for the kernel instance corresponding to the target (batch_size, a, b, c, d, preci"
group1,8,16,1024,2048,1,128,4,,,,"ERROR: Could not find hyperparameters for the kernel instance corresponding to the target (batch_size, a, b, c, d, preci"
group1,8,16,1024,2048,1,128,8,,,,"ERROR: Could not find hyperparameters for the kernel instance corresponding to the target (batch_size, a, b, c, d, preci"
group1,8,16,1024,2048,1,128,16,,,,"ERROR: Could not find hyperparameters for the kernel instance corresponding to the target (batch_size, a, b, c, d, preci"
group1,8,16,1024,2048,1,128,32,,,,"ERROR: Could not find hyperparameters for the kernel instance corresponding to the target (batch_size, a, b, c, d, preci"
group1,8,16,1024,2048,1,128,64,,,,"ERROR: Could not find hyperparameters for the kernel instance corresponding to the target (batch_size, a, b, c, d, preci"
group1,8,16,1024,2048,1,128,128,,,,"ERROR: Could not find hyperparameters for the kernel instance corresponding to the target (batch_size, a, b, c, d, preci"
group1,8,16,1024,2048,1,128,256,,,,"ERROR: Could not find hyperparameters for the kernel instance corresponding to the target (batch_size, a, b, c, d, preci"
group1,8,16,1024,2048,1,128,512,,,,"ERROR: Could not find hyperparameters for the kernel instance corresponding to the target (batch_size, a, b, c, d, preci"
group1,8,16,1024,2048,1,128,1024,,,,"ERROR: Could not find hyperparameters for the kernel instance corresponding to the target (batch_size, a, b, c, d, preci"
group1,8,16,1024,2048,1,128,2048,,,,"ERROR: Could not find hyperparameters for the kernel instance corresponding to the target (batch_size, a, b, c, d, preci"
group1,8,16,1024,2048,1,128,4096,,,,"ERROR: Could not find hyperparameters for the kernel instance corresponding to the target (batch_size, a, b, c, d, preci"
group1,8,16,1024,2048,2,64,2,,,,"ERROR: Could not find hyperparameters for the kernel instance corresponding to the target (batch_size, a, b, c, d, preci"
group1,8,16,1024,2048,2,64,4,,,,"ERROR: Could not find hyperparameters for the kernel instance corresponding to the target (batch_size, a, b, c, d, preci"
group1,8,16,1024,2048,2,64,8,,,,"ERROR: Could not find hyperparameters for the kernel instance corresponding to the target (batch_size, a, b, c, d, preci"
group1,8,16,1024,2048,2,64,16,,,,"ERROR: Could not find hyperparameters for the kernel instance corresponding to the target (batch_size, a, b, c, d, preci"
group1,8,16,1024,2048,2,64,32,,,,"ERROR: Could not find hyperparameters for the kernel instance corresponding to the target (batch_size, a, b, c, d, preci"
group1,8,16,1024,2048,2,64,64,,,,"ERROR: Could not find hyperparameters for the kernel instance corresponding to the target (batch_size, a, b, c, d, preci"
group1,8,16,1024,2048,2,64,128,,,,"ERROR: Could not find hyperparameters for the kernel instance corresponding to the target (batch_size, a, b, c, d, preci"
group1,8,16,1024,2048,2,64,256,,,,"ERROR: Could not find hyperparameters for the kernel instance corresponding to the target (batch_size, a, b, c, d, preci"
group1,8,16,1024,2048,2,64,512,,,,"ERROR: Could not find hyperparameters for the kernel instance corresponding to the target (batch_size, a, b, c, d, preci"
group1,8,16,1024,2048,2,64,1024,,,,"ERROR: Could not find hyperparameters for the kernel instance corresponding to the target (batch_size, a, b, c, d, preci"
group1,8,16,1024,2048,2,64,2048,,,,"ERROR: Could not find hyperparameters for the kernel instance corresponding to the target (batch_size, a, b, c, d, preci"
group1,8,16,1024,2048,2,64,4096,,,,"ERROR: Could not find hyperparameters for the kernel instance corresponding to the target (batch_size, a, b, c, d, preci"
group1,8,16,1024,2048,4,32,2,,,,"ERROR: Could not find hyperparameters for the kernel instance corresponding to the target (batch_size, a, b, c, d, preci"
group1,8,16,1024,2048,4,32,4,,,,"ERROR: Could not find hyperparameters for the kernel instance corresponding to the target (batch_size, a, b, c, d, preci"
group1,8,16,1024,2048,4,32,8,,,,"ERROR: Could not find hyperparameters for the kernel instance corresponding to the target (batch_size, a, b, c, d, preci"
group1,8,16,1024,2048,4,32,16,,,,"ERROR: Could not find hyperparameters for the kernel instance corresponding to the target (batch_size, a, b, c, d, preci"
group1,8,16,1024,2048,4,32,32,,,,"ERROR: Could not find hyperparameters for the kernel instance corresponding to the target (batch_size, a, b, c, d, preci"
group1,8,16,1024,2048,4,32,64,,,,"ERROR: Could not find hyperparameters for the kernel instance corresponding to the target (batch_size, a, b, c, d, preci"
group1,8,16,1024,2048,4,32,128,,,,"ERROR: Could not find hyperparameters for the kernel instance corresponding to the target (batch_size, a, b, c, d, preci"
group1,8,16,1024,2048,4,32,256,,,,"ERROR: Could not find hyperparameters for the kernel instance corresponding to the target (batch_size, a, b, c, d, preci"
group1,8,16,1024,2048,4,32,512,,,,"ERROR: Could not find hyperparameters for the kernel instance corresponding to the target (batch_size, a, b, c, d, preci"
group1,8,16,1024,2048,4,32,1024,,,,"ERROR: Could not find hyperparameters for the kernel instance corresponding to the target (batch_size, a, b, c, d, preci"
group1,8,16,1024,2048,4,32,2048,,,,"ERROR: Could not find hyperparameters for the kernel instance corresponding to the target (batch_size, a, b, c, d, preci"
group1,8,16,1024,2048,4,32,4096,,,,"ERROR: Could not find hyperparameters for the kernel instance corresponding to the target (batch_size, a, b, c, d, preci"
group1,8,16,1024,2048,8,16,2,,,,"ERROR: Could not find hyperparameters for the kernel instance corresponding to the target (batch_size, a, b, c, d, preci"
group1,8,16,1024,2048,8,16,4,,,,"ERROR: Could not find hyperparameters for the kernel instance corresponding to the target (batch_size, a, b, c, d, preci"
group1,8,16,1024,2048,8,16,8,,,,"ERROR: Could not find hyperparameters for the kernel instance corresponding to the target (batch_size, a, b, c, d, preci"
group1,8,16,1024,2048,8,16,16,,,,"ERROR: Could not find hyperparameters for the kernel instance corresponding to the target (batch_size, a, b, c, d, preci"
group1,8,16,1024,2048,8,16,32,,,,"ERROR: Could not find hyperparameters for the kernel instance corresponding to the target (batch_size, a, b, c, d, preci"
group1,8,16,1024,2048,8,16,64,,,,"ERROR: Could not find hyperparameters for the kernel instance corresponding to the target (batch_size, a, b, c, d, preci"
group1,8,16,1024,2048,8,16,128,,,,"ERROR: Could not find hyperparameters for the kernel instance corresponding to the target (batch_size, a, b, c, d, preci"
group1,8,16,1024,2048,8,16,256,,,,"ERROR: Could not find hyperparameters for the kernel instance corresponding to the target (batch_size, a, b, c, d, preci"
group1,8,16,1024,2048,8,16,512,,,,"ERROR: Could not find hyperparameters for the kernel instance corresponding to the target (batch_size, a, b, c, d, preci"
group1,8,16,1024,2048,8,16,1024,,,,"ERROR: Could not find hyperparameters for the kernel instance corresponding to the target (batch_size, a, b, c, d, preci"
group1,8,16,1024,2048,8,16,2048,,,,"ERROR: Could not find hyperparameters for the kernel instance corresponding to the target (batch_size, a, b, c, d, preci"
group1,8,16,1024,2048,8,16,4096,,,,"ERROR: Could not find hyperparameters for the kernel instance corresponding to the target (batch_size, a, b, c, d, preci"
group1,8,16,1024,2048,16,8,2,,,,"ERROR: Could not find hyperparameters for the kernel instance corresponding to the target (batch_size, a, b, c, d, preci"
group1,8,16,1024,2048,16,8,4,,,,"ERROR: Could not find hyperparameters for the kernel instance corresponding to the target (batch_size, a, b, c, d, preci"
group1,8,16,1024,2048,16,8,8,,,,"ERROR: Could not find hyperparameters for the kernel instance corresponding to the target (batch_size, a, b, c, d, preci"
group1,8,16,1024,2048,16,8,16,,,,"ERROR: Could not find hyperparameters for the kernel instance corresponding to the target (batch_size, a, b, c, d, preci"
group1,8,16,1024,2048,16,8,32,,,,"ERROR: Could not find hyperparameters for the kernel instance corresponding to the target (batch_size, a, b, c, d, preci"
group1,8,16,1024,2048,16,8,64,,,,"ERROR: Could not find hyperparameters for the kernel instance corresponding to the target (batch_size, a, b, c, d, preci"
group1,8,16,1024,2048,16,8,128,,,,"ERROR: Could not find hyperparameters for the kernel instance corresponding to the target (batch_size, a, b, c, d, preci"
group1,8,16,1024,2048,16,8,256,,,,"ERROR: Could not find hyperparameters for the kernel instance corresponding to the target (batch_size, a, b, c, d, preci"
group1,8,16,1024,2048,16,8,512,,,,"ERROR: Could not find hyperparameters for the kernel instance corresponding to the target (batch_size, a, b, c, d, preci"
group1,8,16,1024,2048,16,8,1024,,,,"ERROR: Could not find hyperparameters for the kernel instance corresponding to the target (batch_size, a, b, c, d, preci"
group1,8,16,1024,2048,16,8,2048,,,,"ERROR: Could not find hyperparameters for the kernel instance corresponding to the target (batch_size, a, b, c, d, preci"
group1,8,16,1024,2048,16,8,4096,,,,"ERROR: Could not find hyperparameters for the kernel instance corresponding to the target (batch_size, a, b, c, d, preci"
group1,8,16,1024,2048,32,4,2,,,,"ERROR: Could not find hyperparameters for the kernel instance corresponding to the target (batch_size, a, b, c, d, preci"
group1,8,16,1024,2048,32,4,4,,,,"ERROR: Could not find hyperparameters for the kernel instance corresponding to the target (batch_size, a, b, c, d, preci"
group1,8,16,1024,2048,32,4,8,,,,"ERROR: Could not find hyperparameters for the kernel instance corresponding to the target (batch_size, a, b, c, d, preci"
group1,8,16,1024,2048,32,4,16,,,,"ERROR: Could not find hyperparameters for the kernel instance corresponding to the target (batch_size, a, b, c, d, preci"
group1,8,16,1024,2048,32,4,32,,,,"ERROR: Could not find hyperparameters for the kernel instance corresponding to the target (batch_size, a, b, c, d, preci"
group1,8,16,1024,2048,32,4,64,,,,"ERROR: Could not find hyperparameters for the kernel instance corresponding to the target (batch_size, a, b, c, d, preci"
group1,8,16,1024,2048,32,4,128,,,,"ERROR: Could not find hyperparameters for the kernel instance corresponding to the target (batch_size, a, b, c, d, preci"
group1,8,16,1024,2048,32,4,256,,,,"ERROR: Could not find hyperparameters for the kernel instance corresponding to the target (batch_size, a, b, c, d, preci"
group1,8,16,1024,2048,32,4,512,,,,"ERROR: Could not find hyperparameters for the kernel instance corresponding to the target (batch_size, a, b, c, d, preci"
group1,8,16,1024,2048,32,4,1024,,,,"ERROR: Could not find hyperparameters for the kernel instance corresponding to the target (batch_size, a, b, c, d, preci"
group1,8,16,1024,2048,32,4,2048,,,,"ERROR: Could not find hyperparameters for the kernel instance corresponding to the target (batch_size, a, b, c, d, preci"
group1,8,16,1024,2048,32,4,4096,,,,"ERROR: Could not find hyperparameters for the kernel instance corresponding to the target (batch_size, a, b, c, d, preci"
group1,8,16,1024,2048,64,2,2,,,,"ERROR: Could not find hyperparameters for the kernel instance corresponding to the target (batch_size, a, b, c, d, preci"
group1,8,16,1024,2048,64,2,4,,,,"ERROR: Could not find hyperparameters for the kernel instance corresponding to the target (batch_size, a, b, c, d, preci"
group1,8,16,1024,2048,64,2,8,,,,"ERROR: Could not find hyperparameters for the kernel instance corresponding to the target (batch_size, a, b, c, d, preci"
group1,8,16,1024,2048,64,2,16,,,,"ERROR: Could not find hyperparameters for the kernel instance corresponding to the target (batch_size, a, b, c, d, preci"
group1,8,16,1024,2048,64,2,32,,,,"ERROR: Could not find hyperparameters for the kernel instance corresponding to the target (batch_size, a, b, c, d, preci"
group1,8,16,1024,2048,64,2,64,,,,"ERROR: Could not find hyperparameters for the kernel instance corresponding to the target (batch_size, a, b, c, d, preci"
group1,8,16,1024,2048,64,2,128,,,,"ERROR: Could not find hyperparameters for the kernel instance corresponding to the target (batch_size, a, b, c, d, preci"
group1,8,16,1024,2048,64,2,256,,,,"ERROR: Could not find hyperparameters for the kernel instance corresponding to the target (batch_size, a, b, c, d, preci"
group1,8,16,1024,2048,64,2,512,,,,"ERROR: Could not find hyperparameters for the kernel instance corresponding to the target (batch_size, a, b, c, d, preci"
group1,8,16,1024,2048,64,2,1024,,,,"ERROR: Could not find hyperparameters for the kernel instance corresponding to the target (batch_size, a, b, c, d, preci"
group1,8,16,1024,2048,64,2,2048,,,,"ERROR: Could not find hyperparameters for the kernel instance corresponding to the target (batch_size, a, b, c, d, preci"
group1,8,16,1024,2048,64,2,4096,,,,"ERROR: Could not find hyperparameters for the kernel instance corresponding to the target (batch_size, a, b, c, d, preci"
group1,8,16,1024,2048,128,1,2,,,,"ERROR: Could not find hyperparameters for the kernel instance corresponding to the target (batch_size, a, b, c, d, preci"
group1,8,16,1024,2048,128,1,4,,,,"ERROR: Could not find hyperparameters for the kernel instance corresponding to the target (batch_size, a, b, c, d, preci"
group1,8,16,1024,2048,128,1,8,,,,"ERROR: Could not find hyperparameters for the kernel instance corresponding to the target (batch_size, a, b, c, d, preci"
group1,8,16,1024,2048,128,1,16,,,,"ERROR: Could not find hyperparameters for the kernel instance corresponding to the target (batch_size, a, b, c, d, preci"
group1,8,16,1024,2048,128,1,32,,,,"ERROR: Could not find hyperparameters for the kernel instance corresponding to the target (batch_size, a, b, c, d, preci"
group1,8,16,1024,2048,128,1,64,,,,"ERROR: Could not find hyperparameters for the kernel instance corresponding to the target (batch_size, a, b, c, d, preci"
group1,8,16,1024,2048,128,1,128,,,,"ERROR: Could not find hyperparameters for the kernel instance corresponding to the target (batch_size, a, b, c, d, preci"
group1,8,16,1024,2048,128,1,256,,,,"ERROR: Could not find hyperparameters for the kernel instance corresponding to the target (batch_size, a, b, c, d, preci"
group1,8,16,1024,2048,128,1,512,,,,"ERROR: Could not find hyperparameters for the kernel instance corresponding to the target (batch_size, a, b, c, d, preci"
group1,8,16,1024,2048,128,1,1024,,,,"ERROR: Could not find hyperparameters for the kernel instance corresponding to the target (batch_size, a, b, c, d, preci"
group1,8,16,1024,2048,128,1,2048,,,,"ERROR: Could not find hyperparameters for the kernel instance corresponding to the target (batch_size, a, b, c, d, preci"
group1,8,16,1024,2048,128,1,4096,,,,"ERROR: Could not find hyperparameters for the kernel instance corresponding to the target (batch_size, a, b, c, d, preci"
group1,8,16,2048,4096,1,256,2,,,,"ERROR: Could not find hyperparameters for the kernel instance corresponding to the target (batch_size, a, b, c, d, preci"
group1,8,16,2048,4096,1,256,4,,,,"ERROR: Could not find hyperparameters for the kernel instance corresponding to the target (batch_size, a, b, c, d, preci"
group1,8,16,2048,4096,1,256,8,,,,"ERROR: Could not find hyperparameters for the kernel instance corresponding to the target (batch_size, a, b, c, d, preci"
group1,8,16,2048,4096,1,256,16,,,,"ERROR: Could not find hyperparameters for the kernel instance corresponding to the target (batch_size, a, b, c, d, preci"
group1,8,16,2048,4096,1,256,32,,,,"ERROR: Could not find hyperparameters for the kernel instance corresponding to the target (batch_size, a, b, c, d, preci"
group1,8,16,2048,4096,1,256,64,,,,"ERROR: Could not find hyperparameters for the kernel instance corresponding to the target (batch_size, a, b, c, d, preci"
group1,8,16,2048,4096,1,256,128,,,,"ERROR: Could not find hyperparameters for the kernel instance corresponding to the target (batch_size, a, b, c, d, preci"
group1,8,16,2048,4096,1,256,256,,,,"ERROR: Could not find hyperparameters for the kernel instance corresponding to the target (batch_size, a, b, c, d, preci"
group1,8,16,2048,4096,1,256,512,,,,"ERROR: Could not find hyperparameters for the kernel instance corresponding to the target (batch_size, a, b, c, d, preci"
group1,8,16,2048,4096,1,256,1024,,,,"ERROR: Could not find hyperparameters for the kernel instance corresponding to the target (batch_size, a, b, c, d, preci"
group1,8,16,2048,4096,1,256,2048,,,,"ERROR: Could not find hyperparameters for the kernel instance corresponding to the target (batch_size, a, b, c, d, preci"
group1,8,16,2048,4096,1,256,4096,,,,"ERROR: Could not find hyperparameters for the kernel instance corresponding to the target (batch_size, a, b, c, d, preci"
group1,8,16,2048,4096,2,128,2,,,,"ERROR: Could not find hyperparameters for the kernel instance corresponding to the target (batch_size, a, b, c, d, preci"
group1,8,16,2048,4096,2,128,4,,,,"ERROR: Could not find hyperparameters for the kernel instance corresponding to the target (batch_size, a, b, c, d, preci"
group1,8,16,2048,4096,2,128,8,,,,"ERROR: Could not find hyperparameters for the kernel instance corresponding to the target (batch_size, a, b, c, d, preci"
group1,8,16,2048,4096,2,128,16,,,,"ERROR: Could not find hyperparameters for the kernel instance corresponding to the target (batch_size, a, b, c, d, preci"
group1,8,16,2048,4096,2,128,32,,,,"ERROR: Could not find hyperparameters for the kernel instance corresponding to the target (batch_size, a, b, c, d, preci"
group1,8,16,2048,4096,2,128,64,,,,"ERROR: Could not find hyperparameters for the kernel instance corresponding to the target (batch_size, a, b, c, d, preci"
group1,8,16,2048,4096,2,128,128,,,,"ERROR: Could not find hyperparameters for the kernel instance corresponding to the target (batch_size, a, b, c, d, preci"
group1,8,16,2048,4096,2,128,256,,,,"ERROR: Could not find hyperparameters for the kernel instance corresponding to the target (batch_size, a, b, c, d, preci"
group1,8,16,2048,4096,2,128,512,,,,"ERROR: Could not find hyperparameters for the kernel instance corresponding to the target (batch_size, a, b, c, d, preci"
group1,8,16,2048,4096,2,128,1024,,,,"ERROR: Could not find hyperparameters for the kernel instance corresponding to the target (batch_size, a, b, c, d, preci"
group1,8,16,2048,4096,2,128,2048,,,,"ERROR: Could not find hyperparameters for the kernel instance corresponding to the target (batch_size, a, b, c, d, preci"
group1,8,16,2048,4096,2,128,4096,,,,"ERROR: Could not find hyperparameters for the kernel instance corresponding to the target (batch_size, a, b, c, d, preci"
group1,8,16,2048,4096,4,64,2,,,,"ERROR: Could not find hyperparameters for the kernel instance corresponding to the target (batch_size, a, b, c, d, preci"
group1,8,16,2048,4096,4,64,4,,,,"ERROR: Could not find hyperparameters for the kernel instance corresponding to the target (batch_size, a, b, c, d, preci"
group1,8,16,2048,4096,4,64,8,,,,"ERROR: Could not find hyperparameters for the kernel instance corresponding to the target (batch_size, a, b, c, d, preci"
group1,8,16,2048,4096,4,64,16,,,,"ERROR: Could not find hyperparameters for the kernel instance corresponding to the target (batch_size, a, b, c, d, preci"
group1,8,16,2048,4096,4,64,32,,,,"ERROR: Could not find hyperparameters for the kernel instance corresponding to the target (batch_size, a, b, c, d, preci"
group1,8,16,2048,4096,4,64,64,,,,"ERROR: Could not find hyperparameters for the kernel instance corresponding to the target (batch_size, a, b, c, d, preci"
group1,8,16,2048,4096,4,64,128,,,,"ERROR: Could not find hyperparameters for the kernel instance corresponding to the target (batch_size, a, b, c, d, preci"
group1,8,16,2048,4096,4,64,256,,,,"ERROR: Could not find hyperparameters for the kernel instance corresponding to the target (batch_size, a, b, c, d, preci"
group1,8,16,2048,4096,4,64,512,,,,"ERROR: Could not find hyperparameters for the kernel instance corresponding to the target (batch_size, a, b, c, d, preci"
group1,8,16,2048,4096,4,64,1024,,,,"ERROR: Could not find hyperparameters for the kernel instance corresponding to the target (batch_size, a, b, c, d, preci"
group1,8,16,2048,4096,4,64,2048,,,,"ERROR: Could not find hyperparameters for the kernel instance corresponding to the target (batch_size, a, b, c, d, preci"
group1,8,16,2048,4096,4,64,4096,,,,"ERROR: Could not find hyperparameters for the kernel instance corresponding to the target (batch_size, a, b, c, d, preci"
group1,8,16,2048,4096,8,32,2,,,,"ERROR: Could not find hyperparameters for the kernel instance corresponding to the target (batch_size, a, b, c, d, preci"
group1,8,16,2048,4096,8,32,4,,,,"ERROR: Could not find hyperparameters for the kernel instance corresponding to the target (batch_size, a, b, c, d, preci"
group1,8,16,2048,4096,8,32,8,,,,"ERROR: Could not find hyperparameters for the kernel instance corresponding to the target (batch_size, a, b, c, d, preci"
group1,8,16,2048,4096,8,32,16,,,,"ERROR: Could not find hyperparameters for the kernel instance corresponding to the target (batch_size, a, b, c, d, preci"
group1,8,16,2048,4096,8,32,32,,,,"ERROR: Could not find hyperparameters for the kernel instance corresponding to the target (batch_size, a, b, c, d, preci"
group1,8,16,2048,4096,8,32,64,,,,"ERROR: Could not find hyperparameters for the kernel instance corresponding to the target (batch_size, a, b, c, d, preci"
group1,8,16,2048,4096,8,32,128,,,,"ERROR: Could not find hyperparameters for the kernel instance corresponding to the target (batch_size, a, b, c, d, preci"
group1,8,16,2048,4096,8,32,256,,,,"ERROR: Could not find hyperparameters for the kernel instance corresponding to the target (batch_size, a, b, c, d, preci"
group1,8,16,2048,4096,8,32,512,,,,"ERROR: Could not find hyperparameters for the kernel instance corresponding to the target (batch_size, a, b, c, d, preci"
group1,8,16,2048,4096,8,32,1024,,,,"ERROR: Could not find hyperparameters for the kernel instance corresponding to the target (batch_size, a, b, c, d, preci"
group1,8,16,2048,4096,8,32,2048,,,,"ERROR: Could not find hyperparameters for the kernel instance corresponding to the target (batch_size, a, b, c, d, preci"
group1,8,16,2048,4096,8,32,4096,,,,"ERROR: Could not find hyperparameters for the kernel instance corresponding to the target (batch_size, a, b, c, d, preci"
group1,8,16,2048,4096,16,16,2,,,,"ERROR: Could not find hyperparameters for the kernel instance corresponding to the target (batch_size, a, b, c, d, preci"
group1,8,16,2048,4096,16,16,4,,,,"ERROR: Could not find hyperparameters for the kernel instance corresponding to the target (batch_size, a, b, c, d, preci"
group1,8,16,2048,4096,16,16,8,,,,"ERROR: Could not find hyperparameters for the kernel instance corresponding to the target (batch_size, a, b, c, d, preci"
group1,8,16,2048,4096,16,16,16,,,,"ERROR: Could not find hyperparameters for the kernel instance corresponding to the target (batch_size, a, b, c, d, preci"
group1,8,16,2048,4096,16,16,32,,,,"ERROR: Could not find hyperparameters for the kernel instance corresponding to the target (batch_size, a, b, c, d, preci"
group1,8,16,2048,4096,16,16,64,,,,"ERROR: Could not find hyperparameters for the kernel instance corresponding to the target (batch_size, a, b, c, d, preci"
group1,8,16,2048,4096,16,16,128,,,,"ERROR: Could not find hyperparameters for the kernel instance corresponding to the target (batch_size, a, b, c, d, preci"
group1,8,16,2048,4096,16,16,256,,,,"ERROR: Could not find hyperparameters for the kernel instance corresponding to the target (batch_size, a, b, c, d, preci"
group1,8,16,2048,4096,16,16,512,,,,"ERROR: Could not find hyperparameters for the kernel instance corresponding to the target (batch_size, a, b, c, d, preci"
group1,8,16,2048,4096,16,16,1024,,,,"ERROR: Could not find hyperparameters for the kernel instance corresponding to the target (batch_size, a, b, c, d, preci"
group1,8,16,2048,4096,16,16,2048,,,,"ERROR: Could not find hyperparameters for the kernel instance corresponding to the target (batch_size, a, b, c, d, preci"
group1,8,16,2048,4096,16,16,4096,,,,"ERROR: Could not find hyperparameters for the kernel instance corresponding to the target (batch_size, a, b, c, d, preci"
group1,8,16,2048,4096,32,8,2,,,,"ERROR: Could not find hyperparameters for the kernel instance corresponding to the target (batch_size, a, b, c, d, preci"
group1,8,16,2048,4096,32,8,4,,,,"ERROR: Could not find hyperparameters for the kernel instance corresponding to the target (batch_size, a, b, c, d, preci"
group1,8,16,2048,4096,32,8,8,,,,"ERROR: Could not find hyperparameters for the kernel instance corresponding to the target (batch_size, a, b, c, d, preci"
group1,8,16,2048,4096,32,8,16,,,,"ERROR: Could not find hyperparameters for the kernel instance corresponding to the target (batch_size, a, b, c, d, preci"
group1,8,16,2048,4096,32,8,32,,,,"ERROR: Could not find hyperparameters for the kernel instance corresponding to the target (batch_size, a, b, c, d, preci"
group1,8,16,2048,4096,32,8,64,,,,"ERROR: Could not find hyperparameters for the kernel instance corresponding to the target (batch_size, a, b, c, d, preci"
group1,8,16,2048,4096,32,8,128,,,,"ERROR: Could not find hyperparameters for the kernel instance corresponding to the target (batch_size, a, b, c, d, preci"
group1,8,16,2048,4096,32,8,256,,,,"ERROR: Could not find hyperparameters for the kernel instance corresponding to the target (batch_size, a, b, c, d, preci"
group1,8,16,2048,4096,32,8,512,,,,"ERROR: Could not find hyperparameters for the kernel instance corresponding to the target (batch_size, a, b, c, d, preci"
group1,8,16,2048,4096,32,8,1024,,,,"ERROR: Could not find hyperparameters for the kernel instance corresponding to the target (batch_size, a, b, c, d, preci"
group1,8,16,2048,4096,32,8,2048,,,,"ERROR: Could not find hyperparameters for the kernel instance corresponding to the target (batch_size, a, b, c, d, preci"
group1,8,16,2048,4096,32,8,4096,,,,"ERROR: Could not find hyperparameters for the kernel instance corresponding to the target (batch_size, a, b, c, d, preci"
group1,8,16,2048,4096,64,4,2,,,,"ERROR: Could not find hyperparameters for the kernel instance corresponding to the target (batch_size, a, b, c, d, preci"
group1,8,16,2048,4096,64,4,4,,,,"ERROR: Could not find hyperparameters for the kernel instance corresponding to the target (batch_size, a, b, c, d, preci"
group1,8,16,2048,4096,64,4,8,,,,"ERROR: Could not find hyperparameters for the kernel instance corresponding to the target (batch_size, a, b, c, d, preci"
group1,8,16,2048,4096,64,4,16,,,,"ERROR: Could not find hyperparameters for the kernel instance corresponding to the target (batch_size, a, b, c, d, preci"
group1,8,16,2048,4096,64,4,32,,,,"ERROR: Could not find hyperparameters for the kernel instance corresponding to the target (batch_size, a, b, c, d, preci"
group1,8,16,2048,4096,64,4,64,,,,"ERROR: Could not find hyperparameters for the kernel instance corresponding to the target (batch_size, a, b, c, d, preci"
group1,8,16,2048,4096,64,4,128,,,,"ERROR: Could not find hyperparameters for the kernel instance corresponding to the target (batch_size, a, b, c, d, preci"
group1,8,16,2048,4096,64,4,256,,,,"ERROR: Could not find hyperparameters for the kernel instance corresponding to the target (batch_size, a, b, c, d, preci"
group1,8,16,2048,4096,64,4,512,,,,"ERROR: Could not find hyperparameters for the kernel instance corresponding to the target (batch_size, a, b, c, d, preci"
group1,8,16,2048,4096,64,4,1024,,,,"ERROR: Could not find hyperparameters for the kernel instance corresponding to the target (batch_size, a, b, c, d, preci"
group1,8,16,2048,4096,64,4,2048,,,,"ERROR: Could not find hyperparameters for the kernel instance corresponding to the target (batch_size, a, b, c, d, preci"
group1,8,16,2048,4096,64,4,4096,,,,"ERROR: Could not find hyperparameters for the kernel instance corresponding to the target (batch_size, a, b, c, d, preci"
group1,8,16,2048,4096,128,2,2,,,,"ERROR: Could not find hyperparameters for the kernel instance corresponding to the target (batch_size, a, b, c, d, preci"
group1,8,16,2048,4096,128,2,4,,,,"ERROR: Could not find hyperparameters for the kernel instance corresponding to the target (batch_size, a, b, c, d, preci"
group1,8,16,2048,4096,128,2,8,,,,"ERROR: Could not find hyperparameters for the kernel instance corresponding to the target (batch_size, a, b, c, d, preci"
group1,8,16,2048,4096,128,2,16,,,,"ERROR: Could not find hyperparameters for the kernel instance corresponding to the target (batch_size, a, b, c, d, preci"
group1,8,16,2048,4096,128,2,32,,,,"ERROR: Could not find hyperparameters for the kernel instance corresponding to the target (batch_size, a, b, c, d, preci"
group1,8,16,2048,4096,128,2,64,,,,"ERROR: Could not find hyperparameters for the kernel instance corresponding to the target (batch_size, a, b, c, d, preci"
group1,8,16,2048,4096,128,2,128,,,,"ERROR: Could not find hyperparameters for the kernel instance corresponding to the target (batch_size, a, b, c, d, preci"
group1,8,16,2048,4096,128,2,256,,,,"ERROR: Could not find hyperparameters for the kernel instance corresponding to the target (batch_size, a, b, c, d, preci"
group1,8,16,2048,4096,128,2,512,,,,"ERROR: Could not find hyperparameters for the kernel instance corresponding to the target (batch_size, a, b, c, d, preci"
group1,8,16,2048,4096,128,2,1024,,,,"ERROR: Could not find hyperparameters for the kernel instance corresponding to the target (batch_size, a, b, c, d, preci"
group1,8,16,2048,4096,128,2,2048,,,,"ERROR: Could not find hyperparameters for the kernel instance corresponding to the target (batch_size, a, b, c, d, preci"
group1,8,16,2048,4096,128,2,4096,,,,"ERROR: Could not find hyperparameters for the kernel instance corresponding to the target (batch_size, a, b, c, d, preci"
group1,8,16,2048,4096,256,1,2,,,,"ERROR: Could not find hyperparameters for the kernel instance corresponding to the target (batch_size, a, b, c, d, preci"
group1,8,16,2048,4096,256,1,4,,,,"ERROR: Could not find hyperparameters for the kernel instance corresponding to the target (batch_size, a, b, c, d, preci"
group1,8,16,2048,4096,256,1,8,,,,"ERROR: Could not find hyperparameters for the kernel instance corresponding to the target (batch_size, a, b, c, d, preci"
group1,8,16,2048,4096,256,1,16,,,,"ERROR: Could not find hyperparameters for the kernel instance corresponding to the target (batch_size, a, b, c, d, preci"
group1,8,16,2048,4096,256,1,32,,,,"ERROR: Could not find hyperparameters for the kernel instance corresponding to the target (batch_size, a, b, c, d, preci"
group1,8,16,2048,4096,256,1,64,,,,"ERROR: Could not find hyperparameters for the kernel instance corresponding to the target (batch_size, a, b, c, d, preci"
group1,8,16,2048,4096,256,1,128,,,,"ERROR: Could not find hyperparameters for the kernel instance corresponding to the target (batch_size, a, b, c, d, preci"
group1,8,16,2048,4096,256,1,256,,,,"ERROR: Could not find hyperparameters for the kernel instance corresponding to the target (batch_size, a, b, c, d, preci"
group1,8,16,2048,4096,256,1,512,,,,"ERROR: Could not find hyperparameters for the kernel instance corresponding to the target (batch_size, a, b, c, d, preci"
group1,8,16,2048,4096,256,1,1024,,,,"ERROR: Could not find hyperparameters for the kernel instance corresponding to the target (batch_size, a, b, c, d, preci"
group1,8,16,2048,4096,256,1,2048,,,,"ERROR: Could not find hyperparameters for the kernel instance corresponding to the target (batch_size, a, b, c, d, preci"
group1,8,16,2048,4096,256,1,4096,,,,"ERROR: Could not find hyperparameters for the kernel instance corresponding to the target (batch_size, a, b, c, d, preci"
group1,8,32,512,2048,1,64,2,,,,"ERROR: Could not find hyperparameters for the kernel instance corresponding to the target (batch_size, a, b, c, d, preci"
group1,8,32,512,2048,1,64,4,,,,"ERROR: Could not find hyperparameters for the kernel instance corresponding to the target (batch_size, a, b, c, d, preci"
group1,8,32,512,2048,1,64,8,,,,"ERROR: Could not find hyperparameters for the kernel instance corresponding to the target (batch_size, a, b, c, d, preci"
group1,8,32,512,2048,1,64,16,,,,"ERROR: Could not find hyperparameters for the kernel instance corresponding to the target (batch_size, a, b, c, d, preci"
group1,8,32,512,2048,1,64,32,,,,"ERROR: Could not find hyperparameters for the kernel instance corresponding to the target (batch_size, a, b, c, d, preci"
group1,8,32,512,2048,1,64,64,,,,"ERROR: Could not find hyperparameters for the kernel instance corresponding to the target (batch_size, a, b, c, d, preci"
group1,8,32,512,2048,1,64,128,,,,"ERROR: Could not find hyperparameters for the kernel instance corresponding to the target (batch_size, a, b, c, d, preci"
group1,8,32,512,2048,1,64,256,,,,"ERROR: Could not find hyperparameters for the kernel instance corresponding to the target (batch_size, a, b, c, d, preci"
group1,8,32,512,2048,1,64,512,,,,"ERROR: Could not find hyperparameters for the kernel instance corresponding to the target (batch_size, a, b, c, d, preci"
group1,8,32,512,2048,1,64,1024,,,,"ERROR: Could not find hyperparameters for the kernel instance corresponding to the target (batch_size, a, b, c, d, preci"
group1,8,32,512,2048,1,64,2048,,,,"ERROR: Could not find hyperparameters for the kernel instance corresponding to the target (batch_size, a, b, c, d, preci"
group1,8,32,512,2048,1,64,4096,,,,"ERROR: Could not find hyperparameters for the kernel instance corresponding to the target (batch_size, a, b, c, d, preci"
group1,8,32,512,2048,2,32,2,,,,"ERROR: Could not find hyperparameters for the kernel instance corresponding to the target (batch_size, a, b, c, d, preci"
group1,8,32,512,2048,2,32,4,,,,"ERROR: Could not find hyperparameters for the kernel instance corresponding to the target (batch_size, a, b, c, d, preci"
group1,8,32,512,2048,2,32,8,,,,"ERROR: Could not find hyperparameters for the kernel instance corresponding to the target (batch_size, a, b, c, d, preci"
group1,8,32,512,2048,2,32,16,,,,"ERROR: Could not find hyperparameters for the kernel instance corresponding to the target (batch_size, a, b, c, d, preci"
group1,8,32,512,2048,2,32,32,,,,"ERROR: Could not find hyperparameters for the kernel instance corresponding to the target (batch_size, a, b, c, d, preci"
group1,8,32,512,2048,2,32,64,,,,"ERROR: Could not find hyperparameters for the kernel instance corresponding to the target (batch_size, a, b, c, d, preci"
group1,8,32,512,2048,2,32,128,,,,"ERROR: Could not find hyperparameters for the kernel instance corresponding to the target (batch_size, a, b, c, d, preci"
group1,8,32,512,2048,2,32,256,,,,"ERROR: Could not find hyperparameters for the kernel instance corresponding to the target (batch_size, a, b, c, d, preci"
group1,8,32,512,2048,2,32,512,,,,"ERROR: Could not find hyperparameters for the kernel instance corresponding to the target (batch_size, a, b, c, d, preci"
group1,8,32,512,2048,2,32,1024,,,,"ERROR: Could not find hyperparameters for the kernel instance corresponding to the target (batch_size, a, b, c, d, preci"
group1,8,32,512,2048,2,32,2048,,,,"ERROR: Could not find hyperparameters for the kernel instance corresponding to the target (batch_size, a, b, c, d, preci"
group1,8,32,512,2048,2,32,4096,,,,"ERROR: Could not find hyperparameters for the kernel instance corresponding to the target (batch_size, a, b, c, d, preci"
group1,8,32,512,2048,4,16,2,,,,"ERROR: Could not find hyperparameters for the kernel instance corresponding to the target (batch_size, a, b, c, d, preci"
group1,8,32,512,2048,4,16,4,,,,"ERROR: Could not find hyperparameters for the kernel instance corresponding to the target (batch_size, a, b, c, d, preci"
group1,8,32,512,2048,4,16,8,,,,"ERROR: Could not find hyperparameters for the kernel instance corresponding to the target (batch_size, a, b, c, d, preci"
group1,8,32,512,2048,4,16,16,,,,"ERROR: Could not find hyperparameters for the kernel instance corresponding to the target (batch_size, a, b, c, d, preci"
group1,8,32,512,2048,4,16,32,,,,"ERROR: Could not find hyperparameters for the kernel instance corresponding to the target (batch_size, a, b, c, d, preci"
group1,8,32,512,2048,4,16,64,,,,"ERROR: Could not find hyperparameters for the kernel instance corresponding to the target (batch_size, a, b, c, d, preci"
group1,8,32,512,2048,4,16,128,,,,"ERROR: Could not find hyperparameters for the kernel instance corresponding to the target (batch_size, a, b, c, d, preci"
group1,8,32,512,2048,4,16,256,,,,"ERROR: Could not find hyperparameters for the kernel instance corresponding to the target (batch_size, a, b, c, d, preci"
group1,8,32,512,2048,4,16,512,,,,"ERROR: Could not find hyperparameters for the kernel instance corresponding to the target (batch_size, a, b, c, d, preci"
group1,8,32,512,2048,4,16,1024,,,,"ERROR: Could not find hyperparameters for the kernel instance corresponding to the target (batch_size, a, b, c, d, preci"
group1,8,32,512,2048,4,16,2048,,,,"ERROR: Could not find hyperparameters for the kernel instance corresponding to the target (batch_size, a, b, c, d, preci"
group1,8,32,512,2048,4,16,4096,,,,"ERROR: Could not find hyperparameters for the kernel instance corresponding to the target (batch_size, a, b, c, d, preci"
group1,8,32,512,2048,8,8,2,,,,"ERROR: Could not find hyperparameters for the kernel instance corresponding to the target (batch_size, a, b, c, d, preci"
group1,8,32,512,2048,8,8,4,,,,"ERROR: Could not find hyperparameters for the kernel instance corresponding to the target (batch_size, a, b, c, d, preci"
group1,8,32,512,2048,8,8,8,,,,"ERROR: Could not find hyperparameters for the kernel instance corresponding to the target (batch_size, a, b, c, d, preci"
group1,8,32,512,2048,8,8,16,,,,"ERROR: Could not find hyperparameters for the kernel instance corresponding to the target (batch_size, a, b, c, d, preci"
group1,8,32,512,2048,8,8,32,,,,"ERROR: Could not find hyperparameters for the kernel instance corresponding to the target (batch_size, a, b, c, d, preci"
group1,8,32,512,2048,8,8,64,,,,"ERROR: Could not find hyperparameters for the kernel instance corresponding to the target (batch_size, a, b, c, d, preci"
group1,8,32,512,2048,8,8,128,,,,"ERROR: Could not find hyperparameters for the kernel instance corresponding to the target (batch_size, a, b, c, d, preci"
group1,8,32,512,2048,8,8,256,,,,"ERROR: Could not find hyperparameters for the kernel instance corresponding to the target (batch_size, a, b, c, d, preci"
group1,8,32,512,2048,8,8,512,,,,"ERROR: Could not find hyperparameters for the kernel instance corresponding to the target (batch_size, a, b, c, d, preci"
group1,8,32,512,2048,8,8,1024,,,,"ERROR: Could not find hyperparameters for the kernel instance corresponding to the target (batch_size, a, b, c, d, preci"
group1,8,32,512,2048,8,8,2048,,,,"ERROR: Could not find hyperparameters for the kernel instance corresponding to the target (batch_size, a, b, c, d, preci"
group1,8,32,512,2048,8,8,4096,,,,"ERROR: Could not find hyperparameters for the kernel instance corresponding to the target (batch_size, a, b, c, d, preci"
group1,8,32,512,2048,16,4,2,,,,"ERROR: Could not find hyperparameters for the kernel instance corresponding to the target (batch_size, a, b, c, d, preci"
group1,8,32,512,2048,16,4,4,,,,"ERROR: Could not find hyperparameters for the kernel instance corresponding to the target (batch_size, a, b, c, d, preci"
group1,8,32,512,2048,16,4,8,,,,"ERROR: Could not find hyperparameters for the kernel instance corresponding to the target (batch_size, a, b, c, d, preci"
group1,8,32,512,2048,16,4,16,,,,"ERROR: Could not find hyperparameters for the kernel instance corresponding to the target (batch_size, a, b, c, d, preci"
group1,8,32,512,2048,16,4,32,,,,"ERROR: Could not find hyperparameters for the kernel instance corresponding to the target (batch_size, a, b, c, d, preci"
group1,8,32,512,2048,16,4,64,,,,"ERROR: Could not find hyperparameters for the kernel instance corresponding to the target (batch_size, a, b, c, d, preci"
group1,8,32,512,2048,16,4,128,,,,"ERROR: Could not find hyperparameters for the kernel instance corresponding to the target (batch_size, a, b, c, d, preci"
group1,8,32,512,2048,16,4,256,,,,"ERROR: Could not find hyperparameters for the kernel instance corresponding to the target (batch_size, a, b, c, d, preci"
group1,8,32,512,2048,16,4,512,,,,"ERROR: Could not find hyperparameters for the kernel instance corresponding to the target (batch_size, a, b, c, d, preci"
group1,8,32,512,2048,16,4,1024,,,,"ERROR: Could not find hyperparameters for the kernel instance corresponding to the target (batch_size, a, b, c, d, preci"
group1,8,32,512,2048,16,4,2048,,,,"ERROR: Could not find hyperparameters for the kernel instance corresponding to the target (batch_size, a, b, c, d, preci"
group1,8,32,512,2048,16,4,4096,,,,"ERROR: Could not find hyperparameters for the kernel instance corresponding to the target (batch_size, a, b, c, d, preci"
group1,8,32,512,2048,32,2,2,,,,"ERROR: Could not find hyperparameters for the kernel instance corresponding to the target (batch_size, a, b, c, d, preci"
group1,8,32,512,2048,32,2,4,,,,"ERROR: Could not find hyperparameters for the kernel instance corresponding to the target (batch_size, a, b, c, d, preci"
group1,8,32,512,2048,32,2,8,,,,"ERROR: Could not find hyperparameters for the kernel instance corresponding to the target (batch_size, a, b, c, d, preci"
group1,8,32,512,2048,32,2,16,,,,"ERROR: Could not find hyperparameters for the kernel instance corresponding to the target (batch_size, a, b, c, d, preci"
group1,8,32,512,2048,32,2,32,,,,"ERROR: Could not find hyperparameters for the kernel instance corresponding to the target (batch_size, a, b, c, d, preci"
group1,8,32,512,2048,32,2,64,,,,"ERROR: Could not find hyperparameters for the kernel instance corresponding to the target (batch_size, a, b, c, d, preci"
group1,8,32,512,2048,32,2,128,,,,"ERROR: Could not find hyperparameters for the kernel instance corresponding to the target (batch_size, a, b, c, d, preci"
group1,8,32,512,2048,32,2,256,,,,"ERROR: Could not find hyperparameters for the kernel instance corresponding to the target (batch_size, a, b, c, d, preci"
group1,8,32,512,2048,32,2,512,,,,"ERROR: Could not find hyperparameters for the kernel instance corresponding to the target (batch_size, a, b, c, d, preci"
group1,8,32,512,2048,32,2,1024,,,,"ERROR: Could not find hyperparameters for the kernel instance corresponding to the target (batch_size, a, b, c, d, preci"
group1,8,32,512,2048,32,2,2048,,,,"ERROR: Could not find hyperparameters for the kernel instance corresponding to the target (batch_size, a, b, c, d, preci"
group1,8,32,512,2048,32,2,4096,,,,"ERROR: Could not find hyperparameters for the kernel instance corresponding to the target (batch_size, a, b, c, d, preci"
group1,8,32,512,2048,64,1,2,,,,"ERROR: Could not find hyperparameters for the kernel instance corresponding to the target (batch_size, a, b, c, d, preci"
group1,8,32,512,2048,64,1,4,,,,"ERROR: Could not find hyperparameters for the kernel instance corresponding to the target (batch_size, a, b, c, d, preci"
group1,8,32,512,2048,64,1,8,,,,"ERROR: Could not find hyperparameters for the kernel instance corresponding to the target (batch_size, a, b, c, d, preci"
group1,8,32,512,2048,64,1,16,,,,"ERROR: Could not find hyperparameters for the kernel instance corresponding to the target (batch_size, a, b, c, d, preci"
group1,8,32,512,2048,64,1,32,,,,"ERROR: Could not find hyperparameters for the kernel instance corresponding to the target (batch_size, a, b, c, d, preci"
group1,8,32,512,2048,64,1,64,,,,"ERROR: Could not find hyperparameters for the kernel instance corresponding to the target (batch_size, a, b, c, d, preci"
group1,8,32,512,2048,64,1,128,,,,"ERROR: Could not find hyperparameters for the kernel instance corresponding to the target (batch_size, a, b, c, d, preci"
group1,8,32,512,2048,64,1,256,,,,"ERROR: Could not find hyperparameters for the kernel instance corresponding to the target (batch_size, a, b, c, d, preci"
group1,8,32,512,2048,64,1,512,,,,"ERROR: Could not find hyperparameters for the kernel instance corresponding to the target (batch_size, a, b, c, d, preci"
group1,8,32,512,2048,64,1,1024,,,,"ERROR: Could not find hyperparameters for the kernel instance corresponding to the target (batch_size, a, b, c, d, preci"
group1,8,32,512,2048,64,1,2048,,,,"ERROR: Could not find hyperparameters for the kernel instance corresponding to the target (batch_size, a, b, c, d, preci"
group1,8,32,512,2048,64,1,4096,,,,"ERROR: Could not find hyperparameters for the kernel instance corresponding to the target (batch_size, a, b, c, d, preci"
group1,8,32,1024,4096,1,128,2,,,,"ERROR: Could not find hyperparameters for the kernel instance corresponding to the target (batch_size, a, b, c, d, preci"
group1,8,32,1024,4096,1,128,4,,,,"ERROR: Could not find hyperparameters for the kernel instance corresponding to the target (batch_size, a, b, c, d, preci"
group1,8,32,1024,4096,1,128,8,,,,"ERROR: Could not find hyperparameters for the kernel instance corresponding to the target (batch_size, a, b, c, d, preci"
group1,8,32,1024,4096,1,128,16,,,,"ERROR: Could not find hyperparameters for the kernel instance corresponding to the target (batch_size, a, b, c, d, preci"
group1,8,32,1024,4096,1,128,32,,,,"ERROR: Could not find hyperparameters for the kernel instance corresponding to the target (batch_size, a, b, c, d, preci"
group1,8,32,1024,4096,1,128,64,,,,"ERROR: Could not find hyperparameters for the kernel instance corresponding to the target (batch_size, a, b, c, d, preci"
group1,8,32,1024,4096,1,128,128,,,,"ERROR: Could not find hyperparameters for the kernel instance corresponding to the target (batch_size, a, b, c, d, preci"
group1,8,32,1024,4096,1,128,256,,,,"ERROR: Could not find hyperparameters for the kernel instance corresponding to the target (batch_size, a, b, c, d, preci"
group1,8,32,1024,4096,1,128,512,,,,"ERROR: Could not find hyperparameters for the kernel instance corresponding to the target (batch_size, a, b, c, d, preci"
group1,8,32,1024,4096,1,128,1024,,,,"ERROR: Could not find hyperparameters for the kernel instance corresponding to the target (batch_size, a, b, c, d, preci"
group1,8,32,1024,4096,1,128,2048,,,,"ERROR: Could not find hyperparameters for the kernel instance corresponding to the target (batch_size, a, b, c, d, preci"
group1,8,32,1024,4096,1,128,4096,,,,"ERROR: Could not find hyperparameters for the kernel instance corresponding to the target (batch_size, a, b, c, d, preci"
group1,8,32,1024,4096,2,64,2,,,,"ERROR: Could not find hyperparameters for the kernel instance corresponding to the target (batch_size, a, b, c, d, preci"
group1,8,32,1024,4096,2,64,4,,,,"ERROR: Could not find hyperparameters for the kernel instance corresponding to the target (batch_size, a, b, c, d, preci"
group1,8,32,1024,4096,2,64,8,,,,"ERROR: Could not find hyperparameters for the kernel instance corresponding to the target (batch_size, a, b, c, d, preci"
group1,8,32,1024,4096,2,64,16,,,,"ERROR: Could not find hyperparameters for the kernel instance corresponding to the target (batch_size, a, b, c, d, preci"
group1,8,32,1024,4096,2,64,32,,,,"ERROR: Could not find hyperparameters for the kernel instance corresponding to the target (batch_size, a, b, c, d, preci"
group1,8,32,1024,4096,2,64,64,,,,"ERROR: Could not find hyperparameters for the kernel instance corresponding to the target (batch_size, a, b, c, d, preci"
group1,8,32,1024,4096,2,64,128,,,,"ERROR: Could not find hyperparameters for the kernel instance corresponding to the target (batch_size, a, b, c, d, preci"
group1,8,32,1024,4096,2,64,256,,,,"ERROR: Could not find hyperparameters for the kernel instance corresponding to the target (batch_size, a, b, c, d, preci"
group1,8,32,1024,4096,2,64,512,,,,"ERROR: Could not find hyperparameters for the kernel instance corresponding to the target (batch_size, a, b, c, d, preci"
group1,8,32,1024,4096,2,64,1024,,,,"ERROR: Could not find hyperparameters for the kernel instance corresponding to the target (batch_size, a, b, c, d, preci"
group1,8,32,1024,4096,2,64,2048,,,,"ERROR: Could not find hyperparameters for the kernel instance corresponding to the target (batch_size, a, b, c, d, preci"
group1,8,32,1024,4096,2,64,4096,,,,"ERROR: Could not find hyperparameters for the kernel instance corresponding to the target (batch_size, a, b, c, d, preci"
group1,8,32,1024,4096,4,32,2,,,,"ERROR: Could not find hyperparameters for the kernel instance corresponding to the target (batch_size, a, b, c, d, preci"
group1,8,32,1024,4096,4,32,4,,,,"ERROR: Could not find hyperparameters for the kernel instance corresponding to the target (batch_size, a, b, c, d, preci"
group1,8,32,1024,4096,4,32,8,,,,"ERROR: Could not find hyperparameters for the kernel instance corresponding to the target (batch_size, a, b, c, d, preci"
group1,8,32,1024,4096,4,32,16,,,,"ERROR: Could not find hyperparameters for the kernel instance corresponding to the target (batch_size, a, b, c, d, preci"
group1,8,32,1024,4096,4,32,32,,,,"ERROR: Could not find hyperparameters for the kernel instance corresponding to the target (batch_size, a, b, c, d, preci"
group1,8,32,1024,4096,4,32,64,,,,"ERROR: Could not find hyperparameters for the kernel instance corresponding to the target (batch_size, a, b, c, d, preci"
group1,8,32,1024,4096,4,32,128,,,,"ERROR: Could not find hyperparameters for the kernel instance corresponding to the target (batch_size, a, b, c, d, preci"
group1,8,32,1024,4096,4,32,256,,,,"ERROR: Could not find hyperparameters for the kernel instance corresponding to the target (batch_size, a, b, c, d, preci"
group1,8,32,1024,4096,4,32,512,,,,"ERROR: Could not find hyperparameters for the kernel instance corresponding to the target (batch_size, a, b, c, d, preci"
group1,8,32,1024,4096,4,32,1024,,,,"ERROR: Could not find hyperparameters for the kernel instance corresponding to the target (batch_size, a, b, c, d, preci"
group1,8,32,1024,4096,4,32,2048,,,,"ERROR: Could not find hyperparameters for the kernel instance corresponding to the target (batch_size, a, b, c, d, preci"
group1,8,32,1024,4096,4,32,4096,,,,"ERROR: Could not find hyperparameters for the kernel instance corresponding to the target (batch_size, a, b, c, d, preci"
group1,8,32,1024,4096,8,16,2,,,,"ERROR: Could not find hyperparameters for the kernel instance corresponding to the target (batch_size, a, b, c, d, preci"
group1,8,32,1024,4096,8,16,4,,,,"ERROR: Could not find hyperparameters for the kernel instance corresponding to the target (batch_size, a, b, c, d, preci"
group1,8,32,1024,4096,8,16,8,,,,"ERROR: Could not find hyperparameters for the kernel instance corresponding to the target (batch_size, a, b, c, d, preci"
group1,8,32,1024,4096,8,16,16,,,,"ERROR: Could not find hyperparameters for the kernel instance corresponding to the target (batch_size, a, b, c, d, preci"
group1,8,32,1024,4096,8,16,32,,,,"ERROR: Could not find hyperparameters for the kernel instance corresponding to the target (batch_size, a, b, c, d, preci"
group1,8,32,1024,4096,8,16,64,,,,"ERROR: Could not find hyperparameters for the kernel instance corresponding to the target (batch_size, a, b, c, d, preci"
group1,8,32,1024,4096,8,16,128,,,,"ERROR: Could not find hyperparameters for the kernel instance corresponding to the target (batch_size, a, b, c, d, preci"
group1,8,32,1024,4096,8,16,256,,,,"ERROR: Could not find hyperparameters for the kernel instance corresponding to the target (batch_size, a, b, c, d, preci"
group1,8,32,1024,4096,8,16,512,,,,"ERROR: Could not find hyperparameters for the kernel instance corresponding to the target (batch_size, a, b, c, d, preci"
group1,8,32,1024,4096,8,16,1024,,,,"ERROR: Could not find hyperparameters for the kernel instance corresponding to the target (batch_size, a, b, c, d, preci"
group1,8,32,1024,4096,8,16,2048,,,,"ERROR: Could not find hyperparameters for the kernel instance corresponding to the target (batch_size, a, b, c, d, preci"
group1,8,32,1024,4096,8,16,4096,,,,"ERROR: Could not find hyperparameters for the kernel instance corresponding to the target (batch_size, a, b, c, d, preci"
group1,8,32,1024,4096,16,8,2,,,,"ERROR: Could not find hyperparameters for the kernel instance corresponding to the target (batch_size, a, b, c, d, preci"
group1,8,32,1024,4096,16,8,4,,,,"ERROR: Could not find hyperparameters for the kernel instance corresponding to the target (batch_size, a, b, c, d, preci"
group1,8,32,1024,4096,16,8,8,,,,"ERROR: Could not find hyperparameters for the kernel instance corresponding to the target (batch_size, a, b, c, d, preci"
group1,8,32,1024,4096,16,8,16,,,,"ERROR: Could not find hyperparameters for the kernel instance corresponding to the target (batch_size, a, b, c, d, preci"
group1,8,32,1024,4096,16,8,32,,,,"ERROR: Could not find hyperparameters for the kernel instance corresponding to the target (batch_size, a, b, c, d, preci"
group1,8,32,1024,4096,16,8,64,,,,"ERROR: Could not find hyperparameters for the kernel instance corresponding to the target (batch_size, a, b, c, d, preci"
group1,8,32,1024,4096,16,8,128,,,,"ERROR: Could not find hyperparameters for the kernel instance corresponding to the target (batch_size, a, b, c, d, preci"
group1,8,32,1024,4096,16,8,256,,,,"ERROR: Could not find hyperparameters for the kernel instance corresponding to the target (batch_size, a, b, c, d, preci"
group1,8,32,1024,4096,16,8,512,,,,"ERROR: Could not find hyperparameters for the kernel instance corresponding to the target (batch_size, a, b, c, d, preci"
group1,8,32,1024,4096,16,8,1024,,,,"ERROR: Could not find hyperparameters for the kernel instance corresponding to the target (batch_size, a, b, c, d, preci"
group1,8,32,1024,4096,16,8,2048,,,,"ERROR: Could not find hyperparameters for the kernel instance corresponding to the target (batch_size, a, b, c, d, preci"
group1,8,32,1024,4096,16,8,4096,,,,"ERROR: Could not find hyperparameters for the kernel instance corresponding to the target (batch_size, a, b, c, d, preci"
group1,8,32,1024,4096,32,4,2,,,,"ERROR: Could not find hyperparameters for the kernel instance corresponding to the target (batch_size, a, b, c, d, preci"
group1,8,32,1024,4096,32,4,4,,,,"ERROR: Could not find hyperparameters for the kernel instance corresponding to the target (batch_size, a, b, c, d, preci"
group1,8,32,1024,4096,32,4,8,,,,"ERROR: Could not find hyperparameters for the kernel instance corresponding to the target (batch_size, a, b, c, d, preci"
group1,8,32,1024,4096,32,4,16,,,,"ERROR: Could not find hyperparameters for the kernel instance corresponding to the target (batch_size, a, b, c, d, preci"
group1,8,32,1024,4096,32,4,32,,,,"ERROR: Could not find hyperparameters for the kernel instance corresponding to the target (batch_size, a, b, c, d, preci"
group1,8,32,1024,4096,32,4,64,,,,"ERROR: Could not find hyperparameters for the kernel instance corresponding to the target (batch_size, a, b, c, d, preci"
group1,8,32,1024,4096,32,4,128,,,,"ERROR: Could not find hyperparameters for the kernel instance corresponding to the target (batch_size, a, b, c, d, preci"
group1,8,32,1024,4096,32,4,256,,,,"ERROR: Could not find hyperparameters for the kernel instance corresponding to the target (batch_size, a, b, c, d, preci"
group1,8,32,1024,4096,32,4,512,,,,"ERROR: Could not find hyperparameters for the kernel instance corresponding to the target (batch_size, a, b, c, d, preci"
group1,8,32,1024,4096,32,4,1024,,,,"ERROR: Could not find hyperparameters for the kernel instance corresponding to the target (batch_size, a, b, c, d, preci"
group1,8,32,1024,4096,32,4,2048,,,,"ERROR: Could not find hyperparameters for the kernel instance corresponding to the target (batch_size, a, b, c, d, preci"
group1,8,32,1024,4096,32,4,4096,,,,"ERROR: Could not find hyperparameters for the kernel instance corresponding to the target (batch_size, a, b, c, d, preci"
group1,8,32,1024,4096,64,2,2,,,,"ERROR: Could not find hyperparameters for the kernel instance corresponding to the target (batch_size, a, b, c, d, preci"
group1,8,32,1024,4096,64,2,4,,,,"ERROR: Could not find hyperparameters for the kernel instance corresponding to the target (batch_size, a, b, c, d, preci"
group1,8,32,1024,4096,64,2,8,,,,"ERROR: Could not find hyperparameters for the kernel instance corresponding to the target (batch_size, a, b, c, d, preci"
group1,8,32,1024,4096,64,2,16,,,,"ERROR: Could not find hyperparameters for the kernel instance corresponding to the target (batch_size, a, b, c, d, preci"
group1,8,32,1024,4096,64,2,32,,,,"ERROR: Could not find hyperparameters for the kernel instance corresponding to the target (batch_size, a, b, c, d, preci"
group1,8,32,1024,4096,64,2,64,,,,"ERROR: Could not find hyperparameters for the kernel instance corresponding to the target (batch_size, a, b, c, d, preci"
group1,8,32,1024,4096,64,2,128,,,,"ERROR: Could not find hyperparameters for the kernel instance corresponding to the target (batch_size, a, b, c, d, preci"
group1,8,32,1024,4096,64,2,256,,,,"ERROR: Could not find hyperparameters for the kernel instance corresponding to the target (batch_size, a, b, c, d, preci"
group1,8,32,1024,4096,64,2,512,,,,"ERROR: Could not find hyperparameters for the kernel instance corresponding to the target (batch_size, a, b, c, d, preci"
group1,8,32,1024,4096,64,2,1024,,,,"ERROR: Could not find hyperparameters for the kernel instance corresponding to the target (batch_size, a, b, c, d, preci"
group1,8,32,1024,4096,64,2,2048,,,,"ERROR: Could not find hyperparameters for the kernel instance corresponding to the target (batch_size, a, b, c, d, preci"
group1,8,32,1024,4096,64,2,4096,,,,"ERROR: Could not find hyperparameters for the kernel instance corresponding to the target (batch_size, a, b, c, d, preci"
group1,8,32,1024,4096,128,1,2,,,,"ERROR: Could not find hyperparameters for the kernel instance corresponding to the target (batch_size, a, b, c, d, preci"
group1,8,32,1024,4096,128,1,4,,,,"ERROR: Could not find hyperparameters for the kernel instance corresponding to the target (batch_size, a, b, c, d, preci"
group1,8,32,1024,4096,128,1,8,,,,"ERROR: Could not find hyperparameters for the kernel instance corresponding to the target (batch_size, a, b, c, d, preci"
group1,8,32,1024,4096,128,1,16,,,,"ERROR: Could not find hyperparameters for the kernel instance corresponding to the target (batch_size, a, b, c, d, preci"
group1,8,32,1024,4096,128,1,32,,,,"ERROR: Could not find hyperparameters for the kernel instance corresponding to the target (batch_size, a, b, c, d, preci"
group1,8,32,1024,4096,128,1,64,,,,"ERROR: Could not find hyperparameters for the kernel instance corresponding to the target (batch_size, a, b, c, d, preci"
group1,8,32,1024,4096,128,1,128,,,,"ERROR: Could not find hyperparameters for the kernel instance corresponding to the target (batch_size, a, b, c, d, preci"
group1,8,32,1024,4096,128,1,256,,,,"ERROR: Could not find hyperparameters for the kernel instance corresponding to the target (batch_size, a, b, c, d, preci"
group1,8,32,1024,4096,128,1,512,,,,"ERROR: Could not find hyperparameters for the kernel instance corresponding to the target (batch_size, a, b, c, d, preci"
group1,8,32,1024,4096,128,1,1024,,,,"ERROR: Could not find hyperparameters for the kernel instance corresponding to the target (batch_size, a, b, c, d, preci"
group1,8,32,1024,4096,128,1,2048,,,,"ERROR: Could not find hyperparameters for the kernel instance corresponding to the target (batch_size, a, b, c, d, preci"
group1,8,32,1024,4096,128,1,4096,,,,"ERROR: Could not find hyperparameters for the kernel instance corresponding to the target (batch_size, a, b, c, d, preci"
group1,8,64,512,4096,1,64,2,,,,"ERROR: Could not find hyperparameters for the kernel instance corresponding to the target (batch_size, a, b, c, d, preci"
group1,8,64,512,4096,1,64,4,,,,"ERROR: Could not find hyperparameters for the kernel instance corresponding to the target (batch_size, a, b, c, d, preci"
group1,8,64,512,4096,1,64,8,,,,"ERROR: Could not find hyperparameters for the kernel instance corresponding to the target (batch_size, a, b, c, d, preci"
group1,8,64,512,4096,1,64,16,,,,"ERROR: Could not find hyperparameters for the kernel instance corresponding to the target (batch_size, a, b, c, d, preci"
group1,8,64,512,4096,1,64,32,,,,"ERROR: Could not find hyperparameters for the kernel instance corresponding to the target (batch_size, a, b, c, d, preci"
group1,8,64,512,4096,1,64,64,,,,"ERROR: Could not find hyperparameters for the kernel instance corresponding to the target (batch_size, a, b, c, d, preci"
group1,8,64,512,4096,1,64,128,,,,"ERROR: Could not find hyperparameters for the kernel instance corresponding to the target (batch_size, a, b, c, d, preci"
group1,8,64,512,4096,1,64,256,,,,"ERROR: Could not find hyperparameters for the kernel instance corresponding to the target (batch_size, a, b, c, d, preci"
group1,8,64,512,4096,1,64,512,,,,"ERROR: Could not find hyperparameters for the kernel instance corresponding to the target (batch_size, a, b, c, d, preci"
group1,8,64,512,4096,1,64,1024,,,,"ERROR: Could not find hyperparameters for the kernel instance corresponding to the target (batch_size, a, b, c, d, preci"
group1,8,64,512,4096,1,64,2048,,,,"ERROR: Could not find hyperparameters for the kernel instance corresponding to the target (batch_size, a, b, c, d, preci"
group1,8,64,512,4096,1,64,4096,,,,"ERROR: Could not find hyperparameters for the kernel instance corresponding to the target (batch_size, a, b, c, d, preci"
group1,8,64,512,4096,2,32,2,,,,"ERROR: Could not find hyperparameters for the kernel instance corresponding to the target (batch_size, a, b, c, d, preci"
group1,8,64,512,4096,2,32,4,,,,"ERROR: Could not find hyperparameters for the kernel instance corresponding to the target (batch_size, a, b, c, d, preci"
group1,8,64,512,4096,2,32,8,,,,"ERROR: Could not find hyperparameters for the kernel instance corresponding to the target (batch_size, a, b, c, d, preci"
group1,8,64,512,4096,2,32,16,,,,"ERROR: Could not find hyperparameters for the kernel instance corresponding to the target (batch_size, a, b, c, d, preci"
group1,8,64,512,4096,2,32,32,,,,"ERROR: Could not find hyperparameters for the kernel instance corresponding to the target (batch_size, a, b, c, d, preci"
group1,8,64,512,4096,2,32,64,,,,"ERROR: Could not find hyperparameters for the kernel instance corresponding to the target (batch_size, a, b, c, d, preci"
group1,8,64,512,4096,2,32,128,,,,"ERROR: Could not find hyperparameters for the kernel instance corresponding to the target (batch_size, a, b, c, d, preci"
group1,8,64,512,4096,2,32,256,,,,"ERROR: Could not find hyperparameters for the kernel instance corresponding to the target (batch_size, a, b, c, d, preci"
group1,8,64,512,4096,2,32,512,,,,"ERROR: Could not find hyperparameters for the kernel instance corresponding to the target (batch_size, a, b, c, d, preci"
group1,8,64,512,4096,2,32,1024,,,,"ERROR: Could not find hyperparameters for the kernel instance corresponding to the target (batch_size, a, b, c, d, preci"
group1,8,64,512,4096,2,32,2048,,,,"ERROR: Could not find hyperparameters for the kernel instance corresponding to the target (batch_size, a, b, c, d, preci"
group1,8,64,512,4096,2,32,4096,,,,"ERROR: Could not find hyperparameters for the kernel instance corresponding to the target (batch_size, a, b, c, d, preci"
group1,8,64,512,4096,4,16,2,,,,"ERROR: Could not find hyperparameters for the kernel instance corresponding to the target (batch_size, a, b, c, d, preci"
group1,8,64,512,4096,4,16,4,,,,"ERROR: Could not find hyperparameters for the kernel instance corresponding to the target (batch_size, a, b, c, d, preci"
group1,8,64,512,4096,4,16,8,,,,"ERROR: Could not find hyperparameters for the kernel instance corresponding to the target (batch_size, a, b, c, d, preci"
group1,8,64,512,4096,4,16,16,,,,"ERROR: Could not find hyperparameters for the kernel instance corresponding to the target (batch_size, a, b, c, d, preci"
group1,8,64,512,4096,4,16,32,,,,"ERROR: Could not find hyperparameters for the kernel instance corresponding to the target (batch_size, a, b, c, d, preci"
group1,8,64,512,4096,4,16,64,,,,"ERROR: Could not find hyperparameters for the kernel instance corresponding to the target (batch_size, a, b, c, d, preci"
group1,8,64,512,4096,4,16,128,,,,"ERROR: Could not find hyperparameters for the kernel instance corresponding to the target (batch_size, a, b, c, d, preci"
group1,8,64,512,4096,4,16,256,,,,"ERROR: Could not find hyperparameters for the kernel instance corresponding to the target (batch_size, a, b, c, d, preci"
group1,8,64,512,4096,4,16,512,,,,"ERROR: Could not find hyperparameters for the kernel instance corresponding to the target (batch_size, a, b, c, d, preci"
group1,8,64,512,4096,4,16,1024,,,,"ERROR: Could not find hyperparameters for the kernel instance corresponding to the target (batch_size, a, b, c, d, preci"
group1,8,64,512,4096,4,16,2048,,,,"ERROR: Could not find hyperparameters for the kernel instance corresponding to the target (batch_size, a, b, c, d, preci"
group1,8,64,512,4096,4,16,4096,,,,"ERROR: Could not find hyperparameters for the kernel instance corresponding to the target (batch_size, a, b, c, d, preci"
group1,8,64,512,4096,8,8,2,,,,"ERROR: Could not find hyperparameters for the kernel instance corresponding to the target (batch_size, a, b, c, d, preci"
group1,8,64,512,4096,8,8,4,,,,"ERROR: Could not find hyperparameters for the kernel instance corresponding to the target (batch_size, a, b, c, d, preci"
group1,8,64,512,4096,8,8,8,,,,"ERROR: Could not find hyperparameters for the kernel instance corresponding to the target (batch_size, a, b, c, d, preci"
group1,8,64,512,4096,8,8,16,,,,"ERROR: Could not find hyperparameters for the kernel instance corresponding to the target (batch_size, a, b, c, d, preci"
group1,8,64,512,4096,8,8,32,,,,"ERROR: Could not find hyperparameters for the kernel instance corresponding to the target (batch_size, a, b, c, d, preci"
group1,8,64,512,4096,8,8,64,,,,"ERROR: Could not find hyperparameters for the kernel instance corresponding to the target (batch_size, a, b, c, d, preci"
group1,8,64,512,4096,8,8,128,,,,"ERROR: Could not find hyperparameters for the kernel instance corresponding to the target (batch_size, a, b, c, d, preci"
group1,8,64,512,4096,8,8,256,,,,"ERROR: Could not find hyperparameters for the kernel instance corresponding to the target (batch_size, a, b, c, d, preci"
group1,8,64,512,4096,8,8,512,,,,"ERROR: Could not find hyperparameters for the kernel instance corresponding to the target (batch_size, a, b, c, d, preci"
group1,8,64,512,4096,8,8,1024,,,,"ERROR: Could not find hyperparameters for the kernel instance corresponding to the target (batch_size, a, b, c, d, preci"
group1,8,64,512,4096,8,8,2048,,,,"ERROR: Could not find hyperparameters for the kernel instance corresponding to the target (batch_size, a, b, c, d, preci"
group1,8,64,512,4096,8,8,4096,,,,"ERROR: Could not find hyperparameters for the kernel instance corresponding to the target (batch_size, a, b, c, d, preci"
group1,8,64,512,4096,16,4,2,,,,"ERROR: Could not find hyperparameters for the kernel instance corresponding to the target (batch_size, a, b, c, d, preci"
group1,8,64,512,4096,16,4,4,,,,"ERROR: Could not find hyperparameters for the kernel instance corresponding to the target (batch_size, a, b, c, d, preci"
group1,8,64,512,4096,16,4,8,,,,"ERROR: Could not find hyperparameters for the kernel instance corresponding to the target (batch_size, a, b, c, d, preci"
group1,8,64,512,4096,16,4,16,,,,"ERROR: Could not find hyperparameters for the kernel instance corresponding to the target (batch_size, a, b, c, d, preci"
group1,8,64,512,4096,16,4,32,,,,"ERROR: Could not find hyperparameters for the kernel instance corresponding to the target (batch_size, a, b, c, d, preci"
group1,8,64,512,4096,16,4,64,,,,"ERROR: Could not find hyperparameters for the kernel instance corresponding to the target (batch_size, a, b, c, d, preci"
group1,8,64,512,4096,16,4,128,,,,"ERROR: Could not find hyperparameters for the kernel instance corresponding to the target (batch_size, a, b, c, d, preci"
group1,8,64,512,4096,16,4,256,,,,"ERROR: Could not find hyperparameters for the kernel instance corresponding to the target (batch_size, a, b, c, d, preci"
group1,8,64,512,4096,16,4,512,,,,"ERROR: Could not find hyperparameters for the kernel instance corresponding to the target (batch_size, a, b, c, d, preci"
group1,8,64,512,4096,16,4,1024,,,,"ERROR: Could not find hyperparameters for the kernel instance corresponding to the target (batch_size, a, b, c, d, preci"
group1,8,64,512,4096,16,4,2048,,,,"ERROR: Could not find hyperparameters for the kernel instance corresponding to the target (batch_size, a, b, c, d, preci"
group1,8,64,512,4096,16,4,4096,,,,"ERROR: Could not find hyperparameters for the kernel instance corresponding to the target (batch_size, a, b, c, d, preci"
group1,8,64,512,4096,32,2,2,,,,"ERROR: Could not find hyperparameters for the kernel instance corresponding to the target (batch_size, a, b, c, d, preci"
group1,8,64,512,4096,32,2,4,,,,"ERROR: Could not find hyperparameters for the kernel instance corresponding to the target (batch_size, a, b, c, d, preci"
group1,8,64,512,4096,32,2,8,,,,"ERROR: Could not find hyperparameters for the kernel instance corresponding to the target (batch_size, a, b, c, d, preci"
group1,8,64,512,4096,32,2,16,,,,"ERROR: Could not find hyperparameters for the kernel instance corresponding to the target (batch_size, a, b, c, d, preci"
group1,8,64,512,4096,32,2,32,,,,"ERROR: Could not find hyperparameters for the kernel instance corresponding to the target (batch_size, a, b, c, d, preci"
group1,8,64,512,4096,32,2,64,,,,"ERROR: Could not find hyperparameters for the kernel instance corresponding to the target (batch_size, a, b, c, d, preci"
group1,8,64,512,4096,32,2,128,,,,"ERROR: Could not find hyperparameters for the kernel instance corresponding to the target (batch_size, a, b, c, d, preci"
group1,8,64,512,4096,32,2,256,,,,"ERROR: Could not find hyperparameters for the kernel instance corresponding to the target (batch_size, a, b, c, d, preci"
group1,8,64,512,4096,32,2,512,,,,"ERROR: Could not find hyperparameters for the kernel instance corresponding to the target (batch_size, a, b, c, d, preci"
group1,8,64,512,4096,32,2,1024,,,,"ERROR: Could not find hyperparameters for the kernel instance corresponding to the target (batch_size, a, b, c, d, preci"
group1,8,64,512,4096,32,2,2048,,,,"ERROR: Could not find hyperparameters for the kernel instance corresponding to the target (batch_size, a, b, c, d, preci"
group1,8,64,512,4096,32,2,4096,,,,"ERROR: Could not find hyperparameters for the kernel instance corresponding to the target (batch_size, a, b, c, d, preci"
group1,8,64,512,4096,64,1,2,,,,"ERROR: Could not find hyperparameters for the kernel instance corresponding to the target (batch_size, a, b, c, d, preci"
group1,8,64,512,4096,64,1,4,,,,"ERROR: Could not find hyperparameters for the kernel instance corresponding to the target (batch_size, a, b, c, d, preci"
group1,8,64,512,4096,64,1,8,,,,"ERROR: Could not find hyperparameters for the kernel instance corresponding to the target (batch_size, a, b, c, d, preci"
group1,8,64,512,4096,64,1,16,,,,"ERROR: Could not find hyperparameters for the kernel instance corresponding to the target (batch_size, a, b, c, d, preci"
group1,8,64,512,4096,64,1,32,,,,"ERROR: Could not find hyperparameters for the kernel instance corresponding to the target (batch_size, a, b, c, d, preci"
group1,8,64,512,4096,64,1,64,,,,"ERROR: Could not find hyperparameters for the kernel instance corresponding to the target (batch_size, a, b, c, d, preci"
group1,8,64,512,4096,64,1,128,,,,"ERROR: Could not find hyperparameters for the kernel instance corresponding to the target (batch_size, a, b, c, d, preci"
group1,8,64,512,4096,64,1,256,,,,"ERROR: Could not find hyperparameters for the kernel instance corresponding to the target (batch_size, a, b, c, d, preci"
group1,8,64,512,4096,64,1,512,,,,"ERROR: Could not find hyperparameters for the kernel instance corresponding to the target (batch_size, a, b, c, d, preci"
group1,8,64,512,4096,64,1,1024,,,,"ERROR: Could not find hyperparameters for the kernel instance corresponding to the target (batch_size, a, b, c, d, preci"
group1,8,64,512,4096,64,1,2048,,,,"ERROR: Could not find hyperparameters for the kernel instance corresponding to the target (batch_size, a, b, c, d, preci"
group1,8,64,512,4096,64,1,4096,,,,"ERROR: Could not find hyperparameters for the kernel instance corresponding to the target (batch_size, a, b, c, d, preci"
group1,16,2,4096,512,1,256,2,,,,"ERROR: Could not find hyperparameters for the kernel instance corresponding to the target (batch_size, a, b, c, d, preci"
group1,16,2,4096,512,1,256,4,,,,"ERROR: Could not find hyperparameters for the kernel instance corresponding to the target (batch_size, a, b, c, d, preci"
group1,16,2,4096,512,1,256,8,,,,"ERROR: Could not find hyperparameters for the kernel instance corresponding to the target (batch_size, a, b, c, d, preci"
group1,16,2,4096,512,1,256,16,,,,"ERROR: Could not find hyperparameters for the kernel instance corresponding to the target (batch_size, a, b, c, d, preci"
group1,16,2,4096,512,1,256,32,,,,"ERROR: Could not find hyperparameters for the kernel instance corresponding to the target (batch_size, a, b, c, d, preci"
group1,16,2,4096,512,1,256,64,,,,"ERROR: Could not find hyperparameters for the kernel instance corresponding to the target (batch_size, a, b, c, d, preci"
group1,16,2,4096,512,1,256,128,,,,"ERROR: Could not find hyperparameters for the kernel instance corresponding to the target (batch_size, a, b, c, d, preci"
group1,16,2,4096,512,1,256,256,,,,"ERROR: Could not find hyperparameters for the kernel instance corresponding to the target (batch_size, a, b, c, d, preci"
group1,16,2,4096,512,1,256,512,,,,"ERROR: Could not find hyperparameters for the kernel instance corresponding to the target (batch_size, a, b, c, d, preci"
group1,16,2,4096,512,1,256,1024,,,,"ERROR: Could not find hyperparameters for the kernel instance corresponding to the target (batch_size, a, b, c, d, preci"
group1,16,2,4096,512,1,256,2048,,,,"ERROR: Could not find hyperparameters for the kernel instance corresponding to the target (batch_size, a, b, c, d, preci"
group1,16,2,4096,512,1,256,4096,,,,"ERROR: Could not find hyperparameters for the kernel instance corresponding to the target (batch_size, a, b, c, d, preci"
group1,16,2,4096,512,2,128,2,,,,"ERROR: Could not find hyperparameters for the kernel instance corresponding to the target (batch_size, a, b, c, d, preci"
group1,16,2,4096,512,2,128,4,,,,"ERROR: Could not find hyperparameters for the kernel instance corresponding to the target (batch_size, a, b, c, d, preci"
group1,16,2,4096,512,2,128,8,,,,"ERROR: Could not find hyperparameters for the kernel instance corresponding to the target (batch_size, a, b, c, d, preci"
group1,16,2,4096,512,2,128,16,,,,"ERROR: Could not find hyperparameters for the kernel instance corresponding to the target (batch_size, a, b, c, d, preci"
group1,16,2,4096,512,2,128,32,,,,"ERROR: Could not find hyperparameters for the kernel instance corresponding to the target (batch_size, a, b, c, d, preci"
group1,16,2,4096,512,2,128,64,,,,"ERROR: Could not find hyperparameters for the kernel instance corresponding to the target (batch_size, a, b, c, d, preci"
group1,16,2,4096,512,2,128,128,,,,"ERROR: Could not find hyperparameters for the kernel instance corresponding to the target (batch_size, a, b, c, d, preci"
group1,16,2,4096,512,2,128,256,,,,"ERROR: Could not find hyperparameters for the kernel instance corresponding to the target (batch_size, a, b, c, d, preci"
group1,16,2,4096,512,2,128,512,,,,"ERROR: Could not find hyperparameters for the kernel instance corresponding to the target (batch_size, a, b, c, d, preci"
group1,16,2,4096,512,2,128,1024,,,,"ERROR: Could not find hyperparameters for the kernel instance corresponding to the target (batch_size, a, b, c, d, preci"
group1,16,2,4096,512,2,128,2048,,,,"ERROR: Could not find hyperparameters for the kernel instance corresponding to the target (batch_size, a, b, c, d, preci"
group1,16,2,4096,512,2,128,4096,,,,"ERROR: Could not find hyperparameters for the kernel instance corresponding to the target (batch_size, a, b, c, d, preci"
group1,16,2,4096,512,4,64,2,,,,"ERROR: Could not find hyperparameters for the kernel instance corresponding to the target (batch_size, a, b, c, d, preci"
group1,16,2,4096,512,4,64,4,,,,"ERROR: Could not find hyperparameters for the kernel instance corresponding to the target (batch_size, a, b, c, d, preci"
group1,16,2,4096,512,4,64,8,,,,"ERROR: Could not find hyperparameters for the kernel instance corresponding to the target (batch_size, a, b, c, d, preci"
group1,16,2,4096,512,4,64,16,,,,"ERROR: Could not find hyperparameters for the kernel instance corresponding to the target (batch_size, a, b, c, d, preci"
group1,16,2,4096,512,4,64,32,,,,"ERROR: Could not find hyperparameters for the kernel instance corresponding to the target (batch_size, a, b, c, d, preci"
group1,16,2,4096,512,4,64,64,,,,"ERROR: Could not find hyperparameters for the kernel instance corresponding to the target (batch_size, a, b, c, d, preci"
group1,16,2,4096,512,4,64,128,,,,"ERROR: Could not find hyperparameters for the kernel instance corresponding to the target (batch_size, a, b, c, d, preci"
group1,16,2,4096,512,4,64,256,,,,"ERROR: Could not find hyperparameters for the kernel instance corresponding to the target (batch_size, a, b, c, d, preci"
group1,16,2,4096,512,4,64,512,,,,"ERROR: Could not find hyperparameters for the kernel instance corresponding to the target (batch_size, a, b, c, d, preci"
group1,16,2,4096,512,4,64,1024,,,,"ERROR: Could not find hyperparameters for the kernel instance corresponding to the target (batch_size, a, b, c, d, preci"
group1,16,2,4096,512,4,64,2048,,,,"ERROR: Could not find hyperparameters for the kernel instance corresponding to the target (batch_size, a, b, c, d, preci"
group1,16,2,4096,512,4,64,4096,,,,"ERROR: Could not find hyperparameters for the kernel instance corresponding to the target (batch_size, a, b, c, d, preci"
group1,16,2,4096,512,8,32,2,,,,"ERROR: Could not find hyperparameters for the kernel instance corresponding to the target (batch_size, a, b, c, d, preci"
group1,16,2,4096,512,8,32,4,,,,"ERROR: Could not find hyperparameters for the kernel instance corresponding to the target (batch_size, a, b, c, d, preci"
group1,16,2,4096,512,8,32,8,,,,"ERROR: Could not find hyperparameters for the kernel instance corresponding to the target (batch_size, a, b, c, d, preci"
group1,16,2,4096,512,8,32,16,,,,"ERROR: Could not find hyperparameters for the kernel instance corresponding to the target (batch_size, a, b, c, d, preci"
group1,16,2,4096,512,8,32,32,,,,"ERROR: Could not find hyperparameters for the kernel instance corresponding to the target (batch_size, a, b, c, d, preci"
group1,16,2,4096,512,8,32,64,,,,"ERROR: Could not find hyperparameters for the kernel instance corresponding to the target (batch_size, a, b, c, d, preci"
group1,16,2,4096,512,8,32,128,,,,"ERROR: Could not find hyperparameters for the kernel instance corresponding to the target (batch_size, a, b, c, d, preci"
group1,16,2,4096,512,8,32,256,,,,"ERROR: Could not find hyperparameters for the kernel instance corresponding to the target (batch_size, a, b, c, d, preci"
group1,16,2,4096,512,8,32,512,,,,"ERROR: Could not find hyperparameters for the kernel instance corresponding to the target (batch_size, a, b, c, d, preci"
group1,16,2,4096,512,8,32,1024,,,,"ERROR: Could not find hyperparameters for the kernel instance corresponding to the target (batch_size, a, b, c, d, preci"
group1,16,2,4096,512,8,32,2048,,,,"ERROR: Could not find hyperparameters for the kernel instance corresponding to the target (batch_size, a, b, c, d, preci"
group1,16,2,4096,512,8,32,4096,,,,"ERROR: Could not find hyperparameters for the kernel instance corresponding to the target (batch_size, a, b, c, d, preci"
group1,16,2,4096,512,16,16,2,,,,"ERROR: Could not find hyperparameters for the kernel instance corresponding to the target (batch_size, a, b, c, d, preci"
group1,16,2,4096,512,16,16,4,,,,"ERROR: Could not find hyperparameters for the kernel instance corresponding to the target (batch_size, a, b, c, d, preci"
group1,16,2,4096,512,16,16,8,,,,"ERROR: Could not find hyperparameters for the kernel instance corresponding to the target (batch_size, a, b, c, d, preci"
group1,16,2,4096,512,16,16,16,,,,"ERROR: Could not find hyperparameters for the kernel instance corresponding to the target (batch_size, a, b, c, d, preci"
group1,16,2,4096,512,16,16,32,,,,"ERROR: Could not find hyperparameters for the kernel instance corresponding to the target (batch_size, a, b, c, d, preci"
group1,16,2,4096,512,16,16,64,,,,"ERROR: Could not find hyperparameters for the kernel instance corresponding to the target (batch_size, a, b, c, d, preci"
group1,16,2,4096,512,16,16,128,,,,"ERROR: Could not find hyperparameters for the kernel instance corresponding to the target (batch_size, a, b, c, d, preci"
group1,16,2,4096,512,16,16,256,,,,"ERROR: Could not find hyperparameters for the kernel instance corresponding to the target (batch_size, a, b, c, d, preci"
group1,16,2,4096,512,16,16,512,,,,"ERROR: Could not find hyperparameters for the kernel instance corresponding to the target (batch_size, a, b, c, d, preci"
group1,16,2,4096,512,16,16,1024,,,,"ERROR: Could not find hyperparameters for the kernel instance corresponding to the target (batch_size, a, b, c, d, preci"
group1,16,2,4096,512,16,16,2048,,,,"ERROR: Could not find hyperparameters for the kernel instance corresponding to the target (batch_size, a, b, c, d, preci"
group1,16,2,4096,512,16,16,4096,,,,"ERROR: Could not find hyperparameters for the kernel instance corresponding to the target (batch_size, a, b, c, d, preci"
group1,16,2,4096,512,32,8,2,,,,"ERROR: Could not find hyperparameters for the kernel instance corresponding to the target (batch_size, a, b, c, d, preci"
group1,16,2,4096,512,32,8,4,,,,"ERROR: Could not find hyperparameters for the kernel instance corresponding to the target (batch_size, a, b, c, d, preci"
group1,16,2,4096,512,32,8,8,,,,"ERROR: Could not find hyperparameters for the kernel instance corresponding to the target (batch_size, a, b, c, d, preci"
group1,16,2,4096,512,32,8,16,,,,"ERROR: Could not find hyperparameters for the kernel instance corresponding to the target (batch_size, a, b, c, d, preci"
group1,16,2,4096,512,32,8,32,,,,"ERROR: Could not find hyperparameters for the kernel instance corresponding to the target (batch_size, a, b, c, d, preci"
group1,16,2,4096,512,32,8,64,,,,"ERROR: Could not find hyperparameters for the kernel instance corresponding to the target (batch_size, a, b, c, d, preci"
group1,16,2,4096,512,32,8,128,,,,"ERROR: Could not find hyperparameters for the kernel instance corresponding to the target (batch_size, a, b, c, d, preci"
group1,16,2,4096,512,32,8,256,,,,"ERROR: Could not find hyperparameters for the kernel instance corresponding to the target (batch_size, a, b, c, d, preci"
group1,16,2,4096,512,32,8,512,,,,"ERROR: Could not find hyperparameters for the kernel instance corresponding to the target (batch_size, a, b, c, d, preci"
group1,16,2,4096,512,32,8,1024,,,,"ERROR: Could not find hyperparameters for the kernel instance corresponding to the target (batch_size, a, b, c, d, preci"
group1,16,2,4096,512,32,8,2048,,,,"ERROR: Could not find hyperparameters for the kernel instance corresponding to the target (batch_size, a, b, c, d, preci"
group1,16,2,4096,512,32,8,4096,,,,"ERROR: Could not find hyperparameters for the kernel instance corresponding to the target (batch_size, a, b, c, d, preci"
group1,16,2,4096,512,64,4,2,,,,"ERROR: Could not find hyperparameters for the kernel instance corresponding to the target (batch_size, a, b, c, d, preci"
group1,16,2,4096,512,64,4,4,,,,"ERROR: Could not find hyperparameters for the kernel instance corresponding to the target (batch_size, a, b, c, d, preci"
group1,16,2,4096,512,64,4,8,,,,"ERROR: Could not find hyperparameters for the kernel instance corresponding to the target (batch_size, a, b, c, d, preci"
group1,16,2,4096,512,64,4,16,,,,"ERROR: Could not find hyperparameters for the kernel instance corresponding to the target (batch_size, a, b, c, d, preci"
group1,16,2,4096,512,64,4,32,,,,"ERROR: Could not find hyperparameters for the kernel instance corresponding to the target (batch_size, a, b, c, d, preci"
group1,16,2,4096,512,64,4,64,,,,"ERROR: Could not find hyperparameters for the kernel instance corresponding to the target (batch_size, a, b, c, d, preci"
group1,16,2,4096,512,64,4,128,,,,"ERROR: Could not find hyperparameters for the kernel instance corresponding to the target (batch_size, a, b, c, d, preci"
group1,16,2,4096,512,64,4,256,,,,"ERROR: Could not find hyperparameters for the kernel instance corresponding to the target (batch_size, a, b, c, d, preci"
group1,16,2,4096,512,64,4,512,,,,"ERROR: Could not find hyperparameters for the kernel instance corresponding to the target (batch_size, a, b, c, d, preci"
group1,16,2,4096,512,64,4,1024,,,,"ERROR: Could not find hyperparameters for the kernel instance corresponding to the target (batch_size, a, b, c, d, preci"
group1,16,2,4096,512,64,4,2048,,,,"ERROR: Could not find hyperparameters for the kernel instance corresponding to the target (batch_size, a, b, c, d, preci"
group1,16,2,4096,512,64,4,4096,,,,"ERROR: Could not find hyperparameters for the kernel instance corresponding to the target (batch_size, a, b, c, d, preci"
group1,16,2,4096,512,128,2,2,,,,"ERROR: Could not find hyperparameters for the kernel instance corresponding to the target (batch_size, a, b, c, d, preci"
group1,16,2,4096,512,128,2,4,,,,"ERROR: Could not find hyperparameters for the kernel instance corresponding to the target (batch_size, a, b, c, d, preci"
group1,16,2,4096,512,128,2,8,,,,"ERROR: Could not find hyperparameters for the kernel instance corresponding to the target (batch_size, a, b, c, d, preci"
group1,16,2,4096,512,128,2,16,,,,"ERROR: Could not find hyperparameters for the kernel instance corresponding to the target (batch_size, a, b, c, d, preci"
group1,16,2,4096,512,128,2,32,,,,"ERROR: Could not find hyperparameters for the kernel instance corresponding to the target (batch_size, a, b, c, d, preci"
group1,16,2,4096,512,128,2,64,,,,"ERROR: Could not find hyperparameters for the kernel instance corresponding to the target (batch_size, a, b, c, d, preci"
group1,16,2,4096,512,128,2,128,,,,"ERROR: Could not find hyperparameters for the kernel instance corresponding to the target (batch_size, a, b, c, d, preci"
group1,16,2,4096,512,128,2,256,,,,"ERROR: Could not find hyperparameters for the kernel instance corresponding to the target (batch_size, a, b, c, d, preci"
group1,16,2,4096,512,128,2,512,,,,"ERROR: Could not find hyperparameters for the kernel instance corresponding to the target (batch_size, a, b, c, d, preci"
group1,16,2,4096,512,128,2,1024,,,,"ERROR: Could not find hyperparameters for the kernel instance corresponding to the target (batch_size, a, b, c, d, preci"
group1,16,2,4096,512,128,2,2048,,,,"ERROR: Could not find hyperparameters for the kernel instance corresponding to the target (batch_size, a, b, c, d, preci"
group1,16,2,4096,512,128,2,4096,,,,"ERROR: Could not find hyperparameters for the kernel instance corresponding to the target (batch_size, a, b, c, d, preci"
group1,16,2,4096,512,256,1,2,,,,"ERROR: Could not find hyperparameters for the kernel instance corresponding to the target (batch_size, a, b, c, d, preci"
group1,16,2,4096,512,256,1,4,,,,"ERROR: Could not find hyperparameters for the kernel instance corresponding to the target (batch_size, a, b, c, d, preci"
group1,16,2,4096,512,256,1,8,,,,"ERROR: Could not find hyperparameters for the kernel instance corresponding to the target (batch_size, a, b, c, d, preci"
group1,16,2,4096,512,256,1,16,,,,"ERROR: Could not find hyperparameters for the kernel instance corresponding to the target (batch_size, a, b, c, d, preci"
group1,16,2,4096,512,256,1,32,,,,"ERROR: Could not find hyperparameters for the kernel instance corresponding to the target (batch_size, a, b, c, d, preci"
group1,16,2,4096,512,256,1,64,,,,"ERROR: Could not find hyperparameters for the kernel instance corresponding to the target (batch_size, a, b, c, d, preci"
group1,16,2,4096,512,256,1,128,,,,"ERROR: Could not find hyperparameters for the kernel instance corresponding to the target (batch_size, a, b, c, d, preci"
group1,16,2,4096,512,256,1,256,,,,"ERROR: Could not find hyperparameters for the kernel instance corresponding to the target (batch_size, a, b, c, d, preci"
group1,16,2,4096,512,256,1,512,,,,"ERROR: Could not find hyperparameters for the kernel instance corresponding to the target (batch_size, a, b, c, d, preci"
group1,16,2,4096,512,256,1,1024,,,,"ERROR: Could not find hyperparameters for the kernel instance corresponding to the target (batch_size, a, b, c, d, preci"
group1,16,2,4096,512,256,1,2048,,,,"ERROR: Could not find hyperparameters for the kernel instance corresponding to the target (batch_size, a, b, c, d, preci"
group1,16,2,4096,512,256,1,4096,,,,"ERROR: Could not find hyperparameters for the kernel instance corresponding to the target (batch_size, a, b, c, d, preci"
group1,16,4,2048,512,1,128,2,,,0.118636,
group1,16,4,2048,512,1,128,4,,,0.119449,
group1,16,4,2048,512,1,128,8,,,0.119105,
group1,16,4,2048,512,1,128,16,,,0.119085,
group1,16,4,2048,512,1,128,32,,,0.118678,
group1,16,4,2048,512,1,128,64,,,0.119464,
group1,16,4,2048,512,1,128,128,,,0.119325,
group1,16,4,2048,512,1,128,256,,,0.119105,
group1,16,4,2048,512,1,128,512,,,0.118952,
group1,16,4,2048,512,1,128,1024,,,0.119174,
group1,16,4,2048,512,1,128,2048,,,0.119735,
group1,16,4,2048,512,1,128,4096,,,0.218016,
group1,16,4,2048,512,2,64,2,,,,CUDA error: an illegal memory access was encountered
group1,16,4,2048,512,2,64,4,,,,skipped (pattern previously crashed)
group1,16,4,2048,512,2,64,8,,,,skipped (pattern previously crashed)
group1,16,4,2048,512,2,64,16,,,,skipped (pattern previously crashed)
group1,16,4,2048,512,2,64,32,,,,skipped (pattern previously crashed)
group1,16,4,2048,512,2,64,64,,,,skipped (pattern previously crashed)
group1,16,4,2048,512,2,64,128,,,,skipped (pattern previously crashed)
group1,16,4,2048,512,2,64,256,,,,skipped (pattern previously crashed)
group1,16,4,2048,512,2,64,512,,,,skipped (pattern previously crashed)
group1,16,4,2048,512,2,64,1024,,,,skipped (pattern previously crashed)
group1,16,4,2048,512,2,64,2048,,,,skipped (pattern previously crashed)
group1,16,4,2048,512,2,64,4096,,,,skipped (pattern previously crashed)
group1,16,4,2048,512,4,32,2,,,0.130229,
group1,16,4,2048,512,4,32,4,,,0.130852,
group1,16,4,2048,512,4,32,8,,,0.130597,
group1,16,4,2048,512,4,32,16,,,0.130524,
group1,16,4,2048,512,4,32,32,,,0.130090,
group1,16,4,2048,512,4,32,64,,,0.130750,
group1,16,4,2048,512,4,32,128,,,0.130623,
group1,16,4,2048,512,4,32,256,,,0.129993,
group1,16,4,2048,512,4,32,512,,,0.130171,
group1,16,4,2048,512,4,32,1024,,,0.130477,
group1,16,4,2048,512,4,32,2048,,,0.130697,
group1,16,4,2048,512,4,32,4096,,,0.230780,
group1,16,4,2048,512,8,16,2,,,0.130313,
group1,16,4,2048,512,8,16,4,,,0.130790,
group1,16,4,2048,512,8,16,8,,,0.130362,
group1,16,4,2048,512,8,16,16,,,0.130871,
group1,16,4,2048,512,8,16,32,,,0.130512,
group1,16,4,2048,512,8,16,64,,,0.131119,
group1,16,4,2048,512,8,16,128,,,0.130553,
group1,16,4,2048,512,8,16,256,,,0.131545,
group1,16,4,2048,512,8,16,512,,,0.130522,
group1,16,4,2048,512,8,16,1024,,,0.130341,
group1,16,4,2048,512,8,16,2048,,,0.130906,
group1,16,4,2048,512,8,16,4096,,,0.229766,
group1,16,4,2048,512,16,8,2,,,,CUDA error: an illegal memory access was encountered
group1,16,4,2048,512,16,8,4,,,,skipped (pattern previously crashed)
group1,16,4,2048,512,16,8,8,,,,skipped (pattern previously crashed)
group1,16,4,2048,512,16,8,16,,,,skipped (pattern previously crashed)
group1,16,4,2048,512,16,8,32,,,,skipped (pattern previously crashed)
group1,16,4,2048,512,16,8,64,,,,skipped (pattern previously crashed)
group1,16,4,2048,512,16,8,128,,,,skipped (pattern previously crashed)
group1,16,4,2048,512,16,8,256,,,,skipped (pattern previously crashed)
group1,16,4,2048,512,16,8,512,,,,skipped (pattern previously crashed)
group1,16,4,2048,512,16,8,1024,,,,skipped (pattern previously crashed)
group1,16,4,2048,512,16,8,2048,,,,skipped (pattern previously crashed)
group1,16,4,2048,512,16,8,4096,,,,skipped (pattern previously crashed)
group1,16,4,2048,512,32,4,2,,,0.115436,
group1,16,4,2048,512,32,4,4,,,0.116170,
group1,16,4,2048,512,32,4,8,,,0.116046,
group1,16,4,2048,512,32,4,16,,,0.115857,
group1,16,4,2048,512,32,4,32,,,0.115733,
group1,16,4,2048,512,32,4,64,,,0.116092,
group1,16,4,2048,512,32,4,128,,,0.115713,
group1,16,4,2048,512,32,4,256,,,0.115528,
group1,16,4,2048,512,32,4,512,,,0.115854,
group1,16,4,2048,512,32,4,1024,,,0.115979,
group1,16,4,2048,512,32,4,2048,,,0.115940,
group1,16,4,2048,512,32,4,4096,,,0.115264,
group1,16,4,2048,512,64,2,2,,,0.115026,
group1,16,4,2048,512,64,2,4,,,0.115904,
group1,16,4,2048,512,64,2,8,,,0.115608,
group1,16,4,2048,512,64,2,16,,,0.115463,
group1,16,4,2048,512,64,2,32,,,0.115550,
group1,16,4,2048,512,64,2,64,,,0.115692,
group1,16,4,2048,512,64,2,128,,,0.115541,
group1,16,4,2048,512,64,2,256,,,0.115177,
group1,16,4,2048,512,64,2,512,,,0.115704,
group1,16,4,2048,512,64,2,1024,,,0.115431,
group1,16,4,2048,512,64,2,2048,,,0.115641,
group1,16,4,2048,512,64,2,4096,,,0.115693,
group1,16,4,2048,512,128,1,2,,,,CUDA error: an illegal memory access was encountered
group1,16,4,2048,512,128,1,4,,,,skipped (pattern previously crashed)
group1,16,4,2048,512,128,1,8,,,,skipped (pattern previously crashed)
group1,16,4,2048,512,128,1,16,,,,skipped (pattern previously crashed)
group1,16,4,2048,512,128,1,32,,,,skipped (pattern previously crashed)
group1,16,4,2048,512,128,1,64,,,,skipped (pattern previously crashed)
group1,16,4,2048,512,128,1,128,,,,skipped (pattern previously crashed)
group1,16,4,2048,512,128,1,256,,,,skipped (pattern previously crashed)
group1,16,4,2048,512,128,1,512,,,,skipped (pattern previously crashed)
group1,16,4,2048,512,128,1,1024,,,,skipped (pattern previously crashed)
group1,16,4,2048,512,128,1,2048,,,,skipped (pattern previously crashed)
group1,16,4,2048,512,128,1,4096,,,,skipped (pattern previously crashed)
group1,16,4,4096,1024,1,256,2,,,0.116455,
group1,16,4,4096,1024,1,256,4,,,0.116874,
group1,16,4,4096,1024,1,256,8,,,0.116489,
group1,16,4,4096,1024,1,256,16,,,0.116137,
group1,16,4,4096,1024,1,256,32,,,0.116106,
group1,16,4,4096,1024,1,256,64,,,0.116180,
group1,16,4,4096,1024,1,256,128,,,0.115864,
group1,16,4,4096,1024,1,256,256,,,0.115761,
group1,16,4,4096,1024,1,256,512,,,0.116311,
group1,16,4,4096,1024,1,256,1024,,,0.117110,
group1,16,4,4096,1024,1,256,2048,,,0.217162,
group1,16,4,4096,1024,1,256,4096,,,0.423471,
group1,16,4,4096,1024,2,128,2,,,,CUDA error: an illegal memory access was encountered
group1,16,4,4096,1024,2,128,4,,,,skipped (pattern previously crashed)
group1,16,4,4096,1024,2,128,8,,,,skipped (pattern previously crashed)
group1,16,4,4096,1024,2,128,16,,,,skipped (pattern previously crashed)
group1,16,4,4096,1024,2,128,32,,,,skipped (pattern previously crashed)
group1,16,4,4096,1024,2,128,64,,,,skipped (pattern previously crashed)
group1,16,4,4096,1024,2,128,128,,,,skipped (pattern previously crashed)
group1,16,4,4096,1024,2,128,256,,,,skipped (pattern previously crashed)
group1,16,4,4096,1024,2,128,512,,,,skipped (pattern previously crashed)
group1,16,4,4096,1024,2,128,1024,,,,skipped (pattern previously crashed)
group1,16,4,4096,1024,2,128,2048,,,,skipped (pattern previously crashed)
group1,16,4,4096,1024,2,128,4096,,,,skipped (pattern previously crashed)
group1,16,4,4096,1024,4,64,2,,,0.116235,
group1,16,4,4096,1024,4,64,4,,,0.116262,
group1,16,4,4096,1024,4,64,8,,,0.116851,
group1,16,4,4096,1024,4,64,16,,,0.116564,
group1,16,4,4096,1024,4,64,32,,,0.115774,
group1,16,4,4096,1024,4,64,64,,,0.116555,
group1,16,4,4096,1024,4,64,128,,,0.116012,
group1,16,4,4096,1024,4,64,256,,,0.116173,
group1,16,4,4096,1024,4,64,512,,,0.116478,
group1,16,4,4096,1024,4,64,1024,,,0.118736,
group1,16,4,4096,1024,4,64,2048,,,0.227306,
group1,16,4,4096,1024,4,64,4096,,,0.442347,
group1,16,4,4096,1024,8,32,2,,,,CUDA error: an illegal memory access was encountered
group1,16,4,4096,1024,8,32,4,,,,skipped (pattern previously crashed)
group1,16,4,4096,1024,8,32,8,,,,skipped (pattern previously crashed)
group1,16,4,4096,1024,8,32,16,,,,skipped (pattern previously crashed)
group1,16,4,4096,1024,8,32,32,,,,skipped (pattern previously crashed)
group1,16,4,4096,1024,8,32,64,,,,skipped (pattern previously crashed)
group1,16,4,4096,1024,8,32,128,,,,skipped (pattern previously crashed)
group1,16,4,4096,1024,8,32,256,,,,skipped (pattern previously crashed)
group1,16,4,4096,1024,8,32,512,,,,skipped (pattern previously crashed)
group1,16,4,4096,1024,8,32,1024,,,,skipped (pattern previously crashed)
group1,16,4,4096,1024,8,32,2048,,,,skipped (pattern previously crashed)
group1,16,4,4096,1024,8,32,4096,,,,skipped (pattern previously crashed)
group1,16,4,4096,1024,16,16,2,,,0.112824,
group1,16,4,4096,1024,16,16,4,,,0.113213,
group1,16,4,4096,1024,16,16,8,,,0.112677,
group1,16,4,4096,1024,16,16,16,,,0.113429,
group1,16,4,4096,1024,16,16,32,,,0.112938,
group1,16,4,4096,1024,16,16,64,,,0.113204,
group1,16,4,4096,1024,16,16,128,,,0.112379,
group1,16,4,4096,1024,16,16,256,,,0.112890,
group1,16,4,4096,1024,16,16,512,,,0.113062,
group1,16,4,4096,1024,16,16,1024,,,0.120863,
group1,16,4,4096,1024,16,16,2048,,,0.232458,
group1,16,4,4096,1024,16,16,4096,,,0.449689,
group1,16,4,4096,1024,32,8,2,,,,CUDA error: an illegal memory access was encountered
group1,16,4,4096,1024,32,8,4,,,,skipped (pattern previously crashed)
group1,16,4,4096,1024,32,8,8,,,,skipped (pattern previously crashed)
group1,16,4,4096,1024,32,8,16,,,,skipped (pattern previously crashed)
group1,16,4,4096,1024,32,8,32,,,,skipped (pattern previously crashed)
group1,16,4,4096,1024,32,8,64,,,,skipped (pattern previously crashed)
group1,16,4,4096,1024,32,8,128,,,,skipped (pattern previously crashed)
group1,16,4,4096,1024,32,8,256,,,,skipped (pattern previously crashed)
group1,16,4,4096,1024,32,8,512,,,,skipped (pattern previously crashed)
group1,16,4,4096,1024,32,8,1024,,,,skipped (pattern previously crashed)
group1,16,4,4096,1024,32,8,2048,,,,skipped (pattern previously crashed)
group1,16,4,4096,1024,32,8,4096,,,,skipped (pattern previously crashed)
group1,16,4,4096,1024,64,4,2,,,0.114293,
group1,16,4,4096,1024,64,4,4,,,0.113902,
group1,16,4,4096,1024,64,4,8,,,0.113271,
group1,16,4,4096,1024,64,4,16,,,0.113830,
group1,16,4,4096,1024,64,4,32,,,0.113720,
group1,16,4,4096,1024,64,4,64,,,0.114252,
group1,16,4,4096,1024,64,4,128,,,0.113233,
group1,16,4,4096,1024,64,4,256,,,0.114052,
group1,16,4,4096,1024,64,4,512,,,0.113671,
group1,16,4,4096,1024,64,4,1024,,,0.113880,
group1,16,4,4096,1024,64,4,2048,,,0.113665,
group1,16,4,4096,1024,64,4,4096,,,0.199912,
group1,16,4,4096,1024,128,2,2,,,,CUDA error: an illegal memory access was encountered
group1,16,4,4096,1024,128,2,4,,,,skipped (pattern previously crashed)
group1,16,4,4096,1024,128,2,8,,,,skipped (pattern previously crashed)
group1,16,4,4096,1024,128,2,16,,,,skipped (pattern previously crashed)
group1,16,4,4096,1024,128,2,32,,,,skipped (pattern previously crashed)
group1,16,4,4096,1024,128,2,64,,,,skipped (pattern previously crashed)
group1,16,4,4096,1024,128,2,128,,,,skipped (pattern previously crashed)
group1,16,4,4096,1024,128,2,256,,,,skipped (pattern previously crashed)
group1,16,4,4096,1024,128,2,512,,,,skipped (pattern previously crashed)
group1,16,4,4096,1024,128,2,1024,,,,skipped (pattern previously crashed)
group1,16,4,4096,1024,128,2,2048,,,,skipped (pattern previously crashed)
group1,16,4,4096,1024,128,2,4096,,,,skipped (pattern previously crashed)
group1,16,4,4096,1024,256,1,2,,,0.111889,
group1,16,4,4096,1024,256,1,4,,,0.112081,
group1,16,4,4096,1024,256,1,8,,,0.111565,
group1,16,4,4096,1024,256,1,16,,,0.111874,
group1,16,4,4096,1024,256,1,32,,,0.111656,
group1,16,4,4096,1024,256,1,64,,,0.111442,
group1,16,4,4096,1024,256,1,128,,,0.111042,
group1,16,4,4096,1024,256,1,256,,,0.111547,
group1,16,4,4096,1024,256,1,512,,,0.111109,
group1,16,4,4096,1024,256,1,1024,,,0.111962,
group1,16,4,4096,1024,256,1,2048,,,0.111223,
group1,16,4,4096,1024,256,1,4096,,,0.111474,
group1,16,8,1024,512,1,64,2,,,0.111323,
group1,16,8,1024,512,1,64,4,,,0.111673,
group1,16,8,1024,512,1,64,8,,,0.111064,
group1,16,8,1024,512,1,64,16,,,,CUDA error: an illegal memory access was encountered
group1,16,8,1024,512,1,64,32,,,,skipped (pattern previously crashed)
group1,16,8,1024,512,1,64,64,,,,skipped (pattern previously crashed)
group1,16,8,1024,512,1,64,128,,,,skipped (pattern previously crashed)
group1,16,8,1024,512,1,64,256,,,,skipped (pattern previously crashed)
group1,16,8,1024,512,1,64,512,,,,skipped (pattern previously crashed)
group1,16,8,1024,512,1,64,1024,,,,skipped (pattern previously crashed)
group1,16,8,1024,512,1,64,2048,,,,skipped (pattern previously crashed)
group1,16,8,1024,512,1,64,4096,,,,skipped (pattern previously crashed)
group1,16,8,1024,512,2,32,2,,,0.113341,
group1,16,8,1024,512,2,32,4,,,0.113880,
group1,16,8,1024,512,2,32,8,,,0.113789,
group1,16,8,1024,512,2,32,16,,,0.113995,
group1,16,8,1024,512,2,32,32,,,0.114213,
group1,16,8,1024,512,2,32,64,,,0.113923,
group1,16,8,1024,512,2,32,128,,,0.113796,
group1,16,8,1024,512,2,32,256,,,0.113979,
group1,16,8,1024,512,2,32,512,,,0.113277,
group1,16,8,1024,512,2,32,1024,,,0.113673,
group1,16,8,1024,512,2,32,2048,,,0.113441,
group1,16,8,1024,512,2,32,4096,,,0.132740,
group1,16,8,1024,512,4,16,2,,,0.113378,
group1,16,8,1024,512,4,16,4,,,0.113916,
group1,16,8,1024,512,4,16,8,,,0.113588,
group1,16,8,1024,512,4,16,16,,,0.113644,
group1,16,8,1024,512,4,16,32,,,0.113734,
group1,16,8,1024,512,4,16,64,,,0.113823,
group1,16,8,1024,512,4,16,128,,,0.113648,
group1,16,8,1024,512,4,16,256,,,0.113880,
group1,16,8,1024,512,4,16,512,,,0.113478,
group1,16,8,1024,512,4,16,1024,,,0.113645,
group1,16,8,1024,512,4,16,2048,,,0.113583,
group1,16,8,1024,512,4,16,4096,,,0.132031,
group1,16,8,1024,512,8,8,2,,,0.113311,
group1,16,8,1024,512,8,8,4,,,0.114086,
group1,16,8,1024,512,8,8,8,,,0.113446,
group1,16,8,1024,512,8,8,16,,,0.113794,
group1,16,8,1024,512,8,8,32,,,0.113351,
group1,16,8,1024,512,8,8,64,,,0.113759,
group1,16,8,1024,512,8,8,128,,,0.113334,
group1,16,8,1024,512,8,8,256,,,0.113682,
group1,16,8,1024,512,8,8,512,,,0.113067,
group1,16,8,1024,512,8,8,1024,,,0.113219,
group1,16,8,1024,512,8,8,2048,,,0.113727,
group1,16,8,1024,512,8,8,4096,,,0.113068,
group1,16,8,1024,512,16,4,2,,,0.113281,
group1,16,8,1024,512,16,4,4,,,0.114195,
group1,16,8,1024,512,16,4,8,,,0.113149,
group1,16,8,1024,512,16,4,16,,,0.113358,
group1,16,8,1024,512,16,4,32,,,0.113407,
group1,16,8,1024,512,16,4,64,,,0.114039,
group1,16,8,1024,512,16,4,128,,,0.113132,
group1,16,8,1024,512,16,4,256,,,0.114011,
group1,16,8,1024,512,16,4,512,,,0.112690,
group1,16,8,1024,512,16,4,1024,,,0.113365,
group1,16,8,1024,512,16,4,2048,,,0.113053,
group1,16,8,1024,512,16,4,4096,,,0.112687,
group1,16,8,1024,512,32,2,2,,,0.113405,
group1,16,8,1024,512,32,2,4,,,0.113926,
group1,16,8,1024,512,32,2,8,,,0.113124,
group1,16,8,1024,512,32,2,16,,,0.113520,
group1,16,8,1024,512,32,2,32,,,0.113291,
group1,16,8,1024,512,32,2,64,,,0.113619,
group1,16,8,1024,512,32,2,128,,,0.113056,
group1,16,8,1024,512,32,2,256,,,0.113446,
group1,16,8,1024,512,32,2,512,,,0.112740,
group1,16,8,1024,512,32,2,1024,,,0.113401,
group1,16,8,1024,512,32,2,2048,,,0.113367,
group1,16,8,1024,512,32,2,4096,,,0.113019,
group1,16,8,1024,512,64,1,2,,,0.113313,
group1,16,8,1024,512,64,1,4,,,0.113755,
group1,16,8,1024,512,64,1,8,,,0.113408,
group1,16,8,1024,512,64,1,16,,,0.113389,
group1,16,8,1024,512,64,1,32,,,0.113485,
group1,16,8,1024,512,64,1,64,,,0.113541,
group1,16,8,1024,512,64,1,128,,,0.112914,
group1,16,8,1024,512,64,1,256,,,0.113082,
group1,16,8,1024,512,64,1,512,,,0.112600,
group1,16,8,1024,512,64,1,1024,,,0.113035,
group1,16,8,1024,512,64,1,2048,,,0.112836,
group1,16,8,1024,512,64,1,4096,,,0.112350,
group1,16,8,2048,1024,1,128,2,,,0.113434,
group1,16,8,2048,1024,1,128,4,,,0.113433,
group1,16,8,2048,1024,1,128,8,,,0.113116,
group1,16,8,2048,1024,1,128,16,,,0.112934,
group1,16,8,2048,1024,1,128,32,,,0.112491,
group1,16,8,2048,1024,1,128,64,,,0.113254,
group1,16,8,2048,1024,1,128,128,,,0.112968,
group1,16,8,2048,1024,1,128,256,,,0.112575,
group1,16,8,2048,1024,1,128,512,,,0.112902,
group1,16,8,2048,1024,1,128,1024,,,0.112902,
group1,16,8,2048,1024,1,128,2048,,,0.122182,
group1,16,8,2048,1024,1,128,4096,,,0.241352,
group1,16,8,2048,1024,2,64,2,,,0.112939,
group1,16,8,2048,1024,2,64,4,,,0.113183,
group1,16,8,2048,1024,2,64,8,,,0.112730,
group1,16,8,2048,1024,2,64,16,,,0.112943,
group1,16,8,2048,1024,2,64,32,,,0.112388,
group1,16,8,2048,1024,2,64,64,,,0.112833,
group1,16,8,2048,1024,2,64,128,,,0.112101,
group1,16,8,2048,1024,2,64,256,,,0.112062,
group1,16,8,2048,1024,2,64,512,,,0.112429,
group1,16,8,2048,1024,2,64,1024,,,0.112818,
group1,16,8,2048,1024,2,64,2048,,,0.130485,
group1,16,8,2048,1024,2,64,4096,,,0.249604,
group1,16,8,2048,1024,4,32,2,,,0.112701,
group1,16,8,2048,1024,4,32,4,,,0.112858,
group1,16,8,2048,1024,4,32,8,,,0.112031,
group1,16,8,2048,1024,4,32,16,,,0.112539,
group1,16,8,2048,1024,4,32,32,,,0.112358,
group1,16,8,2048,1024,4,32,64,,,0.112372,
group1,16,8,2048,1024,4,32,128,,,0.112202,
group1,16,8,2048,1024,4,32,256,,,0.112045,
group1,16,8,2048,1024,4,32,512,,,0.111940,
group1,16,8,2048,1024,4,32,1024,,,0.112422,
group1,16,8,2048,1024,4,32,2048,,,0.132774,
group1,16,8,2048,1024,4,32,4096,,,0.255244,
group1,16,8,2048,1024,8,16,2,,,0.112240,
group1,16,8,2048,1024,8,16,4,,,0.112166,
group1,16,8,2048,1024,8,16,8,,,0.111955,
group1,16,8,2048,1024,8,16,16,,,0.112358,
group1,16,8,2048,1024,8,16,32,,,0.112484,
group1,16,8,2048,1024,8,16,64,,,0.112457,
group1,16,8,2048,1024,8,16,128,,,0.111737,
group1,16,8,2048,1024,8,16,256,,,0.112066,
group1,16,8,2048,1024,8,16,512,,,0.112194,
group1,16,8,2048,1024,8,16,1024,,,0.112526,
group1,16,8,2048,1024,8,16,2048,,,0.131902,
group1,16,8,2048,1024,8,16,4096,,,0.253094,
group1,16,8,2048,1024,16,8,2,,,0.111977,
group1,16,8,2048,1024,16,8,4,,,0.112340,
group1,16,8,2048,1024,16,8,8,,,0.112037,
group1,16,8,2048,1024,16,8,16,,,0.112378,
group1,16,8,2048,1024,16,8,32,,,0.112288,
group1,16,8,2048,1024,16,8,64,,,0.112299,
group1,16,8,2048,1024,16,8,128,,,0.112037,
group1,16,8,2048,1024,16,8,256,,,0.112100,
group1,16,8,2048,1024,16,8,512,,,0.112055,
group1,16,8,2048,1024,16,8,1024,,,0.112454,
group1,16,8,2048,1024,16,8,2048,,,0.111581,
group1,16,8,2048,1024,16,8,4096,,,0.191077,
group1,16,8,2048,1024,32,4,2,,,0.111705,
group1,16,8,2048,1024,32,4,4,,,0.112640,
group1,16,8,2048,1024,32,4,8,,,0.111916,
group1,16,8,2048,1024,32,4,16,,,0.112204,
group1,16,8,2048,1024,32,4,32,,,0.112153,
group1,16,8,2048,1024,32,4,64,,,0.111936,
group1,16,8,2048,1024,32,4,128,,,0.111458,
group1,16,8,2048,1024,32,4,256,,,0.111623,
group1,16,8,2048,1024,32,4,512,,,0.111886,
group1,16,8,2048,1024,32,4,1024,,,0.111927,
group1,16,8,2048,1024,32,4,2048,,,0.111382,
group1,16,8,2048,1024,32,4,4096,,,0.147645,
group1,16,8,2048,1024,64,2,2,,,0.111804,
group1,16,8,2048,1024,64,2,4,,,0.112317,
group1,16,8,2048,1024,64,2,8,,,0.111841,
group1,16,8,2048,1024,64,2,16,,,0.112025,
group1,16,8,2048,1024,64,2,32,,,0.111696,
group1,16,8,2048,1024,64,2,64,,,0.111932,
group1,16,8,2048,1024,64,2,128,,,0.111684,
group1,16,8,2048,1024,64,2,256,,,0.111515,
group1,16,8,2048,1024,64,2,512,,,0.111719,
group1,16,8,2048,1024,64,2,1024,,,0.112204,
group1,16,8,2048,1024,64,2,2048,,,0.111385,
group1,16,8,2048,1024,64,2,4096,,,0.111423,
group1,16,8,2048,1024,128,1,2,,,0.111918,
group1,16,8,2048,1024,128,1,4,,,0.112085,
group1,16,8,2048,1024,128,1,8,,,0.111693,
group1,16,8,2048,1024,128,1,16,,,0.111970,
group1,16,8,2048,1024,128,1,32,,,0.111710,
group1,16,8,2048,1024,128,1,64,,,0.111809,
group1,16,8,2048,1024,128,1,128,,,0.111461,
group1,16,8,2048,1024,128,1,256,,,0.111199,
group1,16,8,2048,1024,128,1,512,,,0.111510,
group1,16,8,2048,1024,128,1,1024,,,0.112086,
group1,16,8,2048,1024,128,1,2048,,,0.110999,
group1,16,8,2048,1024,128,1,4096,,,0.111148,
group1,16,8,4096,2048,1,256,2,,,0.111724,
group1,16,8,4096,2048,1,256,4,,,0.111913,
group1,16,8,4096,2048,1,256,8,,,0.111449,
group1,16,8,4096,2048,1,256,16,,,0.111750,
group1,16,8,4096,2048,1,256,32,,,0.110934,
group1,16,8,4096,2048,1,256,64,,,0.111643,
group1,16,8,4096,2048,1,256,128,,,0.110762,
group1,16,8,4096,2048,1,256,256,,,0.111545,
group1,16,8,4096,2048,1,256,512,,,0.111516,
group1,16,8,4096,2048,1,256,1024,,,0.126420,
group1,16,8,4096,2048,1,256,2048,,,0.240018,
group1,16,8,4096,2048,1,256,4096,,,0.474299,
group1,16,8,4096,2048,2,128,2,,,0.111127,
group1,16,8,4096,2048,2,128,4,,,0.111742,
group1,16,8,4096,2048,2,128,8,,,0.111411,
group1,16,8,4096,2048,2,128,16,,,0.111759,
group1,16,8,4096,2048,2,128,32,,,0.111558,
group1,16,8,4096,2048,2,128,64,,,0.111619,
group1,16,8,4096,2048,2,128,128,,,0.110650,
group1,16,8,4096,2048,2,128,256,,,0.112012,
group1,16,8,4096,2048,2,128,512,,,0.111557,
group1,16,8,4096,2048,2,128,1024,,,0.129025,
group1,16,8,4096,2048,2,128,2048,,,0.251547,
group1,16,8,4096,2048,2,128,4096,,,0.487740,
group1,16,8,4096,2048,4,64,2,,,0.111451,
group1,16,8,4096,2048,4,64,4,,,0.111670,
group1,16,8,4096,2048,4,64,8,,,0.110492,
group1,16,8,4096,2048,4,64,16,,,0.111684,
group1,16,8,4096,2048,4,64,32,,,0.111297,
group1,16,8,4096,2048,4,64,64,,,0.111514,
group1,16,8,4096,2048,4,64,128,,,0.110310,
group1,16,8,4096,2048,4,64,256,,,0.111155,
group1,16,8,4096,2048,4,64,512,,,0.111410,
group1,16,8,4096,2048,4,64,1024,,,0.133487,
group1,16,8,4096,2048,4,64,2048,,,0.253080,
group1,16,8,4096,2048,4,64,4096,,,0.496253,
group1,16,8,4096,2048,8,32,2,,,0.110919,
group1,16,8,4096,2048,8,32,4,,,0.111666,
group1,16,8,4096,2048,8,32,8,,,0.110847,
group1,16,8,4096,2048,8,32,16,,,0.111593,
group1,16,8,4096,2048,8,32,32,,,0.111035,
group1,16,8,4096,2048,8,32,64,,,0.111475,
group1,16,8,4096,2048,8,32,128,,,0.110421,
group1,16,8,4096,2048,8,32,256,,,0.111240,
group1,16,8,4096,2048,8,32,512,,,0.111416,
group1,16,8,4096,2048,8,32,1024,,,0.134913,
group1,16,8,4096,2048,8,32,2048,,,0.258413,
group1,16,8,4096,2048,8,32,4096,,,0.506499,
group1,16,8,4096,2048,16,16,2,,,0.110688,
group1,16,8,4096,2048,16,16,4,,,0.111210,
group1,16,8,4096,2048,16,16,8,,,0.110457,
group1,16,8,4096,2048,16,16,16,,,0.111108,
group1,16,8,4096,2048,16,16,32,,,0.110885,
group1,16,8,4096,2048,16,16,64,,,0.111502,
group1,16,8,4096,2048,16,16,128,,,0.110446,
group1,16,8,4096,2048,16,16,256,,,0.110969,
group1,16,8,4096,2048,16,16,512,,,0.110796,
group1,16,8,4096,2048,16,16,1024,,,0.133981,
group1,16,8,4096,2048,16,16,2048,,,0.256368,
group1,16,8,4096,2048,16,16,4096,,,0.501415,
group1,16,8,4096,2048,32,8,2,,,0.110564,
group1,16,8,4096,2048,32,8,4,,,0.111184,
group1,16,8,4096,2048,32,8,8,,,0.110816,
group1,16,8,4096,2048,32,8,16,,,0.111129,
group1,16,8,4096,2048,32,8,32,,,0.111146,
group1,16,8,4096,2048,32,8,64,,,0.111055,
group1,16,8,4096,2048,32,8,128,,,0.110345,
group1,16,8,4096,2048,32,8,256,,,0.110385,
group1,16,8,4096,2048,32,8,512,,,0.110850,
group1,16,8,4096,2048,32,8,1024,,,0.110936,
group1,16,8,4096,2048,32,8,2048,,,0.198184,
group1,16,8,4096,2048,32,8,4096,,,0.383187,
group1,16,8,4096,2048,64,4,2,,,0.110812,
group1,16,8,4096,2048,64,4,4,,,0.111027,
group1,16,8,4096,2048,64,4,8,,,0.109861,
group1,16,8,4096,2048,64,4,16,,,0.110766,
group1,16,8,4096,2048,64,4,32,,,0.110446,
group1,16,8,4096,2048,64,4,64,,,0.110940,
group1,16,8,4096,2048,64,4,128,,,0.110097,
group1,16,8,4096,2048,64,4,256,,,0.110076,
group1,16,8,4096,2048,64,4,512,,,0.110576,
group1,16,8,4096,2048,64,4,1024,,,0.110479,
group1,16,8,4096,2048,64,4,2048,,,0.152546,
group1,16,8,4096,2048,64,4,4096,,,0.285472,
group1,16,8,4096,2048,128,2,2,,,0.110507,
group1,16,8,4096,2048,128,2,4,,,0.110629,
group1,16,8,4096,2048,128,2,8,,,0.110349,
group1,16,8,4096,2048,128,2,16,,,0.110574,
group1,16,8,4096,2048,128,2,32,,,0.110605,
group1,16,8,4096,2048,128,2,64,,,0.110873,
group1,16,8,4096,2048,128,2,128,,,0.109685,
group1,16,8,4096,2048,128,2,256,,,0.110160,
group1,16,8,4096,2048,128,2,512,,,0.110771,
group1,16,8,4096,2048,128,2,1024,,,0.110153,
group1,16,8,4096,2048,128,2,2048,,,0.109878,
group1,16,8,4096,2048,128,2,4096,,,0.187298,
group1,16,8,4096,2048,256,1,2,,,0.110300,
group1,16,8,4096,2048,256,1,4,,,0.110356,
group1,16,8,4096,2048,256,1,8,,,0.109760,
group1,16,8,4096,2048,256,1,16,,,0.110317,
group1,16,8,4096,2048,256,1,32,,,0.110197,
group1,16,8,4096,2048,256,1,64,,,0.110698,
group1,16,8,4096,2048,256,1,128,,,0.109611,
group1,16,8,4096,2048,256,1,256,,,0.109904,
group1,16,8,4096,2048,256,1,512,,,0.110170,
group1,16,8,4096,2048,256,1,1024,,,0.110279,
group1,16,8,4096,2048,256,1,2048,,,0.109692,
group1,16,8,4096,2048,256,1,4096,,,0.145646,
group1,16,16,512,512,1,32,2,,,0.110474,
group1,16,16,512,512,1,32,4,,,0.110145,
group1,16,16,512,512,1,32,8,,,0.109980,
group1,16,16,512,512,1,32,16,,,0.110244,
group1,16,16,512,512,1,32,32,,,0.110228,
group1,16,16,512,512,1,32,64,,,0.110325,
group1,16,16,512,512,1,32,128,,,0.109720,
group1,16,16,512,512,1,32,256,,,0.109905,
group1,16,16,512,512,1,32,512,,,0.110330,
group1,16,16,512,512,1,32,1024,,,0.110041,
group1,16,16,512,512,1,32,2048,,,0.110180,
group1,16,16,512,512,1,32,4096,,,0.109307,
group1,16,16,512,512,2,16,2,,,0.109850,
group1,16,16,512,512,2,16,4,,,0.109765,
group1,16,16,512,512,2,16,8,,,0.109311,
group1,16,16,512,512,2,16,16,,,0.109868,
group1,16,16,512,512,2,16,32,,,0.109781,
group1,16,16,512,512,2,16,64,,,0.110444,
group1,16,16,512,512,2,16,128,,,0.109295,
group1,16,16,512,512,2,16,256,,,0.110027,
group1,16,16,512,512,2,16,512,,,0.109985,
group1,16,16,512,512,2,16,1024,,,0.109887,
group1,16,16,512,512,2,16,2048,,,0.109688,
group1,16,16,512,512,2,16,4096,,,0.109201,
group1,16,16,512,512,4,8,2,,,0.109626,
group1,16,16,512,512,4,8,4,,,0.109137,
group1,16,16,512,512,4,8,8,,,0.109602,
group1,16,16,512,512,4,8,16,,,0.109801,
group1,16,16,512,512,4,8,32,,,0.109298,
group1,16,16,512,512,4,8,64,,,0.109658,
group1,16,16,512,512,4,8,128,,,0.109428,
group1,16,16,512,512,4,8,256,,,0.109374,
group1,16,16,512,512,4,8,512,,,0.109764,
group1,16,16,512,512,4,8,1024,,,0.110086,
group1,16,16,512,512,4,8,2048,,,0.109790,
group1,16,16,512,512,4,8,4096,,,0.109355,
group1,16,16,512,512,8,4,2,,,,CUDA error: an illegal memory access was encountered
group1,16,16,512,512,8,4,4,,,,skipped (pattern previously crashed)
group1,16,16,512,512,8,4,8,,,,skipped (pattern previously crashed)
group1,16,16,512,512,8,4,16,,,,skipped (pattern previously crashed)
group1,16,16,512,512,8,4,32,,,,skipped (pattern previously crashed)
group1,16,16,512,512,8,4,64,,,,skipped (pattern previously crashed)
group1,16,16,512,512,8,4,128,,,,skipped (pattern previously crashed)
group1,16,16,512,512,8,4,256,,,,skipped (pattern previously crashed)
group1,16,16,512,512,8,4,512,,,,skipped (pattern previously crashed)
group1,16,16,512,512,8,4,1024,,,,skipped (pattern previously crashed)
group1,16,16,512,512,8,4,2048,,,,skipped (pattern previously crashed)
group1,16,16,512,512,8,4,4096,,,,skipped (pattern previously crashed)
group1,16,16,512,512,16,2,2,,,0.108497,
group1,16,16,512,512,16,2,4,,,0.108808,
group1,16,16,512,512,16,2,8,,,0.108478,
group1,16,16,512,512,16,2,16,,,0.108861,
group1,16,16,512,512,16,2,32,,,0.107999,
group1,16,16,512,512,16,2,64,,,0.108059,
group1,16,16,512,512,16,2,128,,,0.108184,
group1,16,16,512,512,16,2,256,,,0.108674,
group1,16,16,512,512,16,2,512,,,0.108734,
group1,16,16,512,512,16,2,1024,,,0.108632,
group1,16,16,512,512,16,2,2048,,,0.108037,
group1,16,16,512,512,16,2,4096,,,0.107997,
group1,16,16,512,512,32,1,2,,,0.108568,
group1,16,16,512,512,32,1,4,,,0.108425,
group1,16,16,512,512,32,1,8,,,0.108255,
group1,16,16,512,512,32,1,16,,,0.108156,
group1,16,16,512,512,32,1,32,,,0.108235,
group1,16,16,512,512,32,1,64,,,0.108394,
group1,16,16,512,512,32,1,128,,,0.107781,
group1,16,16,512,512,32,1,256,,,0.108869,
group1,16,16,512,512,32,1,512,,,0.108695,
group1,16,16,512,512,32,1,1024,,,0.108058,
group1,16,16,512,512,32,1,2048,,,0.108141,
group1,16,16,512,512,32,1,4096,,,0.107662,
group1,16,16,1024,1024,1,64,2,,,0.107955,
group1,16,16,1024,1024,1,64,4,,,0.107695,
group1,16,16,1024,1024,1,64,8,,,0.107983,
group1,16,16,1024,1024,1,64,16,,,0.108197,
group1,16,16,1024,1024,1,64,32,,,0.108430,
group1,16,16,1024,1024,1,64,64,,,0.108407,
group1,16,16,1024,1024,1,64,128,,,0.108068,
group1,16,16,1024,1024,1,64,256,,,0.108339,
group1,16,16,1024,1024,1,64,512,,,0.108511,
group1,16,16,1024,1024,1,64,1024,,,0.108342,
group1,16,16,1024,1024,1,64,2048,,,0.107105,
group1,16,16,1024,1024,1,64,4096,,,0.165153,
group1,16,16,1024,1024,2,32,2,,,0.107757,
group1,16,16,1024,1024,2,32,4,,,0.108502,
group1,16,16,1024,1024,2,32,8,,,0.108098,
group1,16,16,1024,1024,2,32,16,,,0.108014,
group1,16,16,1024,1024,2,32,32,,,0.107106,
group1,16,16,1024,1024,2,32,64,,,0.107925,
group1,16,16,1024,1024,2,32,128,,,0.107937,
group1,16,16,1024,1024,2,32,256,,,0.108294,
group1,16,16,1024,1024,2,32,512,,,0.107855,
group1,16,16,1024,1024,2,32,1024,,,0.108331,
group1,16,16,1024,1024,2,32,2048,,,0.107282,
group1,16,16,1024,1024,2,32,4096,,,0.165691,
group1,16,16,1024,1024,4,16,2,,,,CUDA error: an illegal memory access was encountered
group1,16,16,1024,1024,4,16,4,,,,skipped (pattern previously crashed)
group1,16,16,1024,1024,4,16,8,,,,skipped (pattern previously crashed)
group1,16,16,1024,1024,4,16,16,,,,skipped (pattern previously crashed)
group1,16,16,1024,1024,4,16,32,,,,skipped (pattern previously crashed)
group1,16,16,1024,1024,4,16,64,,,,skipped (pattern previously crashed)
group1,16,16,1024,1024,4,16,128,,,,skipped (pattern previously crashed)
group1,16,16,1024,1024,4,16,256,,,,skipped (pattern previously crashed)
group1,16,16,1024,1024,4,16,512,,,,skipped (pattern previously crashed)
group1,16,16,1024,1024,4,16,1024,,,,skipped (pattern previously crashed)
group1,16,16,1024,1024,4,16,2048,,,,skipped (pattern previously crashed)
group1,16,16,1024,1024,4,16,4096,,,,skipped (pattern previously crashed)
group1,16,16,1024,1024,8,8,2,,,0.109304,
group1,16,16,1024,1024,8,8,4,,,0.109699,
group1,16,16,1024,1024,8,8,8,,,0.109962,
group1,16,16,1024,1024,8,8,16,,,0.110466,
group1,16,16,1024,1024,8,8,32,,,0.109220,
group1,16,16,1024,1024,8,8,64,,,0.109430,
group1,16,16,1024,1024,8,8,128,,,0.108849,
group1,16,16,1024,1024,8,8,256,,,0.110069,
group1,16,16,1024,1024,8,8,512,,,0.108511,
group1,16,16,1024,1024,8,8,1024,,,0.109487,
group1,16,16,1024,1024,8,8,2048,,,0.108786,
group1,16,16,1024,1024,8,8,4096,,,0.131883,
group1,16,16,1024,1024,16,4,2,,,0.109042,
group1,16,16,1024,1024,16,4,4,,,0.109721,
group1,16,16,1024,1024,16,4,8,,,0.109080,
group1,16,16,1024,1024,16,4,16,,,0.109448,
group1,16,16,1024,1024,16,4,32,,,0.108491,
group1,16,16,1024,1024,16,4,64,,,0.109150,
group1,16,16,1024,1024,16,4,128,,,0.109212,
group1,16,16,1024,1024,16,4,256,,,0.109798,
group1,16,16,1024,1024,16,4,512,,,0.109180,
group1,16,16,1024,1024,16,4,1024,,,0.109488,
group1,16,16,1024,1024,16,4,2048,,,0.108470,
group1,16,16,1024,1024,16,4,4096,,,0.113212,
group1,16,16,1024,1024,32,2,2,,,,CUDA error: an illegal memory access was encountered
group1,16,16,1024,1024,32,2,4,,,,skipped (pattern previously crashed)
group1,16,16,1024,1024,32,2,8,,,,skipped (pattern previously crashed)
group1,16,16,1024,1024,32,2,16,,,,skipped (pattern previously crashed)
group1,16,16,1024,1024,32,2,32,,,,skipped (pattern previously crashed)
group1,16,16,1024,1024,32,2,64,,,,skipped (pattern previously crashed)
group1,16,16,1024,1024,32,2,128,,,,skipped (pattern previously crashed)
group1,16,16,1024,1024,32,2,256,,,,skipped (pattern previously crashed)
group1,16,16,1024,1024,32,2,512,,,,skipped (pattern previously crashed)
group1,16,16,1024,1024,32,2,1024,,,,skipped (pattern previously crashed)
group1,16,16,1024,1024,32,2,2048,,,,skipped (pattern previously crashed)
group1,16,16,1024,1024,32,2,4096,,,,skipped (pattern previously crashed)
group1,16,16,1024,1024,64,1,2,,,0.119328,
group1,16,16,1024,1024,64,1,4,,,0.119640,
group1,16,16,1024,1024,64,1,8,,,0.119575,
group1,16,16,1024,1024,64,1,16,,,0.119435,
group1,16,16,1024,1024,64,1,32,,,0.119628,
group1,16,16,1024,1024,64,1,64,,,0.119190,
group1,16,16,1024,1024,64,1,128,,,0.119447,
group1,16,16,1024,1024,64,1,256,,,0.119397,
group1,16,16,1024,1024,64,1,512,,,0.119567,
group1,16,16,1024,1024,64,1,1024,,,0.119253,
group1,16,16,1024,1024,64,1,2048,,,0.118875,
group1,16,16,1024,1024,64,1,4096,,,0.119889,
group1,16,16,2048,2048,1,128,2,,,0.118956,
group1,16,16,2048,2048,1,128,4,,,0.119114,
group1,16,16,2048,2048,1,128,8,,,0.118941,
group1,16,16,2048,2048,1,128,16,,,0.119545,
group1,16,16,2048,2048,1,128,32,,,0.119086,
group1,16,16,2048,2048,1,128,64,,,0.119320,
group1,16,16,2048,2048,1,128,128,,,,CUDA error: an illegal memory access was encountered
group1,16,16,2048,2048,1,128,256,,,,skipped (pattern previously crashed)
group1,16,16,2048,2048,1,128,512,,,,skipped (pattern previously crashed)
group1,16,16,2048,2048,1,128,1024,,,,skipped (pattern previously crashed)
group1,16,16,2048,2048,1,128,2048,,,,skipped (pattern previously crashed)
group1,16,16,2048,2048,1,128,4096,,,,skipped (pattern previously crashed)
group1,16,16,2048,2048,2,64,2,,,0.107595,
group1,16,16,2048,2048,2,64,4,,,0.107491,
group1,16,16,2048,2048,2,64,8,,,0.107950,
group1,16,16,2048,2048,2,64,16,,,0.108246,
group1,16,16,2048,2048,2,64,32,,,0.107692,
group1,16,16,2048,2048,2,64,64,,,0.107750,
group1,16,16,2048,2048,2,64,128,,,0.107429,
group1,16,16,2048,2048,2,64,256,,,0.107850,
group1,16,16,2048,2048,2,64,512,,,0.107844,
group1,16,16,2048,2048,2,64,1024,,,0.107455,
group1,16,16,2048,2048,2,64,2048,,,0.163729,
group1,16,16,2048,2048,2,64,4096,,,0.329514,
group1,16,16,2048,2048,4,32,2,,,0.106966,
group1,16,16,2048,2048,4,32,4,,,0.106787,
group1,16,16,2048,2048,4,32,8,,,0.107158,
group1,16,16,2048,2048,4,32,16,,,0.107378,
group1,16,16,2048,2048,4,32,32,,,0.106898,
group1,16,16,2048,2048,4,32,64,,,0.107229,
group1,16,16,2048,2048,4,32,128,,,0.107138,
group1,16,16,2048,2048,4,32,256,,,0.107087,
group1,16,16,2048,2048,4,32,512,,,0.107474,
group1,16,16,2048,2048,4,32,1024,,,0.106908,
group1,16,16,2048,2048,4,32,2048,,,0.165166,
group1,16,16,2048,2048,4,32,4096,,,0.326540,
group1,16,16,2048,2048,8,16,2,,,0.106969,
group1,16,16,2048,2048,8,16,4,,,0.106435,
group1,16,16,2048,2048,8,16,8,,,0.106963,
group1,16,16,2048,2048,8,16,16,,,0.107067,
group1,16,16,2048,2048,8,16,32,,,0.107032,
group1,16,16,2048,2048,8,16,64,,,0.107010,
group1,16,16,2048,2048,8,16,128,,,0.106761,
group1,16,16,2048,2048,8,16,256,,,0.106934,
group1,16,16,2048,2048,8,16,512,,,0.107429,
group1,16,16,2048,2048,8,16,1024,,,0.107148,
group1,16,16,2048,2048,8,16,2048,,,0.166319,
group1,16,16,2048,2048,8,16,4096,,,0.332286,
group1,16,16,2048,2048,16,8,2,,,0.106757,
group1,16,16,2048,2048,16,8,4,,,0.106495,
group1,16,16,2048,2048,16,8,8,,,0.107390,
group1,16,16,2048,2048,16,8,16,,,0.107230,
group1,16,16,2048,2048,16,8,32,,,0.107125,
group1,16,16,2048,2048,16,8,64,,,0.106979,
group1,16,16,2048,2048,16,8,128,,,0.106581,
group1,16,16,2048,2048,16,8,256,,,0.106699,
group1,16,16,2048,2048,16,8,512,,,0.106654,
group1,16,16,2048,2048,16,8,1024,,,0.106413,
group1,16,16,2048,2048,16,8,2048,,,0.131956,
group1,16,16,2048,2048,16,8,4096,,,0.263865,
group1,16,16,2048,2048,32,4,2,,,0.106484,
group1,16,16,2048,2048,32,4,4,,,0.106427,
group1,16,16,2048,2048,32,4,8,,,0.107069,
group1,16,16,2048,2048,32,4,16,,,0.107353,
group1,16,16,2048,2048,32,4,32,,,0.106907,
group1,16,16,2048,2048,32,4,64,,,0.106730,
group1,16,16,2048,2048,32,4,128,,,0.106658,
group1,16,16,2048,2048,32,4,256,,,0.106578,
group1,16,16,2048,2048,32,4,512,,,0.107002,
group1,16,16,2048,2048,32,4,1024,,,0.106535,
group1,16,16,2048,2048,32,4,2048,,,0.115484,
group1,16,16,2048,2048,32,4,4096,,,0.220654,
group1,16,16,2048,2048,64,2,2,,,0.106273,
group1,16,16,2048,2048,64,2,4,,,0.105891,
group1,16,16,2048,2048,64,2,8,,,0.106234,
group1,16,16,2048,2048,64,2,16,,,0.107393,
group1,16,16,2048,2048,64,2,32,,,0.106441,
group1,16,16,2048,2048,64,2,64,,,0.106581,
group1,16,16,2048,2048,64,2,128,,,0.106648,
group1,16,16,2048,2048,64,2,256,,,0.106318,
group1,16,16,2048,2048,64,2,512,,,0.106341,
group1,16,16,2048,2048,64,2,1024,,,0.106403,
group1,16,16,2048,2048,64,2,2048,,,0.105760,
group1,16,16,2048,2048,64,2,4096,,,0.168921,
group1,16,16,2048,2048,128,1,2,,,0.106408,
group1,16,16,2048,2048,128,1,4,,,0.105793,
group1,16,16,2048,2048,128,1,8,,,0.106629,
group1,16,16,2048,2048,128,1,16,,,0.107192,
group1,16,16,2048,2048,128,1,32,,,0.106397,
group1,16,16,2048,2048,128,1,64,,,0.106456,
group1,16,16,2048,2048,128,1,128,,,0.106413,
group1,16,16,2048,2048,128,1,256,,,0.106723,
group1,16,16,2048,2048,128,1,512,,,0.106613,
group1,16,16,2048,2048,128,1,1024,,,0.105920,
group1,16,16,2048,2048,128,1,2048,,,0.105795,
group1,16,16,2048,2048,128,1,4096,,,0.155160,
group1,16,16,4096,4096,1,256,2,,,0.106291,
group1,16,16,4096,4096,1,256,4,,,0.106176,
group1,16,16,4096,4096,1,256,8,,,0.106187,
group1,16,16,4096,4096,1,256,16,,,0.106649,
group1,16,16,4096,4096,1,256,32,,,0.106280,
group1,16,16,4096,4096,1,256,64,,,0.106457,
group1,16,16,4096,4096,1,256,128,,,,CUDA error: an illegal memory access was encountered
group1,16,16,4096,4096,1,256,256,,,,skipped (pattern previously crashed)
group1,16,16,4096,4096,1,256,512,,,,skipped (pattern previously crashed)
group1,16,16,4096,4096,1,256,1024,,,,skipped (pattern previously crashed)
group1,16,16,4096,4096,1,256,2048,,,,skipped (pattern previously crashed)
group1,16,16,4096,4096,1,256,4096,,,,skipped (pattern previously crashed)
group1,16,16,4096,4096,2,128,2,,,,CUDA error: an illegal memory access was encountered
group1,16,16,4096,4096,2,128,4,,,,skipped (pattern previously crashed)
group1,16,16,4096,4096,2,128,8,,,,skipped (pattern previously crashed)
group1,16,16,4096,4096,2,128,16,,,,skipped (pattern previously crashed)
group1,16,16,4096,4096,2,128,32,,,,skipped (pattern previously crashed)
group1,16,16,4096,4096,2,128,64,,,,skipped (pattern previously crashed)
group1,16,16,4096,4096,2,128,128,,,,skipped (pattern previously crashed)
group1,16,16,4096,4096,2,128,256,,,,skipped (pattern previously crashed)
group1,16,16,4096,4096,2,128,512,,,,skipped (pattern previously crashed)
group1,16,16,4096,4096,2,128,1024,,,,skipped (pattern previously crashed)
group1,16,16,4096,4096,2,128,2048,,,,skipped (pattern previously crashed)
group1,16,16,4096,4096,2,128,4096,,,,skipped (pattern previously crashed)
group1,16,16,4096,4096,4,64,2,,,0.104853,
group1,16,16,4096,4096,4,64,4,,,0.105546,
group1,16,16,4096,4096,4,64,8,,,0.105505,
group1,16,16,4096,4096,4,64,16,,,0.105543,
group1,16,16,4096,4096,4,64,32,,,0.105123,
group1,16,16,4096,4096,4,64,64,,,0.105087,
group1,16,16,4096,4096,4,64,128,,,,CUDA error: an illegal memory access was encountered
group1,16,16,4096,4096,4,64,256,,,,skipped (pattern previously crashed)
group1,16,16,4096,4096,4,64,512,,,,skipped (pattern previously crashed)
group1,16,16,4096,4096,4,64,1024,,,,skipped (pattern previously crashed)
group1,16,16,4096,4096,4,64,2048,,,,skipped (pattern previously crashed)
group1,16,16,4096,4096,4,64,4096,,,,skipped (pattern previously crashed)
group1,16,16,4096,4096,8,32,2,,,,CUDA error: an illegal memory access was encountered
group1,16,16,4096,4096,8,32,4,,,,skipped (pattern previously crashed)
group1,16,16,4096,4096,8,32,8,,,,skipped (pattern previously crashed)
group1,16,16,4096,4096,8,32,16,,,,skipped (pattern previously crashed)
group1,16,16,4096,4096,8,32,32,,,,skipped (pattern previously crashed)
group1,16,16,4096,4096,8,32,64,,,,skipped (pattern previously crashed)
group1,16,16,4096,4096,8,32,128,,,,skipped (pattern previously crashed)
group1,16,16,4096,4096,8,32,256,,,,skipped (pattern previously crashed)
group1,16,16,4096,4096,8,32,512,,,,skipped (pattern previously crashed)
group1,16,16,4096,4096,8,32,1024,,,,skipped (pattern previously crashed)
group1,16,16,4096,4096,8,32,2048,,,,skipped (pattern previously crashed)
group1,16,16,4096,4096,8,32,4096,,,,skipped (pattern previously crashed)
group1,16,16,4096,4096,16,16,2,,,0.106563,
group1,16,16,4096,4096,16,16,4,,,0.106467,
group1,16,16,4096,4096,16,16,8,,,0.106535,
group1,16,16,4096,4096,16,16,16,,,0.106810,
group1,16,16,4096,4096,16,16,32,,,0.106170,
group1,16,16,4096,4096,16,16,64,,,0.106090,
group1,16,16,4096,4096,16,16,128,,,,CUDA error: an illegal memory access was encountered
group1,16,16,4096,4096,16,16,256,,,,skipped (pattern previously crashed)
group1,16,16,4096,4096,16,16,512,,,,skipped (pattern previously crashed)
group1,16,16,4096,4096,16,16,1024,,,,skipped (pattern previously crashed)
group1,16,16,4096,4096,16,16,2048,,,,skipped (pattern previously crashed)
group1,16,16,4096,4096,16,16,4096,,,,skipped (pattern previously crashed)
group1,16,16,4096,4096,32,8,2,,,,CUDA error: an illegal memory access was encountered
group1,16,16,4096,4096,32,8,4,,,,skipped (pattern previously crashed)
group1,16,16,4096,4096,32,8,8,,,,skipped (pattern previously crashed)
group1,16,16,4096,4096,32,8,16,,,,skipped (pattern previously crashed)
group1,16,16,4096,4096,32,8,32,,,,skipped (pattern previously crashed)
group1,16,16,4096,4096,32,8,64,,,,skipped (pattern previously crashed)
group1,16,16,4096,4096,32,8,128,,,,skipped (pattern previously crashed)
group1,16,16,4096,4096,32,8,256,,,,skipped (pattern previously crashed)
group1,16,16,4096,4096,32,8,512,,,,skipped (pattern previously crashed)
group1,16,16,4096,4096,32,8,1024,,,,skipped (pattern previously crashed)
group1,16,16,4096,4096,32,8,2048,,,,skipped (pattern previously crashed)
group1,16,16,4096,4096,32,8,4096,,,,skipped (pattern previously crashed)
group1,16,16,4096,4096,64,4,2,,,0.119477,
group1,16,16,4096,4096,64,4,4,,,0.119927,
group1,16,16,4096,4096,64,4,8,,,0.119202,
group1,16,16,4096,4096,64,4,16,,,0.119622,
group1,16,16,4096,4096,64,4,32,,,0.119101,
group1,16,16,4096,4096,64,4,64,,,0.119270,
group1,16,16,4096,4096,64,4,128,,,,CUDA error: an illegal memory access was encountered
group1,16,16,4096,4096,64,4,256,,,,skipped (pattern previously crashed)
group1,16,16,4096,4096,64,4,512,,,,skipped (pattern previously crashed)
group1,16,16,4096,4096,64,4,1024,,,,skipped (pattern previously crashed)
group1,16,16,4096,4096,64,4,2048,,,,skipped (pattern previously crashed)
group1,16,16,4096,4096,64,4,4096,,,,skipped (pattern previously crashed)
group1,16,16,4096,4096,128,2,2,,,,CUDA error: an illegal memory access was encountered
group1,16,16,4096,4096,128,2,4,,,,skipped (pattern previously crashed)
group1,16,16,4096,4096,128,2,8,,,,skipped (pattern previously crashed)
group1,16,16,4096,4096,128,2,16,,,,skipped (pattern previously crashed)
group1,16,16,4096,4096,128,2,32,,,,skipped (pattern previously crashed)
group1,16,16,4096,4096,128,2,64,,,,skipped (pattern previously crashed)
group1,16,16,4096,4096,128,2,128,,,,skipped (pattern previously crashed)
group1,16,16,4096,4096,128,2,256,,,,skipped (pattern previously crashed)
group1,16,16,4096,4096,128,2,512,,,,skipped (pattern previously crashed)
group1,16,16,4096,4096,128,2,1024,,,,skipped (pattern previously crashed)
group1,16,16,4096,4096,128,2,2048,,,,skipped (pattern previously crashed)
group1,16,16,4096,4096,128,2,4096,,,,skipped (pattern previously crashed)
group1,16,16,4096,4096,256,1,2,,,0.104692,
group1,16,16,4096,4096,256,1,4,,,0.104780,
group1,16,16,4096,4096,256,1,8,,,0.104828,
group1,16,16,4096,4096,256,1,16,,,0.104590,
group1,16,16,4096,4096,256,1,32,,,0.104647,
group1,16,16,4096,4096,256,1,64,,,0.104706,
group1,16,16,4096,4096,256,1,128,,,,CUDA error: an illegal memory access was encountered
group1,16,16,4096,4096,256,1,256,,,,skipped (pattern previously crashed)
group1,16,16,4096,4096,256,1,512,,,,skipped (pattern previously crashed)
group1,16,16,4096,4096,256,1,1024,,,,skipped (pattern previously crashed)
group1,16,16,4096,4096,256,1,2048,,,,skipped (pattern previously crashed)
group1,16,16,4096,4096,256,1,4096,,,,skipped (pattern previously crashed)
group1,16,32,512,1024,1,32,2,,,0.104018,
group1,16,32,512,1024,1,32,4,,,0.104258,
group1,16,32,512,1024,1,32,8,,,0.103991,
group1,16,32,512,1024,1,32,16,,,0.103965,
group1,16,32,512,1024,1,32,32,,,0.104277,
group1,16,32,512,1024,1,32,64,,,0.104285,
group1,16,32,512,1024,1,32,128,,,0.104075,
group1,16,32,512,1024,1,32,256,,,0.103972,
group1,16,32,512,1024,1,32,512,,,0.103659,
group1,16,32,512,1024,1,32,1024,,,0.104505,
group1,16,32,512,1024,1,32,2048,,,0.103912,
group1,16,32,512,1024,1,32,4096,,,0.110885,
group1,16,32,512,1024,2,16,2,,,,CUDA error: an illegal memory access was encountered
group1,16,32,512,1024,2,16,4,,,,skipped (pattern previously crashed)
group1,16,32,512,1024,2,16,8,,,,skipped (pattern previously crashed)
group1,16,32,512,1024,2,16,16,,,,skipped (pattern previously crashed)
group1,16,32,512,1024,2,16,32,,,,skipped (pattern previously crashed)
group1,16,32,512,1024,2,16,64,,,,skipped (pattern previously crashed)
group1,16,32,512,1024,2,16,128,,,,skipped (pattern previously crashed)
group1,16,32,512,1024,2,16,256,,,,skipped (pattern previously crashed)
group1,16,32,512,1024,2,16,512,,,,skipped (pattern previously crashed)
group1,16,32,512,1024,2,16,1024,,,,skipped (pattern previously crashed)
group1,16,32,512,1024,2,16,2048,,,,skipped (pattern previously crashed)
group1,16,32,512,1024,2,16,4096,,,,skipped (pattern previously crashed)
group1,16,32,512,1024,4,8,2,,,0.101941,
group1,16,32,512,1024,4,8,4,,,0.102547,
group1,16,32,512,1024,4,8,8,,,0.102854,
group1,16,32,512,1024,4,8,16,,,0.102824,
group1,16,32,512,1024,4,8,32,,,0.102970,
group1,16,32,512,1024,4,8,64,,,0.102407,
group1,16,32,512,1024,4,8,128,,,0.102416,
group1,16,32,512,1024,4,8,256,,,0.102703,
group1,16,32,512,1024,4,8,512,,,0.102069,
group1,16,32,512,1024,4,8,1024,,,0.103139,
group1,16,32,512,1024,4,8,2048,,,0.101988,
group1,16,32,512,1024,4,8,4096,,,0.102853,
group1,16,32,512,1024,8,4,2,,,,CUDA error: an illegal memory access was encountered
group1,16,32,512,1024,8,4,4,,,,skipped (pattern previously crashed)
group1,16,32,512,1024,8,4,8,,,,skipped (pattern previously crashed)
group1,16,32,512,1024,8,4,16,,,,skipped (pattern previously crashed)
group1,16,32,512,1024,8,4,32,,,,skipped (pattern previously crashed)
group1,16,32,512,1024,8,4,64,,,,skipped (pattern previously crashed)
group1,16,32,512,1024,8,4,128,,,,skipped (pattern previously crashed)
group1,16,32,512,1024,8,4,256,,,,skipped (pattern previously crashed)
group1,16,32,512,1024,8,4,512,,,,skipped (pattern previously crashed)
group1,16,32,512,1024,8,4,1024,,,,skipped (pattern previously crashed)
group1,16,32,512,1024,8,4,2048,,,,skipped (pattern previously crashed)
group1,16,32,512,1024,8,4,4096,,,,skipped (pattern previously crashed)
group1,16,32,512,1024,16,2,2,,,0.104753,
group1,16,32,512,1024,16,2,4,,,0.105277,
group1,16,32,512,1024,16,2,8,,,0.105440,
group1,16,32,512,1024,16,2,16,,,0.105608,
group1,16,32,512,1024,16,2,32,,,0.105057,
group1,16,32,512,1024,16,2,64,,,0.105927,
group1,16,32,512,1024,16,2,128,,,0.105189,
group1,16,32,512,1024,16,2,256,,,0.105092,
group1,16,32,512,1024,16,2,512,,,0.104595,
group1,16,32,512,1024,16,2,1024,,,0.105405,
group1,16,32,512,1024,16,2,2048,,,0.104910,
group1,16,32,512,1024,16,2,4096,,,0.104843,
group1,16,32,512,1024,32,1,2,,,,CUDA error: an illegal memory access was encountered
group1,16,32,512,1024,32,1,4,,,,skipped (pattern previously crashed)
group1,16,32,512,1024,32,1,8,,,,skipped (pattern previously crashed)
group1,16,32,512,1024,32,1,16,,,,skipped (pattern previously crashed)
group1,16,32,512,1024,32,1,32,,,,skipped (pattern previously crashed)
group1,16,32,512,1024,32,1,64,,,,skipped (pattern previously crashed)
group1,16,32,512,1024,32,1,128,,,,skipped (pattern previously crashed)
group1,16,32,512,1024,32,1,256,,,,skipped (pattern previously crashed)
group1,16,32,512,1024,32,1,512,,,,skipped (pattern previously crashed)
group1,16,32,512,1024,32,1,1024,,,,skipped (pattern previously crashed)
group1,16,32,512,1024,32,1,2048,,,,skipped (pattern previously crashed)
group1,16,32,512,1024,32,1,4096,,,,skipped (pattern previously crashed)
group1,16,32,1024,2048,1,64,2,,,0.104137,
group1,16,32,1024,2048,1,64,4,,,0.104651,
group1,16,32,1024,2048,1,64,8,,,0.104473,
group1,16,32,1024,2048,1,64,16,,,0.104817,
group1,16,32,1024,2048,1,64,32,,,0.104341,
group1,16,32,1024,2048,1,64,64,,,0.104525,
group1,16,32,1024,2048,1,64,128,,,0.104120,
group1,16,32,1024,2048,1,64,256,,,0.103637,
group1,16,32,1024,2048,1,64,512,,,0.103649,
group1,16,32,1024,2048,1,64,1024,,,0.103866,
group1,16,32,1024,2048,1,64,2048,,,0.107683,
group1,16,32,1024,2048,1,64,4096,,,0.231634,
group1,16,32,1024,2048,2,32,2,,,,CUDA error: an illegal memory access was encountered
group1,16,32,1024,2048,2,32,4,,,,skipped (pattern previously crashed)
group1,16,32,1024,2048,2,32,8,,,,skipped (pattern previously crashed)
group1,16,32,1024,2048,2,32,16,,,,skipped (pattern previously crashed)
group1,16,32,1024,2048,2,32,32,,,,skipped (pattern previously crashed)
group1,16,32,1024,2048,2,32,64,,,,skipped (pattern previously crashed)
group1,16,32,1024,2048,2,32,128,,,,skipped (pattern previously crashed)
group1,16,32,1024,2048,2,32,256,,,,skipped (pattern previously crashed)
group1,16,32,1024,2048,2,32,512,,,,skipped (pattern previously crashed)
group1,16,32,1024,2048,2,32,1024,,,,skipped (pattern previously crashed)
group1,16,32,1024,2048,2,32,2048,,,,skipped (pattern previously crashed)
group1,16,32,1024,2048,2,32,4096,,,,skipped (pattern previously crashed)
group1,16,32,1024,2048,4,16,2,,,0.102736,
group1,16,32,1024,2048,4,16,4,,,0.103037,
group1,16,32,1024,2048,4,16,8,,,0.103302,
group1,16,32,1024,2048,4,16,16,,,0.103132,
group1,16,32,1024,2048,4,16,32,,,0.103044,
group1,16,32,1024,2048,4,16,64,,,0.103491,
group1,16,32,1024,2048,4,16,128,,,0.103353,
group1,16,32,1024,2048,4,16,256,,,0.102584,
group1,16,32,1024,2048,4,16,512,,,0.102540,
group1,16,32,1024,2048,4,16,1024,,,0.103119,
group1,16,32,1024,2048,4,16,2048,,,0.105646,
group1,16,32,1024,2048,4,16,4096,,,0.226390,
group1,16,32,1024,2048,8,8,2,,,,CUDA error: an illegal memory access was encountered
group1,16,32,1024,2048,8,8,4,,,,skipped (pattern previously crashed)
group1,16,32,1024,2048,8,8,8,,,,skipped (pattern previously crashed)
group1,16,32,1024,2048,8,8,16,,,,skipped (pattern previously crashed)
group1,16,32,1024,2048,8,8,32,,,,skipped (pattern previously crashed)
group1,16,32,1024,2048,8,8,64,,,,skipped (pattern previously crashed)
group1,16,32,1024,2048,8,8,128,,,,skipped (pattern previously crashed)
group1,16,32,1024,2048,8,8,256,,,,skipped (pattern previously crashed)
group1,16,32,1024,2048,8,8,512,,,,skipped (pattern previously crashed)
group1,16,32,1024,2048,8,8,1024,,,,skipped (pattern previously crashed)
group1,16,32,1024,2048,8,8,2048,,,,skipped (pattern previously crashed)
group1,16,32,1024,2048,8,8,4096,,,,skipped (pattern previously crashed)
group1,16,32,1024,2048,16,4,2,,,0.102202,
group1,16,32,1024,2048,16,4,4,,,0.102328,
group1,16,32,1024,2048,16,4,8,,,0.102279,
group1,16,32,1024,2048,16,4,16,,,0.102272,
group1,16,32,1024,2048,16,4,32,,,0.101766,
group1,16,32,1024,2048,16,4,64,,,0.102294,
group1,16,32,1024,2048,16,4,128,,,0.101597,
group1,16,32,1024,2048,16,4,256,,,0.101561,
group1,16,32,1024,2048,16,4,512,,,0.101474,
group1,16,32,1024,2048,16,4,1024,,,0.101823,
group1,16,32,1024,2048,16,4,2048,,,0.101196,
group1,16,32,1024,2048,16,4,4096,,,0.166148,
group1,16,32,1024,2048,32,2,2,,,,CUDA error: an illegal memory access was encountered
group1,16,32,1024,2048,32,2,4,,,,skipped (pattern previously crashed)
group1,16,32,1024,2048,32,2,8,,,,skipped (pattern previously crashed)
group1,16,32,1024,2048,32,2,16,,,,skipped (pattern previously crashed)
group1,16,32,1024,2048,32,2,32,,,,skipped (pattern previously crashed)
group1,16,32,1024,2048,32,2,64,,,,skipped (pattern previously crashed)
group1,16,32,1024,2048,32,2,128,,,,skipped (pattern previously crashed)
group1,16,32,1024,2048,32,2,256,,,,skipped (pattern previously crashed)
group1,16,32,1024,2048,32,2,512,,,,skipped (pattern previously crashed)
group1,16,32,1024,2048,32,2,1024,,,,skipped (pattern previously crashed)
group1,16,32,1024,2048,32,2,2048,,,,skipped (pattern previously crashed)
group1,16,32,1024,2048,32,2,4096,,,,skipped (pattern previously crashed)
group1,16,32,1024,2048,64,1,2,,,0.103758,
group1,16,32,1024,2048,64,1,4,,,0.103973,
group1,16,32,1024,2048,64,1,8,,,0.103643,
group1,16,32,1024,2048,64,1,16,,,0.104156,
group1,16,32,1024,2048,64,1,32,,,0.103897,
group1,16,32,1024,2048,64,1,64,,,0.104519,
group1,16,32,1024,2048,64,1,128,,,0.103842,
group1,16,32,1024,2048,64,1,256,,,0.103835,
group1,16,32,1024,2048,64,1,512,,,0.103483,
group1,16,32,1024,2048,64,1,1024,,,0.103788,
group1,16,32,1024,2048,64,1,2048,,,0.103445,
group1,16,32,1024,2048,64,1,4096,,,0.125314,
group1,16,32,2048,4096,1,128,2,,,,CUDA error: an illegal memory access was encountered
group1,16,32,2048,4096,1,128,4,,,,skipped (pattern previously crashed)
group1,16,32,2048,4096,1,128,8,,,,skipped (pattern previously crashed)
group1,16,32,2048,4096,1,128,16,,,,skipped (pattern previously crashed)
group1,16,32,2048,4096,1,128,32,,,,skipped (pattern previously crashed)
group1,16,32,2048,4096,1,128,64,,,,skipped (pattern previously crashed)
group1,16,32,2048,4096,1,128,128,,,,skipped (pattern previously crashed)
group1,16,32,2048,4096,1,128,256,,,,skipped (pattern previously crashed)
group1,16,32,2048,4096,1,128,512,,,,skipped (pattern previously crashed)
group1,16,32,2048,4096,1,128,1024,,,,skipped (pattern previously crashed)
group1,16,32,2048,4096,1,128,2048,,,,skipped (pattern previously crashed)
group1,16,32,2048,4096,1,128,4096,,,,skipped (pattern previously crashed)
group1,16,32,2048,4096,2,64,2,,,0.102339,
group1,16,32,2048,4096,2,64,4,,,0.102475,
group1,16,32,2048,4096,2,64,8,,,0.102660,
group1,16,32,2048,4096,2,64,16,,,0.102871,
group1,16,32,2048,4096,2,64,32,,,0.102652,
group1,16,32,2048,4096,2,64,64,,,0.102785,
group1,16,32,2048,4096,2,64,128,,,,CUDA error: an illegal memory access was encountered
group1,16,32,2048,4096,2,64,256,,,,skipped (pattern previously crashed)
group1,16,32,2048,4096,2,64,512,,,,skipped (pattern previously crashed)
group1,16,32,2048,4096,2,64,1024,,,,skipped (pattern previously crashed)
group1,16,32,2048,4096,2,64,2048,,,,skipped (pattern previously crashed)
group1,16,32,2048,4096,2,64,4096,,,,skipped (pattern previously crashed)
group1,16,32,2048,4096,4,32,2,,,0.105262,
group1,16,32,2048,4096,4,32,4,,,,CUDA error: an illegal memory access was encountered
group1,16,32,2048,4096,4,32,8,,,,skipped (pattern previously crashed)
group1,16,32,2048,4096,4,32,16,,,,skipped (pattern previously crashed)
group1,16,32,2048,4096,4,32,32,,,,skipped (pattern previously crashed)
group1,16,32,2048,4096,4,32,64,,,,skipped (pattern previously crashed)
group1,16,32,2048,4096,4,32,128,,,,skipped (pattern previously crashed)
group1,16,32,2048,4096,4,32,256,,,,skipped (pattern previously crashed)
group1,16,32,2048,4096,4,32,512,,,,skipped (pattern previously crashed)
group1,16,32,2048,4096,4,32,1024,,,,skipped (pattern previously crashed)
group1,16,32,2048,4096,4,32,2048,,,,skipped (pattern previously crashed)
group1,16,32,2048,4096,4,32,4096,,,,skipped (pattern previously crashed)
group1,16,32,2048,4096,8,16,2,,,0.102652,
group1,16,32,2048,4096,8,16,4,,,0.103133,
group1,16,32,2048,4096,8,16,8,,,0.103723,
group1,16,32,2048,4096,8,16,16,,,0.103389,
group1,16,32,2048,4096,8,16,32,,,0.102961,
group1,16,32,2048,4096,8,16,64,,,0.103198,
group1,16,32,2048,4096,8,16,128,,,,CUDA error: an illegal memory access was encountered
group1,16,32,2048,4096,8,16,256,,,,skipped (pattern previously crashed)
group1,16,32,2048,4096,8,16,512,,,,skipped (pattern previously crashed)
group1,16,32,2048,4096,8,16,1024,,,,skipped (pattern previously crashed)
group1,16,32,2048,4096,8,16,2048,,,,skipped (pattern previously crashed)
group1,16,32,2048,4096,8,16,4096,,,,skipped (pattern previously crashed)
group1,16,32,2048,4096,16,8,2,,,0.112443,
group1,16,32,2048,4096,16,8,4,,,,CUDA error: an illegal memory access was encountered
group1,16,32,2048,4096,16,8,8,,,,skipped (pattern previously crashed)
group1,16,32,2048,4096,16,8,16,,,,skipped (pattern previously crashed)
group1,16,32,2048,4096,16,8,32,,,,skipped (pattern previously crashed)
group1,16,32,2048,4096,16,8,64,,,,skipped (pattern previously crashed)
group1,16,32,2048,4096,16,8,128,,,,skipped (pattern previously crashed)
group1,16,32,2048,4096,16,8,256,,,,skipped (pattern previously crashed)
group1,16,32,2048,4096,16,8,512,,,,skipped (pattern previously crashed)
group1,16,32,2048,4096,16,8,1024,,,,skipped (pattern previously crashed)
group1,16,32,2048,4096,16,8,2048,,,,skipped (pattern previously crashed)
group1,16,32,2048,4096,16,8,4096,,,,skipped (pattern previously crashed)
group1,16,32,2048,4096,32,4,2,,,0.101092,
group1,16,32,2048,4096,32,4,4,,,0.101984,
group1,16,32,2048,4096,32,4,8,,,0.101373,
group1,16,32,2048,4096,32,4,16,,,0.102135,
group1,16,32,2048,4096,32,4,32,,,0.100747,
group1,16,32,2048,4096,32,4,64,,,0.101810,
group1,16,32,2048,4096,32,4,128,,,,CUDA error: an illegal memory access was encountered
group1,16,32,2048,4096,32,4,256,,,,skipped (pattern previously crashed)
group1,16,32,2048,4096,32,4,512,,,,skipped (pattern previously crashed)
group1,16,32,2048,4096,32,4,1024,,,,skipped (pattern previously crashed)
group1,16,32,2048,4096,32,4,2048,,,,skipped (pattern previously crashed)
group1,16,32,2048,4096,32,4,4096,,,,skipped (pattern previously crashed)
group1,16,32,2048,4096,64,2,2,,,0.099221,
group1,16,32,2048,4096,64,2,4,,,,CUDA error: an illegal memory access was encountered
group1,16,32,2048,4096,64,2,8,,,,skipped (pattern previously crashed)
group1,16,32,2048,4096,64,2,16,,,,skipped (pattern previously crashed)
group1,16,32,2048,4096,64,2,32,,,,skipped (pattern previously crashed)
group1,16,32,2048,4096,64,2,64,,,,skipped (pattern previously crashed)
group1,16,32,2048,4096,64,2,128,,,,skipped (pattern previously crashed)
group1,16,32,2048,4096,64,2,256,,,,skipped (pattern previously crashed)
group1,16,32,2048,4096,64,2,512,,,,skipped (pattern previously crashed)
group1,16,32,2048,4096,64,2,1024,,,,skipped (pattern previously crashed)
group1,16,32,2048,4096,64,2,2048,,,,skipped (pattern previously crashed)
group1,16,32,2048,4096,64,2,4096,,,,skipped (pattern previously crashed)
group1,16,32,2048,4096,128,1,2,,,0.100331,
group1,16,32,2048,4096,128,1,4,,,0.101179,
group1,16,32,2048,4096,128,1,8,,,0.100754,
group1,16,32,2048,4096,128,1,16,,,0.100578,
group1,16,32,2048,4096,128,1,32,,,0.100796,
group1,16,32,2048,4096,128,1,64,,,0.100714,
group1,16,32,2048,4096,128,1,128,,,,CUDA error: an illegal memory access was encountered
group1,16,32,2048,4096,128,1,256,,,,skipped (pattern previously crashed)
group1,16,32,2048,4096,128,1,512,,,,skipped (pattern previously crashed)
group1,16,32,2048,4096,128,1,1024,,,,skipped (pattern previously crashed)
group1,16,32,2048,4096,128,1,2048,,,,skipped (pattern previously crashed)
group1,16,32,2048,4096,128,1,4096,,,,skipped (pattern previously crashed)
group1,16,64,512,2048,1,32,2,,,0.101151,
group1,16,64,512,2048,1,32,4,,,0.101787,
group1,16,64,512,2048,1,32,8,,,0.101278,
group1,16,64,512,2048,1,32,16,,,0.101321,
group1,16,64,512,2048,1,32,32,,,0.101940,
group1,16,64,512,2048,1,32,64,,,0.102123,
group1,16,64,512,2048,1,32,128,,,0.101355,
group1,16,64,512,2048,1,32,256,,,0.101673,
group1,16,64,512,2048,1,32,512,,,0.102149,
group1,16,64,512,2048,1,32,1024,,,0.101778,
group1,16,64,512,2048,1,32,2048,,,0.101534,
group1,16,64,512,2048,1,32,4096,,,0.167424,
group1,16,64,512,2048,2,16,2,,,0.101469,
group1,16,64,512,2048,2,16,4,,,0.101538,
group1,16,64,512,2048,2,16,8,,,0.101815,
group1,16,64,512,2048,2,16,16,,,0.101654,
group1,16,64,512,2048,2,16,32,,,0.101894,
group1,16,64,512,2048,2,16,64,,,0.101824,
group1,16,64,512,2048,2,16,128,,,0.101099,
group1,16,64,512,2048,2,16,256,,,0.101693,
group1,16,64,512,2048,2,16,512,,,0.101960,
group1,16,64,512,2048,2,16,1024,,,0.101693,
group1,16,64,512,2048,2,16,2048,,,0.101429,
group1,16,64,512,2048,2,16,4096,,,0.163134,
group1,16,64,512,2048,4,8,2,,,0.101322,
group1,16,64,512,2048,4,8,4,,,0.100961,
group1,16,64,512,2048,4,8,8,,,0.101419,
group1,16,64,512,2048,4,8,16,,,0.101252,
group1,16,64,512,2048,4,8,32,,,0.101714,
group1,16,64,512,2048,4,8,64,,,0.101441,
group1,16,64,512,2048,4,8,128,,,0.101182,
group1,16,64,512,2048,4,8,256,,,0.101236,
group1,16,64,512,2048,4,8,512,,,0.101193,
group1,16,64,512,2048,4,8,1024,,,0.101415,
group1,16,64,512,2048,4,8,2048,,,0.101185,
group1,16,64,512,2048,4,8,4096,,,0.141729,
group1,16,64,512,2048,8,4,2,,,0.101250,
group1,16,64,512,2048,8,4,4,,,0.101186,
group1,16,64,512,2048,8,4,8,,,0.101460,
group1,16,64,512,2048,8,4,16,,,0.100761,
group1,16,64,512,2048,8,4,32,,,0.101028,
group1,16,64,512,2048,8,4,64,,,0.101469,
group1,16,64,512,2048,8,4,128,,,0.101205,
group1,16,64,512,2048,8,4,256,,,0.101528,
group1,16,64,512,2048,8,4,512,,,0.101108,
group1,16,64,512,2048,8,4,1024,,,0.101652,
group1,16,64,512,2048,8,4,2048,,,0.101176,
group1,16,64,512,2048,8,4,4096,,,0.124302,
group1,16,64,512,2048,16,2,2,,,0.101097,
group1,16,64,512,2048,16,2,4,,,0.101476,
group1,16,64,512,2048,16,2,8,,,0.101288,
group1,16,64,512,2048,16,2,16,,,0.101167,
group1,16,64,512,2048,16,2,32,,,0.101340,
group1,16,64,512,2048,16,2,64,,,0.101356,
group1,16,64,512,2048,16,2,128,,,0.101239,
group1,16,64,512,2048,16,2,256,,,0.101383,
group1,16,64,512,2048,16,2,512,,,0.101125,
group1,16,64,512,2048,16,2,1024,,,0.101083,
group1,16,64,512,2048,16,2,2048,,,0.100872,
group1,16,64,512,2048,16,2,4096,,,0.109198,
group1,16,64,512,2048,32,1,2,,,0.100695,
group1,16,64,512,2048,32,1,4,,,0.100611,
group1,16,64,512,2048,32,1,8,,,0.101092,
group1,16,64,512,2048,32,1,16,,,0.100755,
group1,16,64,512,2048,32,1,32,,,0.100538,
group1,16,64,512,2048,32,1,64,,,0.101119,
group1,16,64,512,2048,32,1,128,,,0.100472,
group1,16,64,512,2048,32,1,256,,,0.100879,
group1,16,64,512,2048,32,1,512,,,0.101069,
group1,16,64,512,2048,32,1,1024,,,0.101249,
group1,16,64,512,2048,32,1,2048,,,0.100768,
group1,16,64,512,2048,32,1,4096,,,0.109194,
group1,16,64,1024,4096,1,64,2,,,0.100608,
group1,16,64,1024,4096,1,64,4,,,0.100993,
group1,16,64,1024,4096,1,64,8,,,0.100941,
group1,16,64,1024,4096,1,64,16,,,0.100751,
group1,16,64,1024,4096,1,64,32,,,0.100747,
group1,16,64,1024,4096,1,64,64,,,0.100709,
group1,16,64,1024,4096,1,64,128,,,0.100538,
group1,16,64,1024,4096,1,64,256,,,0.100654,
group1,16,64,1024,4096,1,64,512,,,0.100727,
group1,16,64,1024,4096,1,64,1024,,,0.101099,
group1,16,64,1024,4096,1,64,2048,,,0.162493,
group1,16,64,1024,4096,1,64,4096,,,0.361716,
group1,16,64,1024,4096,2,32,2,,,,CUDA error: an illegal memory access was encountered
group1,16,64,1024,4096,2,32,4,,,,skipped (pattern previously crashed)
group1,16,64,1024,4096,2,32,8,,,,skipped (pattern previously crashed)
group1,16,64,1024,4096,2,32,16,,,,skipped (pattern previously crashed)
group1,16,64,1024,4096,2,32,32,,,,skipped (pattern previously crashed)
group1,16,64,1024,4096,2,32,64,,,,skipped (pattern previously crashed)
group1,16,64,1024,4096,2,32,128,,,,skipped (pattern previously crashed)
group1,16,64,1024,4096,2,32,256,,,,skipped (pattern previously crashed)
group1,16,64,1024,4096,2,32,512,,,,skipped (pattern previously crashed)
group1,16,64,1024,4096,2,32,1024,,,,skipped (pattern previously crashed)
group1,16,64,1024,4096,2,32,2048,,,,skipped (pattern previously crashed)
group1,16,64,1024,4096,2,32,4096,,,,skipped (pattern previously crashed)
group1,16,64,1024,4096,4,16,2,,,0.101505,
group1,16,64,1024,4096,4,16,4,,,0.101858,
group1,16,64,1024,4096,4,16,8,,,0.101591,
group1,16,64,1024,4096,4,16,16,,,0.101295,
group1,16,64,1024,4096,4,16,32,,,0.101285,
group1,16,64,1024,4096,4,16,64,,,0.101289,
group1,16,64,1024,4096,4,16,128,,,0.101106,
group1,16,64,1024,4096,4,16,256,,,0.101139,
group1,16,64,1024,4096,4,16,512,,,0.101028,
group1,16,64,1024,4096,4,16,1024,,,0.102174,
group1,16,64,1024,4096,4,16,2048,,,0.160319,
group1,16,64,1024,4096,4,16,4096,,,0.354906,
group1,16,64,1024,4096,8,8,2,,,,CUDA error: an illegal memory access was encountered
group1,16,64,1024,4096,8,8,4,,,,skipped (pattern previously crashed)
group1,16,64,1024,4096,8,8,8,,,,skipped (pattern previously crashed)
group1,16,64,1024,4096,8,8,16,,,,skipped (pattern previously crashed)
group1,16,64,1024,4096,8,8,32,,,,skipped (pattern previously crashed)
group1,16,64,1024,4096,8,8,64,,,,skipped (pattern previously crashed)
group1,16,64,1024,4096,8,8,128,,,,skipped (pattern previously crashed)
group1,16,64,1024,4096,8,8,256,,,,skipped (pattern previously crashed)
group1,16,64,1024,4096,8,8,512,,,,skipped (pattern previously crashed)
group1,16,64,1024,4096,8,8,1024,,,,skipped (pattern previously crashed)
group1,16,64,1024,4096,8,8,2048,,,,skipped (pattern previously crashed)
group1,16,64,1024,4096,8,8,4096,,,,skipped (pattern previously crashed)
group1,16,64,1024,4096,16,4,2,,,0.100311,
group1,16,64,1024,4096,16,4,4,,,0.100127,
group1,16,64,1024,4096,16,4,8,,,0.100710,
group1,16,64,1024,4096,16,4,16,,,0.100527,
group1,16,64,1024,4096,16,4,32,,,0.100106,
group1,16,64,1024,4096,16,4,64,,,0.100441,
group1,16,64,1024,4096,16,4,128,,,0.100583,
group1,16,64,1024,4096,16,4,256,,,0.100936,
group1,16,64,1024,4096,16,4,512,,,0.100723,
group1,16,64,1024,4096,16,4,1024,,,0.100939,
group1,16,64,1024,4096,16,4,2048,,,0.124039,
group1,16,64,1024,4096,16,4,4096,,,0.286791,
group1,16,64,1024,4096,32,2,2,,,,CUDA error: an illegal memory access was encountered
group1,16,64,1024,4096,32,2,4,,,,skipped (pattern previously crashed)
group1,16,64,1024,4096,32,2,8,,,,skipped (pattern previously crashed)
group1,16,64,1024,4096,32,2,16,,,,skipped (pattern previously crashed)
group1,16,64,1024,4096,32,2,32,,,,skipped (pattern previously crashed)
group1,16,64,1024,4096,32,2,64,,,,skipped (pattern previously crashed)
group1,16,64,1024,4096,32,2,128,,,,skipped (pattern previously crashed)
group1,16,64,1024,4096,32,2,256,,,,skipped (pattern previously crashed)
group1,16,64,1024,4096,32,2,512,,,,skipped (pattern previously crashed)
group1,16,64,1024,4096,32,2,1024,,,,skipped (pattern previously crashed)
group1,16,64,1024,4096,32,2,2048,,,,skipped (pattern previously crashed)
group1,16,64,1024,4096,32,2,4096,,,,skipped (pattern previously crashed)
group1,16,64,1024,4096,64,1,2,,,0.099514,
group1,16,64,1024,4096,64,1,4,,,0.099506,
group1,16,64,1024,4096,64,1,8,,,0.099815,
group1,16,64,1024,4096,64,1,16,,,0.099464,
group1,16,64,1024,4096,64,1,32,,,0.098827,
group1,16,64,1024,4096,64,1,64,,,0.099859,
group1,16,64,1024,4096,64,1,128,,,0.099869,
group1,16,64,1024,4096,64,1,256,,,0.099425,
group1,16,64,1024,4096,64,1,512,,,0.099394,
group1,16,64,1024,4096,64,1,1024,,,0.099590,
group1,16,64,1024,4096,64,1,2048,,,0.109323,
group1,16,64,1024,4096,64,1,4096,,,0.256990,
group1,32,4,4096,512,1,128,2,,,,CUDA error: an illegal memory access was encountered
group1,32,4,4096,512,1,128,4,,,,skipped (pattern previously crashed)
group1,32,4,4096,512,1,128,8,,,,skipped (pattern previously crashed)
group1,32,4,4096,512,1,128,16,,,,skipped (pattern previously crashed)
group1,32,4,4096,512,1,128,32,,,,skipped (pattern previously crashed)
group1,32,4,4096,512,1,128,64,,,,skipped (pattern previously crashed)
group1,32,4,4096,512,1,128,128,,,,skipped (pattern previously crashed)
group1,32,4,4096,512,1,128,256,,,,skipped (pattern previously crashed)
group1,32,4,4096,512,1,128,512,,,,skipped (pattern previously crashed)
group1,32,4,4096,512,1,128,1024,,,,skipped (pattern previously crashed)
group1,32,4,4096,512,1,128,2048,,,,skipped (pattern previously crashed)
group1,32,4,4096,512,1,128,4096,,,,skipped (pattern previously crashed)
group1,32,4,4096,512,2,64,2,,,0.096253,
group1,32,4,4096,512,2,64,4,,,0.096189,
group1,32,4,4096,512,2,64,8,,,0.095952,
group1,32,4,4096,512,2,64,16,,,0.096212,
group1,32,4,4096,512,2,64,32,,,0.095687,
group1,32,4,4096,512,2,64,64,,,0.096268,
group1,32,4,4096,512,2,64,128,,,0.095502,
group1,32,4,4096,512,2,64,256,,,0.095986,
group1,32,4,4096,512,2,64,512,,,0.096103,
group1,32,4,4096,512,2,64,1024,,,0.112751,
group1,32,4,4096,512,2,64,2048,,,0.220022,
group1,32,4,4096,512,2,64,4096,,,0.434401,
group1,32,4,4096,512,4,32,2,,,,CUDA error: an illegal memory access was encountered
group1,32,4,4096,512,4,32,4,,,,skipped (pattern previously crashed)
group1,32,4,4096,512,4,32,8,,,,skipped (pattern previously crashed)
group1,32,4,4096,512,4,32,16,,,,skipped (pattern previously crashed)
group1,32,4,4096,512,4,32,32,,,,skipped (pattern previously crashed)
group1,32,4,4096,512,4,32,64,,,,skipped (pattern previously crashed)
group1,32,4,4096,512,4,32,128,,,,skipped (pattern previously crashed)
group1,32,4,4096,512,4,32,256,,,,skipped (pattern previously crashed)
group1,32,4,4096,512,4,32,512,,,,skipped (pattern previously crashed)
group1,32,4,4096,512,4,32,1024,,,,skipped (pattern previously crashed)
group1,32,4,4096,512,4,32,2048,,,,skipped (pattern previously crashed)
group1,32,4,4096,512,4,32,4096,,,,skipped (pattern previously crashed)
group1,32,4,4096,512,8,16,2,,,0.110513,
group1,32,4,4096,512,8,16,4,,,0.111317,
group1,32,4,4096,512,8,16,8,,,0.110485,
group1,32,4,4096,512,8,16,16,,,0.110661,
group1,32,4,4096,512,8,16,32,,,0.110823,
group1,32,4,4096,512,8,16,64,,,0.110706,
group1,32,4,4096,512,8,16,128,,,0.109968,
group1,32,4,4096,512,8,16,256,,,0.111028,
group1,32,4,4096,512,8,16,512,,,0.110189,
group1,32,4,4096,512,8,16,1024,,,0.118828,
group1,32,4,4096,512,8,16,2048,,,0.227682,
group1,32,4,4096,512,8,16,4096,,,0.443548,
group1,32,4,4096,512,16,8,2,,,,CUDA error: an illegal memory access was encountered
group1,32,4,4096,512,16,8,4,,,,skipped (pattern previously crashed)
group1,32,4,4096,512,16,8,8,,,,skipped (pattern previously crashed)
group1,32,4,4096,512,16,8,16,,,,skipped (pattern previously crashed)
group1,32,4,4096,512,16,8,32,,,,skipped (pattern previously crashed)
group1,32,4,4096,512,16,8,64,,,,skipped (pattern previously crashed)
group1,32,4,4096,512,16,8,128,,,,skipped (pattern previously crashed)
group1,32,4,4096,512,16,8,256,,,,skipped (pattern previously crashed)
group1,32,4,4096,512,16,8,512,,,,skipped (pattern previously crashed)
group1,32,4,4096,512,16,8,1024,,,,skipped (pattern previously crashed)
group1,32,4,4096,512,16,8,2048,,,,skipped (pattern previously crashed)
group1,32,4,4096,512,16,8,4096,,,,skipped (pattern previously crashed)
group1,32,4,4096,512,32,4,2,,,0.099587,
group1,32,4,4096,512,32,4,4,,,0.100215,
group1,32,4,4096,512,32,4,8,,,0.099789,
group1,32,4,4096,512,32,4,16,,,0.099865,
group1,32,4,4096,512,32,4,32,,,0.099479,
group1,32,4,4096,512,32,4,64,,,0.099181,
group1,32,4,4096,512,32,4,128,,,0.099002,
group1,32,4,4096,512,32,4,256,,,0.099169,
group1,32,4,4096,512,32,4,512,,,0.099350,
group1,32,4,4096,512,32,4,1024,,,0.099924,
group1,32,4,4096,512,32,4,2048,,,0.173503,
group1,32,4,4096,512,32,4,4096,,,0.333914,
group1,32,4,4096,512,64,2,2,,,,CUDA error: an illegal memory access was encountered
group1,32,4,4096,512,64,2,4,,,,skipped (pattern previously crashed)
group1,32,4,4096,512,64,2,8,,,,skipped (pattern previously crashed)
group1,32,4,4096,512,64,2,16,,,,skipped (pattern previously crashed)
group1,32,4,4096,512,64,2,32,,,,skipped (pattern previously crashed)
group1,32,4,4096,512,64,2,64,,,,skipped (pattern previously crashed)
group1,32,4,4096,512,64,2,128,,,,skipped (pattern previously crashed)
group1,32,4,4096,512,64,2,256,,,,skipped (pattern previously crashed)
group1,32,4,4096,512,64,2,512,,,,skipped (pattern previously crashed)
group1,32,4,4096,512,64,2,1024,,,,skipped (pattern previously crashed)
group1,32,4,4096,512,64,2,2048,,,,skipped (pattern previously crashed)
group1,32,4,4096,512,64,2,4096,,,,skipped (pattern previously crashed)
group1,32,4,4096,512,128,1,2,,,0.098614,
group1,32,4,4096,512,128,1,4,,,0.099304,
group1,32,4,4096,512,128,1,8,,,0.098656,
group1,32,4,4096,512,128,1,16,,,0.099272,
group1,32,4,4096,512,128,1,32,,,0.098884,
group1,32,4,4096,512,128,1,64,,,0.098902,
group1,32,4,4096,512,128,1,128,,,0.098362,
group1,32,4,4096,512,128,1,256,,,0.098507,
group1,32,4,4096,512,128,1,512,,,0.098813,
group1,32,4,4096,512,128,1,1024,,,0.099187,
group1,32,4,4096,512,128,1,2048,,,0.098817,
group1,32,4,4096,512,128,1,4096,,,0.164588,
group1,32,8,2048,512,1,64,2,,,,CUDA error: an illegal memory access was encountered
group1,32,8,2048,512,1,64,4,,,,skipped (pattern previously crashed)
group1,32,8,2048,512,1,64,8,,,,skipped (pattern previously crashed)
group1,32,8,2048,512,1,64,16,,,,skipped (pattern previously crashed)
group1,32,8,2048,512,1,64,32,,,,skipped (pattern previously crashed)
group1,32,8,2048,512,1,64,64,,,,skipped (pattern previously crashed)
group1,32,8,2048,512,1,64,128,,,,skipped (pattern previously crashed)
group1,32,8,2048,512,1,64,256,,,,skipped (pattern previously crashed)
group1,32,8,2048,512,1,64,512,,,,skipped (pattern previously crashed)
group1,32,8,2048,512,1,64,1024,,,,skipped (pattern previously crashed)
group1,32,8,2048,512,1,64,2048,,,,skipped (pattern previously crashed)
group1,32,8,2048,512,1,64,4096,,,,skipped (pattern previously crashed)
group1,32,8,2048,512,2,32,2,,,0.097137,
group1,32,8,2048,512,2,32,4,,,0.097377,
group1,32,8,2048,512,2,32,8,,,0.097346,
group1,32,8,2048,512,2,32,16,,,0.097070,
group1,32,8,2048,512,2,32,32,,,0.096706,
group1,32,8,2048,512,2,32,64,,,0.096986,
group1,32,8,2048,512,2,32,128,,,0.096960,
group1,32,8,2048,512,2,32,256,,,0.096985,
group1,32,8,2048,512,2,32,512,,,0.096895,
group1,32,8,2048,512,2,32,1024,,,0.097320,
group1,32,8,2048,512,2,32,2048,,,0.121448,
group1,32,8,2048,512,2,32,4096,,,0.235513,
group1,32,8,2048,512,4,16,2,,,,CUDA error: an illegal memory access was encountered
group1,32,8,2048,512,4,16,4,,,,skipped (pattern previously crashed)
group1,32,8,2048,512,4,16,8,,,,skipped (pattern previously crashed)
group1,32,8,2048,512,4,16,16,,,,skipped (pattern previously crashed)
group1,32,8,2048,512,4,16,32,,,,skipped (pattern previously crashed)
group1,32,8,2048,512,4,16,64,,,,skipped (pattern previously crashed)
group1,32,8,2048,512,4,16,128,,,,skipped (pattern previously crashed)
group1,32,8,2048,512,4,16,256,,,,skipped (pattern previously crashed)
group1,32,8,2048,512,4,16,512,,,,skipped (pattern previously crashed)
group1,32,8,2048,512,4,16,1024,,,,skipped (pattern previously crashed)
group1,32,8,2048,512,4,16,2048,,,,skipped (pattern previously crashed)
group1,32,8,2048,512,4,16,4096,,,,skipped (pattern previously crashed)
group1,32,8,2048,512,8,8,2,,,0.094476,
group1,32,8,2048,512,8,8,4,,,0.094553,
group1,32,8,2048,512,8,8,8,,,0.094244,
group1,32,8,2048,512,8,8,16,,,0.094135,
group1,32,8,2048,512,8,8,32,,,0.093533,
group1,32,8,2048,512,8,8,64,,,0.093924,
group1,32,8,2048,512,8,8,128,,,0.093821,
group1,32,8,2048,512,8,8,256,,,0.093177,
group1,32,8,2048,512,8,8,512,,,0.093550,
group1,32,8,2048,512,8,8,1024,,,0.093955,
group1,32,8,2048,512,8,8,2048,,,0.121796,
group1,32,8,2048,512,8,8,4096,,,0.240079,
group1,32,8,2048,512,16,4,2,,,,CUDA error: an illegal memory access was encountered
group1,32,8,2048,512,16,4,4,,,,skipped (pattern previously crashed)
group1,32,8,2048,512,16,4,8,,,,skipped (pattern previously crashed)
group1,32,8,2048,512,16,4,16,,,,skipped (pattern previously crashed)
group1,32,8,2048,512,16,4,32,,,,skipped (pattern previously crashed)
group1,32,8,2048,512,16,4,64,,,,skipped (pattern previously crashed)
group1,32,8,2048,512,16,4,128,,,,skipped (pattern previously crashed)
group1,32,8,2048,512,16,4,256,,,,skipped (pattern previously crashed)
group1,32,8,2048,512,16,4,512,,,,skipped (pattern previously crashed)
group1,32,8,2048,512,16,4,1024,,,,skipped (pattern previously crashed)
group1,32,8,2048,512,16,4,2048,,,,skipped (pattern previously crashed)
group1,32,8,2048,512,16,4,4096,,,,skipped (pattern previously crashed)
group1,32,8,2048,512,32,2,2,,,0.094850,
group1,32,8,2048,512,32,2,4,,,0.095543,
group1,32,8,2048,512,32,2,8,,,0.095807,
group1,32,8,2048,512,32,2,16,,,0.095005,
group1,32,8,2048,512,32,2,32,,,0.094862,
group1,32,8,2048,512,32,2,64,,,0.095397,
group1,32,8,2048,512,32,2,128,,,0.094984,
group1,32,8,2048,512,32,2,256,,,0.094568,
group1,32,8,2048,512,32,2,512,,,0.094677,
group1,32,8,2048,512,32,2,1024,,,0.095094,
group1,32,8,2048,512,32,2,2048,,,0.094813,
group1,32,8,2048,512,32,2,4096,,,0.145039,
group1,32,8,2048,512,64,1,2,,,,CUDA error: an illegal memory access was encountered
group1,32,8,2048,512,64,1,4,,,,skipped (pattern previously crashed)
group1,32,8,2048,512,64,1,8,,,,skipped (pattern previously crashed)
group1,32,8,2048,512,64,1,16,,,,skipped (pattern previously crashed)
group1,32,8,2048,512,64,1,32,,,,skipped (pattern previously crashed)
group1,32,8,2048,512,64,1,64,,,,skipped (pattern previously crashed)
group1,32,8,2048,512,64,1,128,,,,skipped (pattern previously crashed)
group1,32,8,2048,512,64,1,256,,,,skipped (pattern previously crashed)
group1,32,8,2048,512,64,1,512,,,,skipped (pattern previously crashed)
group1,32,8,2048,512,64,1,1024,,,,skipped (pattern previously crashed)
group1,32,8,2048,512,64,1,2048,,,,skipped (pattern previously crashed)
group1,32,8,2048,512,64,1,4096,,,,skipped (pattern previously crashed)
group1,32,8,4096,1024,1,128,2,,,0.097146,
group1,32,8,4096,1024,1,128,4,,,0.097525,
group1,32,8,4096,1024,1,128,8,,,0.097665,
group1,32,8,4096,1024,1,128,16,,,0.097446,
group1,32,8,4096,1024,1,128,32,,,0.096973,
group1,32,8,4096,1024,1,128,64,,,0.097263,
group1,32,8,4096,1024,1,128,128,,,,CUDA error: an illegal memory access was encountered
group1,32,8,4096,1024,1,128,256,,,,skipped (pattern previously crashed)
group1,32,8,4096,1024,1,128,512,,,,skipped (pattern previously crashed)
group1,32,8,4096,1024,1,128,1024,,,,skipped (pattern previously crashed)
group1,32,8,4096,1024,1,128,2048,,,,skipped (pattern previously crashed)
group1,32,8,4096,1024,1,128,4096,,,,skipped (pattern previously crashed)
group1,32,8,4096,1024,2,64,2,,,0.095695,
group1,32,8,4096,1024,2,64,4,,,0.095756,
group1,32,8,4096,1024,2,64,8,,,0.096011,
group1,32,8,4096,1024,2,64,16,,,0.095366,
group1,32,8,4096,1024,2,64,32,,,0.095381,
group1,32,8,4096,1024,2,64,64,,,0.095426,
group1,32,8,4096,1024,2,64,128,,,,CUDA error: an illegal memory access was encountered
group1,32,8,4096,1024,2,64,256,,,,skipped (pattern previously crashed)
group1,32,8,4096,1024,2,64,512,,,,skipped (pattern previously crashed)
group1,32,8,4096,1024,2,64,1024,,,,skipped (pattern previously crashed)
group1,32,8,4096,1024,2,64,2048,,,,skipped (pattern previously crashed)
group1,32,8,4096,1024,2,64,4096,,,,skipped (pattern previously crashed)
group1,32,8,4096,1024,4,32,2,,,0.094157,
group1,32,8,4096,1024,4,32,4,,,0.094198,
group1,32,8,4096,1024,4,32,8,,,0.093947,
group1,32,8,4096,1024,4,32,16,,,0.094213,
group1,32,8,4096,1024,4,32,32,,,0.093909,
group1,32,8,4096,1024,4,32,64,,,0.094220,
group1,32,8,4096,1024,4,32,128,,,,CUDA error: an illegal memory access was encountered
group1,32,8,4096,1024,4,32,256,,,,skipped (pattern previously crashed)
group1,32,8,4096,1024,4,32,512,,,,skipped (pattern previously crashed)
group1,32,8,4096,1024,4,32,1024,,,,skipped (pattern previously crashed)
group1,32,8,4096,1024,4,32,2048,,,,skipped (pattern previously crashed)
group1,32,8,4096,1024,4,32,4096,,,,skipped (pattern previously crashed)
group1,32,8,4096,1024,8,16,2,,,0.094505,
group1,32,8,4096,1024,8,16,4,,,0.095051,
group1,32,8,4096,1024,8,16,8,,,0.095076,
group1,32,8,4096,1024,8,16,16,,,0.094932,
group1,32,8,4096,1024,8,16,32,,,0.094834,
group1,32,8,4096,1024,8,16,64,,,0.095159,
group1,32,8,4096,1024,8,16,128,,,,CUDA error: an illegal memory access was encountered
group1,32,8,4096,1024,8,16,256,,,,skipped (pattern previously crashed)
group1,32,8,4096,1024,8,16,512,,,,skipped (pattern previously crashed)
group1,32,8,4096,1024,8,16,1024,,,,skipped (pattern previously crashed)
group1,32,8,4096,1024,8,16,2048,,,,skipped (pattern previously crashed)
group1,32,8,4096,1024,8,16,4096,,,,skipped (pattern previously crashed)
group1,32,8,4096,1024,16,8,2,,,0.095290,
group1,32,8,4096,1024,16,8,4,,,0.096086,
group1,32,8,4096,1024,16,8,8,,,0.095688,
group1,32,8,4096,1024,16,8,16,,,0.095685,
group1,32,8,4096,1024,16,8,32,,,0.094915,
group1,32,8,4096,1024,16,8,64,,,0.095726,
group1,32,8,4096,1024,16,8,128,,,,CUDA error: an illegal memory access was encountered
group1,32,8,4096,1024,16,8,256,,,,skipped (pattern previously crashed)
group1,32,8,4096,1024,16,8,512,,,,skipped (pattern previously crashed)
group1,32,8,4096,1024,16,8,1024,,,,skipped (pattern previously crashed)
group1,32,8,4096,1024,16,8,2048,,,,skipped (pattern previously crashed)
group1,32,8,4096,1024,16,8,4096,,,,skipped (pattern previously crashed)
group1,32,8,4096,1024,32,4,2,,,0.095693,
group1,32,8,4096,1024,32,4,4,,,0.095508,
group1,32,8,4096,1024,32,4,8,,,0.095747,
group1,32,8,4096,1024,32,4,16,,,0.095522,
group1,32,8,4096,1024,32,4,32,,,0.094949,
group1,32,8,4096,1024,32,4,64,,,0.095276,
group1,32,8,4096,1024,32,4,128,,,,CUDA error: an illegal memory access was encountered
group1,32,8,4096,1024,32,4,256,,,,skipped (pattern previously crashed)
group1,32,8,4096,1024,32,4,512,,,,skipped (pattern previously crashed)
group1,32,8,4096,1024,32,4,1024,,,,skipped (pattern previously crashed)
group1,32,8,4096,1024,32,4,2048,,,,skipped (pattern previously crashed)
group1,32,8,4096,1024,32,4,4096,,,,skipped (pattern previously crashed)
group1,32,8,4096,1024,64,2,2,,,0.095423,
group1,32,8,4096,1024,64,2,4,,,0.096201,
group1,32,8,4096,1024,64,2,8,,,0.096351,
group1,32,8,4096,1024,64,2,16,,,0.095970,
group1,32,8,4096,1024,64,2,32,,,0.096104,
group1,32,8,4096,1024,64,2,64,,,0.096015,
group1,32,8,4096,1024,64,2,128,,,,CUDA error: an illegal memory access was encountered
group1,32,8,4096,1024,64,2,256,,,,skipped (pattern previously crashed)
group1,32,8,4096,1024,64,2,512,,,,skipped (pattern previously crashed)
group1,32,8,4096,1024,64,2,1024,,,,skipped (pattern previously crashed)
group1,32,8,4096,1024,64,2,2048,,,,skipped (pattern previously crashed)
group1,32,8,4096,1024,64,2,4096,,,,skipped (pattern previously crashed)
group1,32,8,4096,1024,128,1,2,,,0.096096,
group1,32,8,4096,1024,128,1,4,,,0.095951,
group1,32,8,4096,1024,128,1,8,,,0.096028,
group1,32,8,4096,1024,128,1,16,,,0.096002,
group1,32,8,4096,1024,128,1,32,,,0.096481,
group1,32,8,4096,1024,128,1,64,,,0.096022,
group1,32,8,4096,1024,128,1,128,,,,CUDA error: an illegal memory access was encountered
group1,32,8,4096,1024,128,1,256,,,,skipped (pattern previously crashed)
group1,32,8,4096,1024,128,1,512,,,,skipped (pattern previously crashed)
group1,32,8,4096,1024,128,1,1024,,,,skipped (pattern previously crashed)
group1,32,8,4096,1024,128,1,2048,,,,skipped (pattern previously crashed)
group1,32,8,4096,1024,128,1,4096,,,,skipped (pattern previously crashed)
group1,32,16,1024,512,1,32,2,,,0.096520,
group1,32,16,1024,512,1,32,4,,,0.097274,
group1,32,16,1024,512,1,32,8,,,0.096964,
group1,32,16,1024,512,1,32,16,,,0.096259,
group1,32,16,1024,512,1,32,32,,,0.096330,
group1,32,16,1024,512,1,32,64,,,0.096169,
group1,32,16,1024,512,1,32,128,,,0.096628,
group1,32,16,1024,512,1,32,256,,,0.096751,
group1,32,16,1024,512,1,32,512,,,0.095815,
group1,32,16,1024,512,1,32,1024,,,0.096309,
group1,32,16,1024,512,1,32,2048,,,0.096315,
group1,32,16,1024,512,1,32,4096,,,0.137986,
group1,32,16,1024,512,2,16,2,,,0.096652,
group1,32,16,1024,512,2,16,4,,,0.096117,
group1,32,16,1024,512,2,16,8,,,0.096082,
group1,32,16,1024,512,2,16,16,,,0.096306,
group1,32,16,1024,512,2,16,32,,,0.096100,
group1,32,16,1024,512,2,16,64,,,0.096541,
group1,32,16,1024,512,2,16,128,,,0.096367,
group1,32,16,1024,512,2,16,256,,,0.096161,
group1,32,16,1024,512,2,16,512,,,0.095361,
group1,32,16,1024,512,2,16,1024,,,0.096531,
group1,32,16,1024,512,2,16,2048,,,0.095785,
group1,32,16,1024,512,2,16,4096,,,0.138946,
group1,32,16,1024,512,4,8,2,,,0.096192,
group1,32,16,1024,512,4,8,4,,,0.095959,
group1,32,16,1024,512,4,8,8,,,0.095824,
group1,32,16,1024,512,4,8,16,,,0.096139,
group1,32,16,1024,512,4,8,32,,,0.096002,
group1,32,16,1024,512,4,8,64,,,0.096226,
group1,32,16,1024,512,4,8,128,,,0.096129,
group1,32,16,1024,512,4,8,256,,,0.096393,
group1,32,16,1024,512,4,8,512,,,0.095139,
group1,32,16,1024,512,4,8,1024,,,0.096191,
group1,32,16,1024,512,4,8,2048,,,0.095894,
group1,32,16,1024,512,4,8,4096,,,0.136630,
group1,32,16,1024,512,8,4,2,,,0.096017,
group1,32,16,1024,512,8,4,4,,,0.095971,
group1,32,16,1024,512,8,4,8,,,0.095203,
group1,32,16,1024,512,8,4,16,,,0.096024,
group1,32,16,1024,512,8,4,32,,,0.095450,
group1,32,16,1024,512,8,4,64,,,0.095908,
group1,32,16,1024,512,8,4,128,,,0.096059,
group1,32,16,1024,512,8,4,256,,,0.096009,
group1,32,16,1024,512,8,4,512,,,0.095084,
group1,32,16,1024,512,8,4,1024,,,0.095729,
group1,32,16,1024,512,8,4,2048,,,0.095560,
group1,32,16,1024,512,8,4,4096,,,0.106621,
group1,32,16,1024,512,16,2,2,,,0.095919,
group1,32,16,1024,512,16,2,4,,,0.096046,
group1,32,16,1024,512,16,2,8,,,0.095551,
group1,32,16,1024,512,16,2,16,,,0.095564,
group1,32,16,1024,512,16,2,32,,,0.095526,
group1,32,16,1024,512,16,2,64,,,0.096011,
group1,32,16,1024,512,16,2,128,,,0.095871,
group1,32,16,1024,512,16,2,256,,,0.095886,
group1,32,16,1024,512,16,2,512,,,0.095264,
group1,32,16,1024,512,16,2,1024,,,0.095529,
group1,32,16,1024,512,16,2,2048,,,0.095543,
group1,32,16,1024,512,16,2,4096,,,0.095287,
group1,32,16,1024,512,32,1,2,,,0.096061,
group1,32,16,1024,512,32,1,4,,,0.095759,
group1,32,16,1024,512,32,1,8,,,0.094762,
group1,32,16,1024,512,32,1,16,,,0.096069,
group1,32,16,1024,512,32,1,32,,,0.095386,
group1,32,16,1024,512,32,1,64,,,0.095700,
group1,32,16,1024,512,32,1,128,,,0.095338,
group1,32,16,1024,512,32,1,256,,,0.095779,
group1,32,16,1024,512,32,1,512,,,0.094625,
group1,32,16,1024,512,32,1,1024,,,0.095520,
group1,32,16,1024,512,32,1,2048,,,0.095231,
group1,32,16,1024,512,32,1,4096,,,0.094951,
group1,32,16,2048,1024,1,64,2,,,0.095187,
group1,32,16,2048,1024,1,64,4,,,0.095711,
group1,32,16,2048,1024,1,64,8,,,0.095454,
group1,32,16,2048,1024,1,64,16,,,0.095323,
group1,32,16,2048,1024,1,64,32,,,0.095188,
group1,32,16,2048,1024,1,64,64,,,0.095698,
group1,32,16,2048,1024,1,64,128,,,0.095363,
group1,32,16,2048,1024,1,64,256,,,0.095298,
group1,32,16,2048,1024,1,64,512,,,0.095046,
group1,32,16,2048,1024,1,64,1024,,,0.095595,
group1,32,16,2048,1024,1,64,2048,,,0.125543,
group1,32,16,2048,1024,1,64,4096,,,0.250204,
group1,32,16,2048,1024,2,32,2,,,0.095592,
group1,32,16,2048,1024,2,32,4,,,0.094868,
group1,32,16,2048,1024,2,32,8,,,0.094790,
group1,32,16,2048,1024,2,32,16,,,0.094970,
group1,32,16,2048,1024,2,32,32,,,0.095037,
group1,32,16,2048,1024,2,32,64,,,0.094878,
group1,32,16,2048,1024,2,32,128,,,0.095229,
group1,32,16,2048,1024,2,32,256,,,0.095037,
group1,32,16,2048,1024,2,32,512,,,0.094867,
group1,32,16,2048,1024,2,32,1024,,,0.095139,
group1,32,16,2048,1024,2,32,2048,,,0.135999,
group1,32,16,2048,1024,2,32,4096,,,0.264324,
group1,32,16,2048,1024,4,16,2,,,0.094774,
group1,32,16,2048,1024,4,16,4,,,0.095243,
group1,32,16,2048,1024,4,16,8,,,0.093769,
group1,32,16,2048,1024,4,16,16,,,0.095040,
group1,32,16,2048,1024,4,16,32,,,0.094710,
group1,32,16,2048,1024,4,16,64,,,0.094984,
group1,32,16,2048,1024,4,16,128,,,0.094689,
group1,32,16,2048,1024,4,16,256,,,0.094533,
group1,32,16,2048,1024,4,16,512,,,0.094444,
group1,32,16,2048,1024,4,16,1024,,,0.095096,
group1,32,16,2048,1024,4,16,2048,,,0.139207,
group1,32,16,2048,1024,4,16,4096,,,0.273334,
group1,32,16,2048,1024,8,8,2,,,0.094949,
group1,32,16,2048,1024,8,8,4,,,0.094649,
group1,32,16,2048,1024,8,8,8,,,0.101295,
group1,32,16,2048,1024,8,8,16,,,0.103755,
group1,32,16,2048,1024,8,8,32,,,0.103250,
group1,32,16,2048,1024,8,8,64,,,0.103871,
group1,32,16,2048,1024,8,8,128,,,0.103425,
group1,32,16,2048,1024,8,8,256,,,0.102892,
group1,32,16,2048,1024,8,8,512,,,0.103383,
group1,32,16,2048,1024,8,8,1024,,,0.104186,
group1,32,16,2048,1024,8,8,2048,,,0.137253,
group1,32,16,2048,1024,8,8,4096,,,0.269268,
group1,32,16,2048,1024,16,4,2,,,0.103385,
group1,32,16,2048,1024,16,4,4,,,0.103171,
group1,32,16,2048,1024,16,4,8,,,0.102912,
group1,32,16,2048,1024,16,4,16,,,0.103334,
group1,32,16,2048,1024,16,4,32,,,0.103078,
group1,32,16,2048,1024,16,4,64,,,0.103282,
group1,32,16,2048,1024,16,4,128,,,0.103626,
group1,32,16,2048,1024,16,4,256,,,0.102944,
group1,32,16,2048,1024,16,4,512,,,0.103174,
group1,32,16,2048,1024,16,4,1024,,,0.103820,
group1,32,16,2048,1024,16,4,2048,,,0.108919,
group1,32,16,2048,1024,16,4,4096,,,0.213536,
group1,32,16,2048,1024,32,2,2,,,0.102962,
group1,32,16,2048,1024,32,2,4,,,0.103561,
group1,32,16,2048,1024,32,2,8,,,0.102547,
group1,32,16,2048,1024,32,2,16,,,0.103006,
group1,32,16,2048,1024,32,2,32,,,0.102493,
group1,32,16,2048,1024,32,2,64,,,0.103416,
group1,32,16,2048,1024,32,2,128,,,0.103116,
group1,32,16,2048,1024,32,2,256,,,0.102938,
group1,32,16,2048,1024,32,2,512,,,0.103026,
group1,32,16,2048,1024,32,2,1024,,,0.103476,
group1,32,16,2048,1024,32,2,2048,,,0.102876,
group1,32,16,2048,1024,32,2,4096,,,0.166429,
group1,32,16,2048,1024,64,1,2,,,0.102859,
group1,32,16,2048,1024,64,1,4,,,0.102947,
group1,32,16,2048,1024,64,1,8,,,0.102486,
group1,32,16,2048,1024,64,1,16,,,0.103285,
group1,32,16,2048,1024,64,1,32,,,0.102694,
group1,32,16,2048,1024,64,1,64,,,0.103357,
group1,32,16,2048,1024,64,1,128,,,0.103188,
group1,32,16,2048,1024,64,1,256,,,0.102790,
group1,32,16,2048,1024,64,1,512,,,0.103034,
group1,32,16,2048,1024,64,1,1024,,,0.103118,
group1,32,16,2048,1024,64,1,2048,,,0.102360,
group1,32,16,2048,1024,64,1,4096,,,0.120779,
group1,32,16,4096,2048,1,128,2,,,0.103077,
group1,32,16,4096,2048,1,128,4,,,0.102971,
group1,32,16,4096,2048,1,128,8,,,0.102215,
group1,32,16,4096,2048,1,128,16,,,0.103194,
group1,32,16,4096,2048,1,128,32,,,0.102712,
group1,32,16,4096,2048,1,128,64,,,0.103049,
group1,32,16,4096,2048,1,128,128,,,,CUDA error: an illegal memory access was encountered
group1,32,16,4096,2048,1,128,256,,,,skipped (pattern previously crashed)
group1,32,16,4096,2048,1,128,512,,,,skipped (pattern previously crashed)
group1,32,16,4096,2048,1,128,1024,,,,skipped (pattern previously crashed)
group1,32,16,4096,2048,1,128,2048,,,,skipped (pattern previously crashed)
group1,32,16,4096,2048,1,128,4096,,,,skipped (pattern previously crashed)
group1,32,16,4096,2048,2,64,2,,,0.091137,
group1,32,16,4096,2048,2,64,4,,,0.091416,
group1,32,16,4096,2048,2,64,8,,,0.091731,
group1,32,16,4096,2048,2,64,16,,,0.090868,
group1,32,16,4096,2048,2,64,32,,,0.090971,
group1,32,16,4096,2048,2,64,64,,,0.091310,
group1,32,16,4096,2048,2,64,128,,,,CUDA error: an illegal memory access was encountered
group1,32,16,4096,2048,2,64,256,,,,skipped (pattern previously crashed)
group1,32,16,4096,2048,2,64,512,,,,skipped (pattern previously crashed)
group1,32,16,4096,2048,2,64,1024,,,,skipped (pattern previously crashed)
group1,32,16,4096,2048,2,64,2048,,,,skipped (pattern previously crashed)
group1,32,16,4096,2048,2,64,4096,,,,skipped (pattern previously crashed)
group1,32,16,4096,2048,4,32,2,,,0.092116,
group1,32,16,4096,2048,4,32,4,,,0.092476,
group1,32,16,4096,2048,4,32,8,,,0.092619,
group1,32,16,4096,2048,4,32,16,,,0.091802,
group1,32,16,4096,2048,4,32,32,,,0.091848,
group1,32,16,4096,2048,4,32,64,,,0.092304,
group1,32,16,4096,2048,4,32,128,,,,CUDA error: an illegal memory access was encountered
group1,32,16,4096,2048,4,32,256,,,,skipped (pattern previously crashed)
group1,32,16,4096,2048,4,32,512,,,,skipped (pattern previously crashed)
group1,32,16,4096,2048,4,32,1024,,,,skipped (pattern previously crashed)
group1,32,16,4096,2048,4,32,2048,,,,skipped (pattern previously crashed)
group1,32,16,4096,2048,4,32,4096,,,,skipped (pattern previously crashed)
group1,32,16,4096,2048,8,16,2,,,0.091022,
group1,32,16,4096,2048,8,16,4,,,0.091109,
group1,32,16,4096,2048,8,16,8,,,0.090767,
group1,32,16,4096,2048,8,16,16,,,0.090407,
group1,32,16,4096,2048,8,16,32,,,0.090508,
group1,32,16,4096,2048,8,16,64,,,0.090368,
group1,32,16,4096,2048,8,16,128,,,,CUDA error: an illegal memory access was encountered
group1,32,16,4096,2048,8,16,256,,,,skipped (pattern previously crashed)
group1,32,16,4096,2048,8,16,512,,,,skipped (pattern previously crashed)
group1,32,16,4096,2048,8,16,1024,,,,skipped (pattern previously crashed)
group1,32,16,4096,2048,8,16,2048,,,,skipped (pattern previously crashed)
group1,32,16,4096,2048,8,16,4096,,,,skipped (pattern previously crashed)
group1,32,16,4096,2048,16,8,2,,,0.091292,
group1,32,16,4096,2048,16,8,4,,,0.091926,
group1,32,16,4096,2048,16,8,8,,,0.091818,
group1,32,16,4096,2048,16,8,16,,,0.091238,
group1,32,16,4096,2048,16,8,32,,,0.091162,
group1,32,16,4096,2048,16,8,64,,,0.091428,
group1,32,16,4096,2048,16,8,128,,,,CUDA error: an illegal memory access was encountered
group1,32,16,4096,2048,16,8,256,,,,skipped (pattern previously crashed)
group1,32,16,4096,2048,16,8,512,,,,skipped (pattern previously crashed)
group1,32,16,4096,2048,16,8,1024,,,,skipped (pattern previously crashed)
group1,32,16,4096,2048,16,8,2048,,,,skipped (pattern previously crashed)
group1,32,16,4096,2048,16,8,4096,,,,skipped (pattern previously crashed)
group1,32,16,4096,2048,32,4,2,,,0.093077,
group1,32,16,4096,2048,32,4,4,,,0.092842,
group1,32,16,4096,2048,32,4,8,,,0.093469,
group1,32,16,4096,2048,32,4,16,,,0.092418,
group1,32,16,4096,2048,32,4,32,,,0.092731,
group1,32,16,4096,2048,32,4,64,,,0.092698,
group1,32,16,4096,2048,32,4,128,,,,CUDA error: an illegal memory access was encountered
group1,32,16,4096,2048,32,4,256,,,,skipped (pattern previously crashed)
group1,32,16,4096,2048,32,4,512,,,,skipped (pattern previously crashed)
group1,32,16,4096,2048,32,4,1024,,,,skipped (pattern previously crashed)
group1,32,16,4096,2048,32,4,2048,,,,skipped (pattern previously crashed)
group1,32,16,4096,2048,32,4,4096,,,,skipped (pattern previously crashed)
group1,32,16,4096,2048,64,2,2,,,0.093268,
group1,32,16,4096,2048,64,2,4,,,0.093554,
group1,32,16,4096,2048,64,2,8,,,0.093235,
group1,32,16,4096,2048,64,2,16,,,0.092491,
group1,32,16,4096,2048,64,2,32,,,0.093237,
group1,32,16,4096,2048,64,2,64,,,0.092939,
group1,32,16,4096,2048,64,2,128,,,,CUDA error: an illegal memory access was encountered
group1,32,16,4096,2048,64,2,256,,,,skipped (pattern previously crashed)
group1,32,16,4096,2048,64,2,512,,,,skipped (pattern previously crashed)
group1,32,16,4096,2048,64,2,1024,,,,skipped (pattern previously crashed)
group1,32,16,4096,2048,64,2,2048,,,,skipped (pattern previously crashed)
group1,32,16,4096,2048,64,2,4096,,,,skipped (pattern previously crashed)
group1,32,16,4096,2048,128,1,2,,,0.101826,
group1,32,16,4096,2048,128,1,4,,,0.101934,
group1,32,16,4096,2048,128,1,8,,,0.102460,
group1,32,16,4096,2048,128,1,16,,,0.101318,
group1,32,16,4096,2048,128,1,32,,,0.101548,
group1,32,16,4096,2048,128,1,64,,,0.101795,
group1,32,16,4096,2048,128,1,128,,,,CUDA error: an illegal memory access was encountered
group1,32,16,4096,2048,128,1,256,,,,skipped (pattern previously crashed)
group1,32,16,4096,2048,128,1,512,,,,skipped (pattern previously crashed)
group1,32,16,4096,2048,128,1,1024,,,,skipped (pattern previously crashed)
group1,32,16,4096,2048,128,1,2048,,,,skipped (pattern previously crashed)
group1,32,16,4096,2048,128,1,4096,,,,skipped (pattern previously crashed)
group1,32,32,512,512,1,16,2,,,0.092357,
group1,32,32,512,512,1,16,4,,,0.092560,
group1,32,32,512,512,1,16,8,,,0.092320,
group1,32,32,512,512,1,16,16,,,0.092476,
group1,32,32,512,512,1,16,32,,,0.092043,
group1,32,32,512,512,1,16,64,,,0.091803,
group1,32,32,512,512,1,16,128,,,0.092573,
group1,32,32,512,512,1,16,256,,,0.092156,
group1,32,32,512,512,1,16,512,,,0.092096,
group1,32,32,512,512,1,16,1024,,,0.092734,
group1,32,32,512,512,1,16,2048,,,0.091916,
group1,32,32,512,512,1,16,4096,,,0.099825,
group1,32,32,512,512,2,8,2,,,0.092498,
group1,32,32,512,512,2,8,4,,,0.092445,
group1,32,32,512,512,2,8,8,,,0.092149,
group1,32,32,512,512,2,8,16,,,0.091829,
group1,32,32,512,512,2,8,32,,,0.092206,
group1,32,32,512,512,2,8,64,,,0.092216,
group1,32,32,512,512,2,8,128,,,0.092268,
group1,32,32,512,512,2,8,256,,,0.092149,
group1,32,32,512,512,2,8,512,,,0.092507,
group1,32,32,512,512,2,8,1024,,,0.092462,
group1,32,32,512,512,2,8,2048,,,0.092106,
group1,32,32,512,512,2,8,4096,,,0.099685,
group1,32,32,512,512,4,4,2,,,0.092194,
group1,32,32,512,512,4,4,4,,,0.091716,
group1,32,32,512,512,4,4,8,,,0.092237,
group1,32,32,512,512,4,4,16,,,0.092079,
group1,32,32,512,512,4,4,32,,,0.092379,
group1,32,32,512,512,4,4,64,,,0.092372,
group1,32,32,512,512,4,4,128,,,0.092068,
group1,32,32,512,512,4,4,256,,,0.092134,
group1,32,32,512,512,4,4,512,,,0.092255,
group1,32,32,512,512,4,4,1024,,,0.092394,
group1,32,32,512,512,4,4,2048,,,0.092215,
group1,32,32,512,512,4,4,4096,,,0.091866,
group1,32,32,512,512,8,2,2,,,0.091760,
group1,32,32,512,512,8,2,4,,,0.092188,
group1,32,32,512,512,8,2,8,,,0.091989,
group1,32,32,512,512,8,2,16,,,0.091716,
group1,32,32,512,512,8,2,32,,,0.091734,
group1,32,32,512,512,8,2,64,,,0.091792,
group1,32,32,512,512,8,2,128,,,0.091862,
group1,32,32,512,512,8,2,256,,,0.091719,
group1,32,32,512,512,8,2,512,,,0.092160,
group1,32,32,512,512,8,2,1024,,,0.091988,
group1,32,32,512,512,8,2,2048,,,0.091973,
group1,32,32,512,512,8,2,4096,,,0.091139,
group1,32,32,512,512,16,1,2,,,0.091935,
group1,32,32,512,512,16,1,4,,,0.091090,
group1,32,32,512,512,16,1,8,,,0.091894,
group1,32,32,512,512,16,1,16,,,0.091839,
group1,32,32,512,512,16,1,32,,,0.091909,
group1,32,32,512,512,16,1,64,,,0.091841,
group1,32,32,512,512,16,1,128,,,0.091895,
group1,32,32,512,512,16,1,256,,,0.091674,
group1,32,32,512,512,16,1,512,,,0.091992,
group1,32,32,512,512,16,1,1024,,,0.091696,
group1,32,32,512,512,16,1,2048,,,0.091501,
group1,32,32,512,512,16,1,4096,,,0.091001,
group1,32,32,1024,1024,1,32,2,,,0.091807,
group1,32,32,1024,1024,1,32,4,,,0.092050,
group1,32,32,1024,1024,1,32,8,,,0.091906,
group1,32,32,1024,1024,1,32,16,,,0.091573,
group1,32,32,1024,1024,1,32,32,,,0.091706,
group1,32,32,1024,1024,1,32,64,,,0.091831,
group1,32,32,1024,1024,1,32,128,,,0.091900,
group1,32,32,1024,1024,1,32,256,,,0.091681,
group1,32,32,1024,1024,1,32,512,,,0.092076,
group1,32,32,1024,1024,1,32,1024,,,0.092127,
group1,32,32,1024,1024,1,32,2048,,,0.095579,
group1,32,32,1024,1024,1,32,4096,,,0.192601,
group1,32,32,1024,1024,2,16,2,,,0.091684,
group1,32,32,1024,1024,2,16,4,,,0.091974,
group1,32,32,1024,1024,2,16,8,,,0.091874,
group1,32,32,1024,1024,2,16,16,,,0.091615,
group1,32,32,1024,1024,2,16,32,,,0.091409,
group1,32,32,1024,1024,2,16,64,,,0.091641,
group1,32,32,1024,1024,2,16,128,,,0.091849,
group1,32,32,1024,1024,2,16,256,,,0.091429,
group1,32,32,1024,1024,2,16,512,,,0.091892,
group1,32,32,1024,1024,2,16,1024,,,0.091734,
group1,32,32,1024,1024,2,16,2048,,,0.093916,
group1,32,32,1024,1024,2,16,4096,,,0.182549,
group1,32,32,1024,1024,4,8,2,,,0.091684,
group1,32,32,1024,1024,4,8,4,,,0.092158,
group1,32,32,1024,1024,4,8,8,,,0.091493,
group1,32,32,1024,1024,4,8,16,,,0.092100,
group1,32,32,1024,1024,4,8,32,,,0.091563,
group1,32,32,1024,1024,4,8,64,,,0.091677,
group1,32,32,1024,1024,4,8,128,,,0.091377,
group1,32,32,1024,1024,4,8,256,,,0.091435,
group1,32,32,1024,1024,4,8,512,,,0.091677,
group1,32,32,1024,1024,4,8,1024,,,0.091439,
group1,32,32,1024,1024,4,8,2048,,,0.091035,
group1,32,32,1024,1024,4,8,4096,,,0.178597,
group1,32,32,1024,1024,8,4,2,,,0.091577,
group1,32,32,1024,1024,8,4,4,,,0.091682,
group1,32,32,1024,1024,8,4,8,,,0.091505,
group1,32,32,1024,1024,8,4,16,,,0.091370,
group1,32,32,1024,1024,8,4,32,,,0.091050,
group1,32,32,1024,1024,8,4,64,,,0.091740,
group1,32,32,1024,1024,8,4,128,,,0.091451,
group1,32,32,1024,1024,8,4,256,,,0.091044,
group1,32,32,1024,1024,8,4,512,,,0.091608,
group1,32,32,1024,1024,8,4,1024,,,0.091151,
group1,32,32,1024,1024,8,4,2048,,,0.090730,
group1,32,32,1024,1024,8,4,4096,,,0.144300,
group1,32,32,1024,1024,16,2,2,,,0.091099,
group1,32,32,1024,1024,16,2,4,,,0.091490,
group1,32,32,1024,1024,16,2,8,,,0.091177,
group1,32,32,1024,1024,16,2,16,,,0.090974,
group1,32,32,1024,1024,16,2,32,,,0.091058,
group1,32,32,1024,1024,16,2,64,,,0.091299,
group1,32,32,1024,1024,16,2,128,,,0.091648,
group1,32,32,1024,1024,16,2,256,,,0.091262,
group1,32,32,1024,1024,16,2,512,,,0.091271,
group1,32,32,1024,1024,16,2,1024,,,0.091636,
group1,32,32,1024,1024,16,2,2048,,,0.090834,
group1,32,32,1024,1024,16,2,4096,,,0.116462,
group1,32,32,1024,1024,32,1,2,,,0.091195,
group1,32,32,1024,1024,32,1,4,,,0.091831,
group1,32,32,1024,1024,32,1,8,,,0.091513,
group1,32,32,1024,1024,32,1,16,,,0.091359,
group1,32,32,1024,1024,32,1,32,,,0.090859,
group1,32,32,1024,1024,32,1,64,,,0.091522,
group1,32,32,1024,1024,32,1,128,,,0.090986,
group1,32,32,1024,1024,32,1,256,,,0.090887,
group1,32,32,1024,1024,32,1,512,,,0.091422,
group1,32,32,1024,1024,32,1,1024,,,0.091386,
group1,32,32,1024,1024,32,1,2048,,,0.090612,
group1,32,32,1024,1024,32,1,4096,,,0.095811,
group1,32,32,2048,2048,1,64,2,,,0.091396,
group1,32,32,2048,2048,1,64,4,,,0.091431,
group1,32,32,2048,2048,1,64,8,,,0.091229,
group1,32,32,2048,2048,1,64,16,,,0.091147,
group1,32,32,2048,2048,1,64,32,,,0.091237,
group1,32,32,2048,2048,1,64,64,,,0.091250,
group1,32,32,2048,2048,1,64,128,,,,CUDA error: an illegal memory access was encountered
group1,32,32,2048,2048,1,64,256,,,,skipped (pattern previously crashed)
group1,32,32,2048,2048,1,64,512,,,,skipped (pattern previously crashed)
group1,32,32,2048,2048,1,64,1024,,,,skipped (pattern previously crashed)
group1,32,32,2048,2048,1,64,2048,,,,skipped (pattern previously crashed)
group1,32,32,2048,2048,1,64,4096,,,,skipped (pattern previously crashed)
group1,32,32,2048,2048,2,32,2,,,0.099073,
group1,32,32,2048,2048,2,32,4,,,0.099374,
group1,32,32,2048,2048,2,32,8,,,0.099320,
group1,32,32,2048,2048,2,32,16,,,0.099166,
group1,32,32,2048,2048,2,32,32,,,0.098986,
group1,32,32,2048,2048,2,32,64,,,0.098899,
group1,32,32,2048,2048,2,32,128,,,0.099102,
group1,32,32,2048,2048,2,32,256,,,0.099256,
group1,32,32,2048,2048,2,32,512,,,0.099436,
group1,32,32,2048,2048,2,32,1024,,,0.099066,
group1,32,32,2048,2048,2,32,2048,,,0.180664,
group1,32,32,2048,2048,2,32,4096,,,0.356122,
group1,32,32,2048,2048,4,16,2,,,,CUDA error: an illegal memory access was encountered
group1,32,32,2048,2048,4,16,4,,,,skipped (pattern previously crashed)
group1,32,32,2048,2048,4,16,8,,,,skipped (pattern previously crashed)
group1,32,32,2048,2048,4,16,16,,,,skipped (pattern previously crashed)
group1,32,32,2048,2048,4,16,32,,,,skipped (pattern previously crashed)
group1,32,32,2048,2048,4,16,64,,,,skipped (pattern previously crashed)
group1,32,32,2048,2048,4,16,128,,,,skipped (pattern previously crashed)
group1,32,32,2048,2048,4,16,256,,,,skipped (pattern previously crashed)
group1,32,32,2048,2048,4,16,512,,,,skipped (pattern previously crashed)
group1,32,32,2048,2048,4,16,1024,,,,skipped (pattern previously crashed)
group1,32,32,2048,2048,4,16,2048,,,,skipped (pattern previously crashed)
group1,32,32,2048,2048,4,16,4096,,,,skipped (pattern previously crashed)
group1,32,32,2048,2048,8,8,2,,,0.089082,
group1,32,32,2048,2048,8,8,4,,,0.089268,
group1,32,32,2048,2048,8,8,8,,,0.089597,
group1,32,32,2048,2048,8,8,16,,,0.089243,
group1,32,32,2048,2048,8,8,32,,,0.088720,
group1,32,32,2048,2048,8,8,64,,,0.088258,
group1,32,32,2048,2048,8,8,128,,,0.089193,
group1,32,32,2048,2048,8,8,256,,,0.088651,
group1,32,32,2048,2048,8,8,512,,,0.088797,
group1,32,32,2048,2048,8,8,1024,,,0.091796,
group1,32,32,2048,2048,8,8,2048,,,0.176715,
group1,32,32,2048,2048,8,8,4096,,,0.331509,
group1,32,32,2048,2048,16,4,2,,,,CUDA error: an illegal memory access was encountered
group1,32,32,2048,2048,16,4,4,,,,skipped (pattern previously crashed)
group1,32,32,2048,2048,16,4,8,,,,skipped (pattern previously crashed)
group1,32,32,2048,2048,16,4,16,,,,skipped (pattern previously crashed)
group1,32,32,2048,2048,16,4,32,,,,skipped (pattern previously crashed)
group1,32,32,2048,2048,16,4,64,,,,skipped (pattern previously crashed)
group1,32,32,2048,2048,16,4,128,,,,skipped (pattern previously crashed)
group1,32,32,2048,2048,16,4,256,,,,skipped (pattern previously crashed)
group1,32,32,2048,2048,16,4,512,,,,skipped (pattern previously crashed)
group1,32,32,2048,2048,16,4,1024,,,,skipped (pattern previously crashed)
group1,32,32,2048,2048,16,4,2048,,,,skipped (pattern previously crashed)
group1,32,32,2048,2048,16,4,4096,,,,skipped (pattern previously crashed)
group1,32,32,2048,2048,32,2,2,,,0.089014,
group1,32,32,2048,2048,32,2,4,,,0.089004,
group1,32,32,2048,2048,32,2,8,,,0.088693,
group1,32,32,2048,2048,32,2,16,,,0.089190,
group1,32,32,2048,2048,32,2,32,,,0.088647,
group1,32,32,2048,2048,32,2,64,,,0.088209,
group1,32,32,2048,2048,32,2,128,,,0.089034,
group1,32,32,2048,2048,32,2,256,,,0.088164,
group1,32,32,2048,2048,32,2,512,,,0.089233,
group1,32,32,2048,2048,32,2,1024,,,0.118145,
group1,32,32,2048,2048,32,2,2048,,,0.118372,
group1,32,32,2048,2048,32,2,4096,,,0.203731,
group1,32,32,2048,2048,64,1,2,,,,CUDA error: an illegal memory access was encountered
group1,32,32,2048,2048,64,1,4,,,,skipped (pattern previously crashed)
group1,32,32,2048,2048,64,1,8,,,,skipped (pattern previously crashed)
group1,32,32,2048,2048,64,1,16,,,,skipped (pattern previously crashed)
group1,32,32,2048,2048,64,1,32,,,,skipped (pattern previously crashed)
group1,32,32,2048,2048,64,1,64,,,,skipped (pattern previously crashed)
group1,32,32,2048,2048,64,1,128,,,,skipped (pattern previously crashed)
group1,32,32,2048,2048,64,1,256,,,,skipped (pattern previously crashed)
group1,32,32,2048,2048,64,1,512,,,,skipped (pattern previously crashed)
group1,32,32,2048,2048,64,1,1024,,,,skipped (pattern previously crashed)
group1,32,32,2048,2048,64,1,2048,,,,skipped (pattern previously crashed)
group1,32,32,2048,2048,64,1,4096,,,,skipped (pattern previously crashed)
group1,32,32,4096,4096,1,128,2,,,0.089757,
group1,32,32,4096,4096,1,128,4,,,0.089926,
group1,32,32,4096,4096,1,128,8,,,0.089845,
group1,32,32,4096,4096,1,128,16,,,0.090115,
group1,32,32,4096,4096,1,128,32,,,0.089536,
group1,32,32,4096,4096,1,128,64,,,0.088704,
group1,32,32,4096,4096,1,128,128,,,,CUDA error: an illegal memory access was encountered
group1,32,32,4096,4096,1,128,256,,,,skipped (pattern previously crashed)
group1,32,32,4096,4096,1,128,512,,,,skipped (pattern previously crashed)
group1,32,32,4096,4096,1,128,1024,,,,skipped (pattern previously crashed)
group1,32,32,4096,4096,1,128,2048,,,,skipped (pattern previously crashed)
group1,32,32,4096,4096,1,128,4096,,,,skipped (pattern previously crashed)
group1,32,32,4096,4096,2,64,2,,,,CUDA error: an illegal memory access was encountered
group1,32,32,4096,4096,2,64,4,,,,skipped (pattern previously crashed)
group1,32,32,4096,4096,2,64,8,,,,skipped (pattern previously crashed)
group1,32,32,4096,4096,2,64,16,,,,skipped (pattern previously crashed)
group1,32,32,4096,4096,2,64,32,,,,skipped (pattern previously crashed)
group1,32,32,4096,4096,2,64,64,,,,skipped (pattern previously crashed)
group1,32,32,4096,4096,2,64,128,,,,skipped (pattern previously crashed)
group1,32,32,4096,4096,2,64,256,,,,skipped (pattern previously crashed)
group1,32,32,4096,4096,2,64,512,,,,skipped (pattern previously crashed)
group1,32,32,4096,4096,2,64,1024,,,,skipped (pattern previously crashed)
group1,32,32,4096,4096,2,64,2048,,,,skipped (pattern previously crashed)
group1,32,32,4096,4096,2,64,4096,,,,skipped (pattern previously crashed)
group1,32,32,4096,4096,4,32,2,,,0.088998,
group1,32,32,4096,4096,4,32,4,,,0.089148,
group1,32,32,4096,4096,4,32,8,,,0.088455,
group1,32,32,4096,4096,4,32,16,,,0.088263,
group1,32,32,4096,4096,4,32,32,,,0.088261,
group1,32,32,4096,4096,4,32,64,,,0.087883,
group1,32,32,4096,4096,4,32,128,,,,CUDA error: an illegal memory access was encountered
group1,32,32,4096,4096,4,32,256,,,,skipped (pattern previously crashed)
group1,32,32,4096,4096,4,32,512,,,,skipped (pattern previously crashed)
group1,32,32,4096,4096,4,32,1024,,,,skipped (pattern previously crashed)
group1,32,32,4096,4096,4,32,2048,,,,skipped (pattern previously crashed)
group1,32,32,4096,4096,4,32,4096,,,,skipped (pattern previously crashed)
group1,32,32,4096,4096,8,16,2,,,,CUDA error: an illegal memory access was encountered
group1,32,32,4096,4096,8,16,4,,,,skipped (pattern previously crashed)
group1,32,32,4096,4096,8,16,8,,,,skipped (pattern previously crashed)
group1,32,32,4096,4096,8,16,16,,,,skipped (pattern previously crashed)
group1,32,32,4096,4096,8,16,32,,,,skipped (pattern previously crashed)
group1,32,32,4096,4096,8,16,64,,,,skipped (pattern previously crashed)
group1,32,32,4096,4096,8,16,128,,,,skipped (pattern previously crashed)
group1,32,32,4096,4096,8,16,256,,,,skipped (pattern previously crashed)
group1,32,32,4096,4096,8,16,512,,,,skipped (pattern previously crashed)
group1,32,32,4096,4096,8,16,1024,,,,skipped (pattern previously crashed)
group1,32,32,4096,4096,8,16,2048,,,,skipped (pattern previously crashed)
group1,32,32,4096,4096,8,16,4096,,,,skipped (pattern previously crashed)
group1,32,32,4096,4096,16,8,2,,,0.087672,
group1,32,32,4096,4096,16,8,4,,,0.087872,
group1,32,32,4096,4096,16,8,8,,,0.087563,
group1,32,32,4096,4096,16,8,16,,,0.088080,
group1,32,32,4096,4096,16,8,32,,,0.087575,
group1,32,32,4096,4096,16,8,64,,,0.087006,
group1,32,32,4096,4096,16,8,128,,,,CUDA error: an illegal memory access was encountered
group1,32,32,4096,4096,16,8,256,,,,skipped (pattern previously crashed)
group1,32,32,4096,4096,16,8,512,,,,skipped (pattern previously crashed)
group1,32,32,4096,4096,16,8,1024,,,,skipped (pattern previously crashed)
group1,32,32,4096,4096,16,8,2048,,,,skipped (pattern previously crashed)
group1,32,32,4096,4096,16,8,4096,,,,skipped (pattern previously crashed)
group1,32,32,4096,4096,32,4,2,,,,CUDA error: an illegal memory access was encountered
group1,32,32,4096,4096,32,4,4,,,,skipped (pattern previously crashed)
group1,32,32,4096,4096,32,4,8,,,,skipped (pattern previously crashed)
group1,32,32,4096,4096,32,4,16,,,,skipped (pattern previously crashed)
group1,32,32,4096,4096,32,4,32,,,,skipped (pattern previously crashed)
group1,32,32,4096,4096,32,4,64,,,,skipped (pattern previously crashed)
group1,32,32,4096,4096,32,4,128,,,,skipped (pattern previously crashed)
group1,32,32,4096,4096,32,4,256,,,,skipped (pattern previously crashed)
group1,32,32,4096,4096,32,4,512,,,,skipped (pattern previously crashed)
group1,32,32,4096,4096,32,4,1024,,,,skipped (pattern previously crashed)
group1,32,32,4096,4096,32,4,2048,,,,skipped (pattern previously crashed)
group1,32,32,4096,4096,32,4,4096,,,,skipped (pattern previously crashed)
group1,32,32,4096,4096,64,2,2,,,0.086385,
group1,32,32,4096,4096,64,2,4,,,0.086146,
group1,32,32,4096,4096,64,2,8,,,0.086514,
group1,32,32,4096,4096,64,2,16,,,0.086590,
group1,32,32,4096,4096,64,2,32,,,0.086217,
group1,32,32,4096,4096,64,2,64,,,0.085570,
group1,32,32,4096,4096,64,2,128,,,,CUDA error: an illegal memory access was encountered
group1,32,32,4096,4096,64,2,256,,,,skipped (pattern previously crashed)
group1,32,32,4096,4096,64,2,512,,,,skipped (pattern previously crashed)
group1,32,32,4096,4096,64,2,1024,,,,skipped (pattern previously crashed)
group1,32,32,4096,4096,64,2,2048,,,,skipped (pattern previously crashed)
group1,32,32,4096,4096,64,2,4096,,,,skipped (pattern previously crashed)
group1,32,32,4096,4096,128,1,2,,,,CUDA error: an illegal memory access was encountered
group1,32,32,4096,4096,128,1,4,,,,skipped (pattern previously crashed)
group1,32,32,4096,4096,128,1,8,,,,skipped (pattern previously crashed)
group1,32,32,4096,4096,128,1,16,,,,skipped (pattern previously crashed)
group1,32,32,4096,4096,128,1,32,,,,skipped (pattern previously crashed)
group1,32,32,4096,4096,128,1,64,,,,skipped (pattern previously crashed)
group1,32,32,4096,4096,128,1,128,,,,skipped (pattern previously crashed)
group1,32,32,4096,4096,128,1,256,,,,skipped (pattern previously crashed)
group1,32,32,4096,4096,128,1,512,,,,skipped (pattern previously crashed)
group1,32,32,4096,4096,128,1,1024,,,,skipped (pattern previously crashed)
group1,32,32,4096,4096,128,1,2048,,,,skipped (pattern previously crashed)
group1,32,32,4096,4096,128,1,4096,,,,skipped (pattern previously crashed)
group1,32,64,512,1024,1,16,2,,,0.086625,
group1,32,64,512,1024,1,16,4,,,0.087236,
group1,32,64,512,1024,1,16,8,,,0.086978,
group1,32,64,512,1024,1,16,16,,,0.087405,
group1,32,64,512,1024,1,16,32,,,0.087135,
group1,32,64,512,1024,1,16,64,,,0.087504,
group1,32,64,512,1024,1,16,128,,,0.086830,
group1,32,64,512,1024,1,16,256,,,0.087159,
group1,32,64,512,1024,1,16,512,,,0.086560,
group1,32,64,512,1024,1,16,1024,,,0.086687,
group1,32,64,512,1024,1,16,2048,,,0.087214,
group1,32,64,512,1024,1,16,4096,,,0.130995,
group1,32,64,512,1024,2,8,2,,,0.087174,
group1,32,64,512,1024,2,8,4,,,0.086990,
group1,32,64,512,1024,2,8,8,,,0.086927,
group1,32,64,512,1024,2,8,16,,,0.087257,
group1,32,64,512,1024,2,8,32,,,0.086517,
group1,32,64,512,1024,2,8,64,,,,CUDA error: an illegal memory access was encountered
group1,32,64,512,1024,2,8,128,,,,skipped (pattern previously crashed)
group1,32,64,512,1024,2,8,256,,,,skipped (pattern previously crashed)
group1,32,64,512,1024,2,8,512,,,,skipped (pattern previously crashed)
group1,32,64,512,1024,2,8,1024,,,,skipped (pattern previously crashed)
group1,32,64,512,1024,2,8,2048,,,,skipped (pattern previously crashed)
group1,32,64,512,1024,2,8,4096,,,,skipped (pattern previously crashed)
group1,32,64,512,1024,4,4,2,,,0.086651,
group1,32,64,512,1024,4,4,4,,,0.086155,
group1,32,64,512,1024,4,4,8,,,0.086417,
group1,32,64,512,1024,4,4,16,,,0.086362,
group1,32,64,512,1024,4,4,32,,,0.086530,
group1,32,64,512,1024,4,4,64,,,0.086220,
group1,32,64,512,1024,4,4,128,,,0.086350,
group1,32,64,512,1024,4,4,256,,,0.086083,
group1,32,64,512,1024,4,4,512,,,0.085722,
group1,32,64,512,1024,4,4,1024,,,0.085377,
group1,32,64,512,1024,4,4,2048,,,0.086139,
group1,32,64,512,1024,4,4,4096,,,0.099958,
group1,32,64,512,1024,8,2,2,,,0.086076,
group1,32,64,512,1024,8,2,4,,,0.086005,
group1,32,64,512,1024,8,2,8,,,0.086173,
group1,32,64,512,1024,8,2,16,,,0.086121,
group1,32,64,512,1024,8,2,32,,,0.086176,
group1,32,64,512,1024,8,2,64,,,,CUDA error: an illegal memory access was encountered
group1,32,64,512,1024,8,2,128,,,,skipped (pattern previously crashed)
group1,32,64,512,1024,8,2,256,,,,skipped (pattern previously crashed)
group1,32,64,512,1024,8,2,512,,,,skipped (pattern previously crashed)
group1,32,64,512,1024,8,2,1024,,,,skipped (pattern previously crashed)
group1,32,64,512,1024,8,2,2048,,,,skipped (pattern previously crashed)
group1,32,64,512,1024,8,2,4096,,,,skipped (pattern previously crashed)
group1,32,64,512,1024,16,1,2,,,0.085794,
group1,32,64,512,1024,16,1,4,,,0.085701,
group1,32,64,512,1024,16,1,8,,,0.085820,
group1,32,64,512,1024,16,1,16,,,0.085984,
group1,32,64,512,1024,16,1,32,,,0.085773,
group1,32,64,512,1024,16,1,64,,,0.086192,
group1,32,64,512,1024,16,1,128,,,0.085450,
group1,32,64,512,1024,16,1,256,,,0.086066,
group1,32,64,512,1024,16,1,512,,,0.085614,
group1,32,64,512,1024,16,1,1024,,,0.085359,
group1,32,64,512,1024,16,1,2048,,,0.085676,
group1,32,64,512,1024,16,1,4096,,,0.086176,
group1,32,64,1024,2048,1,32,2,,,,CUDA error: an illegal memory access was encountered
group1,32,64,1024,2048,1,32,4,,,,skipped (pattern previously crashed)
group1,32,64,1024,2048,1,32,8,,,,skipped (pattern previously crashed)
group1,32,64,1024,2048,1,32,16,,,,skipped (pattern previously crashed)
group1,32,64,1024,2048,1,32,32,,,,skipped (pattern previously crashed)
group1,32,64,1024,2048,1,32,64,,,,skipped (pattern previously crashed)
group1,32,64,1024,2048,1,32,128,,,,skipped (pattern previously crashed)
group1,32,64,1024,2048,1,32,256,,,,skipped (pattern previously crashed)
group1,32,64,1024,2048,1,32,512,,,,skipped (pattern previously crashed)
group1,32,64,1024,2048,1,32,1024,,,,skipped (pattern previously crashed)
group1,32,64,1024,2048,1,32,2048,,,,skipped (pattern previously crashed)
group1,32,64,1024,2048,1,32,4096,,,,skipped (pattern previously crashed)
group1,32,64,1024,2048,2,16,2,,,0.086248,
group1,32,64,1024,2048,2,16,4,,,0.086436,
group1,32,64,1024,2048,2,16,8,,,0.085972,
group1,32,64,1024,2048,2,16,16,,,0.086447,
group1,32,64,1024,2048,2,16,32,,,0.086002,
group1,32,64,1024,2048,2,16,64,,,0.085987,
group1,32,64,1024,2048,2,16,128,,,0.086163,
group1,32,64,1024,2048,2,16,256,,,0.085823,
group1,32,64,1024,2048,2,16,512,,,0.085844,
group1,32,64,1024,2048,2,16,1024,,,0.087054,
group1,32,64,1024,2048,2,16,2048,,,0.123745,
group1,32,64,1024,2048,2,16,4096,,,0.253700,
group1,32,64,1024,2048,4,8,2,,,0.085777,
group1,32,64,1024,2048,4,8,4,,,0.085681,
group1,32,64,1024,2048,4,8,8,,,0.085866,
group1,32,64,1024,2048,4,8,16,,,0.085881,
group1,32,64,1024,2048,4,8,32,,,0.085650,
group1,32,64,1024,2048,4,8,64,,,0.086018,
group1,32,64,1024,2048,4,8,128,,,0.086088,
group1,32,64,1024,2048,4,8,256,,,0.085688,
group1,32,64,1024,2048,4,8,512,,,0.085658,
group1,32,64,1024,2048,4,8,1024,,,0.086422,
group1,32,64,1024,2048,4,8,2048,,,0.116281,
group1,32,64,1024,2048,4,8,4096,,,0.238991,
group1,32,64,1024,2048,8,4,2,,,0.085814,
group1,32,64,1024,2048,8,4,4,,,0.085563,
group1,32,64,1024,2048,8,4,8,,,0.085746,
group1,32,64,1024,2048,8,4,16,,,0.085703,
group1,32,64,1024,2048,8,4,32,,,0.085688,
group1,32,64,1024,2048,8,4,64,,,0.085870,
group1,32,64,1024,2048,8,4,128,,,0.085440,
group1,32,64,1024,2048,8,4,256,,,0.085217,
group1,32,64,1024,2048,8,4,512,,,0.085632,
group1,32,64,1024,2048,8,4,1024,,,0.085700,
group1,32,64,1024,2048,8,4,2048,,,0.098841,
group1,32,64,1024,2048,8,4,4096,,,0.202351,
group1,32,64,1024,2048,16,2,2,,,0.085233,
group1,32,64,1024,2048,16,2,4,,,0.085651,
group1,32,64,1024,2048,16,2,8,,,0.085270,
group1,32,64,1024,2048,16,2,16,,,0.085577,
group1,32,64,1024,2048,16,2,32,,,0.085578,
group1,32,64,1024,2048,16,2,64,,,0.085674,
group1,32,64,1024,2048,16,2,128,,,0.085008,
group1,32,64,1024,2048,16,2,256,,,0.085345,
group1,32,64,1024,2048,16,2,512,,,0.085508,
group1,32,64,1024,2048,16,2,1024,,,0.085922,
group1,32,64,1024,2048,16,2,2048,,,0.085802,
group1,32,64,1024,2048,16,2,4096,,,0.170749,
group1,32,64,1024,2048,32,1,2,,,0.085402,
group1,32,64,1024,2048,32,1,4,,,0.085321,
group1,32,64,1024,2048,32,1,8,,,0.085393,
group1,32,64,1024,2048,32,1,16,,,0.085793,
group1,32,64,1024,2048,32,1,32,,,0.084982,
group1,32,64,1024,2048,32,1,64,,,0.085476,
group1,32,64,1024,2048,32,1,128,,,0.085357,
group1,32,64,1024,2048,32,1,256,,,0.085495,
group1,32,64,1024,2048,32,1,512,,,0.085451,
group1,32,64,1024,2048,32,1,1024,,,0.085463,
group1,32,64,1024,2048,32,1,2048,,,0.085729,
group1,32,64,1024,2048,32,1,4096,,,0.151003,
group1,32,64,2048,4096,1,64,2,,,0.085263,
group1,32,64,2048,4096,1,64,4,,,,CUDA error: an illegal memory access was encountered
group1,32,64,2048,4096,1,64,8,,,,skipped (pattern previously crashed)
group1,32,64,2048,4096,1,64,16,,,,skipped (pattern previously crashed)
group1,32,64,2048,4096,1,64,32,,,,skipped (pattern previously crashed)
group1,32,64,2048,4096,1,64,64,,,,skipped (pattern previously crashed)
group1,32,64,2048,4096,1,64,128,,,,skipped (pattern previously crashed)
group1,32,64,2048,4096,1,64,256,,,,skipped (pattern previously crashed)
group1,32,64,2048,4096,1,64,512,,,,skipped (pattern previously crashed)
group1,32,64,2048,4096,1,64,1024,,,,skipped (pattern previously crashed)
group1,32,64,2048,4096,1,64,2048,,,,skipped (pattern previously crashed)
group1,32,64,2048,4096,1,64,4096,,,,skipped (pattern previously crashed)
group1,32,64,2048,4096,2,32,2,,,0.084251,
group1,32,64,2048,4096,2,32,4,,,0.084765,
group1,32,64,2048,4096,2,32,8,,,0.084646,
group1,32,64,2048,4096,2,32,16,,,0.084638,
group1,32,64,2048,4096,2,32,32,,,0.084158,
group1,32,64,2048,4096,2,32,64,,,0.084333,
group1,32,64,2048,4096,2,32,128,,,,CUDA error: an illegal memory access was encountered
group1,32,64,2048,4096,2,32,256,,,,skipped (pattern previously crashed)
group1,32,64,2048,4096,2,32,512,,,,skipped (pattern previously crashed)
group1,32,64,2048,4096,2,32,1024,,,,skipped (pattern previously crashed)
group1,32,64,2048,4096,2,32,2048,,,,skipped (pattern previously crashed)
group1,32,64,2048,4096,2,32,4096,,,,skipped (pattern previously crashed)
group1,32,64,2048,4096,4,16,2,,,0.085036,
group1,32,64,2048,4096,4,16,4,,,,CUDA error: an illegal memory access was encountered
group1,32,64,2048,4096,4,16,8,,,,skipped (pattern previously crashed)
group1,32,64,2048,4096,4,16,16,,,,skipped (pattern previously crashed)
group1,32,64,2048,4096,4,16,32,,,,skipped (pattern previously crashed)
group1,32,64,2048,4096,4,16,64,,,,skipped (pattern previously crashed)
group1,32,64,2048,4096,4,16,128,,,,skipped (pattern previously crashed)
group1,32,64,2048,4096,4,16,256,,,,skipped (pattern previously crashed)
group1,32,64,2048,4096,4,16,512,,,,skipped (pattern previously crashed)
group1,32,64,2048,4096,4,16,1024,,,,skipped (pattern previously crashed)
group1,32,64,2048,4096,4,16,2048,,,,skipped (pattern previously crashed)
group1,32,64,2048,4096,4,16,4096,,,,skipped (pattern previously crashed)
group1,32,64,2048,4096,8,8,2,,,0.084242,
group1,32,64,2048,4096,8,8,4,,,0.084458,
group1,32,64,2048,4096,8,8,8,,,0.084075,
group1,32,64,2048,4096,8,8,16,,,0.084857,
group1,32,64,2048,4096,8,8,32,,,0.084530,
group1,32,64,2048,4096,8,8,64,,,0.084379,
group1,32,64,2048,4096,8,8,128,,,,CUDA error: an illegal memory access was encountered
group1,32,64,2048,4096,8,8,256,,,,skipped (pattern previously crashed)
group1,32,64,2048,4096,8,8,512,,,,skipped (pattern previously crashed)
group1,32,64,2048,4096,8,8,1024,,,,skipped (pattern previously crashed)
group1,32,64,2048,4096,8,8,2048,,,,skipped (pattern previously crashed)
group1,32,64,2048,4096,8,8,4096,,,,skipped (pattern previously crashed)
group1,32,64,2048,4096,16,4,2,,,0.083476,
group1,32,64,2048,4096,16,4,4,,,,CUDA error: an illegal memory access was encountered
group1,32,64,2048,4096,16,4,8,,,,skipped (pattern previously crashed)
group1,32,64,2048,4096,16,4,16,,,,skipped (pattern previously crashed)
group1,32,64,2048,4096,16,4,32,,,,skipped (pattern previously crashed)
group1,32,64,2048,4096,16,4,64,,,,skipped (pattern previously crashed)
group1,32,64,2048,4096,16,4,128,,,,skipped (pattern previously crashed)
group1,32,64,2048,4096,16,4,256,,,,skipped (pattern previously crashed)
group1,32,64,2048,4096,16,4,512,,,,skipped (pattern previously crashed)
group1,32,64,2048,4096,16,4,1024,,,,skipped (pattern previously crashed)
group1,32,64,2048,4096,16,4,2048,,,,skipped (pattern previously crashed)
group1,32,64,2048,4096,16,4,4096,,,,skipped (pattern previously crashed)
group1,32,64,2048,4096,32,2,2,,,0.084569,
group1,32,64,2048,4096,32,2,4,,,0.084482,
group1,32,64,2048,4096,32,2,8,,,0.084213,
group1,32,64,2048,4096,32,2,16,,,0.084484,
group1,32,64,2048,4096,32,2,32,,,0.084215,
group1,32,64,2048,4096,32,2,64,,,0.084060,
group1,32,64,2048,4096,32,2,128,,,,CUDA error: an illegal memory access was encountered
group1,32,64,2048,4096,32,2,256,,,,skipped (pattern previously crashed)
group1,32,64,2048,4096,32,2,512,,,,skipped (pattern previously crashed)
group1,32,64,2048,4096,32,2,1024,,,,skipped (pattern previously crashed)
group1,32,64,2048,4096,32,2,2048,,,,skipped (pattern previously crashed)
group1,32,64,2048,4096,32,2,4096,,,,skipped (pattern previously crashed)
group1,32,64,2048,4096,64,1,2,,,0.083528,
group1,32,64,2048,4096,64,1,4,,,,CUDA error: an illegal memory access was encountered
group1,32,64,2048,4096,64,1,8,,,,skipped (pattern previously crashed)
group1,32,64,2048,4096,64,1,16,,,,skipped (pattern previously crashed)
group1,32,64,2048,4096,64,1,32,,,,skipped (pattern previously crashed)
group1,32,64,2048,4096,64,1,64,,,,skipped (pattern previously crashed)
group1,32,64,2048,4096,64,1,128,,,,skipped (pattern previously crashed)
group1,32,64,2048,4096,64,1,256,,,,skipped (pattern previously crashed)
group1,32,64,2048,4096,64,1,512,,,,skipped (pattern previously crashed)
group1,32,64,2048,4096,64,1,1024,,,,skipped (pattern previously crashed)
group1,32,64,2048,4096,64,1,2048,,,,skipped (pattern previously crashed)
group1,32,64,2048,4096,64,1,4096,,,,skipped (pattern previously crashed)
group1,64,8,4096,512,1,64,2,,,0.083469,
group1,64,8,4096,512,1,64,4,,,0.083267,
group1,64,8,4096,512,1,64,8,,,0.083293,
group1,64,8,4096,512,1,64,16,,,0.083148,
group1,64,8,4096,512,1,64,32,,,0.082971,
group1,64,8,4096,512,1,64,64,,,0.083581,
group1,64,8,4096,512,1,64,128,,,,CUDA error: an illegal memory access was encountered
group1,64,8,4096,512,1,64,256,,,,skipped (pattern previously crashed)
group1,64,8,4096,512,1,64,512,,,,skipped (pattern previously crashed)
group1,64,8,4096,512,1,64,1024,,,,skipped (pattern previously crashed)
group1,64,8,4096,512,1,64,2048,,,,skipped (pattern previously crashed)
group1,64,8,4096,512,1,64,4096,,,,skipped (pattern previously crashed)
group1,64,8,4096,512,2,32,2,,,0.084703,
group1,64,8,4096,512,2,32,4,,,0.085238,
group1,64,8,4096,512,2,32,8,,,0.084634,
group1,64,8,4096,512,2,32,16,,,0.085271,
group1,64,8,4096,512,2,32,32,,,0.084785,
group1,64,8,4096,512,2,32,64,,,0.084966,
group1,64,8,4096,512,2,32,128,,,,CUDA error: an illegal memory access was encountered
group1,64,8,4096,512,2,32,256,,,,skipped (pattern previously crashed)
group1,64,8,4096,512,2,32,512,,,,skipped (pattern previously crashed)
group1,64,8,4096,512,2,32,1024,,,,skipped (pattern previously crashed)
group1,64,8,4096,512,2,32,2048,,,,skipped (pattern previously crashed)
group1,64,8,4096,512,2,32,4096,,,,skipped (pattern previously crashed)
group1,64,8,4096,512,4,16,2,,,0.083680,
group1,64,8,4096,512,4,16,4,,,0.083800,
group1,64,8,4096,512,4,16,8,,,0.083164,
group1,64,8,4096,512,4,16,16,,,0.083101,
group1,64,8,4096,512,4,16,32,,,0.083331,
group1,64,8,4096,512,4,16,64,,,0.083517,
group1,64,8,4096,512,4,16,128,,,,CUDA error: an illegal memory access was encountered
group1,64,8,4096,512,4,16,256,,,,skipped (pattern previously crashed)
group1,64,8,4096,512,4,16,512,,,,skipped (pattern previously crashed)
group1,64,8,4096,512,4,16,1024,,,,skipped (pattern previously crashed)
group1,64,8,4096,512,4,16,2048,,,,skipped (pattern previously crashed)
group1,64,8,4096,512,4,16,4096,,,,skipped (pattern previously crashed)
group1,64,8,4096,512,8,8,2,,,0.083097,
group1,64,8,4096,512,8,8,4,,,0.083387,
group1,64,8,4096,512,8,8,8,,,0.083695,
group1,64,8,4096,512,8,8,16,,,0.083318,
group1,64,8,4096,512,8,8,32,,,0.083429,
group1,64,8,4096,512,8,8,64,,,0.083834,
group1,64,8,4096,512,8,8,128,,,,CUDA error: an illegal memory access was encountered
group1,64,8,4096,512,8,8,256,,,,skipped (pattern previously crashed)
group1,64,8,4096,512,8,8,512,,,,skipped (pattern previously crashed)
group1,64,8,4096,512,8,8,1024,,,,skipped (pattern previously crashed)
group1,64,8,4096,512,8,8,2048,,,,skipped (pattern previously crashed)
group1,64,8,4096,512,8,8,4096,,,,skipped (pattern previously crashed)
group1,64,8,4096,512,16,4,2,,,0.092964,
group1,64,8,4096,512,16,4,4,,,0.093196,
group1,64,8,4096,512,16,4,8,,,0.093172,
group1,64,8,4096,512,16,4,16,,,0.092873,
group1,64,8,4096,512,16,4,32,,,0.092733,
group1,64,8,4096,512,16,4,64,,,0.093136,
group1,64,8,4096,512,16,4,128,,,,CUDA error: an illegal memory access was encountered
group1,64,8,4096,512,16,4,256,,,,skipped (pattern previously crashed)
group1,64,8,4096,512,16,4,512,,,,skipped (pattern previously crashed)
group1,64,8,4096,512,16,4,1024,,,,skipped (pattern previously crashed)
group1,64,8,4096,512,16,4,2048,,,,skipped (pattern previously crashed)
group1,64,8,4096,512,16,4,4096,,,,skipped (pattern previously crashed)
group1,64,8,4096,512,32,2,2,,,0.084091,
group1,64,8,4096,512,32,2,4,,,0.084806,
group1,64,8,4096,512,32,2,8,,,0.084559,
group1,64,8,4096,512,32,2,16,,,0.084752,
group1,64,8,4096,512,32,2,32,,,0.083870,
group1,64,8,4096,512,32,2,64,,,0.084818,
group1,64,8,4096,512,32,2,128,,,,CUDA error: an illegal memory access was encountered
group1,64,8,4096,512,32,2,256,,,,skipped (pattern previously crashed)
group1,64,8,4096,512,32,2,512,,,,skipped (pattern previously crashed)
group1,64,8,4096,512,32,2,1024,,,,skipped (pattern previously crashed)
group1,64,8,4096,512,32,2,2048,,,,skipped (pattern previously crashed)
group1,64,8,4096,512,32,2,4096,,,,skipped (pattern previously crashed)
group1,64,8,4096,512,64,1,2,,,0.082597,
group1,64,8,4096,512,64,1,4,,,0.083328,
group1,64,8,4096,512,64,1,8,,,0.082867,
group1,64,8,4096,512,64,1,16,,,0.082704,
group1,64,8,4096,512,64,1,32,,,0.082225,
group1,64,8,4096,512,64,1,64,,,0.082633,
group1,64,8,4096,512,64,1,128,,,,CUDA error: an illegal memory access was encountered
group1,64,8,4096,512,64,1,256,,,,skipped (pattern previously crashed)
group1,64,8,4096,512,64,1,512,,,,skipped (pattern previously crashed)
group1,64,8,4096,512,64,1,1024,,,,skipped (pattern previously crashed)
group1,64,8,4096,512,64,1,2048,,,,skipped (pattern previously crashed)
group1,64,8,4096,512,64,1,4096,,,,skipped (pattern previously crashed)
group1,64,16,2048,512,1,32,2,,,0.084716,
group1,64,16,2048,512,1,32,4,,,0.084560,
group1,64,16,2048,512,1,32,8,,,0.084206,
group1,64,16,2048,512,1,32,16,,,0.084379,
group1,64,16,2048,512,1,32,32,,,0.084498,
group1,64,16,2048,512,1,32,64,,,0.084124,
group1,64,16,2048,512,1,32,128,,,0.084048,
group1,64,16,2048,512,1,32,256,,,0.083446,
group1,64,16,2048,512,1,32,512,,,0.084428,
group1,64,16,2048,512,1,32,1024,,,0.084694,
group1,64,16,2048,512,1,32,2048,,,0.129122,
group1,64,16,2048,512,1,32,4096,,,0.256223,
group1,64,16,2048,512,2,16,2,,,,CUDA error: an illegal memory access was encountered
group1,64,16,2048,512,2,16,4,,,,skipped (pattern previously crashed)
group1,64,16,2048,512,2,16,8,,,,skipped (pattern previously crashed)
group1,64,16,2048,512,2,16,16,,,,skipped (pattern previously crashed)
group1,64,16,2048,512,2,16,32,,,,skipped (pattern previously crashed)
group1,64,16,2048,512,2,16,64,,,,skipped (pattern previously crashed)
group1,64,16,2048,512,2,16,128,,,,skipped (pattern previously crashed)
group1,64,16,2048,512,2,16,256,,,,skipped (pattern previously crashed)
group1,64,16,2048,512,2,16,512,,,,skipped (pattern previously crashed)
group1,64,16,2048,512,2,16,1024,,,,skipped (pattern previously crashed)
group1,64,16,2048,512,2,16,2048,,,,skipped (pattern previously crashed)
group1,64,16,2048,512,2,16,4096,,,,skipped (pattern previously crashed)
group1,64,16,2048,512,4,8,2,,,0.083508,
group1,64,16,2048,512,4,8,4,,,0.083728,
group1,64,16,2048,512,4,8,8,,,0.083345,
group1,64,16,2048,512,4,8,16,,,0.083401,
group1,64,16,2048,512,4,8,32,,,0.083104,
group1,64,16,2048,512,4,8,64,,,0.083478,
group1,64,16,2048,512,4,8,128,,,0.083052,
group1,64,16,2048,512,4,8,256,,,0.082978,
group1,64,16,2048,512,4,8,512,,,0.082969,
group1,64,16,2048,512,4,8,1024,,,0.086444,
group1,64,16,2048,512,4,8,2048,,,0.141426,
group1,64,16,2048,512,4,8,4096,,,0.269470,
group1,64,16,2048,512,8,4,2,,,,CUDA error: an illegal memory access was encountered
group1,64,16,2048,512,8,4,4,,,,skipped (pattern previously crashed)
group1,64,16,2048,512,8,4,8,,,,skipped (pattern previously crashed)
group1,64,16,2048,512,8,4,16,,,,skipped (pattern previously crashed)
group1,64,16,2048,512,8,4,32,,,,skipped (pattern previously crashed)
group1,64,16,2048,512,8,4,64,,,,skipped (pattern previously crashed)
group1,64,16,2048,512,8,4,128,,,,skipped (pattern previously crashed)
group1,64,16,2048,512,8,4,256,,,,skipped (pattern previously crashed)
group1,64,16,2048,512,8,4,512,,,,skipped (pattern previously crashed)
group1,64,16,2048,512,8,4,1024,,,,skipped (pattern previously crashed)
group1,64,16,2048,512,8,4,2048,,,,skipped (pattern previously crashed)
group1,64,16,2048,512,8,4,4096,,,,skipped (pattern previously crashed)
group1,64,16,2048,512,16,2,2,,,0.090126,
group1,64,16,2048,512,16,2,4,,,0.090152,
group1,64,16,2048,512,16,2,8,,,0.089970,
group1,64,16,2048,512,16,2,16,,,0.090730,
group1,64,16,2048,512,16,2,32,,,0.090935,
group1,64,16,2048,512,16,2,64,,,0.090558,
group1,64,16,2048,512,16,2,128,,,0.090258,
group1,64,16,2048,512,16,2,256,,,0.089718,
group1,64,16,2048,512,16,2,512,,,0.090147,
group1,64,16,2048,512,16,2,1024,,,0.090408,
group1,64,16,2048,512,16,2,2048,,,0.108538,
group1,64,16,2048,512,16,2,4096,,,0.204701,
group1,64,16,2048,512,32,1,2,,,,CUDA error: an illegal memory access was encountered
group1,64,16,2048,512,32,1,4,,,,skipped (pattern previously crashed)
group1,64,16,2048,512,32,1,8,,,,skipped (pattern previously crashed)
group1,64,16,2048,512,32,1,16,,,,skipped (pattern previously crashed)
group1,64,16,2048,512,32,1,32,,,,skipped (pattern previously crashed)
group1,64,16,2048,512,32,1,64,,,,skipped (pattern previously crashed)
group1,64,16,2048,512,32,1,128,,,,skipped (pattern previously crashed)
group1,64,16,2048,512,32,1,256,,,,skipped (pattern previously crashed)
group1,64,16,2048,512,32,1,512,,,,skipped (pattern previously crashed)
group1,64,16,2048,512,32,1,1024,,,,skipped (pattern previously crashed)
group1,64,16,2048,512,32,1,2048,,,,skipped (pattern previously crashed)
group1,64,16,2048,512,32,1,4096,,,,skipped (pattern previously crashed)
group1,64,16,4096,1024,1,64,2,,,0.090852,
group1,64,16,4096,1024,1,64,4,,,0.090463,
group1,64,16,4096,1024,1,64,8,,,0.090507,
group1,64,16,4096,1024,1,64,16,,,0.090485,
group1,64,16,4096,1024,1,64,32,,,0.090611,
group1,64,16,4096,1024,1,64,64,,,0.090779,
group1,64,16,4096,1024,1,64,128,,,,CUDA error: an illegal memory access was encountered
group1,64,16,4096,1024,1,64,256,,,,skipped (pattern previously crashed)
group1,64,16,4096,1024,1,64,512,,,,skipped (pattern previously crashed)
group1,64,16,4096,1024,1,64,1024,,,,skipped (pattern previously crashed)
group1,64,16,4096,1024,1,64,2048,,,,skipped (pattern previously crashed)
group1,64,16,4096,1024,1,64,4096,,,,skipped (pattern previously crashed)
group1,64,16,4096,1024,2,32,2,,,0.082467,
group1,64,16,4096,1024,2,32,4,,,0.082836,
group1,64,16,4096,1024,2,32,8,,,0.082873,
group1,64,16,4096,1024,2,32,16,,,0.083162,
group1,64,16,4096,1024,2,32,32,,,0.082993,
group1,64,16,4096,1024,2,32,64,,,0.082750,
group1,64,16,4096,1024,2,32,128,,,,CUDA error: an illegal memory access was encountered
group1,64,16,4096,1024,2,32,256,,,,skipped (pattern previously crashed)
group1,64,16,4096,1024,2,32,512,,,,skipped (pattern previously crashed)
group1,64,16,4096,1024,2,32,1024,,,,skipped (pattern previously crashed)
group1,64,16,4096,1024,2,32,2048,,,,skipped (pattern previously crashed)
group1,64,16,4096,1024,2,32,4096,,,,skipped (pattern previously crashed)
group1,64,16,4096,1024,4,16,2,,,0.081477,
group1,64,16,4096,1024,4,16,4,,,0.081509,
group1,64,16,4096,1024,4,16,8,,,0.081517,
group1,64,16,4096,1024,4,16,16,,,0.081710,
group1,64,16,4096,1024,4,16,32,,,0.081712,
group1,64,16,4096,1024,4,16,64,,,0.081797,
group1,64,16,4096,1024,4,16,128,,,,CUDA error: an illegal memory access was encountered
group1,64,16,4096,1024,4,16,256,,,,skipped (pattern previously crashed)
group1,64,16,4096,1024,4,16,512,,,,skipped (pattern previously crashed)
group1,64,16,4096,1024,4,16,1024,,,,skipped (pattern previously crashed)
group1,64,16,4096,1024,4,16,2048,,,,skipped (pattern previously crashed)
group1,64,16,4096,1024,4,16,4096,,,,skipped (pattern previously crashed)
group1,64,16,4096,1024,8,8,2,,,0.080904,
group1,64,16,4096,1024,8,8,4,,,0.080838,
group1,64,16,4096,1024,8,8,8,,,0.080823,
group1,64,16,4096,1024,8,8,16,,,0.081392,
group1,64,16,4096,1024,8,8,32,,,0.080707,
group1,64,16,4096,1024,8,8,64,,,0.080794,
group1,64,16,4096,1024,8,8,128,,,,CUDA error: an illegal memory access was encountered
group1,64,16,4096,1024,8,8,256,,,,skipped (pattern previously crashed)
group1,64,16,4096,1024,8,8,512,,,,skipped (pattern previously crashed)
group1,64,16,4096,1024,8,8,1024,,,,skipped (pattern previously crashed)
group1,64,16,4096,1024,8,8,2048,,,,skipped (pattern previously crashed)
group1,64,16,4096,1024,8,8,4096,,,,skipped (pattern previously crashed)
group1,64,16,4096,1024,16,4,2,,,0.080662,
group1,64,16,4096,1024,16,4,4,,,0.080761,
group1,64,16,4096,1024,16,4,8,,,0.081011,
group1,64,16,4096,1024,16,4,16,,,0.080726,
group1,64,16,4096,1024,16,4,32,,,0.080952,
group1,64,16,4096,1024,16,4,64,,,0.080419,
group1,64,16,4096,1024,16,4,128,,,,CUDA error: an illegal memory access was encountered
group1,64,16,4096,1024,16,4,256,,,,skipped (pattern previously crashed)
group1,64,16,4096,1024,16,4,512,,,,skipped (pattern previously crashed)
group1,64,16,4096,1024,16,4,1024,,,,skipped (pattern previously crashed)
group1,64,16,4096,1024,16,4,2048,,,,skipped (pattern previously crashed)
group1,64,16,4096,1024,16,4,4096,,,,skipped (pattern previously crashed)
group1,64,16,4096,1024,32,2,2,,,0.082587,
group1,64,16,4096,1024,32,2,4,,,0.083393,
group1,64,16,4096,1024,32,2,8,,,0.082959,
group1,64,16,4096,1024,32,2,16,,,0.083479,
group1,64,16,4096,1024,32,2,32,,,0.082700,
group1,64,16,4096,1024,32,2,64,,,0.083037,
group1,64,16,4096,1024,32,2,128,,,,CUDA error: an illegal memory access was encountered
group1,64,16,4096,1024,32,2,256,,,,skipped (pattern previously crashed)
group1,64,16,4096,1024,32,2,512,,,,skipped (pattern previously crashed)
group1,64,16,4096,1024,32,2,1024,,,,skipped (pattern previously crashed)
group1,64,16,4096,1024,32,2,2048,,,,skipped (pattern previously crashed)
group1,64,16,4096,1024,32,2,4096,,,,skipped (pattern previously crashed)
group1,64,16,4096,1024,64,1,2,,,0.080623,
group1,64,16,4096,1024,64,1,4,,,0.081267,
group1,64,16,4096,1024,64,1,8,,,0.081478,
group1,64,16,4096,1024,64,1,16,,,0.081749,
group1,64,16,4096,1024,64,1,32,,,0.081289,
group1,64,16,4096,1024,64,1,64,,,0.080966,
group1,64,16,4096,1024,64,1,128,,,,CUDA error: an illegal memory access was encountered
group1,64,16,4096,1024,64,1,256,,,,skipped (pattern previously crashed)
group1,64,16,4096,1024,64,1,512,,,,skipped (pattern previously crashed)
group1,64,16,4096,1024,64,1,1024,,,,skipped (pattern previously crashed)
group1,64,16,4096,1024,64,1,2048,,,,skipped (pattern previously crashed)
group1,64,16,4096,1024,64,1,4096,,,,skipped (pattern previously crashed)
group1,64,32,1024,512,1,16,2,,,0.079754,
group1,64,32,1024,512,1,16,4,,,0.079702,
group1,64,32,1024,512,1,16,8,,,0.080079,
group1,64,32,1024,512,1,16,16,,,0.079321,
group1,64,32,1024,512,1,16,32,,,0.079503,
group1,64,32,1024,512,1,16,64,,,0.079594,
group1,64,32,1024,512,1,16,128,,,0.079612,
group1,64,32,1024,512,1,16,256,,,0.079448,
group1,64,32,1024,512,1,16,512,,,0.079517,
group1,64,32,1024,512,1,16,1024,,,0.079450,
group1,64,32,1024,512,1,16,2048,,,0.103048,
group1,64,32,1024,512,1,16,4096,,,0.162480,
group1,64,32,1024,512,2,8,2,,,0.079250,
group1,64,32,1024,512,2,8,4,,,0.079649,
group1,64,32,1024,512,2,8,8,,,0.079664,
group1,64,32,1024,512,2,8,16,,,0.079098,
group1,64,32,1024,512,2,8,32,,,0.079519,
group1,64,32,1024,512,2,8,64,,,0.079737,
group1,64,32,1024,512,2,8,128,,,0.079555,
group1,64,32,1024,512,2,8,256,,,0.079642,
group1,64,32,1024,512,2,8,512,,,0.079508,
group1,64,32,1024,512,2,8,1024,,,0.079476,
group1,64,32,1024,512,2,8,2048,,,0.100482,
group1,64,32,1024,512,2,8,4096,,,0.163073,
group1,64,32,1024,512,4,4,2,,,0.079139,
group1,64,32,1024,512,4,4,4,,,0.079193,
group1,64,32,1024,512,4,4,8,,,0.079298,
group1,64,32,1024,512,4,4,16,,,0.079678,
group1,64,32,1024,512,4,4,32,,,0.079570,
group1,64,32,1024,512,4,4,64,,,0.079605,
group1,64,32,1024,512,4,4,128,,,0.079471,
group1,64,32,1024,512,4,4,256,,,0.079486,
group1,64,32,1024,512,4,4,512,,,0.079119,
group1,64,32,1024,512,4,4,1024,,,0.079452,
group1,64,32,1024,512,4,4,2048,,,0.100513,
group1,64,32,1024,512,4,4,4096,,,0.161367,
group1,64,32,1024,512,8,2,2,,,0.079291,
group1,64,32,1024,512,8,2,4,,,0.079317,
group1,64,32,1024,512,8,2,8,,,0.079066,
group1,64,32,1024,512,8,2,16,,,0.079675,
group1,64,32,1024,512,8,2,32,,,0.079533,
group1,64,32,1024,512,8,2,64,,,0.079719,
group1,64,32,1024,512,8,2,128,,,0.079540,
group1,64,32,1024,512,8,2,256,,,0.079327,
group1,64,32,1024,512,8,2,512,,,0.079024,
group1,64,32,1024,512,8,2,1024,,,0.079214,
group1,64,32,1024,512,8,2,2048,,,0.079655,
group1,64,32,1024,512,8,2,4096,,,0.130034,
group1,64,32,1024,512,16,1,2,,,0.079619,
group1,64,32,1024,512,16,1,4,,,0.079127,
group1,64,32,1024,512,16,1,8,,,0.079022,
group1,64,32,1024,512,16,1,16,,,0.079177,
group1,64,32,1024,512,16,1,32,,,0.079643,
group1,64,32,1024,512,16,1,64,,,0.079408,
group1,64,32,1024,512,16,1,128,,,0.079319,
group1,64,32,1024,512,16,1,256,,,0.079794,
group1,64,32,1024,512,16,1,512,,,0.078888,
group1,64,32,1024,512,16,1,1024,,,0.079217,
group1,64,32,1024,512,16,1,2048,,,0.079224,
group1,64,32,1024,512,16,1,4096,,,0.100443,
group1,64,32,2048,1024,1,32,2,,,0.079378,
group1,64,32,2048,1024,1,32,4,,,0.079106,
group1,64,32,2048,1024,1,32,8,,,0.078673,
group1,64,32,2048,1024,1,32,16,,,0.079177,
group1,64,32,2048,1024,1,32,32,,,0.079243,
group1,64,32,2048,1024,1,32,64,,,0.078901,
group1,64,32,2048,1024,1,32,128,,,0.079392,
group1,64,32,2048,1024,1,32,256,,,0.078494,
group1,64,32,2048,1024,1,32,512,,,0.078772,
group1,64,32,2048,1024,1,32,1024,,,0.100826,
group1,64,32,2048,1024,1,32,2048,,,0.151276,
group1,64,32,2048,1024,1,32,4096,,,0.332542,
group1,64,32,2048,1024,2,16,2,,,0.078954,
group1,64,32,2048,1024,2,16,4,,,0.079074,
group1,64,32,2048,1024,2,16,8,,,0.078950,
group1,64,32,2048,1024,2,16,16,,,0.079013,
group1,64,32,2048,1024,2,16,32,,,0.078523,
group1,64,32,2048,1024,2,16,64,,,0.078811,
group1,64,32,2048,1024,2,16,128,,,0.078620,
group1,64,32,2048,1024,2,16,256,,,0.078652,
group1,64,32,2048,1024,2,16,512,,,0.078950,
group1,64,32,2048,1024,2,16,1024,,,0.101924,
group1,64,32,2048,1024,2,16,2048,,,0.158099,
group1,64,32,2048,1024,2,16,4096,,,0.335977,
group1,64,32,2048,1024,4,8,2,,,0.078732,
group1,64,32,2048,1024,4,8,4,,,0.078821,
group1,64,32,2048,1024,4,8,8,,,0.078939,
group1,64,32,2048,1024,4,8,16,,,0.078544,
group1,64,32,2048,1024,4,8,32,,,0.078257,
group1,64,32,2048,1024,4,8,64,,,0.078842,
group1,64,32,2048,1024,4,8,128,,,0.078643,
group1,64,32,2048,1024,4,8,256,,,0.078393,
group1,64,32,2048,1024,4,8,512,,,0.078706,
group1,64,32,2048,1024,4,8,1024,,,0.101043,
group1,64,32,2048,1024,4,8,2048,,,0.163035,
group1,64,32,2048,1024,4,8,4096,,,0.341412,
group1,64,32,2048,1024,8,4,2,,,0.078447,
group1,64,32,2048,1024,8,4,4,,,0.078498,
group1,64,32,2048,1024,8,4,8,,,0.078733,
group1,64,32,2048,1024,8,4,16,,,0.078958,
group1,64,32,2048,1024,8,4,32,,,0.078275,
group1,64,32,2048,1024,8,4,64,,,0.078757,
group1,64,32,2048,1024,8,4,128,,,0.078587,
group1,64,32,2048,1024,8,4,256,,,0.078552,
group1,64,32,2048,1024,8,4,512,,,0.078888,
group1,64,32,2048,1024,8,4,1024,,,0.101613,
group1,64,32,2048,1024,8,4,2048,,,0.160834,
group1,64,32,2048,1024,8,4,4096,,,0.333205,
group1,64,32,2048,1024,16,2,2,,,0.078315,
group1,64,32,2048,1024,16,2,4,,,0.078239,
group1,64,32,2048,1024,16,2,8,,,0.078506,
group1,64,32,2048,1024,16,2,16,,,0.078364,
group1,64,32,2048,1024,16,2,32,,,0.077994,
group1,64,32,2048,1024,16,2,64,,,0.078307,
group1,64,32,2048,1024,16,2,128,,,0.078175,
group1,64,32,2048,1024,16,2,256,,,0.078240,
group1,64,32,2048,1024,16,2,512,,,0.078989,
group1,64,32,2048,1024,16,2,1024,,,0.079742,
group1,64,32,2048,1024,16,2,2048,,,0.130396,
group1,64,32,2048,1024,16,2,4096,,,0.264355,
group1,64,32,2048,1024,32,1,2,,,0.078340,
group1,64,32,2048,1024,32,1,4,,,0.078105,
group1,64,32,2048,1024,32,1,8,,,0.078216,
group1,64,32,2048,1024,32,1,16,,,0.078128,
group1,64,32,2048,1024,32,1,32,,,0.077732,
group1,64,32,2048,1024,32,1,64,,,0.078057,
group1,64,32,2048,1024,32,1,128,,,0.078291,
group1,64,32,2048,1024,32,1,256,,,0.078087,
group1,64,32,2048,1024,32,1,512,,,0.078362,
group1,64,32,2048,1024,32,1,1024,,,0.078439,
group1,64,32,2048,1024,32,1,2048,,,0.102020,
group1,64,32,2048,1024,32,1,4096,,,0.225175,
group1,64,32,4096,2048,1,64,2,,,0.077936,
group1,64,32,4096,2048,1,64,4,,,0.077848,
group1,64,32,4096,2048,1,64,8,,,0.077919,
group1,64,32,4096,2048,1,64,16,,,0.077975,
group1,64,32,4096,2048,1,64,32,,,0.078070,
group1,64,32,4096,2048,1,64,64,,,0.078370,
group1,64,32,4096,2048,1,64,128,,,,CUDA error: an illegal memory access was encountered
group1,64,32,4096,2048,1,64,256,,,,skipped (pattern previously crashed)
group1,64,32,4096,2048,1,64,512,,,,skipped (pattern previously crashed)
group1,64,32,4096,2048,1,64,1024,,,,skipped (pattern previously crashed)
group1,64,32,4096,2048,1,64,2048,,,,skipped (pattern previously crashed)
group1,64,32,4096,2048,1,64,4096,,,,skipped (pattern previously crashed)
group1,64,32,4096,2048,2,32,2,,,0.080312,
group1,64,32,4096,2048,2,32,4,,,0.080338,
group1,64,32,4096,2048,2,32,8,,,0.080179,
group1,64,32,4096,2048,2,32,16,,,0.079629,
group1,64,32,4096,2048,2,32,32,,,0.079460,
group1,64,32,4096,2048,2,32,64,,,0.079522,
group1,64,32,4096,2048,2,32,128,,,,CUDA error: an illegal memory access was encountered
group1,64,32,4096,2048,2,32,256,,,,skipped (pattern previously crashed)
group1,64,32,4096,2048,2,32,512,,,,skipped (pattern previously crashed)
group1,64,32,4096,2048,2,32,1024,,,,skipped (pattern previously crashed)
group1,64,32,4096,2048,2,32,2048,,,,skipped (pattern previously crashed)
group1,64,32,4096,2048,2,32,4096,,,,skipped (pattern previously crashed)
group1,64,32,4096,2048,4,16,2,,,0.079166,
group1,64,32,4096,2048,4,16,4,,,0.079486,
group1,64,32,4096,2048,4,16,8,,,0.079164,
group1,64,32,4096,2048,4,16,16,,,0.078600,
group1,64,32,4096,2048,4,16,32,,,0.078521,
group1,64,32,4096,2048,4,16,64,,,0.078528,
group1,64,32,4096,2048,4,16,128,,,,CUDA error: an illegal memory access was encountered
group1,64,32,4096,2048,4,16,256,,,,skipped (pattern previously crashed)
group1,64,32,4096,2048,4,16,512,,,,skipped (pattern previously crashed)
group1,64,32,4096,2048,4,16,1024,,,,skipped (pattern previously crashed)
group1,64,32,4096,2048,4,16,2048,,,,skipped (pattern previously crashed)
group1,64,32,4096,2048,4,16,4096,,,,skipped (pattern previously crashed)
group1,64,32,4096,2048,8,8,2,,,0.077986,
group1,64,32,4096,2048,8,8,4,,,0.078006,
group1,64,32,4096,2048,8,8,8,,,0.078251,
group1,64,32,4096,2048,8,8,16,,,0.077517,
group1,64,32,4096,2048,8,8,32,,,0.077605,
group1,64,32,4096,2048,8,8,64,,,0.078010,
group1,64,32,4096,2048,8,8,128,,,,CUDA error: an illegal memory access was encountered
group1,64,32,4096,2048,8,8,256,,,,skipped (pattern previously crashed)
group1,64,32,4096,2048,8,8,512,,,,skipped (pattern previously crashed)
group1,64,32,4096,2048,8,8,1024,,,,skipped (pattern previously crashed)
group1,64,32,4096,2048,8,8,2048,,,,skipped (pattern previously crashed)
group1,64,32,4096,2048,8,8,4096,,,,skipped (pattern previously crashed)
group1,64,32,4096,2048,16,4,2,,,0.079561,
group1,64,32,4096,2048,16,4,4,,,0.079605,
group1,64,32,4096,2048,16,4,8,,,0.079425,
group1,64,32,4096,2048,16,4,16,,,0.078921,
group1,64,32,4096,2048,16,4,32,,,0.079173,
group1,64,32,4096,2048,16,4,64,,,0.079343,
group1,64,32,4096,2048,16,4,128,,,,CUDA error: an illegal memory access was encountered
group1,64,32,4096,2048,16,4,256,,,,skipped (pattern previously crashed)
group1,64,32,4096,2048,16,4,512,,,,skipped (pattern previously crashed)
group1,64,32,4096,2048,16,4,1024,,,,skipped (pattern previously crashed)
group1,64,32,4096,2048,16,4,2048,,,,skipped (pattern previously crashed)
group1,64,32,4096,2048,16,4,4096,,,,skipped (pattern previously crashed)
group1,64,32,4096,2048,32,2,2,,,0.079887,
group1,64,32,4096,2048,32,2,4,,,0.080638,
group1,64,32,4096,2048,32,2,8,,,0.080909,
group1,64,32,4096,2048,32,2,16,,,0.079521,
group1,64,32,4096,2048,32,2,32,,,0.080372,
group1,64,32,4096,2048,32,2,64,,,0.080531,
group1,64,32,4096,2048,32,2,128,,,,CUDA error: an illegal memory access was encountered
group1,64,32,4096,2048,32,2,256,,,,skipped (pattern previously crashed)
group1,64,32,4096,2048,32,2,512,,,,skipped (pattern previously crashed)
group1,64,32,4096,2048,32,2,1024,,,,skipped (pattern previously crashed)
group1,64,32,4096,2048,32,2,2048,,,,skipped (pattern previously crashed)
group1,64,32,4096,2048,32,2,4096,,,,skipped (pattern previously crashed)
group1,64,32,4096,2048,64,1,2,,,0.077148,
group1,64,32,4096,2048,64,1,4,,,0.077740,
group1,64,32,4096,2048,64,1,8,,,0.077404,
group1,64,32,4096,2048,64,1,16,,,0.076876,
group1,64,32,4096,2048,64,1,32,,,0.076891,
group1,64,32,4096,2048,64,1,64,,,0.077413,
group1,64,32,4096,2048,64,1,128,,,,CUDA error: an illegal memory access was encountered
group1,64,32,4096,2048,64,1,256,,,,skipped (pattern previously crashed)
group1,64,32,4096,2048,64,1,512,,,,skipped (pattern previously crashed)
group1,64,32,4096,2048,64,1,1024,,,,skipped (pattern previously crashed)
group1,64,32,4096,2048,64,1,2048,,,,skipped (pattern previously crashed)
group1,64,32,4096,2048,64,1,4096,,,,skipped (pattern previously crashed)
group1,64,64,512,512,1,8,2,,,0.086448,
group1,64,64,512,512,1,8,4,,,0.086847,
group1,64,64,512,512,1,8,8,,,0.086382,
group1,64,64,512,512,1,8,16,,,0.086875,
group1,64,64,512,512,1,8,32,,,0.086380,
group1,64,64,512,512,1,8,64,,,0.086551,
group1,64,64,512,512,1,8,128,,,0.086076,
group1,64,64,512,512,1,8,256,,,0.086482,
group1,64,64,512,512,1,8,512,,,0.086123,
group1,64,64,512,512,1,8,1024,,,0.086501,
group1,64,64,512,512,1,8,2048,,,0.086673,
group1,64,64,512,512,1,8,4096,,,0.126266,
group1,64,64,512,512,2,4,2,,,0.086184,
group1,64,64,512,512,2,4,4,,,0.086722,
group1,64,64,512,512,2,4,8,,,0.086113,
group1,64,64,512,512,2,4,16,,,0.086429,
group1,64,64,512,512,2,4,32,,,0.086067,
group1,64,64,512,512,2,4,64,,,0.086295,
group1,64,64,512,512,2,4,128,,,0.086317,
group1,64,64,512,512,2,4,256,,,0.086245,
group1,64,64,512,512,2,4,512,,,0.086429,
group1,64,64,512,512,2,4,1024,,,0.085964,
group1,64,64,512,512,2,4,2048,,,0.086039,
group1,64,64,512,512,2,4,4096,,,0.126911,
group1,64,64,512,512,4,2,2,,,0.085527,
group1,64,64,512,512,4,2,4,,,0.085507,
group1,64,64,512,512,4,2,8,,,0.085623,
group1,64,64,512,512,4,2,16,,,0.085980,
group1,64,64,512,512,4,2,32,,,0.085785,
group1,64,64,512,512,4,2,64,,,0.085999,
group1,64,64,512,512,4,2,128,,,0.085521,
group1,64,64,512,512,4,2,256,,,0.086365,
group1,64,64,512,512,4,2,512,,,0.086089,
group1,64,64,512,512,4,2,1024,,,0.085976,
group1,64,64,512,512,4,2,2048,,,0.085797,
group1,64,64,512,512,4,2,4096,,,0.102904,
group1,64,64,512,512,8,1,2,,,,CUDA error: an illegal memory access was encountered
group1,64,64,512,512,8,1,4,,,,skipped (pattern previously crashed)
group1,64,64,512,512,8,1,8,,,,skipped (pattern previously crashed)
group1,64,64,512,512,8,1,16,,,,skipped (pattern previously crashed)
group1,64,64,512,512,8,1,32,,,,skipped (pattern previously crashed)
group1,64,64,512,512,8,1,64,,,,skipped (pattern previously crashed)
group1,64,64,512,512,8,1,128,,,,skipped (pattern previously crashed)
group1,64,64,512,512,8,1,256,,,,skipped (pattern previously crashed)
group1,64,64,512,512,8,1,512,,,,skipped (pattern previously crashed)
group1,64,64,512,512,8,1,1024,,,,skipped (pattern previously crashed)
group1,64,64,512,512,8,1,2048,,,,skipped (pattern previously crashed)
group1,64,64,512,512,8,1,4096,,,,skipped (pattern previously crashed)
group1,64,64,1024,1024,1,16,2,,,0.076765,
group1,64,64,1024,1024,1,16,4,,,0.077240,
group1,64,64,1024,1024,1,16,8,,,0.077377,
group1,64,64,1024,1024,1,16,16,,,0.077428,
group1,64,64,1024,1024,1,16,32,,,0.077033,
group1,64,64,1024,1024,1,16,64,,,0.077065,
group1,64,64,1024,1024,1,16,128,,,0.076995,
group1,64,64,1024,1024,1,16,256,,,0.077321,
group1,64,64,1024,1024,1,16,512,,,0.077537,
group1,64,64,1024,1024,1,16,1024,,,0.077284,
group1,64,64,1024,1024,1,16,2048,,,0.129570,
group1,64,64,1024,1024,1,16,4096,,,0.199253,
group1,64,64,1024,1024,2,8,2,,,0.076681,
group1,64,64,1024,1024,2,8,4,,,0.076329,
group1,64,64,1024,1024,2,8,8,,,0.076622,
group1,64,64,1024,1024,2,8,16,,,0.076849,
group1,64,64,1024,1024,2,8,32,,,0.077188,
group1,64,64,1024,1024,2,8,64,,,0.076966,
group1,64,64,1024,1024,2,8,128,,,0.076392,
group1,64,64,1024,1024,2,8,256,,,0.077075,
group1,64,64,1024,1024,2,8,512,,,0.076668,
group1,64,64,1024,1024,2,8,1024,,,0.077138,
group1,64,64,1024,1024,2,8,2048,,,0.127031,
group1,64,64,1024,1024,2,8,4096,,,0.199719,
group1,64,64,1024,1024,4,4,2,,,,CUDA error: an illegal memory access was encountered
group1,64,64,1024,1024,4,4,4,,,,skipped (pattern previously crashed)
group1,64,64,1024,1024,4,4,8,,,,skipped (pattern previously crashed)
group1,64,64,1024,1024,4,4,16,,,,skipped (pattern previously crashed)
group1,64,64,1024,1024,4,4,32,,,,skipped (pattern previously crashed)
group1,64,64,1024,1024,4,4,64,,,,skipped (pattern previously crashed)
group1,64,64,1024,1024,4,4,128,,,,skipped (pattern previously crashed)
group1,64,64,1024,1024,4,4,256,,,,skipped (pattern previously crashed)
group1,64,64,1024,1024,4,4,512,,,,skipped (pattern previously crashed)
group1,64,64,1024,1024,4,4,1024,,,,skipped (pattern previously crashed)
group1,64,64,1024,1024,4,4,2048,,,,skipped (pattern previously crashed)
group1,64,64,1024,1024,4,4,4096,,,,skipped (pattern previously crashed)
group1,64,64,1024,1024,8,2,2,,,0.076478,
group1,64,64,1024,1024,8,2,4,,,0.077035,
group1,64,64,1024,1024,8,2,8,,,0.077135,
group1,64,64,1024,1024,8,2,16,,,0.076763,
group1,64,64,1024,1024,8,2,32,,,0.076689,
group1,64,64,1024,1024,8,2,64,,,0.076604,
group1,64,64,1024,1024,8,2,128,,,0.076653,
group1,64,64,1024,1024,8,2,256,,,0.076947,
group1,64,64,1024,1024,8,2,512,,,0.076904,
group1,64,64,1024,1024,8,2,1024,,,0.076790,
group1,64,64,1024,1024,8,2,2048,,,0.104800,
group1,64,64,1024,1024,8,2,4096,,,0.159128,
group1,64,64,1024,1024,16,1,2,,,0.076938,
group1,64,64,1024,1024,16,1,4,,,0.075894,
group1,64,64,1024,1024,16,1,8,,,0.076577,
group1,64,64,1024,1024,16,1,16,,,0.076784,
group1,64,64,1024,1024,16,1,32,,,0.076680,
group1,64,64,1024,1024,16,1,64,,,0.076660,
group1,64,64,1024,1024,16,1,128,,,0.076432,
group1,64,64,1024,1024,16,1,256,,,0.076564,
group1,64,64,1024,1024,16,1,512,,,0.076120,
group1,64,64,1024,1024,16,1,1024,,,0.076959,
group1,64,64,1024,1024,16,1,2048,,,0.101703,
group1,64,64,1024,1024,16,1,4096,,,0.125515,
group1,64,64,2048,2048,1,32,2,,,,CUDA error: an illegal memory access was encountered
group1,64,64,2048,2048,1,32,4,,,,skipped (pattern previously crashed)
group1,64,64,2048,2048,1,32,8,,,,skipped (pattern previously crashed)
group1,64,64,2048,2048,1,32,16,,,,skipped (pattern previously crashed)
group1,64,64,2048,2048,1,32,32,,,,skipped (pattern previously crashed)
group1,64,64,2048,2048,1,32,64,,,,skipped (pattern previously crashed)
group1,64,64,2048,2048,1,32,128,,,,skipped (pattern previously crashed)
group1,64,64,2048,2048,1,32,256,,,,skipped (pattern previously crashed)
group1,64,64,2048,2048,1,32,512,,,,skipped (pattern previously crashed)
group1,64,64,2048,2048,1,32,1024,,,,skipped (pattern previously crashed)
group1,64,64,2048,2048,1,32,2048,,,,skipped (pattern previously crashed)
group1,64,64,2048,2048,1,32,4096,,,,skipped (pattern previously crashed)
group1,64,64,2048,2048,2,16,2,,,0.077226,
group1,64,64,2048,2048,2,16,4,,,0.077169,
group1,64,64,2048,2048,2,16,8,,,0.077132,
group1,64,64,2048,2048,2,16,16,,,0.077042,
group1,64,64,2048,2048,2,16,32,,,0.077111,
group1,64,64,2048,2048,2,16,64,,,0.076971,
group1,64,64,2048,2048,2,16,128,,,0.077156,
group1,64,64,2048,2048,2,16,256,,,0.076459,
group1,64,64,2048,2048,2,16,512,,,0.077195,
group1,64,64,2048,2048,2,16,1024,,,0.130366,
group1,64,64,2048,2048,2,16,2048,,,0.200483,
group1,64,64,2048,2048,2,16,4096,,,0.412704,
group1,64,64,2048,2048,4,8,2,,,0.076541,
group1,64,64,2048,2048,4,8,4,,,0.076866,
group1,64,64,2048,2048,4,8,8,,,0.076487,
group1,64,64,2048,2048,4,8,16,,,0.076546,
group1,64,64,2048,2048,4,8,32,,,0.076616,
group1,64,64,2048,2048,4,8,64,,,0.076797,
group1,64,64,2048,2048,4,8,128,,,,CUDA error: an illegal memory access was encountered
group1,64,64,2048,2048,4,8,256,,,,skipped (pattern previously crashed)
group1,64,64,2048,2048,4,8,512,,,,skipped (pattern previously crashed)
group1,64,64,2048,2048,4,8,1024,,,,skipped (pattern previously crashed)
group1,64,64,2048,2048,4,8,2048,,,,skipped (pattern previously crashed)
group1,64,64,2048,2048,4,8,4096,,,,skipped (pattern previously crashed)
group1,64,64,2048,2048,8,4,2,,,0.075058,
group1,64,64,2048,2048,8,4,4,,,0.075528,
group1,64,64,2048,2048,8,4,8,,,0.075181,
group1,64,64,2048,2048,8,4,16,,,0.075368,
group1,64,64,2048,2048,8,4,32,,,0.074852,
group1,64,64,2048,2048,8,4,64,,,0.075239,
group1,64,64,2048,2048,8,4,128,,,0.075232,
group1,64,64,2048,2048,8,4,256,,,0.074690,
group1,64,64,2048,2048,8,4,512,,,0.074905,
group1,64,64,2048,2048,8,4,1024,,,0.125470,
group1,64,64,2048,2048,8,4,2048,,,0.198049,
group1,64,64,2048,2048,8,4,4096,,,0.409742,
group1,64,64,2048,2048,16,2,2,,,0.074846,
group1,64,64,2048,2048,16,2,4,,,0.074708,
group1,64,64,2048,2048,16,2,8,,,0.074872,
group1,64,64,2048,2048,16,2,16,,,0.074721,
group1,64,64,2048,2048,16,2,32,,,0.074562,
group1,64,64,2048,2048,16,2,64,,,0.074856,
group1,64,64,2048,2048,16,2,128,,,,CUDA error: an illegal memory access was encountered
group1,64,64,2048,2048,16,2,256,,,,skipped (pattern previously crashed)
group1,64,64,2048,2048,16,2,512,,,,skipped (pattern previously crashed)
group1,64,64,2048,2048,16,2,1024,,,,skipped (pattern previously crashed)
group1,64,64,2048,2048,16,2,2048,,,,skipped (pattern previously crashed)
group1,64,64,2048,2048,16,2,4096,,,,skipped (pattern previously crashed)
group1,64,64,2048,2048,32,1,2,,,0.075659,
group1,64,64,2048,2048,32,1,4,,,0.075973,
group1,64,64,2048,2048,32,1,8,,,0.076024,
group1,64,64,2048,2048,32,1,16,,,0.075866,
group1,64,64,2048,2048,32,1,32,,,0.075747,
group1,64,64,2048,2048,32,1,64,,,0.075764,
group1,64,64,2048,2048,32,1,128,,,0.075811,
group1,64,64,2048,2048,32,1,256,,,0.075262,
group1,64,64,2048,2048,32,1,512,,,0.075681,
group1,64,64,2048,2048,32,1,1024,,,0.101941,
group1,64,64,2048,2048,32,1,2048,,,0.126885,
group1,64,64,2048,2048,32,1,4096,,,0.298209,
group1,64,64,4096,4096,1,64,2,,,,CUDA error: an illegal memory access was encountered
group1,64,64,4096,4096,1,64,4,,,,skipped (pattern previously crashed)
group1,64,64,4096,4096,1,64,8,,,,skipped (pattern previously crashed)
group1,64,64,4096,4096,1,64,16,,,,skipped (pattern previously crashed)
group1,64,64,4096,4096,1,64,32,,,,skipped (pattern previously crashed)
group1,64,64,4096,4096,1,64,64,,,,skipped (pattern previously crashed)
group1,64,64,4096,4096,1,64,128,,,,skipped (pattern previously crashed)
group1,64,64,4096,4096,1,64,256,,,,skipped (pattern previously crashed)
group1,64,64,4096,4096,1,64,512,,,,skipped (pattern previously crashed)
group1,64,64,4096,4096,1,64,1024,,,,skipped (pattern previously crashed)
group1,64,64,4096,4096,1,64,2048,,,,skipped (pattern previously crashed)
group1,64,64,4096,4096,1,64,4096,,,,skipped (pattern previously crashed)
group1,64,64,4096,4096,2,32,2,,,0.076302,
group1,64,64,4096,4096,2,32,4,,,0.076395,
group1,64,64,4096,4096,2,32,8,,,0.076558,
group1,64,64,4096,4096,2,32,16,,,0.076221,
group1,64,64,4096,4096,2,32,32,,,0.075511,
group1,64,64,4096,4096,2,32,64,,,0.076489,
group1,64,64,4096,4096,2,32,128,,,,CUDA error: an illegal memory access was encountered
group1,64,64,4096,4096,2,32,256,,,,skipped (pattern previously crashed)
group1,64,64,4096,4096,2,32,512,,,,skipped (pattern previously crashed)
group1,64,64,4096,4096,2,32,1024,,,,skipped (pattern previously crashed)
group1,64,64,4096,4096,2,32,2048,,,,skipped (pattern previously crashed)
group1,64,64,4096,4096,2,32,4096,,,,skipped (pattern previously crashed)
group1,64,64,4096,4096,4,16,2,,,,CUDA error: an illegal memory access was encountered
group1,64,64,4096,4096,4,16,4,,,,skipped (pattern previously crashed)
group1,64,64,4096,4096,4,16,8,,,,skipped (pattern previously crashed)
group1,64,64,4096,4096,4,16,16,,,,skipped (pattern previously crashed)
group1,64,64,4096,4096,4,16,32,,,,skipped (pattern previously crashed)
group1,64,64,4096,4096,4,16,64,,,,skipped (pattern previously crashed)
group1,64,64,4096,4096,4,16,128,,,,skipped (pattern previously crashed)
group1,64,64,4096,4096,4,16,256,,,,skipped (pattern previously crashed)
group1,64,64,4096,4096,4,16,512,,,,skipped (pattern previously crashed)
group1,64,64,4096,4096,4,16,1024,,,,skipped (pattern previously crashed)
group1,64,64,4096,4096,4,16,2048,,,,skipped (pattern previously crashed)
group1,64,64,4096,4096,4,16,4096,,,,skipped (pattern previously crashed)
group1,64,64,4096,4096,8,8,2,,,0.074760,
group1,64,64,4096,4096,8,8,4,,,0.076402,
group1,64,64,4096,4096,8,8,8,,,0.075944,
group1,64,64,4096,4096,8,8,16,,,0.075619,
group1,64,64,4096,4096,8,8,32,,,0.075583,
group1,64,64,4096,4096,8,8,64,,,0.074929,
group1,64,64,4096,4096,8,8,128,,,,CUDA error: an illegal memory access was encountered
group1,64,64,4096,4096,8,8,256,,,,skipped (pattern previously crashed)
group1,64,64,4096,4096,8,8,512,,,,skipped (pattern previously crashed)
group1,64,64,4096,4096,8,8,1024,,,,skipped (pattern previously crashed)
group1,64,64,4096,4096,8,8,2048,,,,skipped (pattern previously crashed)
group1,64,64,4096,4096,8,8,4096,,,,skipped (pattern previously crashed)
group1,64,64,4096,4096,16,4,2,,,,CUDA error: an illegal memory access was encountered
group1,64,64,4096,4096,16,4,4,,,,skipped (pattern previously crashed)
group1,64,64,4096,4096,16,4,8,,,,skipped (pattern previously crashed)
group1,64,64,4096,4096,16,4,16,,,,skipped (pattern previously crashed)
group1,64,64,4096,4096,16,4,32,,,,skipped (pattern previously crashed)
group1,64,64,4096,4096,16,4,64,,,,skipped (pattern previously crashed)
group1,64,64,4096,4096,16,4,128,,,,skipped (pattern previously crashed)
group1,64,64,4096,4096,16,4,256,,,,skipped (pattern previously crashed)
group1,64,64,4096,4096,16,4,512,,,,skipped (pattern previously crashed)
group1,64,64,4096,4096,16,4,1024,,,,skipped (pattern previously crashed)
group1,64,64,4096,4096,16,4,2048,,,,skipped (pattern previously crashed)
group1,64,64,4096,4096,16,4,4096,,,,skipped (pattern previously crashed)
group1,64,64,4096,4096,32,2,2,,,0.074730,
group1,64,64,4096,4096,32,2,4,,,0.075016,
group1,64,64,4096,4096,32,2,8,,,0.074929,
group1,64,64,4096,4096,32,2,16,,,0.074381,
group1,64,64,4096,4096,32,2,32,,,0.074371,
group1,64,64,4096,4096,32,2,64,,,0.075000,
group1,64,64,4096,4096,32,2,128,,,,CUDA error: an illegal memory access was encountered
group1,64,64,4096,4096,32,2,256,,,,skipped (pattern previously crashed)
group1,64,64,4096,4096,32,2,512,,,,skipped (pattern previously crashed)
group1,64,64,4096,4096,32,2,1024,,,,skipped (pattern previously crashed)
group1,64,64,4096,4096,32,2,2048,,,,skipped (pattern previously crashed)
group1,64,64,4096,4096,32,2,4096,,,,skipped (pattern previously crashed)
group1,64,64,4096,4096,64,1,2,,,,CUDA error: an illegal memory access was encountered
group1,64,64,4096,4096,64,1,4,,,,skipped (pattern previously crashed)
group1,64,64,4096,4096,64,1,8,,,,skipped (pattern previously crashed)
group1,64,64,4096,4096,64,1,16,,,,skipped (pattern previously crashed)
group1,64,64,4096,4096,64,1,32,,,,skipped (pattern previously crashed)
group1,64,64,4096,4096,64,1,64,,,,skipped (pattern previously crashed)
group1,64,64,4096,4096,64,1,128,,,,skipped (pattern previously crashed)
group1,64,64,4096,4096,64,1,256,,,,skipped (pattern previously crashed)
group1,64,64,4096,4096,64,1,512,,,,skipped (pattern previously crashed)
group1,64,64,4096,4096,64,1,1024,,,,skipped (pattern previously crashed)
group1,64,64,4096,4096,64,1,2048,,,,skipped (pattern previously crashed)
group1,64,64,4096,4096,64,1,4096,,,,skipped (pattern previously crashed)
