{
  "rank": 32,
  "epochs": [
    1,
    2,
    3,
    4,
    5,
    6,
    7,
    8,
    9,
    10,
    11,
    12,
    13,
    14,
    15,
    16,
    17,
    18,
    19,
    20,
    21,
    22,
    23,
    24,
    25,
    26,
    27,
    28,
    29,
    30,
    31,
    32,
    33,
    34,
    35,
    36,
    37,
    38,
    39,
    40,
    41,
    42,
    43,
    44,
    45,
    46,
    47,
    48,
    49,
    50,
    51,
    52,
    53,
    54,
    55,
    56,
    57,
    58,
    59,
    60,
    61,
    62,
    63,
    64,
    65,
    66,
    67,
    68,
    69,
    70,
    71,
    72,
    73,
    74,
    75,
    76,
    77,
    78,
    79,
    80,
    81,
    82,
    83,
    84,
    85,
    86,
    87,
    88,
    89,
    90,
    91,
    92,
    93,
    94,
    95,
    96,
    97,
    98,
    99,
    100,
    101,
    102,
    103,
    104,
    105,
    106,
    107,
    108,
    109,
    110,
    111,
    112,
    113,
    114,
    115,
    116,
    117,
    118,
    119,
    120,
    121,
    122,
    123,
    124,
    125,
    126,
    127,
    128,
    129,
    130,
    131,
    132,
    133,
    134,
    135,
    136,
    137,
    138,
    139,
    140,
    141,
    142,
    143,
    144,
    145,
    146,
    147,
    148,
    149,
    150,
    151,
    152,
    153,
    154,
    155,
    156,
    157,
    158,
    159,
    160,
    161,
    162,
    163,
    164,
    165,
    166,
    167,
    168,
    169,
    170,
    171,
    172,
    173,
    174,
    175,
    176,
    177,
    178,
    179,
    180,
    181,
    182,
    183,
    184,
    185,
    186,
    187,
    188,
    189,
    190,
    191,
    192,
    193,
    194,
    195,
    196,
    197,
    198,
    199,
    200
  ],
  "train_losses": [
    1.1530318150520324,
    1.131696605682373,
    1.1110674233436584,
    1.09846906042099,
    1.0901812496185304,
    1.0841640310287475,
    1.0795285844802855,
    1.07580681848526,
    1.0727749910354614,
    1.0702329726219177,
    1.0680454568862916,
    1.0661164937019347,
    1.0644208817481995,
    1.062822319984436,
    1.0614098854064942,
    1.0600905022621154,
    1.0589183282852173,
    1.05780668926239,
    1.0567484965324403,
    1.0557901000976562,
    1.054885320663452,
    1.0540475435256957,
    1.0532510023117065,
    1.052539547920227,
    1.0518346662521363,
    1.0511957097053528,
    1.0505506505966187,
    1.0499849433898927,
    1.0494216933250426,
    1.0488989748954773,
    1.048374656200409,
    1.0478752579689026,
    1.047399658679962,
    1.0469612979888916,
    1.046516858100891,
    1.0460879802703857,
    1.0456981987953187,
    1.045302141189575,
    1.0449481778144836,
    1.0445823974609374,
    1.0442211961746215,
    1.0438872804641723,
    1.043546730518341,
    1.0432328853607178,
    1.042907265663147,
    1.042634656906128,
    1.0423135290145873,
    1.0420183753967285,
    1.041755075931549,
    1.0414729232788087,
    1.0411936712265015,
    1.040916353225708,
    1.0406724848747253,
    1.0404301719665527,
    1.0401698741912841,
    1.0399159622192382,
    1.0396778783798217,
    1.039440869808197,
    1.0392304062843323,
    1.0390107822418213,
    1.0387945051193237,
    1.0385790305137634,
    1.0383613657951356,
    1.0381722023487092,
    1.0379652981758118,
    1.0377576689720154,
    1.0375816373825073,
    1.0373715872764588,
    1.0372026257514955,
    1.0370148305892943,
    1.0368309979438781,
    1.0366577334403992,
    1.036488235473633,
    1.0363227906227113,
    1.0361534600257873,
    1.035999376296997,
    1.035851821422577,
    1.035688663959503,
    1.0355378646850586,
    1.0353728890419007,
    1.0352297878265382,
    1.0350725970268249,
    1.0349414820671081,
    1.0348140978813172,
    1.0346615815162659,
    1.0345321960449219,
    1.0343949866294861,
    1.0342557730674744,
    1.0341316907405853,
    1.0340035381317139,
    1.033877200603485,
    1.0337575507164,
    1.0336383230686188,
    1.033496723175049,
    1.0333944277763367,
    1.0332680792808533,
    1.0331539011001587,
    1.0330374932289124,
    1.0329198222160338,
    1.0328293333053589,
    1.0327121381759643,
    1.0326088666915894,
    1.03250936460495,
    1.0324045939445496,
    1.0323036012649536,
    1.0322022223472596,
    1.032098898410797,
    1.0319995341300965,
    1.0319019842147827,
    1.0318069581985474,
    1.0316944284439087,
    1.031613287448883,
    1.0315049746036529,
    1.0314204626083374,
    1.0313121285438538,
    1.031233994960785,
    1.0311526951789856,
    1.0310661287307739,
    1.030966027736664,
    1.0308821325302124,
    1.030787995815277,
    1.030721625328064,
    1.0306389524936677,
    1.030548909664154,
    1.0304586598873138,
    1.0303709239959717,
    1.030305715084076,
    1.0302389831542969,
    1.0301422710418702,
    1.0300913949012755,
    1.0300156168937684,
    1.029921609401703,
    1.0298638846874237,
    1.0297912516593932,
    1.02972887134552,
    1.0296455082893372,
    1.0295789370536803,
    1.0295065791606903,
    1.0294409775733948,
    1.0293744616508484,
    1.0292911305427552,
    1.0292502241134645,
    1.0291760942935944,
    1.0291013247966767,
    1.0290243668556214,
    1.0289918704032899,
    1.028912304162979,
    1.0288496403694152,
    1.0288023343086243,
    1.0287480754852294,
    1.0286707096099854,
    1.0286215629577637,
    1.0285589146614074,
    1.0285116057395935,
    1.0284288427829742,
    1.0283914363384248,
    1.0283407440185548,
    1.028268768787384,
    1.0282103307247161,
    1.028146235704422,
    1.028105318069458,
    1.028038592338562,
    1.0279965646266938,
    1.0279366660118103,
    1.0278760585784912,
    1.0278221197128297,
    1.0277738327980042,
    1.0277298889160156,
    1.0276755197048186,
    1.0276293292045593,
    1.0275827631950378,
    1.0275426409244537,
    1.0274760158061982,
    1.0274259445667266,
    1.0273811950683593,
    1.0273453850746155,
    1.0272989385128022,
    1.027238154888153,
    1.0271764767169953,
    1.0271343116760254,
    1.02710595703125,
    1.0270492498874664,
    1.0270250959396363,
    1.0269768779277801,
    1.026932077884674,
    1.0268722450733185,
    1.0268277752399444,
    1.0267899050712586,
    1.0267407171726226,
    1.0266993155479431,
    1.0266720480918885,
    1.0266189413070679,
    1.0265635581016541,
    1.0265217096805572,
    1.0264862051010133,
    1.0264458901882172,
    1.026417732000351,
    1.0263641037940978,
    1.0263326106071473,
    1.0262998261451721
  ],